"school_id","year","level","assessment","subject","tested","proficiency"
"400009",2024,"ES","IAR/PARCC","reading",305,20.3
"400011",2024,"ES","IAR/PARCC","reading",209,41.6
"400017",2024,"ES","IAR/PARCC","reading",99,22.2
"400021",2024,"ES","IAR/PARCC","reading",345,38.3
"400023",2024,"ES","IAR/PARCC","reading",271,34.7
"400024",2024,"ES","IAR/PARCC","reading",319,27.6
"400025",2024,"ES","IAR/PARCC","reading",378,22.2
"400027",2024,"ES","IAR/PARCC","reading",330,35.5
"400028",2024,"ES","IAR/PARCC","reading",251,16.7
"400029",2024,"ES","IAR/PARCC","reading",302,22.8
"400030",2024,"ES","IAR/PARCC","reading",358,26.3
"400031",2024,"ES","IAR/PARCC","reading",423,20.3
"400033",2024,"ES","IAR/PARCC","reading",710,14.2
"400035",2024,"ES","IAR/PARCC","reading",202,33.7
"400039",2024,"ES","IAR/PARCC","reading",268,11.9
"400044",2024,"ES","IAR/PARCC","reading",569,16.9
"400046",2024,"ES","IAR/PARCC","reading",287,31.4
"400047",2024,"ES","IAR/PARCC","reading",166,29.5
"400048",2024,"ES","IAR/PARCC","reading",215,40.9
"400049",2024,"ES","IAR/PARCC","reading",294,24.8
"400050",2024,"ES","IAR/PARCC","reading",271,24
"400052",2024,"ES","IAR/PARCC","reading",264,39.4
"400060",2024,"ES","IAR/PARCC","reading",214,15.9
"400061",2024,"ES","IAR/PARCC","reading",157,19.7
"400064",2024,"ES","IAR/PARCC","reading",51,13.7
"400066",2024,"ES","IAR/PARCC","reading",35,34.3
"400068",2024,"ES","IAR/PARCC","reading",116,3.4
"400069",2024,"ES","IAR/PARCC","reading",168,13.7
"400071",2024,"ES","IAR/PARCC","reading",284,25
"400075",2024,"ES","IAR/PARCC","reading",240,24.2
"400076",2024,"ES","IAR/PARCC","reading",149,28.2
"400077",2024,"ES","IAR/PARCC","reading",250,20.8
"400079",2024,"ES","IAR/PARCC","reading",368,23.9
"400080",2024,"ES","IAR/PARCC","reading",390,20.3
"400081",2024,"ES","IAR/PARCC","reading",161,19.9
"400082",2024,"ES","IAR/PARCC","reading",284,14.1
"400083",2024,"ES","IAR/PARCC","reading",99,13.1
"400084",2024,"ES","IAR/PARCC","reading",177,46.3
"400089",2024,"ES","IAR/PARCC","reading",345,19.4
"400092",2024,"ES","IAR/PARCC","reading",139,7.9
"400096",2024,"ES","IAR/PARCC","reading",504,13.3
"400101",2024,"ES","IAR/PARCC","reading",265,16.6
"400107",2024,"ES","IAR/PARCC","reading",245,31.8
"400111",2024,"ES","IAR/PARCC","reading",268,36.2
"400112",2024,"ES","IAR/PARCC","reading",358,24.6
"400114",2024,"ES","IAR/PARCC","reading",165,25.5
"400115",2024,"ES","IAR/PARCC","reading",353,29.7
"400116",2024,"ES","IAR/PARCC","reading",210,11
"400120",2024,"ES","IAR/PARCC","reading",337,15.1
"400121",2024,"ES","IAR/PARCC","reading",246,15
"400146",2024,"ES","IAR/PARCC","reading",435,17
"400151",2024,"ES","IAR/PARCC","reading",75,22.7
"400153",2024,"ES","IAR/PARCC","reading",325,23.1
"400159",2024,"ES","IAR/PARCC","reading",287,19.5
"400161",2024,"ES","IAR/PARCC","reading",85,20
"400162",2024,"ES","IAR/PARCC","reading",274,28.5
"400163",2024,"ES","IAR/PARCC","reading",564,18.8
"400165",2024,"ES","IAR/PARCC","reading",181,27.1
"400167",2024,"ES","IAR/PARCC","reading",362,29.3
"400168",2024,"ES","IAR/PARCC","reading",351,41
"400178",2024,"ES","IAR/PARCC","reading",495,14.9
"400180",2024,"ES","IAR/PARCC","reading",621,20.5
"400181",2024,"ES","IAR/PARCC","reading",49,18.4
"609716",2024,"ES","IAR/PARCC","reading",124,3.2
"609720",2024,"ES","IAR/PARCC","reading",165,93.3
"609725",2024,"ES","IAR/PARCC","reading",55,54.5
"609726",2024,"ES","IAR/PARCC","reading",121,73.6
"609734",2024,"ES","IAR/PARCC","reading",162,81.5
"609746",2024,"ES","IAR/PARCC","reading",279,67.7
"609755",2024,"ES","IAR/PARCC","reading",270,96.7
"609772",2024,"ES","IAR/PARCC","reading",322,34.5
"609773",2024,"ES","IAR/PARCC","reading",195,36.9
"609774",2024,"ES","IAR/PARCC","reading",304,71.1
"609777",2024,"ES","IAR/PARCC","reading",149,43
"609779",2024,"ES","IAR/PARCC","reading",811,42.8
"609780",2024,"ES","IAR/PARCC","reading",132,8.3
"609782",2024,"ES","IAR/PARCC","reading",276,76.1
"609783",2024,"ES","IAR/PARCC","reading",15,0
"609786",2024,"ES","IAR/PARCC","reading",132,28.8
"609788",2024,"ES","IAR/PARCC","reading",160,24.4
"609789",2024,"ES","IAR/PARCC","reading",248,13.3
"609790",2024,"ES","IAR/PARCC","reading",226,11.1
"609791",2024,"ES","IAR/PARCC","reading",174,13.2
"609792",2024,"ES","IAR/PARCC","reading",555,28.3
"609793",2024,"ES","IAR/PARCC","reading",272,11.4
"609794",2024,"ES","IAR/PARCC","reading",179,96.6
"609795",2024,"ES","IAR/PARCC","reading",91,22
"609796",2024,"ES","IAR/PARCC","reading",644,60.2
"609797",2024,"ES","IAR/PARCC","reading",164,11
"609798",2024,"ES","IAR/PARCC","reading",334,44.6
"609799",2024,"ES","IAR/PARCC","reading",549,76.7
"609800",2024,"ES","IAR/PARCC","reading",163,20.9
"609803",2024,"ES","IAR/PARCC","reading",356,70.2
"609804",2024,"ES","IAR/PARCC","reading",464,30.6
"609805",2024,"ES","IAR/PARCC","reading",186,19.9
"609806",2024,"ES","IAR/PARCC","reading",240,7.9
"609807",2024,"ES","IAR/PARCC","reading",259,15.4
"609808",2024,"ES","IAR/PARCC","reading",252,23.8
"609809",2024,"ES","IAR/PARCC","reading",419,38.4
"609810",2024,"ES","IAR/PARCC","reading",658,39.4
"609811",2024,"ES","IAR/PARCC","reading",113,10.6
"609812",2024,"ES","IAR/PARCC","reading",142,14.8
"609813",2024,"ES","IAR/PARCC","reading",66,18.2
"609815",2024,"ES","IAR/PARCC","reading",321,15
"609817",2024,"ES","IAR/PARCC","reading",386,44
"609818",2024,"ES","IAR/PARCC","reading",442,15.4
"609819",2024,"ES","IAR/PARCC","reading",152,5.3
"609820",2024,"ES","IAR/PARCC","reading",317,73.5
"609821",2024,"ES","IAR/PARCC","reading",259,14.7
"609827",2024,"ES","IAR/PARCC","reading",167,37.7
"609828",2024,"ES","IAR/PARCC","reading",310,69.4
"609829",2024,"ES","IAR/PARCC","reading",217,46.1
"609830",2024,"ES","IAR/PARCC","reading",211,17.1
"609832",2024,"ES","IAR/PARCC","reading",409,36.4
"609833",2024,"ES","IAR/PARCC","reading",131,22.9
"609834",2024,"ES","IAR/PARCC","reading",418,16.7
"609835",2024,"ES","IAR/PARCC","reading",442,11.8
"609836",2024,"ES","IAR/PARCC","reading",503,48.9
"609837",2024,"ES","IAR/PARCC","reading",283,36
"609839",2024,"ES","IAR/PARCC","reading",232,31.5
"609842",2024,"ES","IAR/PARCC","reading",523,34
"609844",2024,"ES","IAR/PARCC","reading",170,7.1
"609845",2024,"ES","IAR/PARCC","reading",284,8.8
"609848",2024,"ES","IAR/PARCC","reading",148,23
"609849",2024,"ES","IAR/PARCC","reading",237,58.2
"609850",2024,"ES","IAR/PARCC","reading",237,31.6
"609851",2024,"ES","IAR/PARCC","reading",143,17.5
"609852",2024,"ES","IAR/PARCC","reading",322,52.5
"609853",2024,"ES","IAR/PARCC","reading",181,34.8
"609854",2024,"ES","IAR/PARCC","reading",178,13.5
"609855",2024,"ES","IAR/PARCC","reading",141,7.8
"609856",2024,"ES","IAR/PARCC","reading",363,26.4
"609857",2024,"ES","IAR/PARCC","reading",249,26.5
"609859",2024,"ES","IAR/PARCC","reading",676,26.2
"609861",2024,"ES","IAR/PARCC","reading",245,25.3
"609862",2024,"ES","IAR/PARCC","reading",150,15.3
"609863",2024,"ES","IAR/PARCC","reading",186,25.3
"609864",2024,"ES","IAR/PARCC","reading",178,16.9
"609865",2024,"ES","IAR/PARCC","reading",281,9.6
"609866",2024,"ES","IAR/PARCC","reading",531,70.6
"609867",2024,"ES","IAR/PARCC","reading",301,15.6
"609869",2024,"ES","IAR/PARCC","reading",116,12.9
"609870",2024,"ES","IAR/PARCC","reading",263,8.7
"609872",2024,"ES","IAR/PARCC","reading",193,18.7
"609873",2024,"ES","IAR/PARCC","reading",84,8.3
"609874",2024,"ES","IAR/PARCC","reading",691,34.6
"609875",2024,"ES","IAR/PARCC","reading",273,34.8
"609876",2024,"ES","IAR/PARCC","reading",302,7.3
"609879",2024,"ES","IAR/PARCC","reading",575,23.1
"609880",2024,"ES","IAR/PARCC","reading",219,90.4
"609883",2024,"ES","IAR/PARCC","reading",285,30.2
"609884",2024,"ES","IAR/PARCC","reading",448,31.3
"609885",2024,"ES","IAR/PARCC","reading",149,26.2
"609887",2024,"ES","IAR/PARCC","reading",358,41.9
"609891",2024,"ES","IAR/PARCC","reading",138,7.2
"609893",2024,"ES","IAR/PARCC","reading",421,34.2
"609894",2024,"ES","IAR/PARCC","reading",191,18.3
"609895",2024,"ES","IAR/PARCC","reading",120,30.8
"609896",2024,"ES","IAR/PARCC","reading",162,43.2
"609897",2024,"ES","IAR/PARCC","reading",160,10.6
"609898",2024,"ES","IAR/PARCC","reading",680,13.7
"609899",2024,"ES","IAR/PARCC","reading",468,61.8
"609900",2024,"ES","IAR/PARCC","reading",223,2.7
"609901",2024,"ES","IAR/PARCC","reading",281,62.6
"609902",2024,"ES","IAR/PARCC","reading",197,12.7
"609903",2024,"ES","IAR/PARCC","reading",748,20.2
"609904",2024,"ES","IAR/PARCC","reading",275,10.2
"609907",2024,"ES","IAR/PARCC","reading",190,28.4
"609908",2024,"ES","IAR/PARCC","reading",153,22.9
"609909",2024,"ES","IAR/PARCC","reading",32,65.6
"609910",2024,"ES","IAR/PARCC","reading",484,25.6
"609912",2024,"ES","IAR/PARCC","reading",283,30.4
"609917",2024,"ES","IAR/PARCC","reading",166,33.7
"609918",2024,"ES","IAR/PARCC","reading",140,12.1
"609919",2024,"ES","IAR/PARCC","reading",214,15.4
"609920",2024,"ES","IAR/PARCC","reading",266,12
"609921",2024,"ES","IAR/PARCC","reading",147,18.4
"609922",2024,"ES","IAR/PARCC","reading",238,14.7
"609924",2024,"ES","IAR/PARCC","reading",181,18.2
"609925",2024,"ES","IAR/PARCC","reading",117,10.3
"609926",2024,"ES","IAR/PARCC","reading",266,54.5
"609927",2024,"ES","IAR/PARCC","reading",149,18.8
"609928",2024,"ES","IAR/PARCC","reading",213,24.9
"609929",2024,"ES","IAR/PARCC","reading",206,13.6
"609930",2024,"ES","IAR/PARCC","reading",228,18.9
"609933",2024,"ES","IAR/PARCC","reading",158,9.5
"609935",2024,"ES","IAR/PARCC","reading",397,24.9
"609937",2024,"ES","IAR/PARCC","reading",504,40.1
"609938",2024,"ES","IAR/PARCC","reading",681,26
"609939",2024,"ES","IAR/PARCC","reading",187,14.4
"609941",2024,"ES","IAR/PARCC","reading",197,15.7
"609942",2024,"ES","IAR/PARCC","reading",429,37.1
"609943",2024,"ES","IAR/PARCC","reading",197,29.9
"609944",2024,"ES","IAR/PARCC","reading",194,56.2
"609945",2024,"ES","IAR/PARCC","reading",350,29.4
"609947",2024,"ES","IAR/PARCC","reading",216,9.3
"609949",2024,"ES","IAR/PARCC","reading",656,29.3
"609951",2024,"ES","IAR/PARCC","reading",196,15.8
"609952",2024,"ES","IAR/PARCC","reading",140,28.6
"609954",2024,"ES","IAR/PARCC","reading",160,23.8
"609955",2024,"ES","IAR/PARCC","reading",207,21.3
"609956",2024,"ES","IAR/PARCC","reading",249,32.5
"609958",2024,"ES","IAR/PARCC","reading",428,20.6
"609959",2024,"ES","IAR/PARCC","reading",339,52.5
"609960",2024,"ES","IAR/PARCC","reading",551,32.3
"609961",2024,"ES","IAR/PARCC","reading",184,14.7
"609963",2024,"ES","IAR/PARCC","reading",297,65.7
"609964",2024,"ES","IAR/PARCC","reading",335,5.4
"609966",2024,"ES","IAR/PARCC","reading",165,11.5
"609967",2024,"ES","IAR/PARCC","reading",147,19
"609968",2024,"ES","IAR/PARCC","reading",359,16.4
"609969",2024,"ES","IAR/PARCC","reading",192,30.2
"609971",2024,"ES","IAR/PARCC","reading",180,12.2
"609972",2024,"ES","IAR/PARCC","reading",590,15.6
"609973",2024,"ES","IAR/PARCC","reading",347,28.2
"609974",2024,"ES","IAR/PARCC","reading",411,91.7
"609975",2024,"ES","IAR/PARCC","reading",161,18.6
"609976",2024,"ES","IAR/PARCC","reading",517,32.7
"609977",2024,"ES","IAR/PARCC","reading",86,32.6
"609978",2024,"ES","IAR/PARCC","reading",210,21.4
"609979",2024,"ES","IAR/PARCC","reading",882,60.4
"609981",2024,"ES","IAR/PARCC","reading",126,15.1
"609983",2024,"ES","IAR/PARCC","reading",307,15
"609985",2024,"ES","IAR/PARCC","reading",120,9.2
"609986",2024,"ES","IAR/PARCC","reading",142,14.8
"609987",2024,"ES","IAR/PARCC","reading",96,13.5
"609988",2024,"ES","IAR/PARCC","reading",287,25.8
"609990",2024,"ES","IAR/PARCC","reading",486,60.7
"609991",2024,"ES","IAR/PARCC","reading",212,0.9
"609993",2024,"ES","IAR/PARCC","reading",212,17.5
"609994",2024,"ES","IAR/PARCC","reading",483,15.3
"609995",2024,"ES","IAR/PARCC","reading",344,34
"609996",2024,"ES","IAR/PARCC","reading",256,35.9
"609997",2024,"ES","IAR/PARCC","reading",93,6.5
"610000",2024,"ES","IAR/PARCC","reading",210,10.5
"610002",2024,"ES","IAR/PARCC","reading",149,25.5
"610003",2024,"ES","IAR/PARCC","reading",130,19.2
"610004",2024,"ES","IAR/PARCC","reading",120,17.5
"610005",2024,"ES","IAR/PARCC","reading",99,14.1
"610006",2024,"ES","IAR/PARCC","reading",487,32
"610009",2024,"ES","IAR/PARCC","reading",341,51.9
"610010",2024,"ES","IAR/PARCC","reading",114,36.8
"610011",2024,"ES","IAR/PARCC","reading",550,38.9
"610013",2024,"ES","IAR/PARCC","reading",163,9.8
"610015",2024,"ES","IAR/PARCC","reading",145,31
"610016",2024,"ES","IAR/PARCC","reading",189,52.4
"610017",2024,"ES","IAR/PARCC","reading",542,17.7
"610019",2024,"ES","IAR/PARCC","reading",105,21.9
"610021",2024,"ES","IAR/PARCC","reading",208,47.6
"610022",2024,"ES","IAR/PARCC","reading",481,22.5
"610024",2024,"ES","IAR/PARCC","reading",514,34
"610026",2024,"ES","IAR/PARCC","reading",440,68
"610027",2024,"ES","IAR/PARCC","reading",140,29.3
"610029",2024,"ES","IAR/PARCC","reading",125,3.2
"610030",2024,"ES","IAR/PARCC","reading",152,20.4
"610032",2024,"ES","IAR/PARCC","reading",174,26.4
"610033",2024,"ES","IAR/PARCC","reading",321,54.5
"610034",2024,"ES","IAR/PARCC","reading",132,6.8
"610036",2024,"ES","IAR/PARCC","reading",269,13.4
"610037",2024,"ES","IAR/PARCC","reading",148,18.2
"610038",2024,"ES","IAR/PARCC","reading",573,77
"610039",2024,"ES","IAR/PARCC","reading",397,33.8
"610040",2024,"ES","IAR/PARCC","reading",380,13.4
"610041",2024,"ES","IAR/PARCC","reading",714,22.5
"610043",2024,"ES","IAR/PARCC","reading",230,26.1
"610044",2024,"ES","IAR/PARCC","reading",177,19.8
"610046",2024,"ES","IAR/PARCC","reading",701,32.7
"610047",2024,"ES","IAR/PARCC","reading",138,8
"610048",2024,"ES","IAR/PARCC","reading",150,7.3
"610051",2024,"ES","IAR/PARCC","reading",519,11.2
"610052",2024,"ES","IAR/PARCC","reading",181,33.7
"610053",2024,"ES","IAR/PARCC","reading",630,18.6
"610054",2024,"ES","IAR/PARCC","reading",389,23.7
"610055",2024,"ES","IAR/PARCC","reading",110,16.4
"610056",2024,"ES","IAR/PARCC","reading",145,6.9
"610057",2024,"ES","IAR/PARCC","reading",318,9.1
"610059",2024,"ES","IAR/PARCC","reading",367,72.2
"610060",2024,"ES","IAR/PARCC","reading",297,56.9
"610062",2024,"ES","IAR/PARCC","reading",175,29.7
"610063",2024,"ES","IAR/PARCC","reading",198,7.6
"610065",2024,"ES","IAR/PARCC","reading",187,5.3
"610066",2024,"ES","IAR/PARCC","reading",133,86.5
"610067",2024,"ES","IAR/PARCC","reading",344,13.1
"610068",2024,"ES","IAR/PARCC","reading",659,19.9
"610070",2024,"ES","IAR/PARCC","reading",327,30.9
"610073",2024,"ES","IAR/PARCC","reading",235,53.2
"610074",2024,"ES","IAR/PARCC","reading",379,19
"610076",2024,"ES","IAR/PARCC","reading",250,20
"610077",2024,"ES","IAR/PARCC","reading",355,15.2
"610078",2024,"ES","IAR/PARCC","reading",396,44.7
"610081",2024,"ES","IAR/PARCC","reading",351,67.5
"610082",2024,"ES","IAR/PARCC","reading",713,69.8
"610084",2024,"ES","IAR/PARCC","reading",164,97.6
"610086",2024,"ES","IAR/PARCC","reading",145,27.6
"610088",2024,"ES","IAR/PARCC","reading",306,21.6
"610089",2024,"ES","IAR/PARCC","reading",273,35.5
"610090",2024,"ES","IAR/PARCC","reading",309,40.5
"610091",2024,"ES","IAR/PARCC","reading",193,32.6
"610092",2024,"ES","IAR/PARCC","reading",127,10.2
"610093",2024,"ES","IAR/PARCC","reading",102,30.4
"610094",2024,"ES","IAR/PARCC","reading",341,65.1
"610095",2024,"ES","IAR/PARCC","reading",211,29.9
"610096",2024,"ES","IAR/PARCC","reading",604,25.3
"610097",2024,"ES","IAR/PARCC","reading",341,8.5
"610098",2024,"ES","IAR/PARCC","reading",403,21.1
"610099",2024,"ES","IAR/PARCC","reading",227,54.6
"610100",2024,"ES","IAR/PARCC","reading",283,31.4
"610101",2024,"ES","IAR/PARCC","reading",520,20.4
"610102",2024,"ES","IAR/PARCC","reading",186,11.8
"610103",2024,"ES","IAR/PARCC","reading",343,14.6
"610104",2024,"ES","IAR/PARCC","reading",416,46.9
"610105",2024,"ES","IAR/PARCC","reading",372,62.4
"610106",2024,"ES","IAR/PARCC","reading",391,11.8
"610107",2024,"ES","IAR/PARCC","reading",190,15.8
"610108",2024,"ES","IAR/PARCC","reading",198,13.6
"610109",2024,"ES","IAR/PARCC","reading",155,26.5
"610110",2024,"ES","IAR/PARCC","reading",175,40
"610111",2024,"ES","IAR/PARCC","reading",453,36.9
"610112",2024,"ES","IAR/PARCC","reading",214,15.9
"610115",2024,"ES","IAR/PARCC","reading",164,14
"610116",2024,"ES","IAR/PARCC","reading",141,20.6
"610117",2024,"ES","IAR/PARCC","reading",188,30.9
"610120",2024,"ES","IAR/PARCC","reading",254,27.2
"610121",2024,"ES","IAR/PARCC","reading",182,21.4
"610122",2024,"ES","IAR/PARCC","reading",528,43.6
"610123",2024,"ES","IAR/PARCC","reading",100,10
"610124",2024,"ES","IAR/PARCC","reading",151,32.5
"610125",2024,"ES","IAR/PARCC","reading",291,26.8
"610126",2024,"ES","IAR/PARCC","reading",265,16.2
"610127",2024,"ES","IAR/PARCC","reading",591,37.9
"610128",2024,"ES","IAR/PARCC","reading",138,29.7
"610129",2024,"ES","IAR/PARCC","reading",219,35.6
"610130",2024,"ES","IAR/PARCC","reading",92,12
"610131",2024,"ES","IAR/PARCC","reading",69,23.2
"610132",2024,"ES","IAR/PARCC","reading",141,85.8
"610133",2024,"ES","IAR/PARCC","reading",163,6.7
"610135",2024,"ES","IAR/PARCC","reading",520,27.7
"610136",2024,"ES","IAR/PARCC","reading",239,79.5
"610137",2024,"ES","IAR/PARCC","reading",440,33.6
"610138",2024,"ES","IAR/PARCC","reading",545,51.4
"610139",2024,"ES","IAR/PARCC","reading",216,18.5
"610141",2024,"ES","IAR/PARCC","reading",331,67.1
"610142",2024,"ES","IAR/PARCC","reading",365,20
"610143",2024,"ES","IAR/PARCC","reading",150,6
"610144",2024,"ES","IAR/PARCC","reading",370,21.9
"610145",2024,"ES","IAR/PARCC","reading",401,27.7
"610146",2024,"ES","IAR/PARCC","reading",127,1.6
"610147",2024,"ES","IAR/PARCC","reading",440,50.9
"610148",2024,"ES","IAR/PARCC","reading",477,41.3
"610152",2024,"ES","IAR/PARCC","reading",212,25.9
"610153",2024,"ES","IAR/PARCC","reading",160,23.8
"610155",2024,"ES","IAR/PARCC","reading",395,66.6
"610157",2024,"ES","IAR/PARCC","reading",640,19.1
"610158",2024,"ES","IAR/PARCC","reading",239,29.3
"610159",2024,"ES","IAR/PARCC","reading",403,26.1
"610165",2024,"ES","IAR/PARCC","reading",274,11.3
"610167",2024,"ES","IAR/PARCC","reading",272,12.9
"610170",2024,"ES","IAR/PARCC","reading",447,42.1
"610171",2024,"ES","IAR/PARCC","reading",288,14.9
"610172",2024,"ES","IAR/PARCC","reading",135,15.6
"610173",2024,"ES","IAR/PARCC","reading",109,13.8
"610174",2024,"ES","IAR/PARCC","reading",167,14.4
"610175",2024,"ES","IAR/PARCC","reading",197,22.3
"610176",2024,"ES","IAR/PARCC","reading",254,20.5
"610177",2024,"ES","IAR/PARCC","reading",654,67.7
"610178",2024,"ES","IAR/PARCC","reading",89,22.5
"610179",2024,"ES","IAR/PARCC","reading",502,34.1
"610180",2024,"ES","IAR/PARCC","reading",209,6.7
"610182",2024,"ES","IAR/PARCC","reading",171,56.7
"610183",2024,"ES","IAR/PARCC","reading",254,8.7
"610184",2024,"ES","IAR/PARCC","reading",212,19.3
"610185",2024,"ES","IAR/PARCC","reading",689,27.1
"610188",2024,"ES","IAR/PARCC","reading",110,34.5
"610191",2024,"ES","IAR/PARCC","reading",382,66
"610192",2024,"ES","IAR/PARCC","reading",337,11.3
"610193",2024,"ES","IAR/PARCC","reading",206,16.5
"610194",2024,"ES","IAR/PARCC","reading",129,41.1
"610195",2024,"ES","IAR/PARCC","reading",424,40.1
"610196",2024,"ES","IAR/PARCC","reading",311,23.2
"610197",2024,"ES","IAR/PARCC","reading",296,24.3
"610198",2024,"ES","IAR/PARCC","reading",219,18.7
"610199",2024,"ES","IAR/PARCC","reading",107,28
"610200",2024,"ES","IAR/PARCC","reading",140,17.1
"610201",2024,"ES","IAR/PARCC","reading",542,56.6
"610202",2024,"ES","IAR/PARCC","reading",159,6.9
"610203",2024,"ES","IAR/PARCC","reading",344,30.8
"610206",2024,"ES","IAR/PARCC","reading",605,51.7
"610207",2024,"ES","IAR/PARCC","reading",162,20.4
"610208",2024,"ES","IAR/PARCC","reading",220,15.9
"610209",2024,"ES","IAR/PARCC","reading",441,9.1
"610212",2024,"ES","IAR/PARCC","reading",232,25.4
"610213",2024,"ES","IAR/PARCC","reading",284,21.8
"610215",2024,"ES","IAR/PARCC","reading",250,19.6
"610216",2024,"ES","IAR/PARCC","reading",147,16.3
"610217",2024,"ES","IAR/PARCC","reading",314,48.1
"610218",2024,"ES","IAR/PARCC","reading",172,26.2
"610219",2024,"ES","IAR/PARCC","reading",397,48.1
"610220",2024,"ES","IAR/PARCC","reading",402,55.2
"610221",2024,"ES","IAR/PARCC","reading",119,21.8
"610223",2024,"ES","IAR/PARCC","reading",204,5.9
"610225",2024,"ES","IAR/PARCC","reading",140,27.9
"610226",2024,"ES","IAR/PARCC","reading",348,19.5
"610227",2024,"ES","IAR/PARCC","reading",394,23.1
"610228",2024,"ES","IAR/PARCC","reading",152,8.6
"610229",2024,"ES","IAR/PARCC","reading",446,66.6
"610230",2024,"ES","IAR/PARCC","reading",293,60.1
"610231",2024,"ES","IAR/PARCC","reading",461,36.9
"610234",2024,"ES","IAR/PARCC","reading",180,17.8
"610235",2024,"ES","IAR/PARCC","reading",251,14.7
"610237",2024,"ES","IAR/PARCC","reading",156,9.6
"610238",2024,"ES","IAR/PARCC","reading",126,13.5
"610239",2024,"ES","IAR/PARCC","reading",325,11.4
"610242",2024,"ES","IAR/PARCC","reading",261,15.3
"610246",2024,"ES","IAR/PARCC","reading",544,37.7
"610248",2024,"ES","IAR/PARCC","reading",340,33.5
"610249",2024,"ES","IAR/PARCC","reading",207,34.8
"610250",2024,"ES","IAR/PARCC","reading",220,10.5
"610251",2024,"ES","IAR/PARCC","reading",194,16
"610252",2024,"ES","IAR/PARCC","reading",138,2.9
"610254",2024,"ES","IAR/PARCC","reading",201,9.5
"610256",2024,"ES","IAR/PARCC","reading",26,3.8
"610257",2024,"ES","IAR/PARCC","reading",142,19.7
"610263",2024,"ES","IAR/PARCC","reading",387,6.5
"610268",2024,"ES","IAR/PARCC","reading",218,12.8
"610269",2024,"ES","IAR/PARCC","reading",164,22
"610271",2024,"ES","IAR/PARCC","reading",178,23.6
"610274",2024,"ES","IAR/PARCC","reading",125,15.2
"610276",2024,"ES","IAR/PARCC","reading",157,4.5
"610279",2024,"ES","IAR/PARCC","reading",157,10.2
"610281",2024,"ES","IAR/PARCC","reading",375,7.2
"610282",2024,"ES","IAR/PARCC","reading",176,9.1
"610284",2024,"ES","IAR/PARCC","reading",169,22.5
"610287",2024,"ES","IAR/PARCC","reading",185,33
"610290",2024,"ES","IAR/PARCC","reading",176,8
"610291",2024,"ES","IAR/PARCC","reading",426,28.2
"610293",2024,"ES","IAR/PARCC","reading",180,9.4
"610295",2024,"ES","IAR/PARCC","reading",159,18.2
"610298",2024,"ES","IAR/PARCC","reading",175,82.3
"610299",2024,"ES","IAR/PARCC","reading",164,8.5
"610300",2024,"ES","IAR/PARCC","reading",218,12.4
"610305",2024,"ES","IAR/PARCC","reading",162,8.6
"610312",2024,"ES","IAR/PARCC","reading",64,31.3
"610313",2024,"ES","IAR/PARCC","reading",308,11
"610315",2024,"ES","IAR/PARCC","reading",67,26.9
"610316",2024,"ES","IAR/PARCC","reading",141,56
"610317",2024,"ES","IAR/PARCC","reading",179,34.6
"610319",2024,"ES","IAR/PARCC","reading",204,34.8
"610325",2024,"ES","IAR/PARCC","reading",323,30.7
"610329",2024,"ES","IAR/PARCC","reading",159,46.5
"610339",2024,"ES","IAR/PARCC","reading",218,7.8
"610342",2024,"ES","IAR/PARCC","reading",202,12.9
"610345",2024,"ES","IAR/PARCC","reading",201,12.9
"610347",2024,"ES","IAR/PARCC","reading",174,16.1
"610350",2024,"ES","IAR/PARCC","reading",238,55.9
"610352",2024,"ES","IAR/PARCC","reading",395,27.8
"610353",2024,"ES","IAR/PARCC","reading",403,14.6
"610354",2024,"ES","IAR/PARCC","reading",166,14.5
"610355",2024,"ES","IAR/PARCC","reading",136,14
"610362",2024,"ES","IAR/PARCC","reading",117,23.9
"610363",2024,"ES","IAR/PARCC","reading",819,45.9
"610364",2024,"ES","IAR/PARCC","reading",113,18.6
"610366",2024,"ES","IAR/PARCC","reading",136,22.1
"610367",2024,"ES","IAR/PARCC","reading",223,13.9
"610368",2024,"ES","IAR/PARCC","reading",223,9.4
"610369",2024,"ES","IAR/PARCC","reading",159,12.6
"610391",2024,"ES","IAR/PARCC","reading",227,47.1
"610396",2024,"ES","IAR/PARCC","reading",612,26.6
"610405",2024,"ES","IAR/PARCC","reading",224,25.4
"610503",2024,"ES","IAR/PARCC","reading",95,27.4
"610515",2024,"ES","IAR/PARCC","reading",227,52
"610520",2024,"ES","IAR/PARCC","reading",331,62.5
"610521",2024,"ES","IAR/PARCC","reading",77,20.8
"610523",2024,"ES","IAR/PARCC","reading",270,49.3
"610530",2024,"ES","IAR/PARCC","reading",107,18.7
"610532",2024,"ES","IAR/PARCC","reading",766,18.7
"610533",2024,"ES","IAR/PARCC","reading",518,25.1
"610534",2024,"ES","IAR/PARCC","reading",338,93.5
"610539",2024,"ES","IAR/PARCC","reading",461,21.7
"610541",2024,"ES","IAR/PARCC","reading",387,32.3
"610542",2024,"ES","IAR/PARCC","reading",412,31.1
"610544",2024,"ES","IAR/PARCC","reading",496,43.3
"610548",2024,"ES","IAR/PARCC","reading",224,62.1
"610559",2024,"ES","IAR/PARCC","reading",374,17.9
"610564",2024,"ES","IAR/PARCC","reading",160,42.5
"610586",2024,"ES","IAR/PARCC","reading",370,10.5
"610588",2024,"ES","IAR/PARCC","reading",855,25
"610589",2024,"ES","IAR/PARCC","reading",290,63.4
"610590",2024,"ES","IAR/PARCC","reading",256,87.9
"400009",2023,"ES","IAR/PARCC","reading",278,15.8
"400011",2023,"ES","IAR/PARCC","reading",194,42.8
"400017",2023,"ES","IAR/PARCC","reading",105,16.2
"400021",2023,"ES","IAR/PARCC","reading",347,18.7
"400023",2023,"ES","IAR/PARCC","reading",262,41.2
"400024",2023,"ES","IAR/PARCC","reading",317,26.8
"400025",2023,"ES","IAR/PARCC","reading",416,14.9
"400027",2023,"ES","IAR/PARCC","reading",348,32.5
"400028",2023,"ES","IAR/PARCC","reading",281,13.9
"400029",2023,"ES","IAR/PARCC","reading",312,30.4
"400030",2023,"ES","IAR/PARCC","reading",352,16.2
"400031",2023,"ES","IAR/PARCC","reading",451,7.8
"400033",2023,"ES","IAR/PARCC","reading",812,11.9
"400035",2023,"ES","IAR/PARCC","reading",215,33
"400039",2023,"ES","IAR/PARCC","reading",257,14.4
"400043",2023,"ES","IAR/PARCC","reading",95,6.3
"400044",2023,"ES","IAR/PARCC","reading",580,9.8
"400046",2023,"ES","IAR/PARCC","reading",320,18.4
"400047",2023,"ES","IAR/PARCC","reading",177,25.4
"400048",2023,"ES","IAR/PARCC","reading",203,33
"400049",2023,"ES","IAR/PARCC","reading",287,18.5
"400050",2023,"ES","IAR/PARCC","reading",281,7.5
"400052",2023,"ES","IAR/PARCC","reading",301,23.3
"400060",2023,"ES","IAR/PARCC","reading",191,18.8
"400061",2023,"ES","IAR/PARCC","reading",148,18.9
"400064",2023,"ES","IAR/PARCC","reading",53,15.1
"400066",2023,"ES","IAR/PARCC","reading",42,7.1
"400068",2023,"ES","IAR/PARCC","reading",136,5.9
"400069",2023,"ES","IAR/PARCC","reading",181,13.3
"400071",2023,"ES","IAR/PARCC","reading",258,10.9
"400075",2023,"ES","IAR/PARCC","reading",219,14.2
"400076",2023,"ES","IAR/PARCC","reading",150,20.7
"400077",2023,"ES","IAR/PARCC","reading",220,12.7
"400079",2023,"ES","IAR/PARCC","reading",391,15.3
"400080",2023,"ES","IAR/PARCC","reading",386,12.7
"400081",2023,"ES","IAR/PARCC","reading",159,17
"400082",2023,"ES","IAR/PARCC","reading",292,16.4
"400083",2023,"ES","IAR/PARCC","reading",122,9
"400084",2023,"ES","IAR/PARCC","reading",180,35.6
"400089",2023,"ES","IAR/PARCC","reading",347,14.1
"400092",2023,"ES","IAR/PARCC","reading",143,8.4
"400096",2023,"ES","IAR/PARCC","reading",549,16
"400101",2023,"ES","IAR/PARCC","reading",304,14.1
"400107",2023,"ES","IAR/PARCC","reading",254,19.3
"400111",2023,"ES","IAR/PARCC","reading",270,38.1
"400112",2023,"ES","IAR/PARCC","reading",355,18.3
"400114",2023,"ES","IAR/PARCC","reading",172,20.3
"400115",2023,"ES","IAR/PARCC","reading",356,21.9
"400116",2023,"ES","IAR/PARCC","reading",192,11.5
"400120",2023,"ES","IAR/PARCC","reading",324,9
"400121",2023,"ES","IAR/PARCC","reading",245,13.1
"400146",2023,"ES","IAR/PARCC","reading",369,16
"400151",2023,"ES","IAR/PARCC","reading",86,16.3
"400153",2023,"ES","IAR/PARCC","reading",350,18.3
"400159",2023,"ES","IAR/PARCC","reading",288,19.1
"400161",2023,"ES","IAR/PARCC","reading",114,14.9
"400162",2023,"ES","IAR/PARCC","reading",294,11.9
"400163",2023,"ES","IAR/PARCC","reading",511,17.8
"400165",2023,"ES","IAR/PARCC","reading",271,22.1
"400167",2023,"ES","IAR/PARCC","reading",390,24.1
"400168",2023,"ES","IAR/PARCC","reading",337,33.8
"400178",2023,"ES","IAR/PARCC","reading",515,14.6
"400180",2023,"ES","IAR/PARCC","reading",629,21.3
"400181",2023,"ES","IAR/PARCC","reading",77,2.6
"609716",2023,"ES","IAR/PARCC","reading",104,2.9
"609720",2023,"ES","IAR/PARCC","reading",227,82.8
"609725",2023,"ES","IAR/PARCC","reading",24,41.7
"609726",2023,"ES","IAR/PARCC","reading",114,66.7
"609734",2023,"ES","IAR/PARCC","reading",160,78.8
"609746",2023,"ES","IAR/PARCC","reading",282,68.8
"609755",2023,"ES","IAR/PARCC","reading",248,93.5
"609772",2023,"ES","IAR/PARCC","reading",344,25.6
"609773",2023,"ES","IAR/PARCC","reading",190,42.6
"609774",2023,"ES","IAR/PARCC","reading",334,66.8
"609777",2023,"ES","IAR/PARCC","reading",156,36.5
"609779",2023,"ES","IAR/PARCC","reading",798,38.1
"609780",2023,"ES","IAR/PARCC","reading",143,13.3
"609782",2023,"ES","IAR/PARCC","reading",274,53.3
"609786",2023,"ES","IAR/PARCC","reading",134,21.6
"609788",2023,"ES","IAR/PARCC","reading",177,22
"609789",2023,"ES","IAR/PARCC","reading",236,16.5
"609790",2023,"ES","IAR/PARCC","reading",224,4.5
"609791",2023,"ES","IAR/PARCC","reading",195,7.2
"609792",2023,"ES","IAR/PARCC","reading",524,26
"609793",2023,"ES","IAR/PARCC","reading",281,7.8
"609794",2023,"ES","IAR/PARCC","reading",177,89.3
"609795",2023,"ES","IAR/PARCC","reading",99,22.2
"609796",2023,"ES","IAR/PARCC","reading",613,52.5
"609797",2023,"ES","IAR/PARCC","reading",149,8.7
"609798",2023,"ES","IAR/PARCC","reading",326,36.5
"609799",2023,"ES","IAR/PARCC","reading",566,68.4
"609800",2023,"ES","IAR/PARCC","reading",164,11
"609803",2023,"ES","IAR/PARCC","reading",377,71.9
"609804",2023,"ES","IAR/PARCC","reading",442,27.1
"609805",2023,"ES","IAR/PARCC","reading",177,20.9
"609806",2023,"ES","IAR/PARCC","reading",241,9.5
"609807",2023,"ES","IAR/PARCC","reading",277,9.7
"609808",2023,"ES","IAR/PARCC","reading",255,16.5
"609809",2023,"ES","IAR/PARCC","reading",371,33.2
"609810",2023,"ES","IAR/PARCC","reading",663,28.4
"609811",2023,"ES","IAR/PARCC","reading",136,14
"609812",2023,"ES","IAR/PARCC","reading",123,5.7
"609813",2023,"ES","IAR/PARCC","reading",74,14.9
"609815",2023,"ES","IAR/PARCC","reading",331,10.3
"609817",2023,"ES","IAR/PARCC","reading",361,36
"609818",2023,"ES","IAR/PARCC","reading",453,12.4
"609819",2023,"ES","IAR/PARCC","reading",133,3
"609820",2023,"ES","IAR/PARCC","reading",304,67.8
"609821",2023,"ES","IAR/PARCC","reading",276,6.2
"609827",2023,"ES","IAR/PARCC","reading",177,31.6
"609828",2023,"ES","IAR/PARCC","reading",328,58.2
"609829",2023,"ES","IAR/PARCC","reading",239,44.4
"609830",2023,"ES","IAR/PARCC","reading",227,8.4
"609832",2023,"ES","IAR/PARCC","reading",404,34.7
"609833",2023,"ES","IAR/PARCC","reading",137,14.6
"609834",2023,"ES","IAR/PARCC","reading",423,16.8
"609835",2023,"ES","IAR/PARCC","reading",396,9.8
"609836",2023,"ES","IAR/PARCC","reading",503,47.3
"609837",2023,"ES","IAR/PARCC","reading",318,33.6
"609839",2023,"ES","IAR/PARCC","reading",229,19.2
"609842",2023,"ES","IAR/PARCC","reading",537,33.9
"609844",2023,"ES","IAR/PARCC","reading",176,8
"609845",2023,"ES","IAR/PARCC","reading",270,7
"609848",2023,"ES","IAR/PARCC","reading",144,14.6
"609849",2023,"ES","IAR/PARCC","reading",230,43
"609850",2023,"ES","IAR/PARCC","reading",220,37.7
"609851",2023,"ES","IAR/PARCC","reading",147,8.8
"609852",2023,"ES","IAR/PARCC","reading",314,40.1
"609853",2023,"ES","IAR/PARCC","reading",170,23.5
"609854",2023,"ES","IAR/PARCC","reading",169,11.2
"609855",2023,"ES","IAR/PARCC","reading",142,7.7
"609856",2023,"ES","IAR/PARCC","reading",342,16.4
"609857",2023,"ES","IAR/PARCC","reading",246,23.2
"609859",2023,"ES","IAR/PARCC","reading",667,22.5
"609861",2023,"ES","IAR/PARCC","reading",236,22.9
"609862",2023,"ES","IAR/PARCC","reading",162,8.6
"609863",2023,"ES","IAR/PARCC","reading",191,20.4
"609864",2023,"ES","IAR/PARCC","reading",182,7.1
"609865",2023,"ES","IAR/PARCC","reading",271,8.1
"609866",2023,"ES","IAR/PARCC","reading",552,68.5
"609867",2023,"ES","IAR/PARCC","reading",274,13.9
"609869",2023,"ES","IAR/PARCC","reading",112,9.8
"609870",2023,"ES","IAR/PARCC","reading",274,6.6
"609872",2023,"ES","IAR/PARCC","reading",175,25.1
"609873",2023,"ES","IAR/PARCC","reading",79,24.1
"609874",2023,"ES","IAR/PARCC","reading",656,28.5
"609875",2023,"ES","IAR/PARCC","reading",285,22.8
"609876",2023,"ES","IAR/PARCC","reading",306,6.2
"609879",2023,"ES","IAR/PARCC","reading",610,21
"609880",2023,"ES","IAR/PARCC","reading",210,91
"609883",2023,"ES","IAR/PARCC","reading",266,12.4
"609884",2023,"ES","IAR/PARCC","reading",492,21.3
"609885",2023,"ES","IAR/PARCC","reading",138,15.2
"609887",2023,"ES","IAR/PARCC","reading",352,40.1
"609891",2023,"ES","IAR/PARCC","reading",140,2.9
"609893",2023,"ES","IAR/PARCC","reading",422,27
"609894",2023,"ES","IAR/PARCC","reading",156,12.2
"609895",2023,"ES","IAR/PARCC","reading",128,23.4
"609896",2023,"ES","IAR/PARCC","reading",142,41.5
"609897",2023,"ES","IAR/PARCC","reading",145,8.3
"609898",2023,"ES","IAR/PARCC","reading",695,10.6
"609899",2023,"ES","IAR/PARCC","reading",474,59.7
"609900",2023,"ES","IAR/PARCC","reading",209,3.3
"609901",2023,"ES","IAR/PARCC","reading",305,61.6
"609902",2023,"ES","IAR/PARCC","reading",187,7.5
"609903",2023,"ES","IAR/PARCC","reading",746,11.7
"609904",2023,"ES","IAR/PARCC","reading",224,11.2
"609907",2023,"ES","IAR/PARCC","reading",213,17.4
"609908",2023,"ES","IAR/PARCC","reading",152,14.5
"609909",2023,"ES","IAR/PARCC","reading",43,55.8
"609910",2023,"ES","IAR/PARCC","reading",481,20.8
"609912",2023,"ES","IAR/PARCC","reading",266,39.5
"609917",2023,"ES","IAR/PARCC","reading",160,24.4
"609918",2023,"ES","IAR/PARCC","reading",158,14.6
"609919",2023,"ES","IAR/PARCC","reading",200,8
"609920",2023,"ES","IAR/PARCC","reading",294,10.9
"609921",2023,"ES","IAR/PARCC","reading",138,10.9
"609922",2023,"ES","IAR/PARCC","reading",215,8.8
"609924",2023,"ES","IAR/PARCC","reading",184,19.6
"609925",2023,"ES","IAR/PARCC","reading",125,4
"609926",2023,"ES","IAR/PARCC","reading",267,49.4
"609927",2023,"ES","IAR/PARCC","reading",123,13.8
"609928",2023,"ES","IAR/PARCC","reading",220,18.6
"609929",2023,"ES","IAR/PARCC","reading",187,15
"609930",2023,"ES","IAR/PARCC","reading",237,8.9
"609933",2023,"ES","IAR/PARCC","reading",122,7.4
"609935",2023,"ES","IAR/PARCC","reading",408,14.7
"609937",2023,"ES","IAR/PARCC","reading",496,39.1
"609938",2023,"ES","IAR/PARCC","reading",712,21.8
"609939",2023,"ES","IAR/PARCC","reading",201,7
"609941",2023,"ES","IAR/PARCC","reading",208,16.3
"609942",2023,"ES","IAR/PARCC","reading",390,29
"609943",2023,"ES","IAR/PARCC","reading",180,18.3
"609944",2023,"ES","IAR/PARCC","reading",196,43.4
"609945",2023,"ES","IAR/PARCC","reading",335,28.4
"609947",2023,"ES","IAR/PARCC","reading",181,7.2
"609949",2023,"ES","IAR/PARCC","reading",640,23
"609951",2023,"ES","IAR/PARCC","reading",204,14.7
"609952",2023,"ES","IAR/PARCC","reading",134,23.9
"609954",2023,"ES","IAR/PARCC","reading",170,21.8
"609955",2023,"ES","IAR/PARCC","reading",220,15
"609956",2023,"ES","IAR/PARCC","reading",263,31.6
"609958",2023,"ES","IAR/PARCC","reading",443,16.9
"609959",2023,"ES","IAR/PARCC","reading",377,53.3
"609960",2023,"ES","IAR/PARCC","reading",542,34.3
"609961",2023,"ES","IAR/PARCC","reading",172,11
"609963",2023,"ES","IAR/PARCC","reading",280,64.3
"609964",2023,"ES","IAR/PARCC","reading",307,5.5
"609966",2023,"ES","IAR/PARCC","reading",145,13.1
"609967",2023,"ES","IAR/PARCC","reading",128,16.4
"609968",2023,"ES","IAR/PARCC","reading",353,13
"609969",2023,"ES","IAR/PARCC","reading",183,21.9
"609971",2023,"ES","IAR/PARCC","reading",175,4.6
"609972",2023,"ES","IAR/PARCC","reading",506,16.2
"609973",2023,"ES","IAR/PARCC","reading",343,31.5
"609974",2023,"ES","IAR/PARCC","reading",384,88.3
"609975",2023,"ES","IAR/PARCC","reading",173,11.6
"609976",2023,"ES","IAR/PARCC","reading",527,28.1
"609977",2023,"ES","IAR/PARCC","reading",88,33
"609978",2023,"ES","IAR/PARCC","reading",187,9.6
"609979",2023,"ES","IAR/PARCC","reading",855,56.3
"609981",2023,"ES","IAR/PARCC","reading",152,6.6
"609983",2023,"ES","IAR/PARCC","reading",290,7.6
"609985",2023,"ES","IAR/PARCC","reading",140,17.1
"609986",2023,"ES","IAR/PARCC","reading",92,8.7
"609987",2023,"ES","IAR/PARCC","reading",83,20.5
"609988",2023,"ES","IAR/PARCC","reading",278,15.8
"609990",2023,"ES","IAR/PARCC","reading",487,49.3
"609991",2023,"ES","IAR/PARCC","reading",223,1.8
"609993",2023,"ES","IAR/PARCC","reading",204,14.7
"609994",2023,"ES","IAR/PARCC","reading",454,15.6
"609995",2023,"ES","IAR/PARCC","reading",343,37.6
"609996",2023,"ES","IAR/PARCC","reading",244,30.7
"609997",2023,"ES","IAR/PARCC","reading",81,6.2
"610000",2023,"ES","IAR/PARCC","reading",224,6.7
"610002",2023,"ES","IAR/PARCC","reading",155,20
"610003",2023,"ES","IAR/PARCC","reading",145,19.3
"610004",2023,"ES","IAR/PARCC","reading",110,19.1
"610005",2023,"ES","IAR/PARCC","reading",112,1.8
"610006",2023,"ES","IAR/PARCC","reading",458,33.6
"610009",2023,"ES","IAR/PARCC","reading",344,41.3
"610010",2023,"ES","IAR/PARCC","reading",122,35.2
"610011",2023,"ES","IAR/PARCC","reading",526,41.4
"610013",2023,"ES","IAR/PARCC","reading",152,11.2
"610015",2023,"ES","IAR/PARCC","reading",138,42
"610016",2023,"ES","IAR/PARCC","reading",191,55.5
"610017",2023,"ES","IAR/PARCC","reading",511,12.3
"610019",2023,"ES","IAR/PARCC","reading",103,19.4
"610021",2023,"ES","IAR/PARCC","reading",228,41.7
"610022",2023,"ES","IAR/PARCC","reading",452,19.7
"610024",2023,"ES","IAR/PARCC","reading",544,28.9
"610026",2023,"ES","IAR/PARCC","reading",443,60.9
"610027",2023,"ES","IAR/PARCC","reading",131,18.3
"610029",2023,"ES","IAR/PARCC","reading",84,4.8
"610030",2023,"ES","IAR/PARCC","reading",146,12.3
"610032",2023,"ES","IAR/PARCC","reading",171,32.2
"610033",2023,"ES","IAR/PARCC","reading",317,46.4
"610034",2023,"ES","IAR/PARCC","reading",131,6.1
"610036",2023,"ES","IAR/PARCC","reading",264,10.6
"610037",2023,"ES","IAR/PARCC","reading",158,17.1
"610038",2023,"ES","IAR/PARCC","reading",555,74.4
"610039",2023,"ES","IAR/PARCC","reading",348,29.9
"610040",2023,"ES","IAR/PARCC","reading",372,15.3
"610041",2023,"ES","IAR/PARCC","reading",725,19.9
"610043",2023,"ES","IAR/PARCC","reading",212,19.8
"610044",2023,"ES","IAR/PARCC","reading",155,18.7
"610046",2023,"ES","IAR/PARCC","reading",744,23
"610047",2023,"ES","IAR/PARCC","reading",114,18.4
"610048",2023,"ES","IAR/PARCC","reading",137,4.4
"610051",2023,"ES","IAR/PARCC","reading",488,6.8
"610052",2023,"ES","IAR/PARCC","reading",203,22.2
"610053",2023,"ES","IAR/PARCC","reading",610,12
"610054",2023,"ES","IAR/PARCC","reading",394,20.8
"610055",2023,"ES","IAR/PARCC","reading",100,13
"610056",2023,"ES","IAR/PARCC","reading",135,13.3
"610057",2023,"ES","IAR/PARCC","reading",322,7.5
"610059",2023,"ES","IAR/PARCC","reading",368,70.4
"610060",2023,"ES","IAR/PARCC","reading",286,46.2
"610062",2023,"ES","IAR/PARCC","reading",175,33.1
"610063",2023,"ES","IAR/PARCC","reading",193,8.3
"610065",2023,"ES","IAR/PARCC","reading",177,7.3
"610066",2023,"ES","IAR/PARCC","reading",131,74
"610067",2023,"ES","IAR/PARCC","reading",341,11.4
"610068",2023,"ES","IAR/PARCC","reading",672,17.9
"610070",2023,"ES","IAR/PARCC","reading",297,25.9
"610073",2023,"ES","IAR/PARCC","reading",228,52.6
"610074",2023,"ES","IAR/PARCC","reading",384,19.5
"610076",2023,"ES","IAR/PARCC","reading",241,14.9
"610077",2023,"ES","IAR/PARCC","reading",327,12.5
"610078",2023,"ES","IAR/PARCC","reading",397,32.2
"610081",2023,"ES","IAR/PARCC","reading",346,60.1
"610082",2023,"ES","IAR/PARCC","reading",745,45.9
"610084",2023,"ES","IAR/PARCC","reading",162,95.7
"610086",2023,"ES","IAR/PARCC","reading",150,16
"610088",2023,"ES","IAR/PARCC","reading",301,14.6
"610089",2023,"ES","IAR/PARCC","reading",273,30.4
"610090",2023,"ES","IAR/PARCC","reading",284,33.5
"610091",2023,"ES","IAR/PARCC","reading",166,19.9
"610092",2023,"ES","IAR/PARCC","reading",122,4.1
"610093",2023,"ES","IAR/PARCC","reading",115,18.3
"610094",2023,"ES","IAR/PARCC","reading",349,52.1
"610095",2023,"ES","IAR/PARCC","reading",220,34.1
"610096",2023,"ES","IAR/PARCC","reading",637,18.1
"610097",2023,"ES","IAR/PARCC","reading",326,9.5
"610098",2023,"ES","IAR/PARCC","reading",376,19.9
"610099",2023,"ES","IAR/PARCC","reading",237,50.6
"610100",2023,"ES","IAR/PARCC","reading",305,20
"610101",2023,"ES","IAR/PARCC","reading",522,20.9
"610102",2023,"ES","IAR/PARCC","reading",176,8.5
"610103",2023,"ES","IAR/PARCC","reading",313,13.4
"610104",2023,"ES","IAR/PARCC","reading",405,43.5
"610105",2023,"ES","IAR/PARCC","reading",405,55.1
"610106",2023,"ES","IAR/PARCC","reading",355,4.2
"610107",2023,"ES","IAR/PARCC","reading",171,15.2
"610108",2023,"ES","IAR/PARCC","reading",209,8.1
"610109",2023,"ES","IAR/PARCC","reading",167,19.2
"610110",2023,"ES","IAR/PARCC","reading",162,30.9
"610111",2023,"ES","IAR/PARCC","reading",459,32.9
"610112",2023,"ES","IAR/PARCC","reading",200,14
"610115",2023,"ES","IAR/PARCC","reading",159,12.6
"610116",2023,"ES","IAR/PARCC","reading",138,18.1
"610117",2023,"ES","IAR/PARCC","reading",169,37.9
"610120",2023,"ES","IAR/PARCC","reading",240,20.4
"610121",2023,"ES","IAR/PARCC","reading",176,12.5
"610122",2023,"ES","IAR/PARCC","reading",533,35.3
"610123",2023,"ES","IAR/PARCC","reading",126,7.9
"610124",2023,"ES","IAR/PARCC","reading",150,16.7
"610125",2023,"ES","IAR/PARCC","reading",287,19.5
"610126",2023,"ES","IAR/PARCC","reading",269,21.2
"610127",2023,"ES","IAR/PARCC","reading",558,30.6
"610128",2023,"ES","IAR/PARCC","reading",131,13
"610129",2023,"ES","IAR/PARCC","reading",202,33.7
"610130",2023,"ES","IAR/PARCC","reading",91,7.7
"610131",2023,"ES","IAR/PARCC","reading",68,19.1
"610132",2023,"ES","IAR/PARCC","reading",138,80.4
"610133",2023,"ES","IAR/PARCC","reading",142,5.6
"610135",2023,"ES","IAR/PARCC","reading",468,22.9
"610136",2023,"ES","IAR/PARCC","reading",242,76.9
"610137",2023,"ES","IAR/PARCC","reading",428,28
"610138",2023,"ES","IAR/PARCC","reading",518,45.9
"610139",2023,"ES","IAR/PARCC","reading",194,9.8
"610141",2023,"ES","IAR/PARCC","reading",335,56.7
"610142",2023,"ES","IAR/PARCC","reading",338,17.5
"610143",2023,"ES","IAR/PARCC","reading",140,7.9
"610144",2023,"ES","IAR/PARCC","reading",376,15.4
"610145",2023,"ES","IAR/PARCC","reading",381,21.8
"610146",2023,"ES","IAR/PARCC","reading",123,1.6
"610147",2023,"ES","IAR/PARCC","reading",412,40.8
"610148",2023,"ES","IAR/PARCC","reading",496,28
"610152",2023,"ES","IAR/PARCC","reading",213,13.6
"610153",2023,"ES","IAR/PARCC","reading",157,12.1
"610155",2023,"ES","IAR/PARCC","reading",389,57.1
"610157",2023,"ES","IAR/PARCC","reading",708,13.3
"610158",2023,"ES","IAR/PARCC","reading",243,18.1
"610159",2023,"ES","IAR/PARCC","reading",411,29.7
"610165",2023,"ES","IAR/PARCC","reading",249,8
"610167",2023,"ES","IAR/PARCC","reading",301,15.6
"610170",2023,"ES","IAR/PARCC","reading",461,41
"610171",2023,"ES","IAR/PARCC","reading",276,14.1
"610172",2023,"ES","IAR/PARCC","reading",132,2.3
"610173",2023,"ES","IAR/PARCC","reading",124,5.6
"610174",2023,"ES","IAR/PARCC","reading",165,19.4
"610175",2023,"ES","IAR/PARCC","reading",195,17.9
"610176",2023,"ES","IAR/PARCC","reading",254,14.6
"610177",2023,"ES","IAR/PARCC","reading",597,63.7
"610178",2023,"ES","IAR/PARCC","reading",90,14.4
"610179",2023,"ES","IAR/PARCC","reading",487,29
"610180",2023,"ES","IAR/PARCC","reading",221,5.9
"610182",2023,"ES","IAR/PARCC","reading",177,50.8
"610183",2023,"ES","IAR/PARCC","reading",248,4.4
"610184",2023,"ES","IAR/PARCC","reading",200,11
"610185",2023,"ES","IAR/PARCC","reading",676,28.3
"610188",2023,"ES","IAR/PARCC","reading",123,31.7
"610191",2023,"ES","IAR/PARCC","reading",386,51.6
"610192",2023,"ES","IAR/PARCC","reading",314,4.1
"610193",2023,"ES","IAR/PARCC","reading",208,15.9
"610194",2023,"ES","IAR/PARCC","reading",120,33.3
"610195",2023,"ES","IAR/PARCC","reading",374,35
"610196",2023,"ES","IAR/PARCC","reading",307,23.5
"610197",2023,"ES","IAR/PARCC","reading",266,27.8
"610198",2023,"ES","IAR/PARCC","reading",222,18
"610199",2023,"ES","IAR/PARCC","reading",118,22.9
"610200",2023,"ES","IAR/PARCC","reading",129,9.3
"610201",2023,"ES","IAR/PARCC","reading",502,59.2
"610202",2023,"ES","IAR/PARCC","reading",151,5.3
"610203",2023,"ES","IAR/PARCC","reading",329,26.7
"610206",2023,"ES","IAR/PARCC","reading",623,43.5
"610207",2023,"ES","IAR/PARCC","reading",157,28.7
"610208",2023,"ES","IAR/PARCC","reading",191,8.9
"610209",2023,"ES","IAR/PARCC","reading",434,7.8
"610212",2023,"ES","IAR/PARCC","reading",222,17.1
"610213",2023,"ES","IAR/PARCC","reading",294,11.6
"610215",2023,"ES","IAR/PARCC","reading",253,15
"610216",2023,"ES","IAR/PARCC","reading",116,18.1
"610217",2023,"ES","IAR/PARCC","reading",341,38.7
"610218",2023,"ES","IAR/PARCC","reading",165,21.8
"610219",2023,"ES","IAR/PARCC","reading",429,26.3
"610220",2023,"ES","IAR/PARCC","reading",366,52.5
"610221",2023,"ES","IAR/PARCC","reading",119,18.5
"610223",2023,"ES","IAR/PARCC","reading",202,3
"610225",2023,"ES","IAR/PARCC","reading",130,21.5
"610226",2023,"ES","IAR/PARCC","reading",336,18.2
"610227",2023,"ES","IAR/PARCC","reading",396,19.4
"610228",2023,"ES","IAR/PARCC","reading",95,4.2
"610229",2023,"ES","IAR/PARCC","reading",429,63.4
"610230",2023,"ES","IAR/PARCC","reading",279,57
"610231",2023,"ES","IAR/PARCC","reading",467,33
"610234",2023,"ES","IAR/PARCC","reading",186,14.5
"610235",2023,"ES","IAR/PARCC","reading",295,9.5
"610237",2023,"ES","IAR/PARCC","reading",147,6.8
"610238",2023,"ES","IAR/PARCC","reading",107,9.3
"610239",2023,"ES","IAR/PARCC","reading",308,2.9
"610242",2023,"ES","IAR/PARCC","reading",245,14.3
"610246",2023,"ES","IAR/PARCC","reading",568,18.1
"610248",2023,"ES","IAR/PARCC","reading",344,25.9
"610249",2023,"ES","IAR/PARCC","reading",193,31.1
"610250",2023,"ES","IAR/PARCC","reading",235,12.3
"610251",2023,"ES","IAR/PARCC","reading",196,5.6
"610252",2023,"ES","IAR/PARCC","reading",119,0
"610254",2023,"ES","IAR/PARCC","reading",175,8
"610256",2023,"ES","IAR/PARCC","reading",27,25.9
"610257",2023,"ES","IAR/PARCC","reading",106,24.5
"610263",2023,"ES","IAR/PARCC","reading",367,4.6
"610268",2023,"ES","IAR/PARCC","reading",213,7.5
"610269",2023,"ES","IAR/PARCC","reading",158,21.5
"610271",2023,"ES","IAR/PARCC","reading",191,14.7
"610274",2023,"ES","IAR/PARCC","reading",151,2.6
"610276",2023,"ES","IAR/PARCC","reading",139,4.3
"610279",2023,"ES","IAR/PARCC","reading",172,9.9
"610281",2023,"ES","IAR/PARCC","reading",329,10.3
"610282",2023,"ES","IAR/PARCC","reading",194,5.7
"610284",2023,"ES","IAR/PARCC","reading",145,17.9
"610287",2023,"ES","IAR/PARCC","reading",196,17.3
"610290",2023,"ES","IAR/PARCC","reading",149,4
"610291",2023,"ES","IAR/PARCC","reading",422,22
"610293",2023,"ES","IAR/PARCC","reading",178,6.7
"610295",2023,"ES","IAR/PARCC","reading",146,16.4
"610298",2023,"ES","IAR/PARCC","reading",163,82.8
"610299",2023,"ES","IAR/PARCC","reading",141,9.2
"610300",2023,"ES","IAR/PARCC","reading",248,10.1
"610305",2023,"ES","IAR/PARCC","reading",187,2.1
"610312",2023,"ES","IAR/PARCC","reading",55,50.9
"610313",2023,"ES","IAR/PARCC","reading",257,13.6
"610315",2023,"ES","IAR/PARCC","reading",73,12.3
"610316",2023,"ES","IAR/PARCC","reading",136,50.7
"610317",2023,"ES","IAR/PARCC","reading",173,20.2
"610319",2023,"ES","IAR/PARCC","reading",197,26.4
"610325",2023,"ES","IAR/PARCC","reading",347,21
"610329",2023,"ES","IAR/PARCC","reading",166,50
"610339",2023,"ES","IAR/PARCC","reading",244,3.7
"610342",2023,"ES","IAR/PARCC","reading",190,10
"610345",2023,"ES","IAR/PARCC","reading",162,8
"610347",2023,"ES","IAR/PARCC","reading",187,13.4
"610350",2023,"ES","IAR/PARCC","reading",265,50.9
"610352",2023,"ES","IAR/PARCC","reading",405,24.4
"610353",2023,"ES","IAR/PARCC","reading",402,10.9
"610354",2023,"ES","IAR/PARCC","reading",147,20.4
"610355",2023,"ES","IAR/PARCC","reading",93,14
"610362",2023,"ES","IAR/PARCC","reading",125,17.6
"610363",2023,"ES","IAR/PARCC","reading",831,43
"610364",2023,"ES","IAR/PARCC","reading",114,7
"610366",2023,"ES","IAR/PARCC","reading",141,16.3
"610367",2023,"ES","IAR/PARCC","reading",235,8.1
"610368",2023,"ES","IAR/PARCC","reading",227,7
"610369",2023,"ES","IAR/PARCC","reading",191,7.3
"610391",2023,"ES","IAR/PARCC","reading",233,21
"610396",2023,"ES","IAR/PARCC","reading",609,20.4
"610405",2023,"ES","IAR/PARCC","reading",209,15.3
"610503",2023,"ES","IAR/PARCC","reading",92,23.9
"610515",2023,"ES","IAR/PARCC","reading",225,46.2
"610520",2023,"ES","IAR/PARCC","reading",334,54.5
"610521",2023,"ES","IAR/PARCC","reading",84,10.7
"610523",2023,"ES","IAR/PARCC","reading",250,42.8
"610530",2023,"ES","IAR/PARCC","reading",112,18.8
"610532",2023,"ES","IAR/PARCC","reading",853,10.7
"610533",2023,"ES","IAR/PARCC","reading",519,15
"610534",2023,"ES","IAR/PARCC","reading",318,94
"610539",2023,"ES","IAR/PARCC","reading",476,14.7
"610541",2023,"ES","IAR/PARCC","reading",430,26.7
"610542",2023,"ES","IAR/PARCC","reading",402,28.1
"610544",2023,"ES","IAR/PARCC","reading",489,37.6
"610548",2023,"ES","IAR/PARCC","reading",227,59.5
"610559",2023,"ES","IAR/PARCC","reading",439,13.2
"610564",2023,"ES","IAR/PARCC","reading",174,28.2
"610586",2023,"ES","IAR/PARCC","reading",348,12.4
"610588",2023,"ES","IAR/PARCC","reading",914,22.2
"610589",2023,"ES","IAR/PARCC","reading",216,52.8
"610590",2023,"ES","IAR/PARCC","reading",228,75.9
"400009",2022,"ES","IAR/PARCC","reading",138,9.4
"400011",2022,"ES","IAR/PARCC","reading",228,32.9
"400017",2022,"ES","IAR/PARCC","reading",121,5
"400021",2022,"ES","IAR/PARCC","reading",329,10
"400023",2022,"ES","IAR/PARCC","reading",291,27.5
"400024",2022,"ES","IAR/PARCC","reading",332,17.8
"400025",2022,"ES","IAR/PARCC","reading",454,11.2
"400027",2022,"ES","IAR/PARCC","reading",352,19.9
"400028",2022,"ES","IAR/PARCC","reading",295,9.2
"400029",2022,"ES","IAR/PARCC","reading",306,28.1
"400030",2022,"ES","IAR/PARCC","reading",359,10
"400031",2022,"ES","IAR/PARCC","reading",454,5.3
"400033",2022,"ES","IAR/PARCC","reading",798,9.3
"400035",2022,"ES","IAR/PARCC","reading",216,27.8
"400039",2022,"ES","IAR/PARCC","reading",262,6.1
"400043",2022,"ES","IAR/PARCC","reading",104,8.7
"400044",2022,"ES","IAR/PARCC","reading",567,8.5
"400046",2022,"ES","IAR/PARCC","reading",301,12.3
"400047",2022,"ES","IAR/PARCC","reading",197,17.3
"400048",2022,"ES","IAR/PARCC","reading",230,23.5
"400049",2022,"ES","IAR/PARCC","reading",297,8.1
"400050",2022,"ES","IAR/PARCC","reading",294,6.5
"400052",2022,"ES","IAR/PARCC","reading",284,9.9
"400060",2022,"ES","IAR/PARCC","reading",194,14.4
"400061",2022,"ES","IAR/PARCC","reading",159,11.9
"400064",2022,"ES","IAR/PARCC","reading",70,10
"400066",2022,"ES","IAR/PARCC","reading",39,15.4
"400068",2022,"ES","IAR/PARCC","reading",136,5.1
"400069",2022,"ES","IAR/PARCC","reading",229,6.6
"400071",2022,"ES","IAR/PARCC","reading",275,5.8
"400075",2022,"ES","IAR/PARCC","reading",225,7.6
"400076",2022,"ES","IAR/PARCC","reading",151,19.2
"400077",2022,"ES","IAR/PARCC","reading",246,8.5
"400079",2022,"ES","IAR/PARCC","reading",403,16.9
"400080",2022,"ES","IAR/PARCC","reading",397,11.1
"400081",2022,"ES","IAR/PARCC","reading",171,11.7
"400082",2022,"ES","IAR/PARCC","reading",304,13.2
"400083",2022,"ES","IAR/PARCC","reading",151,7.3
"400084",2022,"ES","IAR/PARCC","reading",178,25.3
"400089",2022,"ES","IAR/PARCC","reading",353,10.2
"400092",2022,"ES","IAR/PARCC","reading",162,2.5
"400096",2022,"ES","IAR/PARCC","reading",597,13.7
"400101",2022,"ES","IAR/PARCC","reading",318,9.7
"400107",2022,"ES","IAR/PARCC","reading",256,17.6
"400111",2022,"ES","IAR/PARCC","reading",293,29.4
"400112",2022,"ES","IAR/PARCC","reading",358,18.2
"400114",2022,"ES","IAR/PARCC","reading",177,14.7
"400115",2022,"ES","IAR/PARCC","reading",359,10.3
"400116",2022,"ES","IAR/PARCC","reading",173,5.8
"400120",2022,"ES","IAR/PARCC","reading",330,8.8
"400121",2022,"ES","IAR/PARCC","reading",270,12.2
"400146",2022,"ES","IAR/PARCC","reading",303,7.9
"400151",2022,"ES","IAR/PARCC","reading",80,2.5
"400153",2022,"ES","IAR/PARCC","reading",356,15.7
"400159",2022,"ES","IAR/PARCC","reading",322,21.7
"400161",2022,"ES","IAR/PARCC","reading",138,8.7
"400162",2022,"ES","IAR/PARCC","reading",290,12.1
"400163",2022,"ES","IAR/PARCC","reading",420,11.9
"400165",2022,"ES","IAR/PARCC","reading",343,11.4
"400167",2022,"ES","IAR/PARCC","reading",406,10.3
"400168",2022,"ES","IAR/PARCC","reading",301,24.3
"400178",2022,"ES","IAR/PARCC","reading",443,8.1
"400180",2022,"ES","IAR/PARCC","reading",635,12.4
"400181",2022,"ES","IAR/PARCC","reading",104,4.8
"609716",2022,"ES","IAR/PARCC","reading",114,2.6
"609720",2022,"ES","IAR/PARCC","reading",112,88.4
"609725",2022,"ES","IAR/PARCC","reading",49,30.6
"609726",2022,"ES","IAR/PARCC","reading",110,61.8
"609734",2022,"ES","IAR/PARCC","reading",124,79.8
"609746",2022,"ES","IAR/PARCC","reading",239,52.3
"609755",2022,"ES","IAR/PARCC","reading",239,91.2
"609772",2022,"ES","IAR/PARCC","reading",357,17.4
"609773",2022,"ES","IAR/PARCC","reading",224,36.2
"609774",2022,"ES","IAR/PARCC","reading",353,51.8
"609777",2022,"ES","IAR/PARCC","reading",154,17.5
"609779",2022,"ES","IAR/PARCC","reading",788,33
"609780",2022,"ES","IAR/PARCC","reading",187,4.3
"609782",2022,"ES","IAR/PARCC","reading",279,35.5
"609786",2022,"ES","IAR/PARCC","reading",150,6
"609788",2022,"ES","IAR/PARCC","reading",178,7.9
"609789",2022,"ES","IAR/PARCC","reading",254,10.2
"609790",2022,"ES","IAR/PARCC","reading",184,4.3
"609791",2022,"ES","IAR/PARCC","reading",219,3.7
"609792",2022,"ES","IAR/PARCC","reading",511,24.3
"609793",2022,"ES","IAR/PARCC","reading",251,2.4
"609794",2022,"ES","IAR/PARCC","reading",167,85.6
"609795",2022,"ES","IAR/PARCC","reading",116,21.6
"609796",2022,"ES","IAR/PARCC","reading",615,47
"609797",2022,"ES","IAR/PARCC","reading",156,1.9
"609798",2022,"ES","IAR/PARCC","reading",320,30.3
"609799",2022,"ES","IAR/PARCC","reading",581,52.5
"609800",2022,"ES","IAR/PARCC","reading",154,5.8
"609803",2022,"ES","IAR/PARCC","reading",388,53.9
"609804",2022,"ES","IAR/PARCC","reading",431,24.4
"609805",2022,"ES","IAR/PARCC","reading",223,9
"609806",2022,"ES","IAR/PARCC","reading",291,5.5
"609807",2022,"ES","IAR/PARCC","reading",307,3.9
"609808",2022,"ES","IAR/PARCC","reading",248,12.5
"609809",2022,"ES","IAR/PARCC","reading",340,25
"609810",2022,"ES","IAR/PARCC","reading",626,26.7
"609811",2022,"ES","IAR/PARCC","reading",137,5.1
"609812",2022,"ES","IAR/PARCC","reading",101,5.9
"609813",2022,"ES","IAR/PARCC","reading",92,4.3
"609815",2022,"ES","IAR/PARCC","reading",327,7.3
"609817",2022,"ES","IAR/PARCC","reading",355,36.1
"609818",2022,"ES","IAR/PARCC","reading",472,12.5
"609819",2022,"ES","IAR/PARCC","reading",155,2.6
"609820",2022,"ES","IAR/PARCC","reading",315,61.6
"609821",2022,"ES","IAR/PARCC","reading",300,8.7
"609827",2022,"ES","IAR/PARCC","reading",186,14.5
"609828",2022,"ES","IAR/PARCC","reading",330,36.4
"609829",2022,"ES","IAR/PARCC","reading",255,38
"609830",2022,"ES","IAR/PARCC","reading",214,3.7
"609832",2022,"ES","IAR/PARCC","reading",403,30.3
"609833",2022,"ES","IAR/PARCC","reading",145,4.1
"609834",2022,"ES","IAR/PARCC","reading",453,11.3
"609835",2022,"ES","IAR/PARCC","reading",424,5.7
"609836",2022,"ES","IAR/PARCC","reading",470,39.1
"609837",2022,"ES","IAR/PARCC","reading",349,23.8
"609839",2022,"ES","IAR/PARCC","reading",225,17.3
"609842",2022,"ES","IAR/PARCC","reading",571,20.8
"609844",2022,"ES","IAR/PARCC","reading",174,4.6
"609845",2022,"ES","IAR/PARCC","reading",283,2.1
"609848",2022,"ES","IAR/PARCC","reading",135,7.4
"609849",2022,"ES","IAR/PARCC","reading",224,17
"609850",2022,"ES","IAR/PARCC","reading",259,32.8
"609851",2022,"ES","IAR/PARCC","reading",144,3.5
"609852",2022,"ES","IAR/PARCC","reading",295,29.8
"609853",2022,"ES","IAR/PARCC","reading",194,11.3
"609854",2022,"ES","IAR/PARCC","reading",158,7.6
"609855",2022,"ES","IAR/PARCC","reading",160,4.4
"609856",2022,"ES","IAR/PARCC","reading",351,8
"609857",2022,"ES","IAR/PARCC","reading",265,20.8
"609859",2022,"ES","IAR/PARCC","reading",681,18.5
"609861",2022,"ES","IAR/PARCC","reading",233,16.7
"609862",2022,"ES","IAR/PARCC","reading",195,2.6
"609863",2022,"ES","IAR/PARCC","reading",144,20.1
"609864",2022,"ES","IAR/PARCC","reading",175,6.9
"609865",2022,"ES","IAR/PARCC","reading",269,7.1
"609866",2022,"ES","IAR/PARCC","reading",594,53.7
"609867",2022,"ES","IAR/PARCC","reading",313,10.5
"609869",2022,"ES","IAR/PARCC","reading",105,5.7
"609870",2022,"ES","IAR/PARCC","reading",275,7.6
"609872",2022,"ES","IAR/PARCC","reading",171,12.3
"609873",2022,"ES","IAR/PARCC","reading",83,3.6
"609874",2022,"ES","IAR/PARCC","reading",495,27.1
"609875",2022,"ES","IAR/PARCC","reading",296,7.4
"609876",2022,"ES","IAR/PARCC","reading",321,6.9
"609879",2022,"ES","IAR/PARCC","reading",614,16.1
"609880",2022,"ES","IAR/PARCC","reading",220,85
"609883",2022,"ES","IAR/PARCC","reading",239,4.6
"609884",2022,"ES","IAR/PARCC","reading",478,21.8
"609885",2022,"ES","IAR/PARCC","reading",161,6.2
"609887",2022,"ES","IAR/PARCC","reading",378,25.1
"609891",2022,"ES","IAR/PARCC","reading",128,1.6
"609893",2022,"ES","IAR/PARCC","reading",432,21.3
"609894",2022,"ES","IAR/PARCC","reading",148,10.1
"609895",2022,"ES","IAR/PARCC","reading",124,15.3
"609896",2022,"ES","IAR/PARCC","reading",137,35
"609897",2022,"ES","IAR/PARCC","reading",158,2.5
"609898",2022,"ES","IAR/PARCC","reading",735,9.7
"609899",2022,"ES","IAR/PARCC","reading",497,57.5
"609900",2022,"ES","IAR/PARCC","reading",252,2.8
"609901",2022,"ES","IAR/PARCC","reading",303,59.4
"609902",2022,"ES","IAR/PARCC","reading",199,3.5
"609903",2022,"ES","IAR/PARCC","reading",801,10.5
"609904",2022,"ES","IAR/PARCC","reading",197,5.6
"609907",2022,"ES","IAR/PARCC","reading",235,11.9
"609908",2022,"ES","IAR/PARCC","reading",160,8.8
"609909",2022,"ES","IAR/PARCC","reading",46,50
"609910",2022,"ES","IAR/PARCC","reading",483,12.2
"609912",2022,"ES","IAR/PARCC","reading",284,34.9
"609917",2022,"ES","IAR/PARCC","reading",174,17.2
"609918",2022,"ES","IAR/PARCC","reading",142,13.4
"609919",2022,"ES","IAR/PARCC","reading",197,4.6
"609920",2022,"ES","IAR/PARCC","reading",312,9.3
"609921",2022,"ES","IAR/PARCC","reading",152,12.5
"609922",2022,"ES","IAR/PARCC","reading",194,6.7
"609924",2022,"ES","IAR/PARCC","reading",197,6.6
"609925",2022,"ES","IAR/PARCC","reading",124,2.4
"609926",2022,"ES","IAR/PARCC","reading",251,31.5
"609927",2022,"ES","IAR/PARCC","reading",136,9.6
"609928",2022,"ES","IAR/PARCC","reading",227,7
"609929",2022,"ES","IAR/PARCC","reading",187,14.4
"609930",2022,"ES","IAR/PARCC","reading",243,5.8
"609933",2022,"ES","IAR/PARCC","reading",116,1.7
"609935",2022,"ES","IAR/PARCC","reading",393,10.7
"609937",2022,"ES","IAR/PARCC","reading",484,31.4
"609938",2022,"ES","IAR/PARCC","reading",747,16.7
"609939",2022,"ES","IAR/PARCC","reading",214,5.1
"609941",2022,"ES","IAR/PARCC","reading",230,6.1
"609942",2022,"ES","IAR/PARCC","reading",384,14.6
"609943",2022,"ES","IAR/PARCC","reading",183,4.4
"609944",2022,"ES","IAR/PARCC","reading",189,30.7
"609945",2022,"ES","IAR/PARCC","reading",352,28.7
"609947",2022,"ES","IAR/PARCC","reading",211,5.2
"609949",2022,"ES","IAR/PARCC","reading",635,18
"609951",2022,"ES","IAR/PARCC","reading",222,7.2
"609952",2022,"ES","IAR/PARCC","reading",139,19.4
"609954",2022,"ES","IAR/PARCC","reading",195,2.6
"609955",2022,"ES","IAR/PARCC","reading",209,3.3
"609956",2022,"ES","IAR/PARCC","reading",258,17.4
"609958",2022,"ES","IAR/PARCC","reading",446,16.1
"609959",2022,"ES","IAR/PARCC","reading",402,38.8
"609960",2022,"ES","IAR/PARCC","reading",565,22.8
"609961",2022,"ES","IAR/PARCC","reading",191,7.9
"609963",2022,"ES","IAR/PARCC","reading",233,54.5
"609964",2022,"ES","IAR/PARCC","reading",313,7
"609966",2022,"ES","IAR/PARCC","reading",158,6.3
"609967",2022,"ES","IAR/PARCC","reading",131,10.7
"609968",2022,"ES","IAR/PARCC","reading",367,7.1
"609969",2022,"ES","IAR/PARCC","reading",181,14.4
"609971",2022,"ES","IAR/PARCC","reading",203,3.9
"609972",2022,"ES","IAR/PARCC","reading",478,15.3
"609973",2022,"ES","IAR/PARCC","reading",367,26.2
"609974",2022,"ES","IAR/PARCC","reading",374,67.1
"609975",2022,"ES","IAR/PARCC","reading",162,5.6
"609976",2022,"ES","IAR/PARCC","reading",532,28.6
"609977",2022,"ES","IAR/PARCC","reading",82,14.6
"609978",2022,"ES","IAR/PARCC","reading",183,8.7
"609979",2022,"ES","IAR/PARCC","reading",905,51
"609981",2022,"ES","IAR/PARCC","reading",145,7.6
"609983",2022,"ES","IAR/PARCC","reading",312,7.1
"609985",2022,"ES","IAR/PARCC","reading",152,11.8
"609986",2022,"ES","IAR/PARCC","reading",108,11.1
"609987",2022,"ES","IAR/PARCC","reading",100,9
"609988",2022,"ES","IAR/PARCC","reading",314,12.4
"609990",2022,"ES","IAR/PARCC","reading",455,44.2
"609991",2022,"ES","IAR/PARCC","reading",222,0.9
"609993",2022,"ES","IAR/PARCC","reading",193,11.4
"609994",2022,"ES","IAR/PARCC","reading",417,17
"609995",2022,"ES","IAR/PARCC","reading",335,22.1
"609996",2022,"ES","IAR/PARCC","reading",255,28.2
"609997",2022,"ES","IAR/PARCC","reading",75,4
"610000",2022,"ES","IAR/PARCC","reading",241,2.5
"610002",2022,"ES","IAR/PARCC","reading",141,14.2
"610003",2022,"ES","IAR/PARCC","reading",142,7.7
"610004",2022,"ES","IAR/PARCC","reading",123,11.4
"610005",2022,"ES","IAR/PARCC","reading",110,2.7
"610006",2022,"ES","IAR/PARCC","reading",463,22
"610009",2022,"ES","IAR/PARCC","reading",342,36.8
"610010",2022,"ES","IAR/PARCC","reading",133,30.1
"610011",2022,"ES","IAR/PARCC","reading",515,37.3
"610013",2022,"ES","IAR/PARCC","reading",156,6.4
"610015",2022,"ES","IAR/PARCC","reading",123,24.4
"610016",2022,"ES","IAR/PARCC","reading",185,28.1
"610017",2022,"ES","IAR/PARCC","reading",561,11.4
"610019",2022,"ES","IAR/PARCC","reading",118,9.3
"610021",2022,"ES","IAR/PARCC","reading",201,25.4
"610022",2022,"ES","IAR/PARCC","reading",418,15.3
"610024",2022,"ES","IAR/PARCC","reading",557,22.8
"610026",2022,"ES","IAR/PARCC","reading",452,48.5
"610027",2022,"ES","IAR/PARCC","reading",153,15
"610029",2022,"ES","IAR/PARCC","reading",70,4.3
"610030",2022,"ES","IAR/PARCC","reading",142,6.3
"610032",2022,"ES","IAR/PARCC","reading",186,10.8
"610033",2022,"ES","IAR/PARCC","reading",301,39.9
"610034",2022,"ES","IAR/PARCC","reading",120,1.7
"610036",2022,"ES","IAR/PARCC","reading",270,9.6
"610037",2022,"ES","IAR/PARCC","reading",163,12.3
"610038",2022,"ES","IAR/PARCC","reading",561,72.5
"610039",2022,"ES","IAR/PARCC","reading",332,28
"610040",2022,"ES","IAR/PARCC","reading",375,8.3
"610041",2022,"ES","IAR/PARCC","reading",715,17.3
"610043",2022,"ES","IAR/PARCC","reading",199,9.5
"610044",2022,"ES","IAR/PARCC","reading",168,11.9
"610046",2022,"ES","IAR/PARCC","reading",787,23.6
"610047",2022,"ES","IAR/PARCC","reading",118,6.8
"610048",2022,"ES","IAR/PARCC","reading",152,1.3
"610051",2022,"ES","IAR/PARCC","reading",476,6.7
"610052",2022,"ES","IAR/PARCC","reading",190,10.5
"610053",2022,"ES","IAR/PARCC","reading",615,11.2
"610054",2022,"ES","IAR/PARCC","reading",399,12
"610055",2022,"ES","IAR/PARCC","reading",107,2.8
"610056",2022,"ES","IAR/PARCC","reading",178,7.9
"610057",2022,"ES","IAR/PARCC","reading",333,8.7
"610059",2022,"ES","IAR/PARCC","reading",354,63.3
"610060",2022,"ES","IAR/PARCC","reading",281,51.2
"610062",2022,"ES","IAR/PARCC","reading",171,21.1
"610063",2022,"ES","IAR/PARCC","reading",219,5.5
"610065",2022,"ES","IAR/PARCC","reading",142,4.9
"610066",2022,"ES","IAR/PARCC","reading",130,68.5
"610067",2022,"ES","IAR/PARCC","reading",345,7.2
"610068",2022,"ES","IAR/PARCC","reading",706,12.2
"610070",2022,"ES","IAR/PARCC","reading",313,18.2
"610073",2022,"ES","IAR/PARCC","reading",220,45.9
"610074",2022,"ES","IAR/PARCC","reading",430,19.1
"610076",2022,"ES","IAR/PARCC","reading",247,10.5
"610077",2022,"ES","IAR/PARCC","reading",330,7.6
"610078",2022,"ES","IAR/PARCC","reading",396,31.6
"610081",2022,"ES","IAR/PARCC","reading",342,55
"610082",2022,"ES","IAR/PARCC","reading",743,43.6
"610084",2022,"ES","IAR/PARCC","reading",156,92.9
"610086",2022,"ES","IAR/PARCC","reading",156,6.4
"610088",2022,"ES","IAR/PARCC","reading",303,8.6
"610089",2022,"ES","IAR/PARCC","reading",285,20.4
"610090",2022,"ES","IAR/PARCC","reading",308,18.2
"610091",2022,"ES","IAR/PARCC","reading",180,7.8
"610092",2022,"ES","IAR/PARCC","reading",119,5
"610093",2022,"ES","IAR/PARCC","reading",115,8.7
"610094",2022,"ES","IAR/PARCC","reading",388,45.6
"610095",2022,"ES","IAR/PARCC","reading",227,21.6
"610096",2022,"ES","IAR/PARCC","reading",687,14.7
"610097",2022,"ES","IAR/PARCC","reading",325,6.8
"610098",2022,"ES","IAR/PARCC","reading",399,11.3
"610099",2022,"ES","IAR/PARCC","reading",267,48.3
"610100",2022,"ES","IAR/PARCC","reading",304,11.5
"610101",2022,"ES","IAR/PARCC","reading",534,13.9
"610102",2022,"ES","IAR/PARCC","reading",164,2.4
"610103",2022,"ES","IAR/PARCC","reading",326,4.3
"610104",2022,"ES","IAR/PARCC","reading",405,29.9
"610105",2022,"ES","IAR/PARCC","reading",431,47.6
"610106",2022,"ES","IAR/PARCC","reading",328,3
"610107",2022,"ES","IAR/PARCC","reading",162,15.4
"610108",2022,"ES","IAR/PARCC","reading",201,4
"610109",2022,"ES","IAR/PARCC","reading",170,20
"610110",2022,"ES","IAR/PARCC","reading",166,9
"610111",2022,"ES","IAR/PARCC","reading",446,25.1
"610112",2022,"ES","IAR/PARCC","reading",225,4
"610115",2022,"ES","IAR/PARCC","reading",154,7.1
"610116",2022,"ES","IAR/PARCC","reading",133,5.3
"610117",2022,"ES","IAR/PARCC","reading",211,23.2
"610120",2022,"ES","IAR/PARCC","reading",233,12.4
"610121",2022,"ES","IAR/PARCC","reading",168,8.3
"610122",2022,"ES","IAR/PARCC","reading",478,31.8
"610123",2022,"ES","IAR/PARCC","reading",128,0.8
"610124",2022,"ES","IAR/PARCC","reading",145,4.8
"610125",2022,"ES","IAR/PARCC","reading",298,14.4
"610126",2022,"ES","IAR/PARCC","reading",312,11.9
"610127",2022,"ES","IAR/PARCC","reading",433,17.6
"610128",2022,"ES","IAR/PARCC","reading",140,7.9
"610129",2022,"ES","IAR/PARCC","reading",219,25.6
"610130",2022,"ES","IAR/PARCC","reading",104,11.5
"610131",2022,"ES","IAR/PARCC","reading",86,19.8
"610132",2022,"ES","IAR/PARCC","reading",130,63.1
"610133",2022,"ES","IAR/PARCC","reading",174,7.5
"610135",2022,"ES","IAR/PARCC","reading",453,22.3
"610136",2022,"ES","IAR/PARCC","reading",278,62.2
"610137",2022,"ES","IAR/PARCC","reading",414,23.9
"610138",2022,"ES","IAR/PARCC","reading",504,35.7
"610139",2022,"ES","IAR/PARCC","reading",211,6.6
"610141",2022,"ES","IAR/PARCC","reading",329,54.4
"610142",2022,"ES","IAR/PARCC","reading",330,16.4
"610143",2022,"ES","IAR/PARCC","reading",146,12.3
"610144",2022,"ES","IAR/PARCC","reading",418,13.2
"610145",2022,"ES","IAR/PARCC","reading",374,23
"610146",2022,"ES","IAR/PARCC","reading",125,1.6
"610147",2022,"ES","IAR/PARCC","reading",426,25.8
"610148",2022,"ES","IAR/PARCC","reading",498,14.9
"610152",2022,"ES","IAR/PARCC","reading",201,9.5
"610153",2022,"ES","IAR/PARCC","reading",173,2.9
"610155",2022,"ES","IAR/PARCC","reading",398,48.7
"610157",2022,"ES","IAR/PARCC","reading",773,11.3
"610158",2022,"ES","IAR/PARCC","reading",238,14.7
"610159",2022,"ES","IAR/PARCC","reading",428,22.4
"610165",2022,"ES","IAR/PARCC","reading",250,14
"610167",2022,"ES","IAR/PARCC","reading",341,7.6
"610170",2022,"ES","IAR/PARCC","reading",490,24.9
"610171",2022,"ES","IAR/PARCC","reading",284,6.3
"610172",2022,"ES","IAR/PARCC","reading",143,1.4
"610173",2022,"ES","IAR/PARCC","reading",141,12.1
"610174",2022,"ES","IAR/PARCC","reading",162,6.2
"610175",2022,"ES","IAR/PARCC","reading",201,14.9
"610176",2022,"ES","IAR/PARCC","reading",279,7.2
"610177",2022,"ES","IAR/PARCC","reading",644,68.2
"610178",2022,"ES","IAR/PARCC","reading",113,3.5
"610179",2022,"ES","IAR/PARCC","reading",511,29
"610180",2022,"ES","IAR/PARCC","reading",216,3.2
"610182",2022,"ES","IAR/PARCC","reading",173,45.1
"610183",2022,"ES","IAR/PARCC","reading",254,5.5
"610184",2022,"ES","IAR/PARCC","reading",199,8.5
"610185",2022,"ES","IAR/PARCC","reading",661,19.4
"610188",2022,"ES","IAR/PARCC","reading",123,18.7
"610191",2022,"ES","IAR/PARCC","reading",366,51.1
"610192",2022,"ES","IAR/PARCC","reading",327,5.8
"610193",2022,"ES","IAR/PARCC","reading",215,14
"610194",2022,"ES","IAR/PARCC","reading",138,13.8
"610195",2022,"ES","IAR/PARCC","reading",409,22.7
"610196",2022,"ES","IAR/PARCC","reading",313,16.3
"610197",2022,"ES","IAR/PARCC","reading",250,24
"610198",2022,"ES","IAR/PARCC","reading",241,12
"610199",2022,"ES","IAR/PARCC","reading",117,21.4
"610200",2022,"ES","IAR/PARCC","reading",132,7.6
"610201",2022,"ES","IAR/PARCC","reading",515,40.6
"610202",2022,"ES","IAR/PARCC","reading",168,3.6
"610203",2022,"ES","IAR/PARCC","reading",360,18.6
"610206",2022,"ES","IAR/PARCC","reading",638,33.2
"610207",2022,"ES","IAR/PARCC","reading",167,13.2
"610208",2022,"ES","IAR/PARCC","reading",191,1.6
"610209",2022,"ES","IAR/PARCC","reading",456,10.5
"610212",2022,"ES","IAR/PARCC","reading",242,17.8
"610213",2022,"ES","IAR/PARCC","reading",307,6.2
"610215",2022,"ES","IAR/PARCC","reading",259,10.4
"610216",2022,"ES","IAR/PARCC","reading",131,7.6
"610217",2022,"ES","IAR/PARCC","reading",345,24.9
"610218",2022,"ES","IAR/PARCC","reading",147,13.6
"610219",2022,"ES","IAR/PARCC","reading",431,27.8
"610220",2022,"ES","IAR/PARCC","reading",368,44.3
"610221",2022,"ES","IAR/PARCC","reading",132,9.8
"610223",2022,"ES","IAR/PARCC","reading",240,2.1
"610225",2022,"ES","IAR/PARCC","reading",149,12.1
"610226",2022,"ES","IAR/PARCC","reading",353,13.3
"610227",2022,"ES","IAR/PARCC","reading",475,12
"610228",2022,"ES","IAR/PARCC","reading",112,2.7
"610229",2022,"ES","IAR/PARCC","reading",436,48.9
"610230",2022,"ES","IAR/PARCC","reading",265,47.2
"610231",2022,"ES","IAR/PARCC","reading",456,27.4
"610234",2022,"ES","IAR/PARCC","reading",184,13
"610235",2022,"ES","IAR/PARCC","reading",360,7.8
"610237",2022,"ES","IAR/PARCC","reading",155,4.5
"610238",2022,"ES","IAR/PARCC","reading",108,0
"610239",2022,"ES","IAR/PARCC","reading",328,4
"610242",2022,"ES","IAR/PARCC","reading",227,12.3
"610246",2022,"ES","IAR/PARCC","reading",571,16.5
"610248",2022,"ES","IAR/PARCC","reading",328,22.3
"610249",2022,"ES","IAR/PARCC","reading",199,25.1
"610250",2022,"ES","IAR/PARCC","reading",190,16.8
"610251",2022,"ES","IAR/PARCC","reading",210,6.7
"610252",2022,"ES","IAR/PARCC","reading",118,0.8
"610254",2022,"ES","IAR/PARCC","reading",184,6
"610256",2022,"ES","IAR/PARCC","reading",23,17.4
"610257",2022,"ES","IAR/PARCC","reading",114,3.5
"610263",2022,"ES","IAR/PARCC","reading",377,2.4
"610268",2022,"ES","IAR/PARCC","reading",169,7.7
"610269",2022,"ES","IAR/PARCC","reading",136,13.2
"610271",2022,"ES","IAR/PARCC","reading",177,4.5
"610274",2022,"ES","IAR/PARCC","reading",164,0.6
"610276",2022,"ES","IAR/PARCC","reading",173,5.8
"610279",2022,"ES","IAR/PARCC","reading",184,6
"610281",2022,"ES","IAR/PARCC","reading",312,7.1
"610282",2022,"ES","IAR/PARCC","reading",194,5.7
"610284",2022,"ES","IAR/PARCC","reading",162,16.7
"610287",2022,"ES","IAR/PARCC","reading",196,18.9
"610290",2022,"ES","IAR/PARCC","reading",138,4.3
"610291",2022,"ES","IAR/PARCC","reading",452,16.4
"610293",2022,"ES","IAR/PARCC","reading",188,1.6
"610295",2022,"ES","IAR/PARCC","reading",137,10.2
"610298",2022,"ES","IAR/PARCC","reading",157,78.3
"610299",2022,"ES","IAR/PARCC","reading",154,3.2
"610300",2022,"ES","IAR/PARCC","reading",245,7.3
"610305",2022,"ES","IAR/PARCC","reading",211,1.4
"610312",2022,"ES","IAR/PARCC","reading",47,23.4
"610313",2022,"ES","IAR/PARCC","reading",242,7.9
"610315",2022,"ES","IAR/PARCC","reading",73,6.8
"610316",2022,"ES","IAR/PARCC","reading",143,32.2
"610317",2022,"ES","IAR/PARCC","reading",217,10.1
"610319",2022,"ES","IAR/PARCC","reading",229,21
"610325",2022,"ES","IAR/PARCC","reading",340,12.1
"610329",2022,"ES","IAR/PARCC","reading",168,42.3
"610339",2022,"ES","IAR/PARCC","reading",243,1.2
"610342",2022,"ES","IAR/PARCC","reading",247,7.3
"610345",2022,"ES","IAR/PARCC","reading",168,6
"610347",2022,"ES","IAR/PARCC","reading",222,3.6
"610350",2022,"ES","IAR/PARCC","reading",259,30.5
"610352",2022,"ES","IAR/PARCC","reading",420,23.6
"610353",2022,"ES","IAR/PARCC","reading",430,11.6
"610354",2022,"ES","IAR/PARCC","reading",157,23.6
"610355",2022,"ES","IAR/PARCC","reading",112,9.8
"610362",2022,"ES","IAR/PARCC","reading",134,11.9
"610363",2022,"ES","IAR/PARCC","reading",833,42.1
"610364",2022,"ES","IAR/PARCC","reading",123,4.9
"610366",2022,"ES","IAR/PARCC","reading",131,10.7
"610367",2022,"ES","IAR/PARCC","reading",264,3.8
"610368",2022,"ES","IAR/PARCC","reading",244,4.1
"610369",2022,"ES","IAR/PARCC","reading",175,1.7
"610391",2022,"ES","IAR/PARCC","reading",206,37.4
"610396",2022,"ES","IAR/PARCC","reading",626,10.9
"610405",2022,"ES","IAR/PARCC","reading",192,13.5
"610503",2022,"ES","IAR/PARCC","reading",120,12.5
"610515",2022,"ES","IAR/PARCC","reading",212,43.4
"610520",2022,"ES","IAR/PARCC","reading",330,46.1
"610521",2022,"ES","IAR/PARCC","reading",102,12.7
"610523",2022,"ES","IAR/PARCC","reading",271,35.8
"610530",2022,"ES","IAR/PARCC","reading",135,12.6
"610532",2022,"ES","IAR/PARCC","reading",880,11.8
"610533",2022,"ES","IAR/PARCC","reading",524,9.7
"610534",2022,"ES","IAR/PARCC","reading",321,81
"610539",2022,"ES","IAR/PARCC","reading",491,12.6
"610541",2022,"ES","IAR/PARCC","reading",430,21.2
"610542",2022,"ES","IAR/PARCC","reading",407,31.4
"610544",2022,"ES","IAR/PARCC","reading",536,26.1
"610548",2022,"ES","IAR/PARCC","reading",234,51.3
"610559",2022,"ES","IAR/PARCC","reading",514,8.8
"610564",2022,"ES","IAR/PARCC","reading",184,27.2
"610586",2022,"ES","IAR/PARCC","reading",372,9.4
"610588",2022,"ES","IAR/PARCC","reading",959,15.7
"610589",2022,"ES","IAR/PARCC","reading",152,44.1
"610590",2022,"ES","IAR/PARCC","reading",165,77.6
"400009",2021,"ES","IAR/PARCC","reading",51,7.8
"400011",2021,"ES","IAR/PARCC","reading",240,25
"400017",2021,"ES","IAR/PARCC","reading",129,11.6
"400021",2021,"ES","IAR/PARCC","reading",283,8.8
"400023",2021,"ES","IAR/PARCC","reading",260,23.1
"400024",2021,"ES","IAR/PARCC","reading",334,19.8
"400025",2021,"ES","IAR/PARCC","reading",281,12.8
"400027",2021,"ES","IAR/PARCC","reading",225,24.4
"400028",2021,"ES","IAR/PARCC","reading",325,6.5
"400029",2021,"ES","IAR/PARCC","reading",229,14.8
"400030",2021,"ES","IAR/PARCC","reading",343,16.9
"400031",2021,"ES","IAR/PARCC","reading",64,6.3
"400033",2021,"ES","IAR/PARCC","reading",624,7.7
"400035",2021,"ES","IAR/PARCC","reading",181,18.8
"400039",2021,"ES","IAR/PARCC","reading",113,3.5
"400043",2021,"ES","IAR/PARCC","reading",70,7.1
"400046",2021,"ES","IAR/PARCC","reading",139,10.1
"400047",2021,"ES","IAR/PARCC","reading",169,8.9
"400048",2021,"ES","IAR/PARCC","reading",68,8.8
"400049",2021,"ES","IAR/PARCC","reading",233,7.7
"400050",2021,"ES","IAR/PARCC","reading",141,5
"400052",2021,"ES","IAR/PARCC","reading",190,10
"400060",2021,"ES","IAR/PARCC","reading",108,14.8
"400061",2021,"ES","IAR/PARCC","reading",150,9.3
"400064",2021,"ES","IAR/PARCC","reading",78,11.5
"400066",2021,"ES","IAR/PARCC","reading",42,19
"400068",2021,"ES","IAR/PARCC","reading",60,1.7
"400069",2021,"ES","IAR/PARCC","reading",231,8.2
"400071",2021,"ES","IAR/PARCC","reading",260,3.1
"400075",2021,"ES","IAR/PARCC","reading",104,11.5
"400076",2021,"ES","IAR/PARCC","reading",77,13
"400077",2021,"ES","IAR/PARCC","reading",45,8.9
"400079",2021,"ES","IAR/PARCC","reading",234,15.4
"400080",2021,"ES","IAR/PARCC","reading",220,10.5
"400081",2021,"ES","IAR/PARCC","reading",159,18.2
"400082",2021,"ES","IAR/PARCC","reading",167,14.4
"400083",2021,"ES","IAR/PARCC","reading",121,6.6
"400084",2021,"ES","IAR/PARCC","reading",137,29.9
"400089",2021,"ES","IAR/PARCC","reading",118,8.5
"400092",2021,"ES","IAR/PARCC","reading",165,5.5
"400096",2021,"ES","IAR/PARCC","reading",398,12.1
"400101",2021,"ES","IAR/PARCC","reading",216,12
"400107",2021,"ES","IAR/PARCC","reading",156,14.1
"400111",2021,"ES","IAR/PARCC","reading",111,20.7
"400112",2021,"ES","IAR/PARCC","reading",143,16.1
"400114",2021,"ES","IAR/PARCC","reading",164,14.6
"400115",2021,"ES","IAR/PARCC","reading",106,5.7
"400116",2021,"ES","IAR/PARCC","reading",123,5.7
"400120",2021,"ES","IAR/PARCC","reading",293,10.6
"400121",2021,"ES","IAR/PARCC","reading",117,8.5
"400146",2021,"ES","IAR/PARCC","reading",12,16.7
"400151",2021,"ES","IAR/PARCC","reading",44,4.5
"400153",2021,"ES","IAR/PARCC","reading",204,18.6
"400159",2021,"ES","IAR/PARCC","reading",277,22
"400161",2021,"ES","IAR/PARCC","reading",174,8.6
"400162",2021,"ES","IAR/PARCC","reading",53,26.4
"400165",2021,"ES","IAR/PARCC","reading",120,8.3
"400167",2021,"ES","IAR/PARCC","reading",415,9.9
"400168",2021,"ES","IAR/PARCC","reading",160,6.3
"400178",2021,"ES","IAR/PARCC","reading",323,6.2
"400181",2021,"ES","IAR/PARCC","reading",24,8.3
"609716",2021,"ES","IAR/PARCC","reading",49,10.2
"609720",2021,"ES","IAR/PARCC","reading",63,84.1
"609725",2021,"ES","IAR/PARCC","reading",69,30.4
"609726",2021,"ES","IAR/PARCC","reading",64,67.2
"609734",2021,"ES","IAR/PARCC","reading",38,73.7
"609746",2021,"ES","IAR/PARCC","reading",132,62.1
"609755",2021,"ES","IAR/PARCC","reading",241,94.2
"609772",2021,"ES","IAR/PARCC","reading",341,15
"609773",2021,"ES","IAR/PARCC","reading",170,35.9
"609774",2021,"ES","IAR/PARCC","reading",283,41
"609777",2021,"ES","IAR/PARCC","reading",10,20
"609779",2021,"ES","IAR/PARCC","reading",463,30.9
"609780",2021,"ES","IAR/PARCC","reading",229,11.8
"609782",2021,"ES","IAR/PARCC","reading",260,39.2
"609786",2021,"ES","IAR/PARCC","reading",141,4.3
"609788",2021,"ES","IAR/PARCC","reading",88,15.9
"609789",2021,"ES","IAR/PARCC","reading",74,2.7
"609790",2021,"ES","IAR/PARCC","reading",44,2.3
"609791",2021,"ES","IAR/PARCC","reading",74,1.4
"609792",2021,"ES","IAR/PARCC","reading",204,31.4
"609793",2021,"ES","IAR/PARCC","reading",74,0
"609794",2021,"ES","IAR/PARCC","reading",132,84.1
"609795",2021,"ES","IAR/PARCC","reading",123,14.6
"609796",2021,"ES","IAR/PARCC","reading",325,45.2
"609797",2021,"ES","IAR/PARCC","reading",169,2.4
"609798",2021,"ES","IAR/PARCC","reading",21,52.4
"609799",2021,"ES","IAR/PARCC","reading",528,52.8
"609800",2021,"ES","IAR/PARCC","reading",47,0
"609803",2021,"ES","IAR/PARCC","reading",327,58.7
"609804",2021,"ES","IAR/PARCC","reading",175,18.3
"609805",2021,"ES","IAR/PARCC","reading",117,9.4
"609806",2021,"ES","IAR/PARCC","reading",199,5
"609807",2021,"ES","IAR/PARCC","reading",100,10
"609808",2021,"ES","IAR/PARCC","reading",33,6.1
"609809",2021,"ES","IAR/PARCC","reading",94,12.8
"609810",2021,"ES","IAR/PARCC","reading",383,28.7
"609811",2021,"ES","IAR/PARCC","reading",52,1.9
"609812",2021,"ES","IAR/PARCC","reading",98,7.1
"609813",2021,"ES","IAR/PARCC","reading",22,0
"609815",2021,"ES","IAR/PARCC","reading",305,5.9
"609817",2021,"ES","IAR/PARCC","reading",159,30.8
"609818",2021,"ES","IAR/PARCC","reading",47,6.4
"609819",2021,"ES","IAR/PARCC","reading",67,0
"609820",2021,"ES","IAR/PARCC","reading",306,66.7
"609821",2021,"ES","IAR/PARCC","reading",110,7.3
"609827",2021,"ES","IAR/PARCC","reading",104,8.7
"609828",2021,"ES","IAR/PARCC","reading",159,40.9
"609829",2021,"ES","IAR/PARCC","reading",152,33.6
"609830",2021,"ES","IAR/PARCC","reading",187,5.9
"609832",2021,"ES","IAR/PARCC","reading",204,25
"609833",2021,"ES","IAR/PARCC","reading",114,6.1
"609834",2021,"ES","IAR/PARCC","reading",424,13
"609835",2021,"ES","IAR/PARCC","reading",110,3.6
"609836",2021,"ES","IAR/PARCC","reading",328,39.3
"609837",2021,"ES","IAR/PARCC","reading",177,18.6
"609839",2021,"ES","IAR/PARCC","reading",107,9.3
"609842",2021,"ES","IAR/PARCC","reading",519,16.8
"609844",2021,"ES","IAR/PARCC","reading",45,4.4
"609845",2021,"ES","IAR/PARCC","reading",67,1.5
"609848",2021,"ES","IAR/PARCC","reading",56,3.6
"609849",2021,"ES","IAR/PARCC","reading",193,11.9
"609850",2021,"ES","IAR/PARCC","reading",149,28.9
"609851",2021,"ES","IAR/PARCC","reading",66,3
"609852",2021,"ES","IAR/PARCC","reading",276,35.5
"609853",2021,"ES","IAR/PARCC","reading",81,9.9
"609854",2021,"ES","IAR/PARCC","reading",61,8.2
"609855",2021,"ES","IAR/PARCC","reading",34,8.8
"609856",2021,"ES","IAR/PARCC","reading",112,9.8
"609857",2021,"ES","IAR/PARCC","reading",277,23.5
"609859",2021,"ES","IAR/PARCC","reading",214,14
"609861",2021,"ES","IAR/PARCC","reading",118,16.9
"609862",2021,"ES","IAR/PARCC","reading",67,6
"609863",2021,"ES","IAR/PARCC","reading",150,25.3
"609864",2021,"ES","IAR/PARCC","reading",57,1.8
"609865",2021,"ES","IAR/PARCC","reading",118,7.6
"609866",2021,"ES","IAR/PARCC","reading",520,51
"609867",2021,"ES","IAR/PARCC","reading",82,6.1
"609869",2021,"ES","IAR/PARCC","reading",101,4
"609870",2021,"ES","IAR/PARCC","reading",220,9.1
"609872",2021,"ES","IAR/PARCC","reading",78,16.7
"609873",2021,"ES","IAR/PARCC","reading",52,3.8
"609874",2021,"ES","IAR/PARCC","reading",282,28.4
"609875",2021,"ES","IAR/PARCC","reading",138,8
"609876",2021,"ES","IAR/PARCC","reading",133,10.5
"609879",2021,"ES","IAR/PARCC","reading",204,13.7
"609880",2021,"ES","IAR/PARCC","reading",156,84
"609883",2021,"ES","IAR/PARCC","reading",132,3
"609884",2021,"ES","IAR/PARCC","reading",250,14.8
"609885",2021,"ES","IAR/PARCC","reading",148,10.1
"609887",2021,"ES","IAR/PARCC","reading",170,18.2
"609891",2021,"ES","IAR/PARCC","reading",58,0
"609893",2021,"ES","IAR/PARCC","reading",309,19.4
"609894",2021,"ES","IAR/PARCC","reading",71,7
"609895",2021,"ES","IAR/PARCC","reading",71,12.7
"609896",2021,"ES","IAR/PARCC","reading",77,40.3
"609897",2021,"ES","IAR/PARCC","reading",66,6.1
"609898",2021,"ES","IAR/PARCC","reading",186,9.7
"609899",2021,"ES","IAR/PARCC","reading",439,57.4
"609900",2021,"ES","IAR/PARCC","reading",94,7.4
"609901",2021,"ES","IAR/PARCC","reading",298,57.7
"609902",2021,"ES","IAR/PARCC","reading",26,3.8
"609903",2021,"ES","IAR/PARCC","reading",179,12.3
"609904",2021,"ES","IAR/PARCC","reading",142,6.3
"609907",2021,"ES","IAR/PARCC","reading",30,6.7
"609908",2021,"ES","IAR/PARCC","reading",54,3.7
"609909",2021,"ES","IAR/PARCC","reading",46,37
"609910",2021,"ES","IAR/PARCC","reading",130,11.5
"609912",2021,"ES","IAR/PARCC","reading",137,27.7
"609917",2021,"ES","IAR/PARCC","reading",138,16.7
"609918",2021,"ES","IAR/PARCC","reading",135,12.6
"609919",2021,"ES","IAR/PARCC","reading",72,1.4
"609920",2021,"ES","IAR/PARCC","reading",162,7.4
"609921",2021,"ES","IAR/PARCC","reading",56,7.1
"609922",2021,"ES","IAR/PARCC","reading",72,4.2
"609924",2021,"ES","IAR/PARCC","reading",201,3.5
"609925",2021,"ES","IAR/PARCC","reading",65,7.7
"609926",2021,"ES","IAR/PARCC","reading",158,41.1
"609927",2021,"ES","IAR/PARCC","reading",144,6.3
"609928",2021,"ES","IAR/PARCC","reading",167,4.8
"609929",2021,"ES","IAR/PARCC","reading",54,3.7
"609930",2021,"ES","IAR/PARCC","reading",211,6.2
"609933",2021,"ES","IAR/PARCC","reading",72,5.6
"609935",2021,"ES","IAR/PARCC","reading",111,3.6
"609937",2021,"ES","IAR/PARCC","reading",455,38.2
"609938",2021,"ES","IAR/PARCC","reading",455,22.4
"609939",2021,"ES","IAR/PARCC","reading",58,3.4
"609941",2021,"ES","IAR/PARCC","reading",105,1.9
"609942",2021,"ES","IAR/PARCC","reading",180,14.4
"609943",2021,"ES","IAR/PARCC","reading",96,1
"609944",2021,"ES","IAR/PARCC","reading",170,14.1
"609945",2021,"ES","IAR/PARCC","reading",116,14.7
"609947",2021,"ES","IAR/PARCC","reading",148,7.4
"609949",2021,"ES","IAR/PARCC","reading",151,13.9
"609951",2021,"ES","IAR/PARCC","reading",102,5.9
"609952",2021,"ES","IAR/PARCC","reading",72,15.3
"609954",2021,"ES","IAR/PARCC","reading",151,2
"609955",2021,"ES","IAR/PARCC","reading",38,0
"609956",2021,"ES","IAR/PARCC","reading",112,22.3
"609958",2021,"ES","IAR/PARCC","reading",140,12.1
"609959",2021,"ES","IAR/PARCC","reading",264,30.7
"609960",2021,"ES","IAR/PARCC","reading",315,21
"609961",2021,"ES","IAR/PARCC","reading",94,10.6
"609963",2021,"ES","IAR/PARCC","reading",234,52.1
"609964",2021,"ES","IAR/PARCC","reading",189,4.8
"609966",2021,"ES","IAR/PARCC","reading",110,7.3
"609967",2021,"ES","IAR/PARCC","reading",36,2.8
"609968",2021,"ES","IAR/PARCC","reading",323,9.9
"609969",2021,"ES","IAR/PARCC","reading",70,15.7
"609971",2021,"ES","IAR/PARCC","reading",50,0
"609972",2021,"ES","IAR/PARCC","reading",422,19.4
"609973",2021,"ES","IAR/PARCC","reading",165,12.1
"609974",2021,"ES","IAR/PARCC","reading",339,68.1
"609975",2021,"ES","IAR/PARCC","reading",82,3.7
"609976",2021,"ES","IAR/PARCC","reading",149,27.5
"609977",2021,"ES","IAR/PARCC","reading",44,20.5
"609978",2021,"ES","IAR/PARCC","reading",48,6.3
"609979",2021,"ES","IAR/PARCC","reading",371,30.7
"609981",2021,"ES","IAR/PARCC","reading",40,2.5
"609983",2021,"ES","IAR/PARCC","reading",101,3
"609985",2021,"ES","IAR/PARCC","reading",55,10.9
"609986",2021,"ES","IAR/PARCC","reading",76,3.9
"609987",2021,"ES","IAR/PARCC","reading",73,11
"609988",2021,"ES","IAR/PARCC","reading",89,14.6
"609990",2021,"ES","IAR/PARCC","reading",216,34.7
"609991",2021,"ES","IAR/PARCC","reading",109,0.9
"609993",2021,"ES","IAR/PARCC","reading",116,6.9
"609994",2021,"ES","IAR/PARCC","reading",141,8.5
"609995",2021,"ES","IAR/PARCC","reading",242,30.2
"609996",2021,"ES","IAR/PARCC","reading",133,21.1
"609997",2021,"ES","IAR/PARCC","reading",65,1.5
"610000",2021,"ES","IAR/PARCC","reading",113,3.5
"610002",2021,"ES","IAR/PARCC","reading",28,17.9
"610003",2021,"ES","IAR/PARCC","reading",97,3.1
"610004",2021,"ES","IAR/PARCC","reading",34,5.9
"610005",2021,"ES","IAR/PARCC","reading",125,0.8
"610006",2021,"ES","IAR/PARCC","reading",195,12.8
"610009",2021,"ES","IAR/PARCC","reading",138,33.3
"610010",2021,"ES","IAR/PARCC","reading",52,32.7
"610011",2021,"ES","IAR/PARCC","reading",272,31.3
"610013",2021,"ES","IAR/PARCC","reading",54,0
"610015",2021,"ES","IAR/PARCC","reading",23,13
"610016",2021,"ES","IAR/PARCC","reading",87,24.1
"610017",2021,"ES","IAR/PARCC","reading",273,12.8
"610019",2021,"ES","IAR/PARCC","reading",55,14.5
"610021",2021,"ES","IAR/PARCC","reading",188,20.7
"610022",2021,"ES","IAR/PARCC","reading",92,7.6
"610024",2021,"ES","IAR/PARCC","reading",190,17.4
"610026",2021,"ES","IAR/PARCC","reading",332,37
"610027",2021,"ES","IAR/PARCC","reading",114,11.4
"610029",2021,"ES","IAR/PARCC","reading",33,6.1
"610030",2021,"ES","IAR/PARCC","reading",137,2.2
"610032",2021,"ES","IAR/PARCC","reading",25,4
"610033",2021,"ES","IAR/PARCC","reading",216,38.9
"610034",2021,"ES","IAR/PARCC","reading",68,1.5
"610036",2021,"ES","IAR/PARCC","reading",54,14.8
"610037",2021,"ES","IAR/PARCC","reading",138,15.2
"610038",2021,"ES","IAR/PARCC","reading",562,65.3
"610039",2021,"ES","IAR/PARCC","reading",293,30.4
"610040",2021,"ES","IAR/PARCC","reading",102,2
"610041",2021,"ES","IAR/PARCC","reading",322,18.9
"610043",2021,"ES","IAR/PARCC","reading",68,7.4
"610044",2021,"ES","IAR/PARCC","reading",17,0
"610046",2021,"ES","IAR/PARCC","reading",264,23.1
"610047",2021,"ES","IAR/PARCC","reading",40,2.5
"610048",2021,"ES","IAR/PARCC","reading",103,2.9
"610051",2021,"ES","IAR/PARCC","reading",91,7.7
"610052",2021,"ES","IAR/PARCC","reading",160,13.1
"610053",2021,"ES","IAR/PARCC","reading",184,5.4
"610054",2021,"ES","IAR/PARCC","reading",134,17.2
"610055",2021,"ES","IAR/PARCC","reading",39,5.1
"610056",2021,"ES","IAR/PARCC","reading",117,5.1
"610057",2021,"ES","IAR/PARCC","reading",112,5.4
"610059",2021,"ES","IAR/PARCC","reading",350,58.3
"610060",2021,"ES","IAR/PARCC","reading",294,25.2
"610062",2021,"ES","IAR/PARCC","reading",91,11
"610063",2021,"ES","IAR/PARCC","reading",74,8.1
"610065",2021,"ES","IAR/PARCC","reading",62,8.1
"610066",2021,"ES","IAR/PARCC","reading",51,54.9
"610067",2021,"ES","IAR/PARCC","reading",60,3.3
"610068",2021,"ES","IAR/PARCC","reading",191,8.9
"610070",2021,"ES","IAR/PARCC","reading",267,15.4
"610073",2021,"ES","IAR/PARCC","reading",187,51.9
"610074",2021,"ES","IAR/PARCC","reading",350,10.6
"610076",2021,"ES","IAR/PARCC","reading",180,8.3
"610077",2021,"ES","IAR/PARCC","reading",77,5.2
"610078",2021,"ES","IAR/PARCC","reading",263,27.8
"610081",2021,"ES","IAR/PARCC","reading",260,36.5
"610082",2021,"ES","IAR/PARCC","reading",720,44.9
"610084",2021,"ES","IAR/PARCC","reading",147,88.4
"610086",2021,"ES","IAR/PARCC","reading",125,5.6
"610088",2021,"ES","IAR/PARCC","reading",70,2.9
"610089",2021,"ES","IAR/PARCC","reading",149,17.4
"610090",2021,"ES","IAR/PARCC","reading",139,22.3
"610091",2021,"ES","IAR/PARCC","reading",135,6.7
"610092",2021,"ES","IAR/PARCC","reading",81,1.2
"610093",2021,"ES","IAR/PARCC","reading",50,4
"610094",2021,"ES","IAR/PARCC","reading",350,44
"610095",2021,"ES","IAR/PARCC","reading",202,28.7
"610096",2021,"ES","IAR/PARCC","reading",225,13.3
"610097",2021,"ES","IAR/PARCC","reading",135,3
"610098",2021,"ES","IAR/PARCC","reading",411,11.7
"610099",2021,"ES","IAR/PARCC","reading",229,37.6
"610100",2021,"ES","IAR/PARCC","reading",14,7.1
"610101",2021,"ES","IAR/PARCC","reading",285,20
"610102",2021,"ES","IAR/PARCC","reading",23,0
"610103",2021,"ES","IAR/PARCC","reading",98,0
"610104",2021,"ES","IAR/PARCC","reading",311,19.9
"610105",2021,"ES","IAR/PARCC","reading",263,28.5
"610106",2021,"ES","IAR/PARCC","reading",133,2.3
"610107",2021,"ES","IAR/PARCC","reading",82,7.3
"610108",2021,"ES","IAR/PARCC","reading",69,1.4
"610109",2021,"ES","IAR/PARCC","reading",106,14.2
"610110",2021,"ES","IAR/PARCC","reading",34,2.9
"610111",2021,"ES","IAR/PARCC","reading",260,30.8
"610112",2021,"ES","IAR/PARCC","reading",192,2.1
"610115",2021,"ES","IAR/PARCC","reading",64,9.4
"610116",2021,"ES","IAR/PARCC","reading",39,2.6
"610117",2021,"ES","IAR/PARCC","reading",120,17.5
"610120",2021,"ES","IAR/PARCC","reading",84,14.3
"610121",2021,"ES","IAR/PARCC","reading",54,7.4
"610122",2021,"ES","IAR/PARCC","reading",305,31.8
"610123",2021,"ES","IAR/PARCC","reading",78,0
"610124",2021,"ES","IAR/PARCC","reading",59,0
"610125",2021,"ES","IAR/PARCC","reading",139,10.8
"610126",2021,"ES","IAR/PARCC","reading",288,10.4
"610127",2021,"ES","IAR/PARCC","reading",310,21.9
"610128",2021,"ES","IAR/PARCC","reading",97,4.1
"610129",2021,"ES","IAR/PARCC","reading",202,23.8
"610130",2021,"ES","IAR/PARCC","reading",66,16.7
"610131",2021,"ES","IAR/PARCC","reading",86,14
"610132",2021,"ES","IAR/PARCC","reading",83,63.9
"610133",2021,"ES","IAR/PARCC","reading",111,6.3
"610135",2021,"ES","IAR/PARCC","reading",295,21.7
"610136",2021,"ES","IAR/PARCC","reading",162,47.5
"610137",2021,"ES","IAR/PARCC","reading",202,24.8
"610138",2021,"ES","IAR/PARCC","reading",393,39.2
"610139",2021,"ES","IAR/PARCC","reading",53,0
"610141",2021,"ES","IAR/PARCC","reading",239,41.8
"610142",2021,"ES","IAR/PARCC","reading",200,17.5
"610143",2021,"ES","IAR/PARCC","reading",77,6.5
"610144",2021,"ES","IAR/PARCC","reading",140,9.3
"610145",2021,"ES","IAR/PARCC","reading",155,23.2
"610146",2021,"ES","IAR/PARCC","reading",114,1.8
"610147",2021,"ES","IAR/PARCC","reading",230,37
"610148",2021,"ES","IAR/PARCC","reading",173,12.7
"610152",2021,"ES","IAR/PARCC","reading",98,6.1
"610153",2021,"ES","IAR/PARCC","reading",95,1.1
"610155",2021,"ES","IAR/PARCC","reading",350,44.9
"610157",2021,"ES","IAR/PARCC","reading",245,6.1
"610158",2021,"ES","IAR/PARCC","reading",142,18.3
"610159",2021,"ES","IAR/PARCC","reading",332,22.3
"610165",2021,"ES","IAR/PARCC","reading",91,7.7
"610167",2021,"ES","IAR/PARCC","reading",342,5.8
"610170",2021,"ES","IAR/PARCC","reading",425,28.2
"610171",2021,"ES","IAR/PARCC","reading",82,4.9
"610172",2021,"ES","IAR/PARCC","reading",54,0
"610173",2021,"ES","IAR/PARCC","reading",93,15.1
"610174",2021,"ES","IAR/PARCC","reading",68,7.4
"610175",2021,"ES","IAR/PARCC","reading",134,6.7
"610176",2021,"ES","IAR/PARCC","reading",145,9
"610177",2021,"ES","IAR/PARCC","reading",570,67
"610178",2021,"ES","IAR/PARCC","reading",45,6.7
"610179",2021,"ES","IAR/PARCC","reading",169,18.9
"610180",2021,"ES","IAR/PARCC","reading",103,3.9
"610182",2021,"ES","IAR/PARCC","reading",96,44.8
"610183",2021,"ES","IAR/PARCC","reading",106,3.8
"610184",2021,"ES","IAR/PARCC","reading",62,3.2
"610185",2021,"ES","IAR/PARCC","reading",360,10.8
"610188",2021,"ES","IAR/PARCC","reading",36,2.8
"610191",2021,"ES","IAR/PARCC","reading",203,44.3
"610192",2021,"ES","IAR/PARCC","reading",126,5.6
"610193",2021,"ES","IAR/PARCC","reading",123,13.8
"610194",2021,"ES","IAR/PARCC","reading",111,0.9
"610195",2021,"ES","IAR/PARCC","reading",186,18.8
"610196",2021,"ES","IAR/PARCC","reading",106,12.3
"610197",2021,"ES","IAR/PARCC","reading",132,10.6
"610198",2021,"ES","IAR/PARCC","reading",110,8.2
"610199",2021,"ES","IAR/PARCC","reading",41,9.8
"610200",2021,"ES","IAR/PARCC","reading",88,3.4
"610201",2021,"ES","IAR/PARCC","reading",375,36
"610202",2021,"ES","IAR/PARCC","reading",45,4.4
"610203",2021,"ES","IAR/PARCC","reading",137,8
"610206",2021,"ES","IAR/PARCC","reading",258,24.8
"610207",2021,"ES","IAR/PARCC","reading",80,16.3
"610208",2021,"ES","IAR/PARCC","reading",38,5.3
"610209",2021,"ES","IAR/PARCC","reading",160,11.3
"610212",2021,"ES","IAR/PARCC","reading",227,25.6
"610213",2021,"ES","IAR/PARCC","reading",201,9
"610215",2021,"ES","IAR/PARCC","reading",194,6.2
"610216",2021,"ES","IAR/PARCC","reading",102,3.9
"610217",2021,"ES","IAR/PARCC","reading",275,26.9
"610218",2021,"ES","IAR/PARCC","reading",69,10.1
"610219",2021,"ES","IAR/PARCC","reading",222,16.7
"610220",2021,"ES","IAR/PARCC","reading",303,45.5
"610221",2021,"ES","IAR/PARCC","reading",76,14.5
"610223",2021,"ES","IAR/PARCC","reading",77,0
"610225",2021,"ES","IAR/PARCC","reading",50,10
"610226",2021,"ES","IAR/PARCC","reading",158,13.9
"610227",2021,"ES","IAR/PARCC","reading",239,13
"610228",2021,"ES","IAR/PARCC","reading",23,8.7
"610229",2021,"ES","IAR/PARCC","reading",231,57.1
"610230",2021,"ES","IAR/PARCC","reading",257,45.5
"610231",2021,"ES","IAR/PARCC","reading",153,30.1
"610234",2021,"ES","IAR/PARCC","reading",103,6.8
"610235",2021,"ES","IAR/PARCC","reading",110,4.5
"610237",2021,"ES","IAR/PARCC","reading",78,5.1
"610238",2021,"ES","IAR/PARCC","reading",67,6
"610239",2021,"ES","IAR/PARCC","reading",173,2.9
"610242",2021,"ES","IAR/PARCC","reading",181,21
"610246",2021,"ES","IAR/PARCC","reading",202,14.4
"610248",2021,"ES","IAR/PARCC","reading",233,28.3
"610249",2021,"ES","IAR/PARCC","reading",153,18.3
"610250",2021,"ES","IAR/PARCC","reading",113,15
"610251",2021,"ES","IAR/PARCC","reading",55,9.1
"610252",2021,"ES","IAR/PARCC","reading",123,1.6
"610254",2021,"ES","IAR/PARCC","reading",102,5.9
"610256",2021,"ES","IAR/PARCC","reading",24,20.8
"610257",2021,"ES","IAR/PARCC","reading",63,4.8
"610263",2021,"ES","IAR/PARCC","reading",108,2.8
"610268",2021,"ES","IAR/PARCC","reading",66,9.1
"610269",2021,"ES","IAR/PARCC","reading",80,10
"610271",2021,"ES","IAR/PARCC","reading",78,3.8
"610274",2021,"ES","IAR/PARCC","reading",113,8.8
"610276",2021,"ES","IAR/PARCC","reading",84,6
"610279",2021,"ES","IAR/PARCC","reading",134,4.5
"610281",2021,"ES","IAR/PARCC","reading",101,5.9
"610282",2021,"ES","IAR/PARCC","reading",107,5.6
"610284",2021,"ES","IAR/PARCC","reading",108,14.8
"610287",2021,"ES","IAR/PARCC","reading",139,10.8
"610290",2021,"ES","IAR/PARCC","reading",67,3
"610291",2021,"ES","IAR/PARCC","reading",105,12.4
"610293",2021,"ES","IAR/PARCC","reading",130,0.8
"610295",2021,"ES","IAR/PARCC","reading",80,2.5
"610298",2021,"ES","IAR/PARCC","reading",137,63.5
"610299",2021,"ES","IAR/PARCC","reading",43,0
"610300",2021,"ES","IAR/PARCC","reading",48,4.2
"610305",2021,"ES","IAR/PARCC","reading",167,2.4
"610312",2021,"ES","IAR/PARCC","reading",27,18.5
"610313",2021,"ES","IAR/PARCC","reading",161,11.2
"610315",2021,"ES","IAR/PARCC","reading",36,0
"610316",2021,"ES","IAR/PARCC","reading",77,31.2
"610317",2021,"ES","IAR/PARCC","reading",152,10.5
"610319",2021,"ES","IAR/PARCC","reading",133,21.1
"610325",2021,"ES","IAR/PARCC","reading",172,8.7
"610329",2021,"ES","IAR/PARCC","reading",159,38.4
"610339",2021,"ES","IAR/PARCC","reading",104,1
"610342",2021,"ES","IAR/PARCC","reading",139,1.4
"610345",2021,"ES","IAR/PARCC","reading",104,9.6
"610347",2021,"ES","IAR/PARCC","reading",63,4.8
"610350",2021,"ES","IAR/PARCC","reading",186,16.1
"610352",2021,"ES","IAR/PARCC","reading",282,15.6
"610353",2021,"ES","IAR/PARCC","reading",117,8.5
"610354",2021,"ES","IAR/PARCC","reading",67,14.9
"610355",2021,"ES","IAR/PARCC","reading",56,10.7
"610362",2021,"ES","IAR/PARCC","reading",95,12.6
"610363",2021,"ES","IAR/PARCC","reading",456,40.4
"610364",2021,"ES","IAR/PARCC","reading",105,2.9
"610366",2021,"ES","IAR/PARCC","reading",44,6.8
"610367",2021,"ES","IAR/PARCC","reading",138,4.3
"610368",2021,"ES","IAR/PARCC","reading",135,6.7
"610369",2021,"ES","IAR/PARCC","reading",71,0
"610391",2021,"ES","IAR/PARCC","reading",117,60.7
"610396",2021,"ES","IAR/PARCC","reading",162,9.3
"610405",2021,"ES","IAR/PARCC","reading",90,13.3
"610503",2021,"ES","IAR/PARCC","reading",132,14.4
"610515",2021,"ES","IAR/PARCC","reading",132,33.3
"610520",2021,"ES","IAR/PARCC","reading",213,51.6
"610521",2021,"ES","IAR/PARCC","reading",97,15.5
"610523",2021,"ES","IAR/PARCC","reading",228,30.7
"610530",2021,"ES","IAR/PARCC","reading",44,4.5
"610532",2021,"ES","IAR/PARCC","reading",308,9.4
"610533",2021,"ES","IAR/PARCC","reading",151,4
"610534",2021,"ES","IAR/PARCC","reading",270,85.2
"610539",2021,"ES","IAR/PARCC","reading",123,19.5
"610541",2021,"ES","IAR/PARCC","reading",364,12.6
"610542",2021,"ES","IAR/PARCC","reading",113,16.8
"610544",2021,"ES","IAR/PARCC","reading",423,21
"610548",2021,"ES","IAR/PARCC","reading",92,60.9
"610559",2021,"ES","IAR/PARCC","reading",108,9.3
"610564",2021,"ES","IAR/PARCC","reading",46,39.1
"610586",2021,"ES","IAR/PARCC","reading",112,12.5
"610588",2021,"ES","IAR/PARCC","reading",255,15.3
"610589",2021,"ES","IAR/PARCC","reading",87,21.8
"610590",2021,"ES","IAR/PARCC","reading",111,52.3
"400009",2019,"ES","IAR/PARCC","reading",95,12.6
"400011",2019,"ES","IAR/PARCC","reading",260,43.8
"400017",2019,"ES","IAR/PARCC","reading",304,16.4
"400021",2019,"ES","IAR/PARCC","reading",333,15
"400023",2019,"ES","IAR/PARCC","reading",341,42.2
"400024",2019,"ES","IAR/PARCC","reading",445,31
"400025",2019,"ES","IAR/PARCC","reading",449,19.2
"400027",2019,"ES","IAR/PARCC","reading",371,32.6
"400028",2019,"ES","IAR/PARCC","reading",282,20.6
"400029",2019,"ES","IAR/PARCC","reading",300,38
"400030",2019,"ES","IAR/PARCC","reading",346,27.5
"400031",2019,"ES","IAR/PARCC","reading",477,14.9
"400033",2019,"ES","IAR/PARCC","reading",853,14.5
"400035",2019,"ES","IAR/PARCC","reading",247,19.4
"400036",2019,"ES","IAR/PARCC","reading",292,20.9
"400039",2019,"ES","IAR/PARCC","reading",260,27.7
"400040",2019,"ES","IAR/PARCC","reading",223,10.3
"400043",2019,"ES","IAR/PARCC","reading",135,11.9
"400044",2019,"ES","IAR/PARCC","reading",565,20.2
"400045",2019,"ES","IAR/PARCC","reading",132,22.7
"400046",2019,"ES","IAR/PARCC","reading",352,28.1
"400047",2019,"ES","IAR/PARCC","reading",217,25.3
"400048",2019,"ES","IAR/PARCC","reading",234,38
"400049",2019,"ES","IAR/PARCC","reading",304,18.4
"400050",2019,"ES","IAR/PARCC","reading",301,15.6
"400052",2019,"ES","IAR/PARCC","reading",313,13.1
"400060",2019,"ES","IAR/PARCC","reading",233,26.6
"400061",2019,"ES","IAR/PARCC","reading",118,14.4
"400064",2019,"ES","IAR/PARCC","reading",96,21.9
"400066",2019,"ES","IAR/PARCC","reading",52,9.6
"400068",2019,"ES","IAR/PARCC","reading",149,3.4
"400069",2019,"ES","IAR/PARCC","reading",283,18.4
"400071",2019,"ES","IAR/PARCC","reading",278,20.9
"400075",2019,"ES","IAR/PARCC","reading",238,21
"400076",2019,"ES","IAR/PARCC","reading",160,25.6
"400078",2019,"ES","IAR/PARCC","reading",16,0
"400079",2019,"ES","IAR/PARCC","reading",411,35
"400080",2019,"ES","IAR/PARCC","reading",408,24.3
"400081",2019,"ES","IAR/PARCC","reading",175,25.1
"400082",2019,"ES","IAR/PARCC","reading",373,29
"400083",2019,"ES","IAR/PARCC","reading",236,13.1
"400084",2019,"ES","IAR/PARCC","reading",192,38.5
"400089",2019,"ES","IAR/PARCC","reading",373,19.3
"400092",2019,"ES","IAR/PARCC","reading",211,10
"400096",2019,"ES","IAR/PARCC","reading",696,24.4
"400101",2019,"ES","IAR/PARCC","reading",377,20.4
"400107",2019,"ES","IAR/PARCC","reading",263,26.6
"400111",2019,"ES","IAR/PARCC","reading",332,31.3
"400112",2019,"ES","IAR/PARCC","reading",380,33.9
"400114",2019,"ES","IAR/PARCC","reading",184,24.5
"400115",2019,"ES","IAR/PARCC","reading",353,25.2
"400116",2019,"ES","IAR/PARCC","reading",144,4.2
"400120",2019,"ES","IAR/PARCC","reading",374,16
"400121",2019,"ES","IAR/PARCC","reading",336,20.2
"400146",2019,"ES","IAR/PARCC","reading",367,23.7
"400151",2019,"ES","IAR/PARCC","reading",139,19.4
"400153",2019,"ES","IAR/PARCC","reading",379,29
"400159",2019,"ES","IAR/PARCC","reading",201,35.3
"400161",2019,"ES","IAR/PARCC","reading",241,10.8
"400162",2019,"ES","IAR/PARCC","reading",323,24.8
"400163",2019,"ES","IAR/PARCC","reading",336,13.1
"400165",2019,"ES","IAR/PARCC","reading",261,18
"400167",2019,"ES","IAR/PARCC","reading",401,20.9
"400168",2019,"ES","IAR/PARCC","reading",149,28.2
"400171",2019,"ES","IAR/PARCC","reading",106,9.4
"400178",2019,"ES","IAR/PARCC","reading",174,16.7
"400180",2019,"ES","IAR/PARCC","reading",297,27.3
"609716",2019,"ES","IAR/PARCC","reading",137,5.1
"609720",2019,"ES","IAR/PARCC","reading",83,79.5
"609725",2019,"ES","IAR/PARCC","reading",91,50.5
"609726",2019,"ES","IAR/PARCC","reading",114,43
"609728",2019,"ES","IAR/PARCC","reading",42,9.5
"609734",2019,"ES","IAR/PARCC","reading",126,77.8
"609746",2019,"ES","IAR/PARCC","reading",279,50.9
"609755",2019,"ES","IAR/PARCC","reading",239,94.6
"609772",2019,"ES","IAR/PARCC","reading",441,28.1
"609773",2019,"ES","IAR/PARCC","reading",302,45.7
"609774",2019,"ES","IAR/PARCC","reading",310,59
"609777",2019,"ES","IAR/PARCC","reading",138,22.5
"609779",2019,"ES","IAR/PARCC","reading",849,37.9
"609780",2019,"ES","IAR/PARCC","reading",276,9.8
"609782",2019,"ES","IAR/PARCC","reading",260,40.4
"609786",2019,"ES","IAR/PARCC","reading",169,15.4
"609788",2019,"ES","IAR/PARCC","reading",168,29.8
"609789",2019,"ES","IAR/PARCC","reading",341,10
"609790",2019,"ES","IAR/PARCC","reading",229,6.6
"609791",2019,"ES","IAR/PARCC","reading",266,7.9
"609792",2019,"ES","IAR/PARCC","reading",595,31.8
"609793",2019,"ES","IAR/PARCC","reading",280,3.2
"609794",2019,"ES","IAR/PARCC","reading",179,92.2
"609795",2019,"ES","IAR/PARCC","reading",146,35.6
"609796",2019,"ES","IAR/PARCC","reading",626,58.8
"609797",2019,"ES","IAR/PARCC","reading",217,5.1
"609798",2019,"ES","IAR/PARCC","reading",75,22.7
"609799",2019,"ES","IAR/PARCC","reading",559,59.4
"609800",2019,"ES","IAR/PARCC","reading",194,10.8
"609803",2019,"ES","IAR/PARCC","reading",150,55.3
"609804",2019,"ES","IAR/PARCC","reading",528,25.6
"609805",2019,"ES","IAR/PARCC","reading",291,14.8
"609806",2019,"ES","IAR/PARCC","reading",301,9
"609807",2019,"ES","IAR/PARCC","reading",332,15.1
"609808",2019,"ES","IAR/PARCC","reading",300,18
"609809",2019,"ES","IAR/PARCC","reading",242,28.9
"609810",2019,"ES","IAR/PARCC","reading",675,43.6
"609811",2019,"ES","IAR/PARCC","reading",148,10.1
"609812",2019,"ES","IAR/PARCC","reading",130,13.1
"609813",2019,"ES","IAR/PARCC","reading",92,15.2
"609815",2019,"ES","IAR/PARCC","reading",382,13.6
"609817",2019,"ES","IAR/PARCC","reading",391,46.8
"609818",2019,"ES","IAR/PARCC","reading",557,26.9
"609819",2019,"ES","IAR/PARCC","reading",215,1.9
"609820",2019,"ES","IAR/PARCC","reading",307,71
"609821",2019,"ES","IAR/PARCC","reading",341,17.3
"609827",2019,"ES","IAR/PARCC","reading",249,24.5
"609828",2019,"ES","IAR/PARCC","reading",253,46.2
"609829",2019,"ES","IAR/PARCC","reading",277,49.5
"609830",2019,"ES","IAR/PARCC","reading",278,3.6
"609832",2019,"ES","IAR/PARCC","reading",476,26.3
"609833",2019,"ES","IAR/PARCC","reading",155,14.8
"609834",2019,"ES","IAR/PARCC","reading",521,23.2
"609835",2019,"ES","IAR/PARCC","reading",495,15.2
"609836",2019,"ES","IAR/PARCC","reading",514,54.3
"609837",2019,"ES","IAR/PARCC","reading",415,34.2
"609839",2019,"ES","IAR/PARCC","reading",319,23.2
"609842",2019,"ES","IAR/PARCC","reading",653,21.7
"609844",2019,"ES","IAR/PARCC","reading",240,13.8
"609845",2019,"ES","IAR/PARCC","reading",230,10.9
"609848",2019,"ES","IAR/PARCC","reading",113,14.2
"609849",2019,"ES","IAR/PARCC","reading",272,35.3
"609850",2019,"ES","IAR/PARCC","reading",358,46.1
"609851",2019,"ES","IAR/PARCC","reading",195,3.6
"609852",2019,"ES","IAR/PARCC","reading",302,49.7
"609853",2019,"ES","IAR/PARCC","reading",232,23.7
"609854",2019,"ES","IAR/PARCC","reading",225,11.1
"609855",2019,"ES","IAR/PARCC","reading",144,15.3
"609856",2019,"ES","IAR/PARCC","reading",377,15.9
"609857",2019,"ES","IAR/PARCC","reading",306,31.4
"609859",2019,"ES","IAR/PARCC","reading",743,23
"609861",2019,"ES","IAR/PARCC","reading",339,26.5
"609862",2019,"ES","IAR/PARCC","reading",259,12.4
"609863",2019,"ES","IAR/PARCC","reading",170,47.1
"609864",2019,"ES","IAR/PARCC","reading",211,18
"609865",2019,"ES","IAR/PARCC","reading",292,16.4
"609866",2019,"ES","IAR/PARCC","reading",549,68.9
"609867",2019,"ES","IAR/PARCC","reading",187,20.3
"609869",2019,"ES","IAR/PARCC","reading",141,4.3
"609870",2019,"ES","IAR/PARCC","reading",275,21.1
"609872",2019,"ES","IAR/PARCC","reading",182,34.1
"609873",2019,"ES","IAR/PARCC","reading",127,4.7
"609874",2019,"ES","IAR/PARCC","reading",510,51
"609875",2019,"ES","IAR/PARCC","reading",319,13.2
"609876",2019,"ES","IAR/PARCC","reading",396,15.4
"609879",2019,"ES","IAR/PARCC","reading",626,27.5
"609880",2019,"ES","IAR/PARCC","reading",192,91.7
"609883",2019,"ES","IAR/PARCC","reading",318,9.7
"609884",2019,"ES","IAR/PARCC","reading",497,36.6
"609885",2019,"ES","IAR/PARCC","reading",198,13.6
"609887",2019,"ES","IAR/PARCC","reading",428,39
"609891",2019,"ES","IAR/PARCC","reading",140,3.6
"609893",2019,"ES","IAR/PARCC","reading",458,39.1
"609894",2019,"ES","IAR/PARCC","reading",175,10.3
"609895",2019,"ES","IAR/PARCC","reading",152,45.4
"609896",2019,"ES","IAR/PARCC","reading",98,56.1
"609897",2019,"ES","IAR/PARCC","reading",184,10.3
"609898",2019,"ES","IAR/PARCC","reading",895,18.2
"609899",2019,"ES","IAR/PARCC","reading",537,70
"609900",2019,"ES","IAR/PARCC","reading",324,11.1
"609901",2019,"ES","IAR/PARCC","reading",292,67.8
"609902",2019,"ES","IAR/PARCC","reading",197,7.1
"609903",2019,"ES","IAR/PARCC","reading",902,19.6
"609904",2019,"ES","IAR/PARCC","reading",290,14.8
"609907",2019,"ES","IAR/PARCC","reading",269,16.7
"609908",2019,"ES","IAR/PARCC","reading",173,16.2
"609909",2019,"ES","IAR/PARCC","reading",58,41.4
"609910",2019,"ES","IAR/PARCC","reading",613,18.8
"609912",2019,"ES","IAR/PARCC","reading",306,32
"609917",2019,"ES","IAR/PARCC","reading",177,27.7
"609918",2019,"ES","IAR/PARCC","reading",156,10.9
"609919",2019,"ES","IAR/PARCC","reading",240,8.3
"609920",2019,"ES","IAR/PARCC","reading",384,15.1
"609921",2019,"ES","IAR/PARCC","reading",149,8.7
"609922",2019,"ES","IAR/PARCC","reading",189,12.7
"609924",2019,"ES","IAR/PARCC","reading",231,10.8
"609925",2019,"ES","IAR/PARCC","reading",176,9.1
"609926",2019,"ES","IAR/PARCC","reading",157,47.8
"609927",2019,"ES","IAR/PARCC","reading",169,14.8
"609928",2019,"ES","IAR/PARCC","reading",283,10.2
"609929",2019,"ES","IAR/PARCC","reading",231,11.7
"609930",2019,"ES","IAR/PARCC","reading",255,11
"609933",2019,"ES","IAR/PARCC","reading",171,7
"609935",2019,"ES","IAR/PARCC","reading",453,18.5
"609937",2019,"ES","IAR/PARCC","reading",547,45
"609938",2019,"ES","IAR/PARCC","reading",972,24.6
"609939",2019,"ES","IAR/PARCC","reading",260,20
"609941",2019,"ES","IAR/PARCC","reading",305,6.9
"609942",2019,"ES","IAR/PARCC","reading",415,30.6
"609943",2019,"ES","IAR/PARCC","reading",191,5.8
"609944",2019,"ES","IAR/PARCC","reading",217,25.8
"609945",2019,"ES","IAR/PARCC","reading",442,32.8
"609947",2019,"ES","IAR/PARCC","reading",265,21.9
"609949",2019,"ES","IAR/PARCC","reading",757,27.7
"609951",2019,"ES","IAR/PARCC","reading",311,17
"609952",2019,"ES","IAR/PARCC","reading",223,29.1
"609954",2019,"ES","IAR/PARCC","reading",204,8.3
"609955",2019,"ES","IAR/PARCC","reading",188,14.9
"609956",2019,"ES","IAR/PARCC","reading",297,29.3
"609958",2019,"ES","IAR/PARCC","reading",495,27.9
"609959",2019,"ES","IAR/PARCC","reading",480,51.7
"609960",2019,"ES","IAR/PARCC","reading",598,29.9
"609961",2019,"ES","IAR/PARCC","reading",214,9.8
"609963",2019,"ES","IAR/PARCC","reading",233,55.4
"609964",2019,"ES","IAR/PARCC","reading",330,9.4
"609966",2019,"ES","IAR/PARCC","reading",237,17.3
"609967",2019,"ES","IAR/PARCC","reading",172,18
"609968",2019,"ES","IAR/PARCC","reading",437,12.8
"609969",2019,"ES","IAR/PARCC","reading",205,25.9
"609971",2019,"ES","IAR/PARCC","reading",245,9
"609972",2019,"ES","IAR/PARCC","reading",495,27.9
"609973",2019,"ES","IAR/PARCC","reading",475,42.7
"609974",2019,"ES","IAR/PARCC","reading",377,70.6
"609975",2019,"ES","IAR/PARCC","reading",202,10.9
"609976",2019,"ES","IAR/PARCC","reading",590,35.6
"609977",2019,"ES","IAR/PARCC","reading",94,37.2
"609978",2019,"ES","IAR/PARCC","reading",223,8.1
"609979",2019,"ES","IAR/PARCC","reading",967,52.7
"609981",2019,"ES","IAR/PARCC","reading",183,12
"609983",2019,"ES","IAR/PARCC","reading",392,13.3
"609985",2019,"ES","IAR/PARCC","reading",196,24.5
"609986",2019,"ES","IAR/PARCC","reading",169,7.7
"609987",2019,"ES","IAR/PARCC","reading",117,20.5
"609988",2019,"ES","IAR/PARCC","reading",308,19.8
"609990",2019,"ES","IAR/PARCC","reading",511,46.6
"609991",2019,"ES","IAR/PARCC","reading",268,4.1
"609993",2019,"ES","IAR/PARCC","reading",259,17.4
"609994",2019,"ES","IAR/PARCC","reading",484,24.2
"609995",2019,"ES","IAR/PARCC","reading",315,29.8
"609996",2019,"ES","IAR/PARCC","reading",310,31.6
"609997",2019,"ES","IAR/PARCC","reading",81,6.2
"610000",2019,"ES","IAR/PARCC","reading",295,4.7
"610002",2019,"ES","IAR/PARCC","reading",175,28.6
"610003",2019,"ES","IAR/PARCC","reading",189,8.5
"610004",2019,"ES","IAR/PARCC","reading",133,12.8
"610005",2019,"ES","IAR/PARCC","reading",153,8.5
"610006",2019,"ES","IAR/PARCC","reading",564,27.7
"610009",2019,"ES","IAR/PARCC","reading",358,53.4
"610010",2019,"ES","IAR/PARCC","reading",156,32.1
"610011",2019,"ES","IAR/PARCC","reading",535,39.3
"610013",2019,"ES","IAR/PARCC","reading",201,8.5
"610015",2019,"ES","IAR/PARCC","reading",140,29.3
"610016",2019,"ES","IAR/PARCC","reading",178,47.8
"610017",2019,"ES","IAR/PARCC","reading",602,17.9
"610019",2019,"ES","IAR/PARCC","reading",139,15.1
"610021",2019,"ES","IAR/PARCC","reading",271,36.9
"610022",2019,"ES","IAR/PARCC","reading",466,22.7
"610024",2019,"ES","IAR/PARCC","reading",741,27
"610026",2019,"ES","IAR/PARCC","reading",448,59.2
"610027",2019,"ES","IAR/PARCC","reading",194,30.9
"610029",2019,"ES","IAR/PARCC","reading",104,15.4
"610030",2019,"ES","IAR/PARCC","reading",133,8.3
"610032",2019,"ES","IAR/PARCC","reading",200,11
"610033",2019,"ES","IAR/PARCC","reading",343,47.5
"610034",2019,"ES","IAR/PARCC","reading",114,3.5
"610036",2019,"ES","IAR/PARCC","reading",287,13.6
"610037",2019,"ES","IAR/PARCC","reading",218,16.5
"610038",2019,"ES","IAR/PARCC","reading",638,79.8
"610039",2019,"ES","IAR/PARCC","reading",377,29.7
"610040",2019,"ES","IAR/PARCC","reading",435,21.6
"610041",2019,"ES","IAR/PARCC","reading",775,26.2
"610043",2019,"ES","IAR/PARCC","reading",205,14.1
"610044",2019,"ES","IAR/PARCC","reading",208,17.3
"610046",2019,"ES","IAR/PARCC","reading",982,31.7
"610047",2019,"ES","IAR/PARCC","reading",144,11.8
"610048",2019,"ES","IAR/PARCC","reading",169,11.2
"610051",2019,"ES","IAR/PARCC","reading",533,10.1
"610052",2019,"ES","IAR/PARCC","reading",215,7.9
"610053",2019,"ES","IAR/PARCC","reading",705,17.2
"610054",2019,"ES","IAR/PARCC","reading",499,19.4
"610055",2019,"ES","IAR/PARCC","reading",138,8
"610056",2019,"ES","IAR/PARCC","reading",220,11.4
"610057",2019,"ES","IAR/PARCC","reading",382,16.2
"610059",2019,"ES","IAR/PARCC","reading",390,70.8
"610060",2019,"ES","IAR/PARCC","reading",345,51
"610062",2019,"ES","IAR/PARCC","reading",175,25.1
"610063",2019,"ES","IAR/PARCC","reading",288,19.4
"610065",2019,"ES","IAR/PARCC","reading",185,9.7
"610066",2019,"ES","IAR/PARCC","reading",101,86.1
"610067",2019,"ES","IAR/PARCC","reading",452,14.6
"610068",2019,"ES","IAR/PARCC","reading",839,20
"610070",2019,"ES","IAR/PARCC","reading",390,30.3
"610073",2019,"ES","IAR/PARCC","reading",263,52.5
"610074",2019,"ES","IAR/PARCC","reading",501,13.8
"610076",2019,"ES","IAR/PARCC","reading",283,16.6
"610077",2019,"ES","IAR/PARCC","reading",411,15.1
"610078",2019,"ES","IAR/PARCC","reading",350,41.4
"610081",2019,"ES","IAR/PARCC","reading",370,49.5
"610082",2019,"ES","IAR/PARCC","reading",748,69.3
"610084",2019,"ES","IAR/PARCC","reading",174,87.4
"610086",2019,"ES","IAR/PARCC","reading",170,11.8
"610088",2019,"ES","IAR/PARCC","reading",398,16.6
"610089",2019,"ES","IAR/PARCC","reading",336,27.7
"610090",2019,"ES","IAR/PARCC","reading",318,32.1
"610091",2019,"ES","IAR/PARCC","reading",212,31.6
"610092",2019,"ES","IAR/PARCC","reading",147,5.4
"610093",2019,"ES","IAR/PARCC","reading",139,14.4
"610094",2019,"ES","IAR/PARCC","reading",404,46.5
"610095",2019,"ES","IAR/PARCC","reading",322,35.7
"610096",2019,"ES","IAR/PARCC","reading",785,18.9
"610097",2019,"ES","IAR/PARCC","reading",443,14.4
"610098",2019,"ES","IAR/PARCC","reading",477,23.9
"610099",2019,"ES","IAR/PARCC","reading",286,55.9
"610100",2019,"ES","IAR/PARCC","reading",348,13.2
"610101",2019,"ES","IAR/PARCC","reading",784,32.3
"610102",2019,"ES","IAR/PARCC","reading",288,5.2
"610103",2019,"ES","IAR/PARCC","reading",386,8.3
"610104",2019,"ES","IAR/PARCC","reading",404,42.8
"610105",2019,"ES","IAR/PARCC","reading",464,59.3
"610106",2019,"ES","IAR/PARCC","reading",364,7.4
"610107",2019,"ES","IAR/PARCC","reading",243,11.9
"610108",2019,"ES","IAR/PARCC","reading",202,6.4
"610109",2019,"ES","IAR/PARCC","reading",169,43.2
"610110",2019,"ES","IAR/PARCC","reading",210,14.8
"610111",2019,"ES","IAR/PARCC","reading",465,40.4
"610112",2019,"ES","IAR/PARCC","reading",246,8.5
"610115",2019,"ES","IAR/PARCC","reading",158,15.8
"610116",2019,"ES","IAR/PARCC","reading",169,8.9
"610117",2019,"ES","IAR/PARCC","reading",264,33.7
"610120",2019,"ES","IAR/PARCC","reading",301,32.9
"610121",2019,"ES","IAR/PARCC","reading",244,8.2
"610122",2019,"ES","IAR/PARCC","reading",550,39.1
"610123",2019,"ES","IAR/PARCC","reading",151,11.3
"610124",2019,"ES","IAR/PARCC","reading",203,9.4
"610125",2019,"ES","IAR/PARCC","reading",433,28.2
"610126",2019,"ES","IAR/PARCC","reading",371,24.8
"610127",2019,"ES","IAR/PARCC","reading",507,26.6
"610128",2019,"ES","IAR/PARCC","reading",147,9.5
"610129",2019,"ES","IAR/PARCC","reading",276,23.6
"610130",2019,"ES","IAR/PARCC","reading",145,19.3
"610131",2019,"ES","IAR/PARCC","reading",95,32.6
"610132",2019,"ES","IAR/PARCC","reading",118,79.7
"610133",2019,"ES","IAR/PARCC","reading",236,7.2
"610135",2019,"ES","IAR/PARCC","reading",560,32.3
"610136",2019,"ES","IAR/PARCC","reading",274,59.5
"610137",2019,"ES","IAR/PARCC","reading",466,32.4
"610138",2019,"ES","IAR/PARCC","reading",506,44.3
"610139",2019,"ES","IAR/PARCC","reading",243,15.2
"610141",2019,"ES","IAR/PARCC","reading",320,61.3
"610142",2019,"ES","IAR/PARCC","reading",378,27
"610143",2019,"ES","IAR/PARCC","reading",131,10.7
"610144",2019,"ES","IAR/PARCC","reading",534,18.7
"610145",2019,"ES","IAR/PARCC","reading",438,33.6
"610146",2019,"ES","IAR/PARCC","reading",135,1.5
"610147",2019,"ES","IAR/PARCC","reading",470,44.5
"610148",2019,"ES","IAR/PARCC","reading",575,24.9
"610152",2019,"ES","IAR/PARCC","reading",272,8.8
"610153",2019,"ES","IAR/PARCC","reading",210,11.4
"610155",2019,"ES","IAR/PARCC","reading",393,63.1
"610157",2019,"ES","IAR/PARCC","reading",1086,21.5
"610158",2019,"ES","IAR/PARCC","reading",257,19.8
"610159",2019,"ES","IAR/PARCC","reading",463,32.4
"610165",2019,"ES","IAR/PARCC","reading",318,14.5
"610167",2019,"ES","IAR/PARCC","reading",430,13
"610170",2019,"ES","IAR/PARCC","reading",662,40.2
"610171",2019,"ES","IAR/PARCC","reading",330,11.8
"610172",2019,"ES","IAR/PARCC","reading",146,6.8
"610173",2019,"ES","IAR/PARCC","reading",159,25.8
"610174",2019,"ES","IAR/PARCC","reading",296,14.9
"610175",2019,"ES","IAR/PARCC","reading",222,23
"610176",2019,"ES","IAR/PARCC","reading",296,12.8
"610177",2019,"ES","IAR/PARCC","reading",722,75.6
"610178",2019,"ES","IAR/PARCC","reading",103,7.8
"610179",2019,"ES","IAR/PARCC","reading",562,39.9
"610180",2019,"ES","IAR/PARCC","reading",235,7.2
"610182",2019,"ES","IAR/PARCC","reading",160,58.1
"610183",2019,"ES","IAR/PARCC","reading",315,6
"610184",2019,"ES","IAR/PARCC","reading",321,13.1
"610185",2019,"ES","IAR/PARCC","reading",803,29.6
"610188",2019,"ES","IAR/PARCC","reading",131,25.2
"610191",2019,"ES","IAR/PARCC","reading",370,58.9
"610192",2019,"ES","IAR/PARCC","reading",378,12.2
"610193",2019,"ES","IAR/PARCC","reading",291,22
"610194",2019,"ES","IAR/PARCC","reading",169,15.4
"610195",2019,"ES","IAR/PARCC","reading",377,28.9
"610196",2019,"ES","IAR/PARCC","reading",350,23.1
"610197",2019,"ES","IAR/PARCC","reading",273,27.8
"610198",2019,"ES","IAR/PARCC","reading",182,18.1
"610199",2019,"ES","IAR/PARCC","reading",148,37.8
"610200",2019,"ES","IAR/PARCC","reading",147,9.5
"610201",2019,"ES","IAR/PARCC","reading",465,41.1
"610202",2019,"ES","IAR/PARCC","reading",186,8.1
"610203",2019,"ES","IAR/PARCC","reading",439,30.1
"610206",2019,"ES","IAR/PARCC","reading",765,43.5
"610207",2019,"ES","IAR/PARCC","reading",172,20.9
"610208",2019,"ES","IAR/PARCC","reading",242,4.5
"610209",2019,"ES","IAR/PARCC","reading",528,19.1
"610212",2019,"ES","IAR/PARCC","reading",279,26.2
"610213",2019,"ES","IAR/PARCC","reading",343,9.6
"610215",2019,"ES","IAR/PARCC","reading",325,12.6
"610216",2019,"ES","IAR/PARCC","reading",169,17.8
"610217",2019,"ES","IAR/PARCC","reading",351,47.3
"610218",2019,"ES","IAR/PARCC","reading",135,26.7
"610219",2019,"ES","IAR/PARCC","reading",542,33.2
"610220",2019,"ES","IAR/PARCC","reading",405,58.8
"610221",2019,"ES","IAR/PARCC","reading",155,22.6
"610223",2019,"ES","IAR/PARCC","reading",235,10.6
"610225",2019,"ES","IAR/PARCC","reading",170,21.2
"610226",2019,"ES","IAR/PARCC","reading",490,24.7
"610227",2019,"ES","IAR/PARCC","reading",632,26.3
"610228",2019,"ES","IAR/PARCC","reading",141,14.9
"610229",2019,"ES","IAR/PARCC","reading",493,50.3
"610230",2019,"ES","IAR/PARCC","reading",309,50.5
"610231",2019,"ES","IAR/PARCC","reading",473,31.1
"610234",2019,"ES","IAR/PARCC","reading",226,2.7
"610235",2019,"ES","IAR/PARCC","reading",483,10.8
"610237",2019,"ES","IAR/PARCC","reading",183,11.5
"610238",2019,"ES","IAR/PARCC","reading",128,8.6
"610239",2019,"ES","IAR/PARCC","reading",392,10.7
"610242",2019,"ES","IAR/PARCC","reading",223,41.3
"610246",2019,"ES","IAR/PARCC","reading",624,24.2
"610248",2019,"ES","IAR/PARCC","reading",351,39.3
"610249",2019,"ES","IAR/PARCC","reading",231,34.6
"610250",2019,"ES","IAR/PARCC","reading",217,31.3
"610251",2019,"ES","IAR/PARCC","reading",233,7.3
"610252",2019,"ES","IAR/PARCC","reading",162,3.7
"610254",2019,"ES","IAR/PARCC","reading",204,10.8
"610256",2019,"ES","IAR/PARCC","reading",17,29.4
"610257",2019,"ES","IAR/PARCC","reading",173,10.4
"610263",2019,"ES","IAR/PARCC","reading",399,6
"610268",2019,"ES","IAR/PARCC","reading",181,11
"610269",2019,"ES","IAR/PARCC","reading",195,26.7
"610271",2019,"ES","IAR/PARCC","reading",248,8.9
"610274",2019,"ES","IAR/PARCC","reading",269,11.2
"610276",2019,"ES","IAR/PARCC","reading",188,6.4
"610279",2019,"ES","IAR/PARCC","reading",213,11.3
"610281",2019,"ES","IAR/PARCC","reading",301,14.3
"610282",2019,"ES","IAR/PARCC","reading",232,10.8
"610284",2019,"ES","IAR/PARCC","reading",197,29.9
"610287",2019,"ES","IAR/PARCC","reading",285,17.9
"610290",2019,"ES","IAR/PARCC","reading",220,8.2
"610291",2019,"ES","IAR/PARCC","reading",535,26.7
"610293",2019,"ES","IAR/PARCC","reading",225,5.3
"610295",2019,"ES","IAR/PARCC","reading",167,22.8
"610298",2019,"ES","IAR/PARCC","reading",165,89.7
"610299",2019,"ES","IAR/PARCC","reading",124,5.6
"610300",2019,"ES","IAR/PARCC","reading",203,11.3
"610305",2019,"ES","IAR/PARCC","reading",254,7.1
"610312",2019,"ES","IAR/PARCC","reading",76,53.9
"610313",2019,"ES","IAR/PARCC","reading",331,11.2
"610315",2019,"ES","IAR/PARCC","reading",84,8.3
"610316",2019,"ES","IAR/PARCC","reading",153,56.2
"610317",2019,"ES","IAR/PARCC","reading",260,18.1
"610319",2019,"ES","IAR/PARCC","reading",303,25.7
"610325",2019,"ES","IAR/PARCC","reading",447,14.1
"610329",2019,"ES","IAR/PARCC","reading",415,34.7
"610339",2019,"ES","IAR/PARCC","reading",283,6.7
"610342",2019,"ES","IAR/PARCC","reading",359,15.3
"610345",2019,"ES","IAR/PARCC","reading",203,7.4
"610347",2019,"ES","IAR/PARCC","reading",247,6.1
"610350",2019,"ES","IAR/PARCC","reading",280,18.2
"610352",2019,"ES","IAR/PARCC","reading",449,29.8
"610353",2019,"ES","IAR/PARCC","reading",495,19.4
"610354",2019,"ES","IAR/PARCC","reading",173,31.8
"610355",2019,"ES","IAR/PARCC","reading",173,22
"610362",2019,"ES","IAR/PARCC","reading",180,16.7
"610363",2019,"ES","IAR/PARCC","reading",863,57.7
"610364",2019,"ES","IAR/PARCC","reading",125,16.8
"610366",2019,"ES","IAR/PARCC","reading",154,15.6
"610367",2019,"ES","IAR/PARCC","reading",303,8.3
"610368",2019,"ES","IAR/PARCC","reading",253,20.2
"610369",2019,"ES","IAR/PARCC","reading",215,7.4
"610391",2019,"ES","IAR/PARCC","reading",254,36.6
"610396",2019,"ES","IAR/PARCC","reading",674,15.6
"610405",2019,"ES","IAR/PARCC","reading",193,22.3
"610503",2019,"ES","IAR/PARCC","reading",137,37.2
"610515",2019,"ES","IAR/PARCC","reading",219,62.1
"610520",2019,"ES","IAR/PARCC","reading",336,60.7
"610521",2019,"ES","IAR/PARCC","reading",162,27.2
"610523",2019,"ES","IAR/PARCC","reading",338,51.2
"610530",2019,"ES","IAR/PARCC","reading",207,15.9
"610532",2019,"ES","IAR/PARCC","reading",973,11.2
"610533",2019,"ES","IAR/PARCC","reading",664,16.7
"610534",2019,"ES","IAR/PARCC","reading",324,90.1
"610539",2019,"ES","IAR/PARCC","reading",564,20.2
"610541",2019,"ES","IAR/PARCC","reading",522,28.2
"610542",2019,"ES","IAR/PARCC","reading",503,42.7
"610544",2019,"ES","IAR/PARCC","reading",624,41.8
"610548",2019,"ES","IAR/PARCC","reading",220,73.6
"610559",2019,"ES","IAR/PARCC","reading",588,13.6
"610564",2019,"ES","IAR/PARCC","reading",204,44.1
"610572",2019,"ES","IAR/PARCC","reading",12,0
"610586",2019,"ES","IAR/PARCC","reading",349,26.4
"610588",2019,"ES","IAR/PARCC","reading",1114,22.9
"400009",2018,"ES","IAR/PARCC","reading",70,22.9
"400011",2018,"ES","IAR/PARCC","reading",275,54.2
"400017",2018,"ES","IAR/PARCC","reading",394,22.1
"400021",2018,"ES","IAR/PARCC","reading",331,14.2
"400023",2018,"ES","IAR/PARCC","reading",304,47.7
"400024",2018,"ES","IAR/PARCC","reading",449,36.1
"400025",2018,"ES","IAR/PARCC","reading",450,20.7
"400027",2018,"ES","IAR/PARCC","reading",364,37.1
"400028",2018,"ES","IAR/PARCC","reading",256,14.5
"400029",2018,"ES","IAR/PARCC","reading",273,32.6
"400030",2018,"ES","IAR/PARCC","reading",347,25.6
"400031",2018,"ES","IAR/PARCC","reading",470,11.1
"400033",2018,"ES","IAR/PARCC","reading",806,13.6
"400035",2018,"ES","IAR/PARCC","reading",248,24.2
"400036",2018,"ES","IAR/PARCC","reading",344,29.7
"400039",2018,"ES","IAR/PARCC","reading",256,24.2
"400040",2018,"ES","IAR/PARCC","reading",232,11.2
"400043",2018,"ES","IAR/PARCC","reading",157,20.4
"400044",2018,"ES","IAR/PARCC","reading",558,17.9
"400045",2018,"ES","IAR/PARCC","reading",85,5.9
"400046",2018,"ES","IAR/PARCC","reading",369,32
"400047",2018,"ES","IAR/PARCC","reading",185,33
"400048",2018,"ES","IAR/PARCC","reading",204,31.4
"400049",2018,"ES","IAR/PARCC","reading",290,18.3
"400050",2018,"ES","IAR/PARCC","reading",304,24.3
"400052",2018,"ES","IAR/PARCC","reading",305,16.7
"400060",2018,"ES","IAR/PARCC","reading",251,28.3
"400061",2018,"ES","IAR/PARCC","reading",128,8.6
"400064",2018,"ES","IAR/PARCC","reading",125,11.2
"400066",2018,"ES","IAR/PARCC","reading",55,9.1
"400068",2018,"ES","IAR/PARCC","reading",239,7.1
"400069",2018,"ES","IAR/PARCC","reading",279,18.6
"400071",2018,"ES","IAR/PARCC","reading",284,19.4
"400075",2018,"ES","IAR/PARCC","reading",235,26.4
"400076",2018,"ES","IAR/PARCC","reading",134,32.8
"400078",2018,"ES","IAR/PARCC","reading",93,7.5
"400079",2018,"ES","IAR/PARCC","reading",410,35.9
"400080",2018,"ES","IAR/PARCC","reading",378,27
"400081",2018,"ES","IAR/PARCC","reading",184,32.1
"400082",2018,"ES","IAR/PARCC","reading",365,31
"400083",2018,"ES","IAR/PARCC","reading",262,12.2
"400084",2018,"ES","IAR/PARCC","reading",191,34
"400089",2018,"ES","IAR/PARCC","reading",380,17.6
"400092",2018,"ES","IAR/PARCC","reading",193,11.4
"400096",2018,"ES","IAR/PARCC","reading",681,28.5
"400101",2018,"ES","IAR/PARCC","reading",374,29.1
"400107",2018,"ES","IAR/PARCC","reading",271,26.2
"400111",2018,"ES","IAR/PARCC","reading",338,29
"400112",2018,"ES","IAR/PARCC","reading",382,42.1
"400114",2018,"ES","IAR/PARCC","reading",188,31.4
"400115",2018,"ES","IAR/PARCC","reading",353,19.8
"400116",2018,"ES","IAR/PARCC","reading",120,6.7
"400120",2018,"ES","IAR/PARCC","reading",373,20.9
"400121",2018,"ES","IAR/PARCC","reading",351,21.4
"400146",2018,"ES","IAR/PARCC","reading",330,23.3
"400151",2018,"ES","IAR/PARCC","reading",162,16.7
"400153",2018,"ES","IAR/PARCC","reading",376,29.8
"400159",2018,"ES","IAR/PARCC","reading",162,46.9
"400161",2018,"ES","IAR/PARCC","reading",318,6
"400162",2018,"ES","IAR/PARCC","reading",320,16.9
"400163",2018,"ES","IAR/PARCC","reading",334,14.7
"400165",2018,"ES","IAR/PARCC","reading",279,10.8
"400167",2018,"ES","IAR/PARCC","reading",368,19.6
"400168",2018,"ES","IAR/PARCC","reading",91,51.6
"400171",2018,"ES","IAR/PARCC","reading",113,8.8
"400178",2018,"ES","IAR/PARCC","reading",87,17.2
"400180",2018,"ES","IAR/PARCC","reading",193,24.4
"609716",2018,"ES","IAR/PARCC","reading",121,3.3
"609720",2018,"ES","IAR/PARCC","reading",116,87.9
"609725",2018,"ES","IAR/PARCC","reading",87,41.4
"609726",2018,"ES","IAR/PARCC","reading",107,25.2
"609728",2018,"ES","IAR/PARCC","reading",97,12.4
"609734",2018,"ES","IAR/PARCC","reading",164,65.2
"609746",2018,"ES","IAR/PARCC","reading",151,63.6
"609755",2018,"ES","IAR/PARCC","reading",202,95
"609772",2018,"ES","IAR/PARCC","reading",448,31.7
"609773",2018,"ES","IAR/PARCC","reading",249,48.2
"609774",2018,"ES","IAR/PARCC","reading",299,67.2
"609777",2018,"ES","IAR/PARCC","reading",146,20.5
"609779",2018,"ES","IAR/PARCC","reading",874,36.8
"609780",2018,"ES","IAR/PARCC","reading",286,17.5
"609782",2018,"ES","IAR/PARCC","reading",193,48.7
"609786",2018,"ES","IAR/PARCC","reading",153,14.4
"609788",2018,"ES","IAR/PARCC","reading",191,35.6
"609789",2018,"ES","IAR/PARCC","reading",367,17.4
"609790",2018,"ES","IAR/PARCC","reading",238,8.8
"609791",2018,"ES","IAR/PARCC","reading",260,6.9
"609792",2018,"ES","IAR/PARCC","reading",597,31.2
"609793",2018,"ES","IAR/PARCC","reading",317,5
"609794",2018,"ES","IAR/PARCC","reading",179,92.2
"609795",2018,"ES","IAR/PARCC","reading",143,24.5
"609796",2018,"ES","IAR/PARCC","reading",664,64.6
"609797",2018,"ES","IAR/PARCC","reading",265,8.3
"609798",2018,"ES","IAR/PARCC","reading",74,33.8
"609799",2018,"ES","IAR/PARCC","reading",481,69.4
"609800",2018,"ES","IAR/PARCC","reading",184,12.5
"609803",2018,"ES","IAR/PARCC","reading",78,64.1
"609804",2018,"ES","IAR/PARCC","reading",503,31.2
"609805",2018,"ES","IAR/PARCC","reading",246,15.4
"609806",2018,"ES","IAR/PARCC","reading",297,5.1
"609807",2018,"ES","IAR/PARCC","reading",368,18.2
"609808",2018,"ES","IAR/PARCC","reading",331,15.7
"609809",2018,"ES","IAR/PARCC","reading",225,32.9
"609810",2018,"ES","IAR/PARCC","reading",598,50.7
"609811",2018,"ES","IAR/PARCC","reading",138,6.5
"609812",2018,"ES","IAR/PARCC","reading",140,9.3
"609813",2018,"ES","IAR/PARCC","reading",100,11
"609815",2018,"ES","IAR/PARCC","reading",355,16.3
"609817",2018,"ES","IAR/PARCC","reading",403,42.4
"609818",2018,"ES","IAR/PARCC","reading",562,26.3
"609819",2018,"ES","IAR/PARCC","reading",62,1.6
"609820",2018,"ES","IAR/PARCC","reading",307,64.8
"609821",2018,"ES","IAR/PARCC","reading",339,20.4
"609826",2018,"ES","IAR/PARCC","reading",597,26.6
"609827",2018,"ES","IAR/PARCC","reading",276,24.3
"609828",2018,"ES","IAR/PARCC","reading",215,52.6
"609829",2018,"ES","IAR/PARCC","reading",284,52.8
"609830",2018,"ES","IAR/PARCC","reading",282,6.4
"609832",2018,"ES","IAR/PARCC","reading",386,28.8
"609833",2018,"ES","IAR/PARCC","reading",140,17.9
"609834",2018,"ES","IAR/PARCC","reading",543,25.6
"609835",2018,"ES","IAR/PARCC","reading",492,14.4
"609836",2018,"ES","IAR/PARCC","reading",521,56.8
"609837",2018,"ES","IAR/PARCC","reading",396,37.9
"609839",2018,"ES","IAR/PARCC","reading",314,25.8
"609842",2018,"ES","IAR/PARCC","reading",687,19.4
"609844",2018,"ES","IAR/PARCC","reading",255,12.5
"609845",2018,"ES","IAR/PARCC","reading",267,9.7
"609848",2018,"ES","IAR/PARCC","reading",123,4.9
"609849",2018,"ES","IAR/PARCC","reading",166,24.7
"609850",2018,"ES","IAR/PARCC","reading",372,52.4
"609851",2018,"ES","IAR/PARCC","reading",221,5
"609852",2018,"ES","IAR/PARCC","reading",288,47.9
"609853",2018,"ES","IAR/PARCC","reading",238,22.3
"609854",2018,"ES","IAR/PARCC","reading",239,12.1
"609855",2018,"ES","IAR/PARCC","reading",148,20.9
"609856",2018,"ES","IAR/PARCC","reading",371,15.9
"609857",2018,"ES","IAR/PARCC","reading",306,28.4
"609859",2018,"ES","IAR/PARCC","reading",704,27.6
"609861",2018,"ES","IAR/PARCC","reading",336,30.7
"609862",2018,"ES","IAR/PARCC","reading",268,22.4
"609863",2018,"ES","IAR/PARCC","reading",164,42.7
"609864",2018,"ES","IAR/PARCC","reading",190,11.6
"609865",2018,"ES","IAR/PARCC","reading",300,21
"609866",2018,"ES","IAR/PARCC","reading",498,65.9
"609867",2018,"ES","IAR/PARCC","reading",219,22.8
"609869",2018,"ES","IAR/PARCC","reading",153,6.5
"609870",2018,"ES","IAR/PARCC","reading",316,25.3
"609872",2018,"ES","IAR/PARCC","reading",178,45.5
"609873",2018,"ES","IAR/PARCC","reading",152,7.2
"609874",2018,"ES","IAR/PARCC","reading",481,51.4
"609875",2018,"ES","IAR/PARCC","reading",305,18.7
"609876",2018,"ES","IAR/PARCC","reading",440,17
"609879",2018,"ES","IAR/PARCC","reading",628,27.4
"609880",2018,"ES","IAR/PARCC","reading",164,90.9
"609883",2018,"ES","IAR/PARCC","reading",303,8.3
"609884",2018,"ES","IAR/PARCC","reading",494,39.1
"609885",2018,"ES","IAR/PARCC","reading",203,12.3
"609887",2018,"ES","IAR/PARCC","reading",402,40.8
"609891",2018,"ES","IAR/PARCC","reading",143,4.2
"609893",2018,"ES","IAR/PARCC","reading",451,38.1
"609894",2018,"ES","IAR/PARCC","reading",200,10.5
"609895",2018,"ES","IAR/PARCC","reading",166,45.2
"609896",2018,"ES","IAR/PARCC","reading",72,65.3
"609897",2018,"ES","IAR/PARCC","reading",230,12.2
"609898",2018,"ES","IAR/PARCC","reading",881,18
"609899",2018,"ES","IAR/PARCC","reading",515,68
"609900",2018,"ES","IAR/PARCC","reading",328,11
"609901",2018,"ES","IAR/PARCC","reading",306,72.9
"609902",2018,"ES","IAR/PARCC","reading",229,7
"609903",2018,"ES","IAR/PARCC","reading",922,20.7
"609904",2018,"ES","IAR/PARCC","reading",307,22.8
"609907",2018,"ES","IAR/PARCC","reading",251,18.7
"609908",2018,"ES","IAR/PARCC","reading",185,22.7
"609909",2018,"ES","IAR/PARCC","reading",74,40.5
"609910",2018,"ES","IAR/PARCC","reading",661,22.1
"609912",2018,"ES","IAR/PARCC","reading",313,37.1
"609917",2018,"ES","IAR/PARCC","reading",172,19.2
"609918",2018,"ES","IAR/PARCC","reading",156,10.9
"609919",2018,"ES","IAR/PARCC","reading",254,5.1
"609920",2018,"ES","IAR/PARCC","reading",411,11.2
"609921",2018,"ES","IAR/PARCC","reading",112,9.8
"609922",2018,"ES","IAR/PARCC","reading",176,14.2
"609924",2018,"ES","IAR/PARCC","reading",222,8.1
"609925",2018,"ES","IAR/PARCC","reading",182,6
"609926",2018,"ES","IAR/PARCC","reading",115,27
"609927",2018,"ES","IAR/PARCC","reading",178,11.2
"609928",2018,"ES","IAR/PARCC","reading",269,10
"609929",2018,"ES","IAR/PARCC","reading",197,12.7
"609930",2018,"ES","IAR/PARCC","reading",262,11.5
"609933",2018,"ES","IAR/PARCC","reading",151,7.3
"609935",2018,"ES","IAR/PARCC","reading",532,20.5
"609937",2018,"ES","IAR/PARCC","reading",542,48.9
"609938",2018,"ES","IAR/PARCC","reading",1015,30.6
"609939",2018,"ES","IAR/PARCC","reading",251,17.5
"609941",2018,"ES","IAR/PARCC","reading",305,7.2
"609942",2018,"ES","IAR/PARCC","reading",409,31.1
"609943",2018,"ES","IAR/PARCC","reading",199,7.5
"609944",2018,"ES","IAR/PARCC","reading",226,27
"609945",2018,"ES","IAR/PARCC","reading",440,36.4
"609947",2018,"ES","IAR/PARCC","reading",270,27.8
"609949",2018,"ES","IAR/PARCC","reading",711,26.2
"609951",2018,"ES","IAR/PARCC","reading",317,23
"609952",2018,"ES","IAR/PARCC","reading",255,32.5
"609954",2018,"ES","IAR/PARCC","reading",202,5
"609955",2018,"ES","IAR/PARCC","reading",202,13.4
"609956",2018,"ES","IAR/PARCC","reading",291,39.9
"609958",2018,"ES","IAR/PARCC","reading",492,25.2
"609959",2018,"ES","IAR/PARCC","reading",450,58.2
"609960",2018,"ES","IAR/PARCC","reading",635,32.6
"609961",2018,"ES","IAR/PARCC","reading",233,13.3
"609963",2018,"ES","IAR/PARCC","reading",216,50
"609964",2018,"ES","IAR/PARCC","reading",319,11.3
"609966",2018,"ES","IAR/PARCC","reading",256,15.2
"609967",2018,"ES","IAR/PARCC","reading",181,16.6
"609968",2018,"ES","IAR/PARCC","reading",431,14.4
"609969",2018,"ES","IAR/PARCC","reading",203,20.2
"609971",2018,"ES","IAR/PARCC","reading",227,9.7
"609972",2018,"ES","IAR/PARCC","reading",453,32.2
"609973",2018,"ES","IAR/PARCC","reading",512,43.2
"609974",2018,"ES","IAR/PARCC","reading",372,79
"609975",2018,"ES","IAR/PARCC","reading",198,11.1
"609976",2018,"ES","IAR/PARCC","reading",555,37.5
"609977",2018,"ES","IAR/PARCC","reading",101,37.6
"609978",2018,"ES","IAR/PARCC","reading",212,8.5
"609979",2018,"ES","IAR/PARCC","reading",921,53.6
"609981",2018,"ES","IAR/PARCC","reading",185,9.2
"609983",2018,"ES","IAR/PARCC","reading",402,12.2
"609985",2018,"ES","IAR/PARCC","reading",166,29.5
"609986",2018,"ES","IAR/PARCC","reading",165,10.3
"609987",2018,"ES","IAR/PARCC","reading",122,24.6
"609988",2018,"ES","IAR/PARCC","reading",261,18
"609990",2018,"ES","IAR/PARCC","reading",485,42.5
"609991",2018,"ES","IAR/PARCC","reading",262,5.3
"609993",2018,"ES","IAR/PARCC","reading",270,19.6
"609994",2018,"ES","IAR/PARCC","reading",507,23.3
"609995",2018,"ES","IAR/PARCC","reading",269,31.2
"609996",2018,"ES","IAR/PARCC","reading",298,30.5
"609997",2018,"ES","IAR/PARCC","reading",84,4.8
"610000",2018,"ES","IAR/PARCC","reading",313,6.7
"610002",2018,"ES","IAR/PARCC","reading",170,30.6
"610003",2018,"ES","IAR/PARCC","reading",216,9.3
"610004",2018,"ES","IAR/PARCC","reading",124,9.7
"610005",2018,"ES","IAR/PARCC","reading",155,14.2
"610006",2018,"ES","IAR/PARCC","reading",545,27
"610009",2018,"ES","IAR/PARCC","reading",350,52.3
"610010",2018,"ES","IAR/PARCC","reading",97,8.2
"610011",2018,"ES","IAR/PARCC","reading",491,39.5
"610012",2018,"ES","IAR/PARCC","reading",162,10.5
"610013",2018,"ES","IAR/PARCC","reading",198,13.1
"610015",2018,"ES","IAR/PARCC","reading",144,29.2
"610016",2018,"ES","IAR/PARCC","reading",169,50.3
"610017",2018,"ES","IAR/PARCC","reading",643,18.2
"610019",2018,"ES","IAR/PARCC","reading",130,22.3
"610021",2018,"ES","IAR/PARCC","reading",276,32.6
"610022",2018,"ES","IAR/PARCC","reading",455,26.6
"610024",2018,"ES","IAR/PARCC","reading",141,42.6
"610026",2018,"ES","IAR/PARCC","reading",445,52.6
"610027",2018,"ES","IAR/PARCC","reading",222,25.7
"610029",2018,"ES","IAR/PARCC","reading",117,18.8
"610030",2018,"ES","IAR/PARCC","reading",148,7.4
"610032",2018,"ES","IAR/PARCC","reading",206,13.1
"610033",2018,"ES","IAR/PARCC","reading",346,52.9
"610034",2018,"ES","IAR/PARCC","reading",138,9.4
"610036",2018,"ES","IAR/PARCC","reading",302,10.6
"610037",2018,"ES","IAR/PARCC","reading",219,14.6
"610038",2018,"ES","IAR/PARCC","reading",581,86.1
"610039",2018,"ES","IAR/PARCC","reading",367,33
"610040",2018,"ES","IAR/PARCC","reading",470,20
"610041",2018,"ES","IAR/PARCC","reading",782,24.2
"610043",2018,"ES","IAR/PARCC","reading",224,11.6
"610044",2018,"ES","IAR/PARCC","reading",233,16.3
"610046",2018,"ES","IAR/PARCC","reading",998,33.7
"610047",2018,"ES","IAR/PARCC","reading",159,13.8
"610048",2018,"ES","IAR/PARCC","reading",183,4.4
"610051",2018,"ES","IAR/PARCC","reading",495,8.1
"610052",2018,"ES","IAR/PARCC","reading",209,8.1
"610053",2018,"ES","IAR/PARCC","reading",755,14.4
"610054",2018,"ES","IAR/PARCC","reading",502,16.5
"610055",2018,"ES","IAR/PARCC","reading",143,12.6
"610056",2018,"ES","IAR/PARCC","reading",234,11.5
"610057",2018,"ES","IAR/PARCC","reading",369,13.6
"610059",2018,"ES","IAR/PARCC","reading",363,71.1
"610060",2018,"ES","IAR/PARCC","reading",353,53
"610062",2018,"ES","IAR/PARCC","reading",160,22.5
"610063",2018,"ES","IAR/PARCC","reading",333,17.7
"610065",2018,"ES","IAR/PARCC","reading",185,9.2
"610066",2018,"ES","IAR/PARCC","reading",93,91.4
"610067",2018,"ES","IAR/PARCC","reading",452,13.7
"610068",2018,"ES","IAR/PARCC","reading",814,24.1
"610070",2018,"ES","IAR/PARCC","reading",399,29.1
"610073",2018,"ES","IAR/PARCC","reading",255,60.8
"610074",2018,"ES","IAR/PARCC","reading",528,20.6
"610076",2018,"ES","IAR/PARCC","reading",232,15.5
"610077",2018,"ES","IAR/PARCC","reading",429,11
"610078",2018,"ES","IAR/PARCC","reading",351,38.5
"610081",2018,"ES","IAR/PARCC","reading",339,49
"610082",2018,"ES","IAR/PARCC","reading",713,69.1
"610084",2018,"ES","IAR/PARCC","reading",179,95.5
"610086",2018,"ES","IAR/PARCC","reading",151,2.6
"610088",2018,"ES","IAR/PARCC","reading",430,17.2
"610089",2018,"ES","IAR/PARCC","reading",319,32.3
"610090",2018,"ES","IAR/PARCC","reading",312,33.7
"610091",2018,"ES","IAR/PARCC","reading",199,29.6
"610092",2018,"ES","IAR/PARCC","reading",151,11.3
"610093",2018,"ES","IAR/PARCC","reading",127,12.6
"610094",2018,"ES","IAR/PARCC","reading",298,52
"610095",2018,"ES","IAR/PARCC","reading",366,31.4
"610096",2018,"ES","IAR/PARCC","reading",774,17.2
"610097",2018,"ES","IAR/PARCC","reading",468,12.2
"610098",2018,"ES","IAR/PARCC","reading",496,23.8
"610099",2018,"ES","IAR/PARCC","reading",264,56.1
"610100",2018,"ES","IAR/PARCC","reading",376,12.8
"610101",2018,"ES","IAR/PARCC","reading",358,51.4
"610102",2018,"ES","IAR/PARCC","reading",293,4.8
"610103",2018,"ES","IAR/PARCC","reading",434,7.1
"610104",2018,"ES","IAR/PARCC","reading",378,44.2
"610105",2018,"ES","IAR/PARCC","reading",448,61.8
"610106",2018,"ES","IAR/PARCC","reading",351,7.1
"610107",2018,"ES","IAR/PARCC","reading",259,16.2
"610108",2018,"ES","IAR/PARCC","reading",229,7
"610109",2018,"ES","IAR/PARCC","reading",170,43.5
"610110",2018,"ES","IAR/PARCC","reading",209,25.8
"610111",2018,"ES","IAR/PARCC","reading",487,38
"610112",2018,"ES","IAR/PARCC","reading",252,9.9
"610115",2018,"ES","IAR/PARCC","reading",182,16.5
"610116",2018,"ES","IAR/PARCC","reading",141,10.6
"610117",2018,"ES","IAR/PARCC","reading",294,37.4
"610120",2018,"ES","IAR/PARCC","reading",313,35.5
"610121",2018,"ES","IAR/PARCC","reading",266,9.4
"610122",2018,"ES","IAR/PARCC","reading",428,32.5
"610123",2018,"ES","IAR/PARCC","reading",170,11.8
"610124",2018,"ES","IAR/PARCC","reading",186,9.7
"610125",2018,"ES","IAR/PARCC","reading",448,30.4
"610126",2018,"ES","IAR/PARCC","reading",350,27.7
"610127",2018,"ES","IAR/PARCC","reading",447,33.8
"610128",2018,"ES","IAR/PARCC","reading",144,14.6
"610129",2018,"ES","IAR/PARCC","reading",295,27.1
"610130",2018,"ES","IAR/PARCC","reading",153,34
"610131",2018,"ES","IAR/PARCC","reading",93,26.9
"610132",2018,"ES","IAR/PARCC","reading",122,78.7
"610133",2018,"ES","IAR/PARCC","reading",260,7.3
"610135",2018,"ES","IAR/PARCC","reading",542,28.8
"610136",2018,"ES","IAR/PARCC","reading",255,71.8
"610137",2018,"ES","IAR/PARCC","reading",418,33.7
"610138",2018,"ES","IAR/PARCC","reading",373,45.3
"610139",2018,"ES","IAR/PARCC","reading",247,18.2
"610141",2018,"ES","IAR/PARCC","reading",302,60.3
"610142",2018,"ES","IAR/PARCC","reading",309,31.1
"610143",2018,"ES","IAR/PARCC","reading",132,16.7
"610144",2018,"ES","IAR/PARCC","reading",565,23.2
"610145",2018,"ES","IAR/PARCC","reading",437,36.6
"610146",2018,"ES","IAR/PARCC","reading",123,4.9
"610147",2018,"ES","IAR/PARCC","reading",455,41.3
"610148",2018,"ES","IAR/PARCC","reading",571,34.7
"610152",2018,"ES","IAR/PARCC","reading",236,14.4
"610153",2018,"ES","IAR/PARCC","reading",217,10.1
"610155",2018,"ES","IAR/PARCC","reading",361,61.2
"610157",2018,"ES","IAR/PARCC","reading",1156,22.7
"610158",2018,"ES","IAR/PARCC","reading",274,20.8
"610159",2018,"ES","IAR/PARCC","reading",482,34.6
"610165",2018,"ES","IAR/PARCC","reading",317,29.3
"610167",2018,"ES","IAR/PARCC","reading",427,14.8
"610170",2018,"ES","IAR/PARCC","reading",702,39.5
"610171",2018,"ES","IAR/PARCC","reading",350,14
"610172",2018,"ES","IAR/PARCC","reading",155,11.6
"610173",2018,"ES","IAR/PARCC","reading",182,25.3
"610174",2018,"ES","IAR/PARCC","reading",335,24.8
"610175",2018,"ES","IAR/PARCC","reading",205,31.7
"610176",2018,"ES","IAR/PARCC","reading",271,14.4
"610177",2018,"ES","IAR/PARCC","reading",643,77.6
"610178",2018,"ES","IAR/PARCC","reading",109,5.5
"610179",2018,"ES","IAR/PARCC","reading",585,38.1
"610180",2018,"ES","IAR/PARCC","reading",233,4.7
"610182",2018,"ES","IAR/PARCC","reading",156,55.1
"610183",2018,"ES","IAR/PARCC","reading",323,5.3
"610184",2018,"ES","IAR/PARCC","reading",351,10.8
"610185",2018,"ES","IAR/PARCC","reading",811,33.9
"610188",2018,"ES","IAR/PARCC","reading",158,17.7
"610191",2018,"ES","IAR/PARCC","reading",360,60.8
"610192",2018,"ES","IAR/PARCC","reading",416,10.6
"610193",2018,"ES","IAR/PARCC","reading",296,14.2
"610194",2018,"ES","IAR/PARCC","reading",168,17.3
"610195",2018,"ES","IAR/PARCC","reading",262,26.3
"610196",2018,"ES","IAR/PARCC","reading",325,22.8
"610197",2018,"ES","IAR/PARCC","reading",276,21.4
"610198",2018,"ES","IAR/PARCC","reading",153,17.6
"610199",2018,"ES","IAR/PARCC","reading",154,33.8
"610200",2018,"ES","IAR/PARCC","reading",144,6.9
"610201",2018,"ES","IAR/PARCC","reading",320,45.3
"610202",2018,"ES","IAR/PARCC","reading",173,9.2
"610203",2018,"ES","IAR/PARCC","reading",476,31.7
"610206",2018,"ES","IAR/PARCC","reading",777,57.1
"610207",2018,"ES","IAR/PARCC","reading",195,21.5
"610208",2018,"ES","IAR/PARCC","reading",239,7.9
"610209",2018,"ES","IAR/PARCC","reading",545,23.3
"610212",2018,"ES","IAR/PARCC","reading",199,16.1
"610213",2018,"ES","IAR/PARCC","reading",340,11.8
"610215",2018,"ES","IAR/PARCC","reading",332,8.7
"610216",2018,"ES","IAR/PARCC","reading",143,12.6
"610217",2018,"ES","IAR/PARCC","reading",345,46.7
"610218",2018,"ES","IAR/PARCC","reading",139,24.5
"610219",2018,"ES","IAR/PARCC","reading",559,35.1
"610220",2018,"ES","IAR/PARCC","reading",331,54.4
"610221",2018,"ES","IAR/PARCC","reading",158,26.6
"610223",2018,"ES","IAR/PARCC","reading",267,12.7
"610225",2018,"ES","IAR/PARCC","reading",181,23.8
"610226",2018,"ES","IAR/PARCC","reading",524,22.9
"610227",2018,"ES","IAR/PARCC","reading",630,24.3
"610228",2018,"ES","IAR/PARCC","reading",149,12.8
"610229",2018,"ES","IAR/PARCC","reading",464,53
"610230",2018,"ES","IAR/PARCC","reading",309,63.4
"610231",2018,"ES","IAR/PARCC","reading",433,30.9
"610234",2018,"ES","IAR/PARCC","reading",231,7.4
"610235",2018,"ES","IAR/PARCC","reading",536,11.8
"610237",2018,"ES","IAR/PARCC","reading",207,12.6
"610238",2018,"ES","IAR/PARCC","reading",138,2.9
"610239",2018,"ES","IAR/PARCC","reading",397,11.8
"610242",2018,"ES","IAR/PARCC","reading",236,36.4
"610246",2018,"ES","IAR/PARCC","reading",733,22.9
"610248",2018,"ES","IAR/PARCC","reading",366,41
"610249",2018,"ES","IAR/PARCC","reading",225,33.3
"610250",2018,"ES","IAR/PARCC","reading",221,31.2
"610251",2018,"ES","IAR/PARCC","reading",214,8.9
"610252",2018,"ES","IAR/PARCC","reading",169,4.7
"610254",2018,"ES","IAR/PARCC","reading",204,5.9
"610256",2018,"ES","IAR/PARCC","reading",16,18.8
"610257",2018,"ES","IAR/PARCC","reading",186,12.9
"610263",2018,"ES","IAR/PARCC","reading",360,5.8
"610268",2018,"ES","IAR/PARCC","reading",191,7.9
"610269",2018,"ES","IAR/PARCC","reading",191,29.8
"610271",2018,"ES","IAR/PARCC","reading",254,8.7
"610274",2018,"ES","IAR/PARCC","reading",279,12.9
"610276",2018,"ES","IAR/PARCC","reading",139,10.1
"610279",2018,"ES","IAR/PARCC","reading",222,11.3
"610281",2018,"ES","IAR/PARCC","reading",374,17.4
"610282",2018,"ES","IAR/PARCC","reading",198,8.1
"610284",2018,"ES","IAR/PARCC","reading",187,30.5
"610287",2018,"ES","IAR/PARCC","reading",300,18.7
"610290",2018,"ES","IAR/PARCC","reading",198,10.6
"610291",2018,"ES","IAR/PARCC","reading",555,30.8
"610293",2018,"ES","IAR/PARCC","reading",259,4.2
"610295",2018,"ES","IAR/PARCC","reading",147,19
"610298",2018,"ES","IAR/PARCC","reading",165,88.5
"610299",2018,"ES","IAR/PARCC","reading",129,1.6
"610300",2018,"ES","IAR/PARCC","reading",209,10.5
"610305",2018,"ES","IAR/PARCC","reading",266,8.3
"610312",2018,"ES","IAR/PARCC","reading",76,48.7
"610313",2018,"ES","IAR/PARCC","reading",325,11.1
"610315",2018,"ES","IAR/PARCC","reading",89,11.2
"610316",2018,"ES","IAR/PARCC","reading",163,49.7
"610317",2018,"ES","IAR/PARCC","reading",293,13.3
"610319",2018,"ES","IAR/PARCC","reading",296,24.3
"610325",2018,"ES","IAR/PARCC","reading",462,14.5
"610329",2018,"ES","IAR/PARCC","reading",409,35.2
"610339",2018,"ES","IAR/PARCC","reading",274,4.4
"610342",2018,"ES","IAR/PARCC","reading",333,15.9
"610345",2018,"ES","IAR/PARCC","reading",185,8.1
"610347",2018,"ES","IAR/PARCC","reading",251,10.4
"610350",2018,"ES","IAR/PARCC","reading",122,32
"610352",2018,"ES","IAR/PARCC","reading",422,32
"610353",2018,"ES","IAR/PARCC","reading",482,16.4
"610354",2018,"ES","IAR/PARCC","reading",188,27.1
"610355",2018,"ES","IAR/PARCC","reading",183,26.8
"610362",2018,"ES","IAR/PARCC","reading",181,15.5
"610363",2018,"ES","IAR/PARCC","reading",879,53.2
"610364",2018,"ES","IAR/PARCC","reading",134,10.4
"610366",2018,"ES","IAR/PARCC","reading",153,22.9
"610367",2018,"ES","IAR/PARCC","reading",305,5.6
"610368",2018,"ES","IAR/PARCC","reading",250,11.6
"610369",2018,"ES","IAR/PARCC","reading",187,7.5
"610391",2018,"ES","IAR/PARCC","reading",38,47.4
"610396",2018,"ES","IAR/PARCC","reading",657,20.9
"610405",2018,"ES","IAR/PARCC","reading",161,23
"610503",2018,"ES","IAR/PARCC","reading",125,33.6
"610515",2018,"ES","IAR/PARCC","reading",213,61.5
"610520",2018,"ES","IAR/PARCC","reading",319,56.7
"610521",2018,"ES","IAR/PARCC","reading",168,23.2
"610523",2018,"ES","IAR/PARCC","reading",323,52.3
"610529",2018,"ES","IAR/PARCC","reading",177,29.4
"610530",2018,"ES","IAR/PARCC","reading",223,15.2
"610532",2018,"ES","IAR/PARCC","reading",962,15.1
"610533",2018,"ES","IAR/PARCC","reading",621,15.1
"610534",2018,"ES","IAR/PARCC","reading",298,94.6
"610539",2018,"ES","IAR/PARCC","reading",539,24.9
"610541",2018,"ES","IAR/PARCC","reading",543,28
"610542",2018,"ES","IAR/PARCC","reading",461,52.7
"610544",2018,"ES","IAR/PARCC","reading",613,48
"610548",2018,"ES","IAR/PARCC","reading",185,71.4
"610559",2018,"ES","IAR/PARCC","reading",598,12.2
"610564",2018,"ES","IAR/PARCC","reading",192,44.3
"610572",2018,"ES","IAR/PARCC","reading",10,0
"610586",2018,"ES","IAR/PARCC","reading",303,24.1
"610588",2018,"ES","IAR/PARCC","reading",1180,21.7
"400009",2017,"ES","IAR/PARCC","reading",179,26.8
"400011",2017,"ES","IAR/PARCC","reading",297,42.1
"400017",2017,"ES","IAR/PARCC","reading",524,11.8
"400021",2017,"ES","IAR/PARCC","reading",330,17
"400023",2017,"ES","IAR/PARCC","reading",268,36.9
"400024",2017,"ES","IAR/PARCC","reading",456,30.5
"400025",2017,"ES","IAR/PARCC","reading",443,21.2
"400027",2017,"ES","IAR/PARCC","reading",360,39.4
"400028",2017,"ES","IAR/PARCC","reading",249,18.5
"400029",2017,"ES","IAR/PARCC","reading",277,28.9
"400030",2017,"ES","IAR/PARCC","reading",348,29.9
"400031",2017,"ES","IAR/PARCC","reading",503,17.1
"400033",2017,"ES","IAR/PARCC","reading",811,17.5
"400035",2017,"ES","IAR/PARCC","reading",252,24.6
"400036",2017,"ES","IAR/PARCC","reading",349,32.1
"400039",2017,"ES","IAR/PARCC","reading",260,27.3
"400040",2017,"ES","IAR/PARCC","reading",266,8.6
"400043",2017,"ES","IAR/PARCC","reading",165,12.1
"400044",2017,"ES","IAR/PARCC","reading",533,15.4
"400045",2017,"ES","IAR/PARCC","reading",142,7.7
"400046",2017,"ES","IAR/PARCC","reading",353,28.9
"400047",2017,"ES","IAR/PARCC","reading",183,29
"400048",2017,"ES","IAR/PARCC","reading",211,22.7
"400049",2017,"ES","IAR/PARCC","reading",300,17.7
"400050",2017,"ES","IAR/PARCC","reading",309,36.9
"400052",2017,"ES","IAR/PARCC","reading",327,28.1
"400060",2017,"ES","IAR/PARCC","reading",284,33.8
"400061",2017,"ES","IAR/PARCC","reading",132,9.8
"400064",2017,"ES","IAR/PARCC","reading",151,17.9
"400066",2017,"ES","IAR/PARCC","reading",82,7.3
"400068",2017,"ES","IAR/PARCC","reading",300,7
"400069",2017,"ES","IAR/PARCC","reading",293,18.1
"400071",2017,"ES","IAR/PARCC","reading",284,31.7
"400075",2017,"ES","IAR/PARCC","reading",236,19.9
"400076",2017,"ES","IAR/PARCC","reading",164,43.9
"400077",2017,"ES","IAR/PARCC","reading",198,8.1
"400078",2017,"ES","IAR/PARCC","reading",286,16.1
"400079",2017,"ES","IAR/PARCC","reading",407,36.6
"400080",2017,"ES","IAR/PARCC","reading",410,30.2
"400081",2017,"ES","IAR/PARCC","reading",191,27.7
"400082",2017,"ES","IAR/PARCC","reading",372,31.2
"400083",2017,"ES","IAR/PARCC","reading",241,14.1
"400084",2017,"ES","IAR/PARCC","reading",189,36
"400089",2017,"ES","IAR/PARCC","reading",378,14.8
"400092",2017,"ES","IAR/PARCC","reading",200,11
"400096",2017,"ES","IAR/PARCC","reading",580,22.6
"400101",2017,"ES","IAR/PARCC","reading",377,27.6
"400107",2017,"ES","IAR/PARCC","reading",275,34.5
"400111",2017,"ES","IAR/PARCC","reading",371,29.4
"400112",2017,"ES","IAR/PARCC","reading",383,34.7
"400114",2017,"ES","IAR/PARCC","reading",188,28.2
"400115",2017,"ES","IAR/PARCC","reading",359,18.4
"400116",2017,"ES","IAR/PARCC","reading",113,2.7
"400120",2017,"ES","IAR/PARCC","reading",378,14.8
"400121",2017,"ES","IAR/PARCC","reading",353,18.1
"400146",2017,"ES","IAR/PARCC","reading",299,15.7
"400151",2017,"ES","IAR/PARCC","reading",186,18.8
"400153",2017,"ES","IAR/PARCC","reading",376,25.3
"400159",2017,"ES","IAR/PARCC","reading",103,48.5
"400161",2017,"ES","IAR/PARCC","reading",292,13.7
"400162",2017,"ES","IAR/PARCC","reading",327,25.7
"400163",2017,"ES","IAR/PARCC","reading",303,11.6
"400165",2017,"ES","IAR/PARCC","reading",269,11.2
"400167",2017,"ES","IAR/PARCC","reading",331,25.7
"400168",2017,"ES","IAR/PARCC","reading",38,47.4
"400171",2017,"ES","IAR/PARCC","reading",143,11.9
"400180",2017,"ES","IAR/PARCC","reading",87,16.1
"609716",2017,"ES","IAR/PARCC","reading",121,4.1
"609720",2017,"ES","IAR/PARCC","reading",156,89.1
"609725",2017,"ES","IAR/PARCC","reading",105,43.8
"609726",2017,"ES","IAR/PARCC","reading",52,48.1
"609728",2017,"ES","IAR/PARCC","reading",75,26.7
"609734",2017,"ES","IAR/PARCC","reading",120,73.3
"609746",2017,"ES","IAR/PARCC","reading",186,50
"609755",2017,"ES","IAR/PARCC","reading",231,92.2
"609772",2017,"ES","IAR/PARCC","reading",494,35
"609773",2017,"ES","IAR/PARCC","reading",270,44.4
"609774",2017,"ES","IAR/PARCC","reading",251,67.3
"609777",2017,"ES","IAR/PARCC","reading",168,41.1
"609779",2017,"ES","IAR/PARCC","reading",876,36.6
"609780",2017,"ES","IAR/PARCC","reading",279,10
"609782",2017,"ES","IAR/PARCC","reading",257,48.6
"609786",2017,"ES","IAR/PARCC","reading",163,12.3
"609788",2017,"ES","IAR/PARCC","reading",189,23.3
"609789",2017,"ES","IAR/PARCC","reading",384,13.3
"609790",2017,"ES","IAR/PARCC","reading",268,11.2
"609791",2017,"ES","IAR/PARCC","reading",246,7.3
"609792",2017,"ES","IAR/PARCC","reading",605,29.3
"609793",2017,"ES","IAR/PARCC","reading",303,7.3
"609794",2017,"ES","IAR/PARCC","reading",185,94.6
"609795",2017,"ES","IAR/PARCC","reading",148,33.1
"609796",2017,"ES","IAR/PARCC","reading",701,64.8
"609797",2017,"ES","IAR/PARCC","reading",270,10
"609798",2017,"ES","IAR/PARCC","reading",74,36.5
"609799",2017,"ES","IAR/PARCC","reading",568,68.7
"609800",2017,"ES","IAR/PARCC","reading",207,16.9
"609803",2017,"ES","IAR/PARCC","reading",197,62.9
"609804",2017,"ES","IAR/PARCC","reading",501,34.3
"609805",2017,"ES","IAR/PARCC","reading",248,13.3
"609806",2017,"ES","IAR/PARCC","reading",342,7.3
"609807",2017,"ES","IAR/PARCC","reading",372,23.7
"609808",2017,"ES","IAR/PARCC","reading",342,15.8
"609809",2017,"ES","IAR/PARCC","reading",225,36.4
"609810",2017,"ES","IAR/PARCC","reading",598,56.4
"609811",2017,"ES","IAR/PARCC","reading",136,12.5
"609812",2017,"ES","IAR/PARCC","reading",151,12.6
"609813",2017,"ES","IAR/PARCC","reading",94,10.6
"609815",2017,"ES","IAR/PARCC","reading",381,17.8
"609817",2017,"ES","IAR/PARCC","reading",398,43.2
"609818",2017,"ES","IAR/PARCC","reading",573,27.2
"609819",2017,"ES","IAR/PARCC","reading",121,1.7
"609820",2017,"ES","IAR/PARCC","reading",294,70.7
"609821",2017,"ES","IAR/PARCC","reading",325,28.6
"609826",2017,"ES","IAR/PARCC","reading",605,20.3
"609827",2017,"ES","IAR/PARCC","reading",303,27.1
"609828",2017,"ES","IAR/PARCC","reading",196,60.7
"609829",2017,"ES","IAR/PARCC","reading",284,48.2
"609830",2017,"ES","IAR/PARCC","reading",318,6.9
"609832",2017,"ES","IAR/PARCC","reading",453,28.9
"609833",2017,"ES","IAR/PARCC","reading",137,16.1
"609834",2017,"ES","IAR/PARCC","reading",529,24.4
"609835",2017,"ES","IAR/PARCC","reading",488,20.5
"609836",2017,"ES","IAR/PARCC","reading",541,58
"609837",2017,"ES","IAR/PARCC","reading",372,33.9
"609839",2017,"ES","IAR/PARCC","reading",313,20.1
"609842",2017,"ES","IAR/PARCC","reading",676,26.5
"609844",2017,"ES","IAR/PARCC","reading",256,13.7
"609845",2017,"ES","IAR/PARCC","reading",271,10.7
"609848",2017,"ES","IAR/PARCC","reading",102,9.8
"609849",2017,"ES","IAR/PARCC","reading",140,35.7
"609850",2017,"ES","IAR/PARCC","reading",383,48.3
"609851",2017,"ES","IAR/PARCC","reading",228,1.8
"609852",2017,"ES","IAR/PARCC","reading",320,45.9
"609853",2017,"ES","IAR/PARCC","reading",275,25.5
"609854",2017,"ES","IAR/PARCC","reading",249,16.5
"609855",2017,"ES","IAR/PARCC","reading",153,9.2
"609856",2017,"ES","IAR/PARCC","reading",381,19.7
"609857",2017,"ES","IAR/PARCC","reading",330,29.7
"609859",2017,"ES","IAR/PARCC","reading",687,29.4
"609861",2017,"ES","IAR/PARCC","reading",327,31.5
"609862",2017,"ES","IAR/PARCC","reading",280,15.7
"609863",2017,"ES","IAR/PARCC","reading",175,42.3
"609864",2017,"ES","IAR/PARCC","reading",209,16.3
"609865",2017,"ES","IAR/PARCC","reading",302,19.2
"609866",2017,"ES","IAR/PARCC","reading",504,68.8
"609867",2017,"ES","IAR/PARCC","reading",245,22
"609869",2017,"ES","IAR/PARCC","reading",166,8.4
"609870",2017,"ES","IAR/PARCC","reading",316,27.8
"609872",2017,"ES","IAR/PARCC","reading",185,46.5
"609873",2017,"ES","IAR/PARCC","reading",161,11.2
"609874",2017,"ES","IAR/PARCC","reading",450,49.8
"609875",2017,"ES","IAR/PARCC","reading",309,22
"609876",2017,"ES","IAR/PARCC","reading",438,19.6
"609879",2017,"ES","IAR/PARCC","reading",651,24.1
"609880",2017,"ES","IAR/PARCC","reading",169,98.2
"609883",2017,"ES","IAR/PARCC","reading",310,7.7
"609884",2017,"ES","IAR/PARCC","reading",460,46.3
"609885",2017,"ES","IAR/PARCC","reading",200,13
"609887",2017,"ES","IAR/PARCC","reading",420,41
"609891",2017,"ES","IAR/PARCC","reading",152,5.9
"609893",2017,"ES","IAR/PARCC","reading",458,45.2
"609894",2017,"ES","IAR/PARCC","reading",209,7.7
"609895",2017,"ES","IAR/PARCC","reading",166,54.2
"609896",2017,"ES","IAR/PARCC","reading",64,57.8
"609897",2017,"ES","IAR/PARCC","reading",233,10.7
"609898",2017,"ES","IAR/PARCC","reading",937,21
"609899",2017,"ES","IAR/PARCC","reading",495,67.1
"609900",2017,"ES","IAR/PARCC","reading",333,5.7
"609901",2017,"ES","IAR/PARCC","reading",320,76.3
"609902",2017,"ES","IAR/PARCC","reading",227,7.5
"609903",2017,"ES","IAR/PARCC","reading",930,20.9
"609904",2017,"ES","IAR/PARCC","reading",337,25.5
"609907",2017,"ES","IAR/PARCC","reading",244,21.3
"609908",2017,"ES","IAR/PARCC","reading",190,23.7
"609909",2017,"ES","IAR/PARCC","reading",85,29.4
"609910",2017,"ES","IAR/PARCC","reading",669,19.7
"609912",2017,"ES","IAR/PARCC","reading",330,38.5
"609917",2017,"ES","IAR/PARCC","reading",164,25.6
"609918",2017,"ES","IAR/PARCC","reading",186,30.1
"609919",2017,"ES","IAR/PARCC","reading",236,6.4
"609920",2017,"ES","IAR/PARCC","reading",431,10.9
"609921",2017,"ES","IAR/PARCC","reading",115,15.7
"609922",2017,"ES","IAR/PARCC","reading",179,22.3
"609924",2017,"ES","IAR/PARCC","reading",262,8
"609925",2017,"ES","IAR/PARCC","reading",207,13.5
"609926",2017,"ES","IAR/PARCC","reading",132,32.6
"609927",2017,"ES","IAR/PARCC","reading",191,16.2
"609928",2017,"ES","IAR/PARCC","reading",258,10.5
"609929",2017,"ES","IAR/PARCC","reading",212,13.2
"609930",2017,"ES","IAR/PARCC","reading",258,12.4
"609933",2017,"ES","IAR/PARCC","reading",163,14.7
"609935",2017,"ES","IAR/PARCC","reading",614,19.4
"609937",2017,"ES","IAR/PARCC","reading",538,52
"609938",2017,"ES","IAR/PARCC","reading",1020,30.9
"609939",2017,"ES","IAR/PARCC","reading",274,13.5
"609941",2017,"ES","IAR/PARCC","reading",321,9.3
"609942",2017,"ES","IAR/PARCC","reading",410,37.8
"609943",2017,"ES","IAR/PARCC","reading",242,9.5
"609944",2017,"ES","IAR/PARCC","reading",244,36.1
"609945",2017,"ES","IAR/PARCC","reading",427,42.4
"609947",2017,"ES","IAR/PARCC","reading",286,17.1
"609949",2017,"ES","IAR/PARCC","reading",748,21.8
"609951",2017,"ES","IAR/PARCC","reading",318,24.5
"609952",2017,"ES","IAR/PARCC","reading",288,23.3
"609954",2017,"ES","IAR/PARCC","reading",212,4.7
"609955",2017,"ES","IAR/PARCC","reading",199,14.6
"609956",2017,"ES","IAR/PARCC","reading",293,41.6
"609958",2017,"ES","IAR/PARCC","reading",475,27.8
"609959",2017,"ES","IAR/PARCC","reading",410,56.3
"609960",2017,"ES","IAR/PARCC","reading",625,29.9
"609961",2017,"ES","IAR/PARCC","reading",221,12.2
"609963",2017,"ES","IAR/PARCC","reading",216,48.1
"609964",2017,"ES","IAR/PARCC","reading",346,9.2
"609966",2017,"ES","IAR/PARCC","reading",266,14.7
"609967",2017,"ES","IAR/PARCC","reading",219,15.5
"609968",2017,"ES","IAR/PARCC","reading",474,13.7
"609969",2017,"ES","IAR/PARCC","reading",217,28.6
"609971",2017,"ES","IAR/PARCC","reading",272,6.6
"609972",2017,"ES","IAR/PARCC","reading",471,29.5
"609973",2017,"ES","IAR/PARCC","reading",517,42.6
"609974",2017,"ES","IAR/PARCC","reading",376,80.1
"609975",2017,"ES","IAR/PARCC","reading",231,10.8
"609976",2017,"ES","IAR/PARCC","reading",563,38.9
"609977",2017,"ES","IAR/PARCC","reading",94,28.7
"609978",2017,"ES","IAR/PARCC","reading",209,9.6
"609979",2017,"ES","IAR/PARCC","reading",884,60.4
"609981",2017,"ES","IAR/PARCC","reading",161,9.9
"609983",2017,"ES","IAR/PARCC","reading",407,14.7
"609985",2017,"ES","IAR/PARCC","reading",185,27
"609986",2017,"ES","IAR/PARCC","reading",165,11.5
"609987",2017,"ES","IAR/PARCC","reading",135,22.2
"609988",2017,"ES","IAR/PARCC","reading",293,22.5
"609990",2017,"ES","IAR/PARCC","reading",490,55.5
"609991",2017,"ES","IAR/PARCC","reading",308,5.5
"609993",2017,"ES","IAR/PARCC","reading",289,20.8
"609994",2017,"ES","IAR/PARCC","reading",501,20.8
"609995",2017,"ES","IAR/PARCC","reading",351,42.5
"609996",2017,"ES","IAR/PARCC","reading",303,28.7
"609997",2017,"ES","IAR/PARCC","reading",108,10.2
"610000",2017,"ES","IAR/PARCC","reading",308,6.8
"610002",2017,"ES","IAR/PARCC","reading",168,29.2
"610003",2017,"ES","IAR/PARCC","reading",242,7
"610004",2017,"ES","IAR/PARCC","reading",125,8.8
"610005",2017,"ES","IAR/PARCC","reading",138,15.9
"610006",2017,"ES","IAR/PARCC","reading",557,31.8
"610009",2017,"ES","IAR/PARCC","reading",352,50
"610010",2017,"ES","IAR/PARCC","reading",156,29.5
"610011",2017,"ES","IAR/PARCC","reading",483,43.5
"610012",2017,"ES","IAR/PARCC","reading",143,6.3
"610013",2017,"ES","IAR/PARCC","reading",204,15.2
"610015",2017,"ES","IAR/PARCC","reading",150,28.7
"610016",2017,"ES","IAR/PARCC","reading",166,48.2
"610017",2017,"ES","IAR/PARCC","reading",658,18.2
"610019",2017,"ES","IAR/PARCC","reading",141,22
"610021",2017,"ES","IAR/PARCC","reading",260,35.4
"610022",2017,"ES","IAR/PARCC","reading",424,27.6
"610024",2017,"ES","IAR/PARCC","reading",142,43.7
"610026",2017,"ES","IAR/PARCC","reading",442,50.5
"610027",2017,"ES","IAR/PARCC","reading",227,30
"610029",2017,"ES","IAR/PARCC","reading",128,28.1
"610030",2017,"ES","IAR/PARCC","reading",166,14.5
"610032",2017,"ES","IAR/PARCC","reading",196,16.8
"610033",2017,"ES","IAR/PARCC","reading",365,57.3
"610034",2017,"ES","IAR/PARCC","reading",162,11.1
"610036",2017,"ES","IAR/PARCC","reading",298,5.7
"610037",2017,"ES","IAR/PARCC","reading",219,16.4
"610038",2017,"ES","IAR/PARCC","reading",550,88.2
"610039",2017,"ES","IAR/PARCC","reading",339,35.4
"610040",2017,"ES","IAR/PARCC","reading",498,21.5
"610041",2017,"ES","IAR/PARCC","reading",779,30.6
"610043",2017,"ES","IAR/PARCC","reading",232,16.4
"610044",2017,"ES","IAR/PARCC","reading",262,20.2
"610046",2017,"ES","IAR/PARCC","reading",1017,33.4
"610047",2017,"ES","IAR/PARCC","reading",145,9
"610048",2017,"ES","IAR/PARCC","reading",172,13.4
"610051",2017,"ES","IAR/PARCC","reading",490,11.2
"610052",2017,"ES","IAR/PARCC","reading",209,6.7
"610053",2017,"ES","IAR/PARCC","reading",764,13.9
"610054",2017,"ES","IAR/PARCC","reading",492,18.5
"610055",2017,"ES","IAR/PARCC","reading",164,12.8
"610056",2017,"ES","IAR/PARCC","reading",214,16.8
"610057",2017,"ES","IAR/PARCC","reading",371,11.9
"610059",2017,"ES","IAR/PARCC","reading",359,72.7
"610060",2017,"ES","IAR/PARCC","reading",352,59.4
"610062",2017,"ES","IAR/PARCC","reading",161,27.3
"610063",2017,"ES","IAR/PARCC","reading",371,16.4
"610065",2017,"ES","IAR/PARCC","reading",199,8.5
"610066",2017,"ES","IAR/PARCC","reading",108,91.7
"610067",2017,"ES","IAR/PARCC","reading",443,14
"610068",2017,"ES","IAR/PARCC","reading",836,22.8
"610070",2017,"ES","IAR/PARCC","reading",429,29.8
"610073",2017,"ES","IAR/PARCC","reading",243,58
"610074",2017,"ES","IAR/PARCC","reading",543,20.4
"610076",2017,"ES","IAR/PARCC","reading",254,17.3
"610077",2017,"ES","IAR/PARCC","reading",477,5
"610078",2017,"ES","IAR/PARCC","reading",373,39.9
"610081",2017,"ES","IAR/PARCC","reading",315,55.9
"610082",2017,"ES","IAR/PARCC","reading",679,67
"610084",2017,"ES","IAR/PARCC","reading",176,92.6
"610086",2017,"ES","IAR/PARCC","reading",172,11
"610088",2017,"ES","IAR/PARCC","reading",476,20.2
"610089",2017,"ES","IAR/PARCC","reading",349,32.7
"610090",2017,"ES","IAR/PARCC","reading",324,30.2
"610091",2017,"ES","IAR/PARCC","reading",216,31.9
"610092",2017,"ES","IAR/PARCC","reading",175,9.7
"610093",2017,"ES","IAR/PARCC","reading",137,8
"610094",2017,"ES","IAR/PARCC","reading",307,52.1
"610095",2017,"ES","IAR/PARCC","reading",359,36.5
"610096",2017,"ES","IAR/PARCC","reading",759,15.4
"610097",2017,"ES","IAR/PARCC","reading",504,12.1
"610098",2017,"ES","IAR/PARCC","reading",550,24.5
"610099",2017,"ES","IAR/PARCC","reading",224,67.4
"610100",2017,"ES","IAR/PARCC","reading",369,10
"610101",2017,"ES","IAR/PARCC","reading",374,55.1
"610102",2017,"ES","IAR/PARCC","reading",294,5.8
"610103",2017,"ES","IAR/PARCC","reading",412,11.4
"610104",2017,"ES","IAR/PARCC","reading",372,49.2
"610105",2017,"ES","IAR/PARCC","reading",421,65.8
"610106",2017,"ES","IAR/PARCC","reading",357,8.7
"610107",2017,"ES","IAR/PARCC","reading",261,22.2
"610108",2017,"ES","IAR/PARCC","reading",245,6.5
"610109",2017,"ES","IAR/PARCC","reading",168,45.8
"610110",2017,"ES","IAR/PARCC","reading",219,27.4
"610111",2017,"ES","IAR/PARCC","reading",501,30.9
"610112",2017,"ES","IAR/PARCC","reading",292,11
"610115",2017,"ES","IAR/PARCC","reading",217,12.4
"610116",2017,"ES","IAR/PARCC","reading",134,14.2
"610117",2017,"ES","IAR/PARCC","reading",303,32
"610120",2017,"ES","IAR/PARCC","reading",320,38.8
"610121",2017,"ES","IAR/PARCC","reading",280,20
"610122",2017,"ES","IAR/PARCC","reading",560,38.2
"610123",2017,"ES","IAR/PARCC","reading",191,12.6
"610124",2017,"ES","IAR/PARCC","reading",209,10.5
"610125",2017,"ES","IAR/PARCC","reading",473,27.7
"610126",2017,"ES","IAR/PARCC","reading",356,24.2
"610127",2017,"ES","IAR/PARCC","reading",460,37.2
"610128",2017,"ES","IAR/PARCC","reading",132,32.6
"610129",2017,"ES","IAR/PARCC","reading",312,26.3
"610130",2017,"ES","IAR/PARCC","reading",155,29.7
"610131",2017,"ES","IAR/PARCC","reading",89,23.6
"610132",2017,"ES","IAR/PARCC","reading",125,85.6
"610133",2017,"ES","IAR/PARCC","reading",306,11.1
"610135",2017,"ES","IAR/PARCC","reading",543,31.1
"610136",2017,"ES","IAR/PARCC","reading",193,65.3
"610137",2017,"ES","IAR/PARCC","reading",393,34.1
"610138",2017,"ES","IAR/PARCC","reading",481,44.1
"610139",2017,"ES","IAR/PARCC","reading",210,11.4
"610141",2017,"ES","IAR/PARCC","reading",279,57.7
"610142",2017,"ES","IAR/PARCC","reading",316,36.4
"610143",2017,"ES","IAR/PARCC","reading",136,21.3
"610144",2017,"ES","IAR/PARCC","reading",602,19.6
"610145",2017,"ES","IAR/PARCC","reading",468,35.3
"610146",2017,"ES","IAR/PARCC","reading",137,7.3
"610147",2017,"ES","IAR/PARCC","reading",462,45.2
"610148",2017,"ES","IAR/PARCC","reading",573,31.1
"610152",2017,"ES","IAR/PARCC","reading",244,13.5
"610153",2017,"ES","IAR/PARCC","reading",221,12.2
"610155",2017,"ES","IAR/PARCC","reading",367,65.4
"610157",2017,"ES","IAR/PARCC","reading",1191,23.1
"610158",2017,"ES","IAR/PARCC","reading",273,24.5
"610159",2017,"ES","IAR/PARCC","reading",521,31.7
"610165",2017,"ES","IAR/PARCC","reading",360,25.6
"610167",2017,"ES","IAR/PARCC","reading",461,16.7
"610170",2017,"ES","IAR/PARCC","reading",764,35.1
"610171",2017,"ES","IAR/PARCC","reading",348,12.6
"610172",2017,"ES","IAR/PARCC","reading",165,10.3
"610173",2017,"ES","IAR/PARCC","reading",170,24.1
"610174",2017,"ES","IAR/PARCC","reading",336,21.1
"610175",2017,"ES","IAR/PARCC","reading",211,30.8
"610176",2017,"ES","IAR/PARCC","reading",300,9.7
"610177",2017,"ES","IAR/PARCC","reading",621,77.3
"610178",2017,"ES","IAR/PARCC","reading",120,8.3
"610179",2017,"ES","IAR/PARCC","reading",604,38.1
"610180",2017,"ES","IAR/PARCC","reading",220,7.3
"610182",2017,"ES","IAR/PARCC","reading",168,66.1
"610183",2017,"ES","IAR/PARCC","reading",388,8
"610184",2017,"ES","IAR/PARCC","reading",367,11.7
"610185",2017,"ES","IAR/PARCC","reading",791,31.7
"610188",2017,"ES","IAR/PARCC","reading",153,24.8
"610191",2017,"ES","IAR/PARCC","reading",369,61
"610192",2017,"ES","IAR/PARCC","reading",420,9.5
"610193",2017,"ES","IAR/PARCC","reading",275,14.9
"610194",2017,"ES","IAR/PARCC","reading",168,23.2
"610195",2017,"ES","IAR/PARCC","reading",348,34.8
"610196",2017,"ES","IAR/PARCC","reading",299,27.1
"610197",2017,"ES","IAR/PARCC","reading",300,27
"610198",2017,"ES","IAR/PARCC","reading",161,13
"610199",2017,"ES","IAR/PARCC","reading",157,24.8
"610200",2017,"ES","IAR/PARCC","reading",161,2.5
"610201",2017,"ES","IAR/PARCC","reading",414,44.4
"610202",2017,"ES","IAR/PARCC","reading",185,10.8
"610203",2017,"ES","IAR/PARCC","reading",457,28.4
"610206",2017,"ES","IAR/PARCC","reading",749,54.1
"610207",2017,"ES","IAR/PARCC","reading",210,30
"610208",2017,"ES","IAR/PARCC","reading",224,6.7
"610209",2017,"ES","IAR/PARCC","reading",574,20.9
"610212",2017,"ES","IAR/PARCC","reading",184,21.2
"610213",2017,"ES","IAR/PARCC","reading",351,15.4
"610215",2017,"ES","IAR/PARCC","reading",333,12
"610216",2017,"ES","IAR/PARCC","reading",155,10.3
"610217",2017,"ES","IAR/PARCC","reading",328,47.3
"610218",2017,"ES","IAR/PARCC","reading",172,17.4
"610219",2017,"ES","IAR/PARCC","reading",547,38.8
"610220",2017,"ES","IAR/PARCC","reading",352,46.9
"610221",2017,"ES","IAR/PARCC","reading",163,23.3
"610223",2017,"ES","IAR/PARCC","reading",282,12.4
"610225",2017,"ES","IAR/PARCC","reading",182,28.6
"610226",2017,"ES","IAR/PARCC","reading",541,26.8
"610227",2017,"ES","IAR/PARCC","reading",662,26.1
"610228",2017,"ES","IAR/PARCC","reading",173,17.9
"610229",2017,"ES","IAR/PARCC","reading",475,50.3
"610230",2017,"ES","IAR/PARCC","reading",319,69.9
"610231",2017,"ES","IAR/PARCC","reading",399,27.6
"610234",2017,"ES","IAR/PARCC","reading",244,7.8
"610235",2017,"ES","IAR/PARCC","reading",576,15.6
"610237",2017,"ES","IAR/PARCC","reading",233,14.6
"610238",2017,"ES","IAR/PARCC","reading",151,4.6
"610239",2017,"ES","IAR/PARCC","reading",417,17.3
"610242",2017,"ES","IAR/PARCC","reading",233,46.8
"610246",2017,"ES","IAR/PARCC","reading",781,25.1
"610248",2017,"ES","IAR/PARCC","reading",357,34.5
"610249",2017,"ES","IAR/PARCC","reading",225,28.9
"610250",2017,"ES","IAR/PARCC","reading",233,31.8
"610251",2017,"ES","IAR/PARCC","reading",225,10.7
"610252",2017,"ES","IAR/PARCC","reading",168,0.6
"610254",2017,"ES","IAR/PARCC","reading",237,10.1
"610256",2017,"ES","IAR/PARCC","reading",25,28
"610257",2017,"ES","IAR/PARCC","reading",228,12.7
"610263",2017,"ES","IAR/PARCC","reading",355,3.4
"610268",2017,"ES","IAR/PARCC","reading",203,10.8
"610269",2017,"ES","IAR/PARCC","reading",198,33.8
"610271",2017,"ES","IAR/PARCC","reading",257,9.3
"610274",2017,"ES","IAR/PARCC","reading",287,11.1
"610276",2017,"ES","IAR/PARCC","reading",110,11.8
"610279",2017,"ES","IAR/PARCC","reading",214,9.3
"610281",2017,"ES","IAR/PARCC","reading",387,16.3
"610282",2017,"ES","IAR/PARCC","reading",204,6.4
"610284",2017,"ES","IAR/PARCC","reading",178,23.6
"610287",2017,"ES","IAR/PARCC","reading",295,19
"610290",2017,"ES","IAR/PARCC","reading",208,11.5
"610291",2017,"ES","IAR/PARCC","reading",560,31.4
"610293",2017,"ES","IAR/PARCC","reading",270,5.9
"610295",2017,"ES","IAR/PARCC","reading",183,24.6
"610298",2017,"ES","IAR/PARCC","reading",163,79.8
"610299",2017,"ES","IAR/PARCC","reading",131,2.3
"610300",2017,"ES","IAR/PARCC","reading",235,7.7
"610305",2017,"ES","IAR/PARCC","reading",304,5.6
"610312",2017,"ES","IAR/PARCC","reading",74,45.9
"610313",2017,"ES","IAR/PARCC","reading",325,11.1
"610315",2017,"ES","IAR/PARCC","reading",102,9.8
"610316",2017,"ES","IAR/PARCC","reading",167,50.3
"610317",2017,"ES","IAR/PARCC","reading",326,12.6
"610319",2017,"ES","IAR/PARCC","reading",299,27.4
"610325",2017,"ES","IAR/PARCC","reading",446,20.6
"610329",2017,"ES","IAR/PARCC","reading",425,35.8
"610339",2017,"ES","IAR/PARCC","reading",274,6.2
"610342",2017,"ES","IAR/PARCC","reading",381,15.2
"610345",2017,"ES","IAR/PARCC","reading",203,9.4
"610347",2017,"ES","IAR/PARCC","reading",233,9.9
"610350",2017,"ES","IAR/PARCC","reading",304,37.8
"610352",2017,"ES","IAR/PARCC","reading",425,39.3
"610353",2017,"ES","IAR/PARCC","reading",488,17.8
"610354",2017,"ES","IAR/PARCC","reading",179,26.8
"610355",2017,"ES","IAR/PARCC","reading",203,29.1
"610362",2017,"ES","IAR/PARCC","reading",202,18.8
"610363",2017,"ES","IAR/PARCC","reading",886,52.9
"610364",2017,"ES","IAR/PARCC","reading",155,14.8
"610366",2017,"ES","IAR/PARCC","reading",145,15.9
"610367",2017,"ES","IAR/PARCC","reading",347,12.4
"610368",2017,"ES","IAR/PARCC","reading",252,15.1
"610369",2017,"ES","IAR/PARCC","reading",169,8.3
"610391",2017,"ES","IAR/PARCC","reading",57,56.1
"610396",2017,"ES","IAR/PARCC","reading",649,22.7
"610405",2017,"ES","IAR/PARCC","reading",143,16.8
"610503",2017,"ES","IAR/PARCC","reading",138,39.9
"610515",2017,"ES","IAR/PARCC","reading",192,52.6
"610520",2017,"ES","IAR/PARCC","reading",336,61.3
"610521",2017,"ES","IAR/PARCC","reading",177,26.6
"610523",2017,"ES","IAR/PARCC","reading",344,59.6
"610529",2017,"ES","IAR/PARCC","reading",177,35
"610530",2017,"ES","IAR/PARCC","reading",238,20.2
"610532",2017,"ES","IAR/PARCC","reading",993,19.9
"610533",2017,"ES","IAR/PARCC","reading",614,19.7
"610534",2017,"ES","IAR/PARCC","reading",290,94.5
"610539",2017,"ES","IAR/PARCC","reading",547,22.7
"610541",2017,"ES","IAR/PARCC","reading",535,32.7
"610542",2017,"ES","IAR/PARCC","reading",467,50.1
"610544",2017,"ES","IAR/PARCC","reading",647,37.4
"610548",2017,"ES","IAR/PARCC","reading",252,71.4
"610559",2017,"ES","IAR/PARCC","reading",622,15.4
"610564",2017,"ES","IAR/PARCC","reading",162,29.6
"610572",2017,"ES","IAR/PARCC","reading",13,0
"610584",2017,"ES","IAR/PARCC","reading",14,0
"610586",2017,"ES","IAR/PARCC","reading",243,25.9
"610588",2017,"ES","IAR/PARCC","reading",1113,23.6
"400009",2016,"ES","IAR/PARCC","reading",145,19.3
"400011",2016,"ES","IAR/PARCC","reading",305,44.9
"400012",2016,"ES","IAR/PARCC","reading",138,0
"400017",2016,"ES","IAR/PARCC","reading",519,20.2
"400019",2016,"ES","IAR/PARCC","reading",285,14
"400021",2016,"ES","IAR/PARCC","reading",329,14.3
"400023",2016,"ES","IAR/PARCC","reading",250,48
"400024",2016,"ES","IAR/PARCC","reading",420,26.2
"400025",2016,"ES","IAR/PARCC","reading",428,18
"400027",2016,"ES","IAR/PARCC","reading",363,45.2
"400028",2016,"ES","IAR/PARCC","reading",239,15.9
"400029",2016,"ES","IAR/PARCC","reading",278,28.1
"400030",2016,"ES","IAR/PARCC","reading",331,32.3
"400031",2016,"ES","IAR/PARCC","reading",475,29.7
"400033",2016,"ES","IAR/PARCC","reading",883,14.6
"400035",2016,"ES","IAR/PARCC","reading",248,31
"400036",2016,"ES","IAR/PARCC","reading",356,33.4
"400039",2016,"ES","IAR/PARCC","reading",268,32.1
"400040",2016,"ES","IAR/PARCC","reading",270,13.3
"400041",2016,"ES","IAR/PARCC","reading",160,12.5
"400043",2016,"ES","IAR/PARCC","reading",160,23.8
"400044",2016,"ES","IAR/PARCC","reading",212,16.5
"400045",2016,"ES","IAR/PARCC","reading",200,22
"400046",2016,"ES","IAR/PARCC","reading",340,24.4
"400047",2016,"ES","IAR/PARCC","reading",173,26.6
"400048",2016,"ES","IAR/PARCC","reading",172,16.9
"400049",2016,"ES","IAR/PARCC","reading",299,20.4
"400050",2016,"ES","IAR/PARCC","reading",300,40.3
"400052",2016,"ES","IAR/PARCC","reading",308,39.9
"400060",2016,"ES","IAR/PARCC","reading",261,34.1
"400061",2016,"ES","IAR/PARCC","reading",157,8.3
"400064",2016,"ES","IAR/PARCC","reading",164,9.8
"400066",2016,"ES","IAR/PARCC","reading",120,5.8
"400068",2016,"ES","IAR/PARCC","reading",318,9.4
"400069",2016,"ES","IAR/PARCC","reading",280,14.6
"400071",2016,"ES","IAR/PARCC","reading",278,37.4
"400072",2016,"ES","IAR/PARCC","reading",196,15.3
"400074",2016,"ES","IAR/PARCC","reading",178,7.3
"400075",2016,"ES","IAR/PARCC","reading",237,24.5
"400076",2016,"ES","IAR/PARCC","reading",151,41.1
"400077",2016,"ES","IAR/PARCC","reading",208,14.9
"400078",2016,"ES","IAR/PARCC","reading",300,22.3
"400079",2016,"ES","IAR/PARCC","reading",440,40.2
"400080",2016,"ES","IAR/PARCC","reading",435,32.4
"400081",2016,"ES","IAR/PARCC","reading",192,24
"400082",2016,"ES","IAR/PARCC","reading",380,32.6
"400083",2016,"ES","IAR/PARCC","reading",243,18.5
"400084",2016,"ES","IAR/PARCC","reading",192,28.1
"400089",2016,"ES","IAR/PARCC","reading",378,24.3
"400092",2016,"ES","IAR/PARCC","reading",189,9.5
"400096",2016,"ES","IAR/PARCC","reading",487,26.1
"400101",2016,"ES","IAR/PARCC","reading",365,27.7
"400107",2016,"ES","IAR/PARCC","reading",273,32.2
"400108",2016,"ES","IAR/PARCC","reading",48,16.7
"400111",2016,"ES","IAR/PARCC","reading",340,28.5
"400112",2016,"ES","IAR/PARCC","reading",383,36.6
"400113",2016,"ES","IAR/PARCC","reading",62,19.4
"400114",2016,"ES","IAR/PARCC","reading",184,29.9
"400115",2016,"ES","IAR/PARCC","reading",341,21.1
"400116",2016,"ES","IAR/PARCC","reading",88,3.4
"400120",2016,"ES","IAR/PARCC","reading",382,18.1
"400121",2016,"ES","IAR/PARCC","reading",338,18.3
"400146",2016,"ES","IAR/PARCC","reading",286,16.1
"400149",2016,"ES","IAR/PARCC","reading",115,21.7
"400151",2016,"ES","IAR/PARCC","reading",161,20.5
"400153",2016,"ES","IAR/PARCC","reading",365,26.8
"400159",2016,"ES","IAR/PARCC","reading",53,20.8
"400161",2016,"ES","IAR/PARCC","reading",222,18.9
"400162",2016,"ES","IAR/PARCC","reading",299,25.8
"400163",2016,"ES","IAR/PARCC","reading",237,14.3
"400165",2016,"ES","IAR/PARCC","reading",224,15.6
"400167",2016,"ES","IAR/PARCC","reading",316,27.2
"400171",2016,"ES","IAR/PARCC","reading",144,9.7
"400177",2016,"ES","IAR/PARCC","reading",281,31
"609710",2016,"ES","IAR/PARCC","reading",17,47.1
"609716",2016,"ES","IAR/PARCC","reading",119,8.4
"609720",2016,"ES","IAR/PARCC","reading",116,90.5
"609725",2016,"ES","IAR/PARCC","reading",99,57.6
"609734",2016,"ES","IAR/PARCC","reading",163,75.5
"609746",2016,"ES","IAR/PARCC","reading",209,63.6
"609755",2016,"ES","IAR/PARCC","reading",153,96.1
"609772",2016,"ES","IAR/PARCC","reading",564,31.6
"609773",2016,"ES","IAR/PARCC","reading",214,37.4
"609774",2016,"ES","IAR/PARCC","reading",258,65.9
"609777",2016,"ES","IAR/PARCC","reading",175,24
"609779",2016,"ES","IAR/PARCC","reading",895,33.4
"609780",2016,"ES","IAR/PARCC","reading",297,12.8
"609782",2016,"ES","IAR/PARCC","reading",279,51.3
"609786",2016,"ES","IAR/PARCC","reading",162,13
"609788",2016,"ES","IAR/PARCC","reading",186,24.7
"609789",2016,"ES","IAR/PARCC","reading",369,14.9
"609790",2016,"ES","IAR/PARCC","reading",274,7.3
"609791",2016,"ES","IAR/PARCC","reading",300,5.7
"609792",2016,"ES","IAR/PARCC","reading",627,29.5
"609793",2016,"ES","IAR/PARCC","reading",350,11.7
"609794",2016,"ES","IAR/PARCC","reading",179,94.4
"609795",2016,"ES","IAR/PARCC","reading",146,32.2
"609796",2016,"ES","IAR/PARCC","reading",701,64.5
"609797",2016,"ES","IAR/PARCC","reading",288,14.2
"609798",2016,"ES","IAR/PARCC","reading",104,26.9
"609799",2016,"ES","IAR/PARCC","reading",492,70.1
"609800",2016,"ES","IAR/PARCC","reading",207,17.4
"609803",2016,"ES","IAR/PARCC","reading",86,59.3
"609804",2016,"ES","IAR/PARCC","reading",477,33.8
"609805",2016,"ES","IAR/PARCC","reading",262,17.6
"609806",2016,"ES","IAR/PARCC","reading",423,7.3
"609807",2016,"ES","IAR/PARCC","reading",401,20
"609808",2016,"ES","IAR/PARCC","reading",364,19
"609809",2016,"ES","IAR/PARCC","reading",220,29.1
"609810",2016,"ES","IAR/PARCC","reading",593,52.8
"609811",2016,"ES","IAR/PARCC","reading",166,11.4
"609812",2016,"ES","IAR/PARCC","reading",140,17.9
"609813",2016,"ES","IAR/PARCC","reading",93,7.5
"609815",2016,"ES","IAR/PARCC","reading",366,21.9
"609817",2016,"ES","IAR/PARCC","reading",406,42.6
"609818",2016,"ES","IAR/PARCC","reading",564,26.2
"609819",2016,"ES","IAR/PARCC","reading",197,5.6
"609820",2016,"ES","IAR/PARCC","reading",277,75.5
"609821",2016,"ES","IAR/PARCC","reading",342,22.8
"609826",2016,"ES","IAR/PARCC","reading",570,24.4
"609827",2016,"ES","IAR/PARCC","reading",323,30.7
"609828",2016,"ES","IAR/PARCC","reading",172,54.7
"609829",2016,"ES","IAR/PARCC","reading",285,51.6
"609830",2016,"ES","IAR/PARCC","reading",344,3.2
"609832",2016,"ES","IAR/PARCC","reading",444,36.3
"609833",2016,"ES","IAR/PARCC","reading",166,7.2
"609834",2016,"ES","IAR/PARCC","reading",526,25.1
"609835",2016,"ES","IAR/PARCC","reading",494,15.6
"609836",2016,"ES","IAR/PARCC","reading",492,53
"609837",2016,"ES","IAR/PARCC","reading",356,33.1
"609839",2016,"ES","IAR/PARCC","reading",323,19.2
"609842",2016,"ES","IAR/PARCC","reading",648,27.3
"609844",2016,"ES","IAR/PARCC","reading",234,15.8
"609845",2016,"ES","IAR/PARCC","reading",250,14.8
"609848",2016,"ES","IAR/PARCC","reading",111,6.3
"609849",2016,"ES","IAR/PARCC","reading",194,33
"609850",2016,"ES","IAR/PARCC","reading",393,44.3
"609851",2016,"ES","IAR/PARCC","reading",216,4.2
"609852",2016,"ES","IAR/PARCC","reading",298,47.3
"609853",2016,"ES","IAR/PARCC","reading",266,20.3
"609854",2016,"ES","IAR/PARCC","reading",282,19.5
"609855",2016,"ES","IAR/PARCC","reading",134,18.7
"609856",2016,"ES","IAR/PARCC","reading",367,16.1
"609857",2016,"ES","IAR/PARCC","reading",359,31.8
"609859",2016,"ES","IAR/PARCC","reading",680,33.2
"609861",2016,"ES","IAR/PARCC","reading",338,31.1
"609862",2016,"ES","IAR/PARCC","reading",297,18.2
"609863",2016,"ES","IAR/PARCC","reading",172,33.7
"609864",2016,"ES","IAR/PARCC","reading",122,7.4
"609865",2016,"ES","IAR/PARCC","reading",329,17.6
"609866",2016,"ES","IAR/PARCC","reading",471,71.1
"609867",2016,"ES","IAR/PARCC","reading",258,17.4
"609869",2016,"ES","IAR/PARCC","reading",198,5.1
"609870",2016,"ES","IAR/PARCC","reading",304,32.6
"609872",2016,"ES","IAR/PARCC","reading",195,46.2
"609873",2016,"ES","IAR/PARCC","reading",145,7.6
"609874",2016,"ES","IAR/PARCC","reading",438,50.2
"609875",2016,"ES","IAR/PARCC","reading",291,22.7
"609876",2016,"ES","IAR/PARCC","reading",450,18.2
"609879",2016,"ES","IAR/PARCC","reading",635,29.1
"609880",2016,"ES","IAR/PARCC","reading",160,95.6
"609883",2016,"ES","IAR/PARCC","reading",335,9
"609884",2016,"ES","IAR/PARCC","reading",508,44.7
"609885",2016,"ES","IAR/PARCC","reading",182,13.7
"609887",2016,"ES","IAR/PARCC","reading",425,40
"609888",2016,"ES","IAR/PARCC","reading",78,11.5
"609891",2016,"ES","IAR/PARCC","reading",167,3.6
"609893",2016,"ES","IAR/PARCC","reading",445,38.7
"609894",2016,"ES","IAR/PARCC","reading",260,7.7
"609895",2016,"ES","IAR/PARCC","reading",183,35
"609896",2016,"ES","IAR/PARCC","reading",59,72.9
"609897",2016,"ES","IAR/PARCC","reading",251,8
"609898",2016,"ES","IAR/PARCC","reading",975,21.6
"609899",2016,"ES","IAR/PARCC","reading",477,66
"609900",2016,"ES","IAR/PARCC","reading",372,5.4
"609901",2016,"ES","IAR/PARCC","reading",334,76
"609902",2016,"ES","IAR/PARCC","reading",259,8.1
"609903",2016,"ES","IAR/PARCC","reading",825,18.4
"609904",2016,"ES","IAR/PARCC","reading",393,10.9
"609907",2016,"ES","IAR/PARCC","reading",247,21.9
"609908",2016,"ES","IAR/PARCC","reading",173,23.7
"609909",2016,"ES","IAR/PARCC","reading",90,28.9
"609910",2016,"ES","IAR/PARCC","reading",692,21.5
"609912",2016,"ES","IAR/PARCC","reading",326,42.9
"609917",2016,"ES","IAR/PARCC","reading",206,20.4
"609918",2016,"ES","IAR/PARCC","reading",289,33.6
"609919",2016,"ES","IAR/PARCC","reading",279,7.2
"609920",2016,"ES","IAR/PARCC","reading",452,10.8
"609921",2016,"ES","IAR/PARCC","reading",112,23.2
"609922",2016,"ES","IAR/PARCC","reading",188,12.8
"609924",2016,"ES","IAR/PARCC","reading",255,16.1
"609925",2016,"ES","IAR/PARCC","reading",221,16.7
"609926",2016,"ES","IAR/PARCC","reading",143,40.6
"609927",2016,"ES","IAR/PARCC","reading",190,12.6
"609928",2016,"ES","IAR/PARCC","reading",258,10.9
"609929",2016,"ES","IAR/PARCC","reading",166,13.3
"609930",2016,"ES","IAR/PARCC","reading",287,10.8
"609933",2016,"ES","IAR/PARCC","reading",174,10.3
"609935",2016,"ES","IAR/PARCC","reading",620,18.1
"609937",2016,"ES","IAR/PARCC","reading",552,46.7
"609938",2016,"ES","IAR/PARCC","reading",1040,24.8
"609939",2016,"ES","IAR/PARCC","reading",306,19.9
"609941",2016,"ES","IAR/PARCC","reading",309,5.5
"609942",2016,"ES","IAR/PARCC","reading",408,38.2
"609943",2016,"ES","IAR/PARCC","reading",265,12.5
"609944",2016,"ES","IAR/PARCC","reading",214,36
"609945",2016,"ES","IAR/PARCC","reading",445,38.4
"609947",2016,"ES","IAR/PARCC","reading",297,16.8
"609949",2016,"ES","IAR/PARCC","reading",765,29.7
"609951",2016,"ES","IAR/PARCC","reading",319,21
"609952",2016,"ES","IAR/PARCC","reading",285,26.7
"609954",2016,"ES","IAR/PARCC","reading",243,12.8
"609955",2016,"ES","IAR/PARCC","reading",202,7.4
"609956",2016,"ES","IAR/PARCC","reading",288,36.1
"609958",2016,"ES","IAR/PARCC","reading",467,29.6
"609959",2016,"ES","IAR/PARCC","reading",398,59.8
"609960",2016,"ES","IAR/PARCC","reading",593,37.8
"609961",2016,"ES","IAR/PARCC","reading",234,13.2
"609963",2016,"ES","IAR/PARCC","reading",217,48.4
"609964",2016,"ES","IAR/PARCC","reading",364,11
"609966",2016,"ES","IAR/PARCC","reading",270,16.7
"609967",2016,"ES","IAR/PARCC","reading",230,19.1
"609968",2016,"ES","IAR/PARCC","reading",469,14.9
"609969",2016,"ES","IAR/PARCC","reading",225,23.6
"609971",2016,"ES","IAR/PARCC","reading",237,5.1
"609972",2016,"ES","IAR/PARCC","reading",465,32.3
"609973",2016,"ES","IAR/PARCC","reading",528,35.6
"609974",2016,"ES","IAR/PARCC","reading",356,77
"609975",2016,"ES","IAR/PARCC","reading",251,12.4
"609976",2016,"ES","IAR/PARCC","reading",522,40
"609977",2016,"ES","IAR/PARCC","reading",94,31.9
"609978",2016,"ES","IAR/PARCC","reading",215,7.9
"609979",2016,"ES","IAR/PARCC","reading",841,57.4
"609981",2016,"ES","IAR/PARCC","reading",153,9.8
"609983",2016,"ES","IAR/PARCC","reading",391,19.9
"609985",2016,"ES","IAR/PARCC","reading",228,26.8
"609986",2016,"ES","IAR/PARCC","reading",202,8.9
"609987",2016,"ES","IAR/PARCC","reading",132,21.2
"609988",2016,"ES","IAR/PARCC","reading",309,25.2
"609990",2016,"ES","IAR/PARCC","reading",516,59.9
"609991",2016,"ES","IAR/PARCC","reading",294,5.8
"609993",2016,"ES","IAR/PARCC","reading",272,23.9
"609994",2016,"ES","IAR/PARCC","reading",550,25.6
"609995",2016,"ES","IAR/PARCC","reading",316,43
"609996",2016,"ES","IAR/PARCC","reading",295,23.4
"609997",2016,"ES","IAR/PARCC","reading",121,9.1
"610000",2016,"ES","IAR/PARCC","reading",327,11.3
"610002",2016,"ES","IAR/PARCC","reading",166,20.5
"610003",2016,"ES","IAR/PARCC","reading",264,17.8
"610004",2016,"ES","IAR/PARCC","reading",158,13.3
"610005",2016,"ES","IAR/PARCC","reading",138,15.2
"610006",2016,"ES","IAR/PARCC","reading",544,28.7
"610009",2016,"ES","IAR/PARCC","reading",344,61.9
"610010",2016,"ES","IAR/PARCC","reading",96,21.9
"610011",2016,"ES","IAR/PARCC","reading",501,41.9
"610012",2016,"ES","IAR/PARCC","reading",133,3.8
"610013",2016,"ES","IAR/PARCC","reading",220,18.6
"610015",2016,"ES","IAR/PARCC","reading",159,30.2
"610016",2016,"ES","IAR/PARCC","reading",156,50.6
"610017",2016,"ES","IAR/PARCC","reading",443,28
"610019",2016,"ES","IAR/PARCC","reading",152,34.2
"610021",2016,"ES","IAR/PARCC","reading",272,25
"610022",2016,"ES","IAR/PARCC","reading",398,24.1
"610024",2016,"ES","IAR/PARCC","reading",160,33.8
"610026",2016,"ES","IAR/PARCC","reading",427,42.9
"610027",2016,"ES","IAR/PARCC","reading",255,28.6
"610029",2016,"ES","IAR/PARCC","reading",129,31.8
"610030",2016,"ES","IAR/PARCC","reading",184,21.2
"610032",2016,"ES","IAR/PARCC","reading",177,19.2
"610033",2016,"ES","IAR/PARCC","reading",346,59.5
"610034",2016,"ES","IAR/PARCC","reading",200,7
"610036",2016,"ES","IAR/PARCC","reading",301,7
"610037",2016,"ES","IAR/PARCC","reading",205,17.1
"610038",2016,"ES","IAR/PARCC","reading",544,84
"610039",2016,"ES","IAR/PARCC","reading",346,30.6
"610040",2016,"ES","IAR/PARCC","reading",534,17.4
"610041",2016,"ES","IAR/PARCC","reading",760,32.5
"610043",2016,"ES","IAR/PARCC","reading",241,13.7
"610044",2016,"ES","IAR/PARCC","reading",253,23.7
"610046",2016,"ES","IAR/PARCC","reading",1000,33.8
"610047",2016,"ES","IAR/PARCC","reading",141,10.6
"610048",2016,"ES","IAR/PARCC","reading",152,5.3
"610051",2016,"ES","IAR/PARCC","reading",538,13.9
"610052",2016,"ES","IAR/PARCC","reading",218,10.1
"610053",2016,"ES","IAR/PARCC","reading",737,13
"610054",2016,"ES","IAR/PARCC","reading",508,18.5
"610055",2016,"ES","IAR/PARCC","reading",173,13.3
"610056",2016,"ES","IAR/PARCC","reading",210,18.6
"610057",2016,"ES","IAR/PARCC","reading",346,11.6
"610059",2016,"ES","IAR/PARCC","reading",310,65.5
"610060",2016,"ES","IAR/PARCC","reading",339,66.7
"610062",2016,"ES","IAR/PARCC","reading",148,32.4
"610063",2016,"ES","IAR/PARCC","reading",364,17.3
"610065",2016,"ES","IAR/PARCC","reading",206,10.2
"610066",2016,"ES","IAR/PARCC","reading",104,94.2
"610067",2016,"ES","IAR/PARCC","reading",446,16.4
"610068",2016,"ES","IAR/PARCC","reading",804,25.7
"610070",2016,"ES","IAR/PARCC","reading",453,31.6
"610073",2016,"ES","IAR/PARCC","reading",220,52.7
"610074",2016,"ES","IAR/PARCC","reading",568,22.5
"610076",2016,"ES","IAR/PARCC","reading",320,12.2
"610077",2016,"ES","IAR/PARCC","reading",436,6.2
"610078",2016,"ES","IAR/PARCC","reading",340,37.9
"610081",2016,"ES","IAR/PARCC","reading",292,50.7
"610082",2016,"ES","IAR/PARCC","reading",654,61
"610084",2016,"ES","IAR/PARCC","reading",179,95.5
"610086",2016,"ES","IAR/PARCC","reading",158,16.5
"610088",2016,"ES","IAR/PARCC","reading",481,23.3
"610089",2016,"ES","IAR/PARCC","reading",309,38.2
"610090",2016,"ES","IAR/PARCC","reading",274,43.4
"610091",2016,"ES","IAR/PARCC","reading",192,37
"610092",2016,"ES","IAR/PARCC","reading",209,9.1
"610093",2016,"ES","IAR/PARCC","reading",136,8.1
"610094",2016,"ES","IAR/PARCC","reading",230,50
"610095",2016,"ES","IAR/PARCC","reading",369,41.2
"610096",2016,"ES","IAR/PARCC","reading",755,19.2
"610097",2016,"ES","IAR/PARCC","reading",523,14.9
"610098",2016,"ES","IAR/PARCC","reading",537,19.4
"610099",2016,"ES","IAR/PARCC","reading",188,68.6
"610100",2016,"ES","IAR/PARCC","reading",371,14.3
"610101",2016,"ES","IAR/PARCC","reading",354,51.4
"610102",2016,"ES","IAR/PARCC","reading",271,8.1
"610103",2016,"ES","IAR/PARCC","reading",393,16
"610104",2016,"ES","IAR/PARCC","reading",376,54.3
"610105",2016,"ES","IAR/PARCC","reading",383,58.5
"610106",2016,"ES","IAR/PARCC","reading",331,9.7
"610107",2016,"ES","IAR/PARCC","reading",264,21.2
"610108",2016,"ES","IAR/PARCC","reading",254,7.5
"610109",2016,"ES","IAR/PARCC","reading",167,47.9
"610110",2016,"ES","IAR/PARCC","reading",239,20.5
"610111",2016,"ES","IAR/PARCC","reading",475,30.5
"610112",2016,"ES","IAR/PARCC","reading",331,10
"610115",2016,"ES","IAR/PARCC","reading",182,11
"610116",2016,"ES","IAR/PARCC","reading",129,11.6
"610117",2016,"ES","IAR/PARCC","reading",735,28.6
"610120",2016,"ES","IAR/PARCC","reading",944,31.6
"610121",2016,"ES","IAR/PARCC","reading",309,23.9
"610122",2016,"ES","IAR/PARCC","reading",566,42.2
"610123",2016,"ES","IAR/PARCC","reading",195,18.5
"610124",2016,"ES","IAR/PARCC","reading",259,7.7
"610125",2016,"ES","IAR/PARCC","reading",459,29
"610126",2016,"ES","IAR/PARCC","reading",327,34.6
"610127",2016,"ES","IAR/PARCC","reading",517,36
"610128",2016,"ES","IAR/PARCC","reading",154,31.8
"610129",2016,"ES","IAR/PARCC","reading",322,21.1
"610130",2016,"ES","IAR/PARCC","reading",168,25
"610131",2016,"ES","IAR/PARCC","reading",94,30.9
"610132",2016,"ES","IAR/PARCC","reading",118,83.1
"610133",2016,"ES","IAR/PARCC","reading",339,17.1
"610135",2016,"ES","IAR/PARCC","reading",581,31.5
"610136",2016,"ES","IAR/PARCC","reading",152,55.9
"610137",2016,"ES","IAR/PARCC","reading",390,39
"610138",2016,"ES","IAR/PARCC","reading",514,47.3
"610139",2016,"ES","IAR/PARCC","reading",162,18.5
"610141",2016,"ES","IAR/PARCC","reading",257,50.6
"610142",2016,"ES","IAR/PARCC","reading",300,39.3
"610143",2016,"ES","IAR/PARCC","reading",148,14.2
"610144",2016,"ES","IAR/PARCC","reading",622,22
"610145",2016,"ES","IAR/PARCC","reading",480,35.6
"610146",2016,"ES","IAR/PARCC","reading",142,8.5
"610147",2016,"ES","IAR/PARCC","reading",437,47.1
"610148",2016,"ES","IAR/PARCC","reading",548,26.5
"610152",2016,"ES","IAR/PARCC","reading",230,10
"610153",2016,"ES","IAR/PARCC","reading",212,12.7
"610155",2016,"ES","IAR/PARCC","reading",367,62.7
"610157",2016,"ES","IAR/PARCC","reading",1211,21.4
"610158",2016,"ES","IAR/PARCC","reading",279,23.7
"610159",2016,"ES","IAR/PARCC","reading",585,21.9
"610165",2016,"ES","IAR/PARCC","reading",365,21.6
"610167",2016,"ES","IAR/PARCC","reading",498,17.5
"610170",2016,"ES","IAR/PARCC","reading",743,33.5
"610171",2016,"ES","IAR/PARCC","reading",413,9.4
"610172",2016,"ES","IAR/PARCC","reading",170,12.4
"610173",2016,"ES","IAR/PARCC","reading",177,18.1
"610174",2016,"ES","IAR/PARCC","reading",310,24.8
"610175",2016,"ES","IAR/PARCC","reading",213,34.7
"610176",2016,"ES","IAR/PARCC","reading",303,16.8
"610177",2016,"ES","IAR/PARCC","reading",554,81.6
"610178",2016,"ES","IAR/PARCC","reading",124,10.5
"610179",2016,"ES","IAR/PARCC","reading",632,40
"610180",2016,"ES","IAR/PARCC","reading",224,8
"610182",2016,"ES","IAR/PARCC","reading",165,73.9
"610183",2016,"ES","IAR/PARCC","reading",414,8
"610184",2016,"ES","IAR/PARCC","reading",382,11
"610185",2016,"ES","IAR/PARCC","reading",832,32
"610188",2016,"ES","IAR/PARCC","reading",144,34.7
"610191",2016,"ES","IAR/PARCC","reading",380,64.5
"610192",2016,"ES","IAR/PARCC","reading",455,6.2
"610193",2016,"ES","IAR/PARCC","reading",270,11.9
"610194",2016,"ES","IAR/PARCC","reading",173,18.5
"610195",2016,"ES","IAR/PARCC","reading",394,33.2
"610196",2016,"ES","IAR/PARCC","reading",348,33.9
"610197",2016,"ES","IAR/PARCC","reading",292,26.7
"610198",2016,"ES","IAR/PARCC","reading",177,13
"610199",2016,"ES","IAR/PARCC","reading",153,25.5
"610200",2016,"ES","IAR/PARCC","reading",129,3.9
"610201",2016,"ES","IAR/PARCC","reading",424,48.8
"610202",2016,"ES","IAR/PARCC","reading",196,5.1
"610203",2016,"ES","IAR/PARCC","reading",496,29
"610206",2016,"ES","IAR/PARCC","reading",762,53.9
"610207",2016,"ES","IAR/PARCC","reading",201,25.4
"610208",2016,"ES","IAR/PARCC","reading",242,7.4
"610209",2016,"ES","IAR/PARCC","reading",567,25.6
"610212",2016,"ES","IAR/PARCC","reading",259,18.5
"610213",2016,"ES","IAR/PARCC","reading",347,18.7
"610215",2016,"ES","IAR/PARCC","reading",325,10.5
"610216",2016,"ES","IAR/PARCC","reading",143,16.1
"610217",2016,"ES","IAR/PARCC","reading",321,46.1
"610218",2016,"ES","IAR/PARCC","reading",160,18.8
"610219",2016,"ES","IAR/PARCC","reading",537,36.1
"610220",2016,"ES","IAR/PARCC","reading",351,50.1
"610221",2016,"ES","IAR/PARCC","reading",165,29.7
"610223",2016,"ES","IAR/PARCC","reading",297,8.8
"610225",2016,"ES","IAR/PARCC","reading",164,25
"610226",2016,"ES","IAR/PARCC","reading",549,24.4
"610227",2016,"ES","IAR/PARCC","reading",649,26.3
"610228",2016,"ES","IAR/PARCC","reading",179,17.3
"610229",2016,"ES","IAR/PARCC","reading",447,47
"610230",2016,"ES","IAR/PARCC","reading",314,65.9
"610231",2016,"ES","IAR/PARCC","reading",331,25.7
"610234",2016,"ES","IAR/PARCC","reading",271,16.6
"610235",2016,"ES","IAR/PARCC","reading",627,11.2
"610237",2016,"ES","IAR/PARCC","reading",264,8
"610238",2016,"ES","IAR/PARCC","reading",160,6.3
"610239",2016,"ES","IAR/PARCC","reading",404,13.6
"610242",2016,"ES","IAR/PARCC","reading",238,47.1
"610246",2016,"ES","IAR/PARCC","reading",784,27.2
"610248",2016,"ES","IAR/PARCC","reading",354,35.9
"610249",2016,"ES","IAR/PARCC","reading",236,24.2
"610250",2016,"ES","IAR/PARCC","reading",228,31.6
"610251",2016,"ES","IAR/PARCC","reading",209,12.9
"610252",2016,"ES","IAR/PARCC","reading",190,3.2
"610254",2016,"ES","IAR/PARCC","reading",265,9.8
"610256",2016,"ES","IAR/PARCC","reading",21,14.3
"610257",2016,"ES","IAR/PARCC","reading",201,15.4
"610263",2016,"ES","IAR/PARCC","reading",370,3.8
"610268",2016,"ES","IAR/PARCC","reading",195,9.2
"610269",2016,"ES","IAR/PARCC","reading",233,29.6
"610271",2016,"ES","IAR/PARCC","reading",277,14.8
"610274",2016,"ES","IAR/PARCC","reading",283,11
"610276",2016,"ES","IAR/PARCC","reading",90,8.9
"610279",2016,"ES","IAR/PARCC","reading",227,13.7
"610281",2016,"ES","IAR/PARCC","reading",360,18.6
"610282",2016,"ES","IAR/PARCC","reading",208,6.3
"610284",2016,"ES","IAR/PARCC","reading",92,28.3
"610287",2016,"ES","IAR/PARCC","reading",274,17.5
"610290",2016,"ES","IAR/PARCC","reading",256,9.8
"610291",2016,"ES","IAR/PARCC","reading",570,27.4
"610293",2016,"ES","IAR/PARCC","reading",293,5.8
"610295",2016,"ES","IAR/PARCC","reading",193,25.4
"610298",2016,"ES","IAR/PARCC","reading",164,79.3
"610299",2016,"ES","IAR/PARCC","reading",120,6.7
"610300",2016,"ES","IAR/PARCC","reading",228,15.4
"610305",2016,"ES","IAR/PARCC","reading",324,4
"610312",2016,"ES","IAR/PARCC","reading",73,23.3
"610313",2016,"ES","IAR/PARCC","reading",370,18.4
"610315",2016,"ES","IAR/PARCC","reading",117,12.8
"610316",2016,"ES","IAR/PARCC","reading",168,61.9
"610317",2016,"ES","IAR/PARCC","reading",267,10.5
"610319",2016,"ES","IAR/PARCC","reading",294,30.6
"610321",2016,"ES","IAR/PARCC","reading",58,20.7
"610325",2016,"ES","IAR/PARCC","reading",495,23
"610329",2016,"ES","IAR/PARCC","reading",434,39.6
"610339",2016,"ES","IAR/PARCC","reading",294,4.4
"610342",2016,"ES","IAR/PARCC","reading",391,17.1
"610345",2016,"ES","IAR/PARCC","reading",210,4.8
"610347",2016,"ES","IAR/PARCC","reading",238,10.1
"610350",2016,"ES","IAR/PARCC","reading",307,19.9
"610352",2016,"ES","IAR/PARCC","reading",401,39.9
"610353",2016,"ES","IAR/PARCC","reading",470,22.1
"610354",2016,"ES","IAR/PARCC","reading",147,17.7
"610355",2016,"ES","IAR/PARCC","reading",230,19.6
"610362",2016,"ES","IAR/PARCC","reading",234,15
"610363",2016,"ES","IAR/PARCC","reading",887,51.4
"610364",2016,"ES","IAR/PARCC","reading",145,11
"610366",2016,"ES","IAR/PARCC","reading",127,6.3
"610367",2016,"ES","IAR/PARCC","reading",335,9.6
"610368",2016,"ES","IAR/PARCC","reading",262,12.2
"610369",2016,"ES","IAR/PARCC","reading",166,9.6
"610391",2016,"ES","IAR/PARCC","reading",36,47.2
"610396",2016,"ES","IAR/PARCC","reading",641,17.5
"610405",2016,"ES","IAR/PARCC","reading",149,21.5
"610503",2016,"ES","IAR/PARCC","reading",141,31.9
"610515",2016,"ES","IAR/PARCC","reading",186,69.9
"610520",2016,"ES","IAR/PARCC","reading",314,51.9
"610521",2016,"ES","IAR/PARCC","reading",176,21.6
"610523",2016,"ES","IAR/PARCC","reading",300,64
"610529",2016,"ES","IAR/PARCC","reading",220,49.5
"610530",2016,"ES","IAR/PARCC","reading",241,16.2
"610532",2016,"ES","IAR/PARCC","reading",898,22
"610533",2016,"ES","IAR/PARCC","reading",656,19.2
"610534",2016,"ES","IAR/PARCC","reading",275,95.3
"610539",2016,"ES","IAR/PARCC","reading",557,30.2
"610541",2016,"ES","IAR/PARCC","reading",519,34.1
"610542",2016,"ES","IAR/PARCC","reading",412,50
"610544",2016,"ES","IAR/PARCC","reading",609,39.1
"610548",2016,"ES","IAR/PARCC","reading",244,66.8
"610559",2016,"ES","IAR/PARCC","reading",665,13.8
"610564",2016,"ES","IAR/PARCC","reading",201,31.8
"610572",2016,"ES","IAR/PARCC","reading",18,5.6
"610584",2016,"ES","IAR/PARCC","reading",10,0
"400010",2016,"HS","IAR/PARCC","reading",92,1.1
"400012",2016,"HS","IAR/PARCC","reading",39,0
"400013",2016,"HS","IAR/PARCC","reading",90,11.1
"400022",2016,"HS","IAR/PARCC","reading",43,39.5
"400032",2016,"HS","IAR/PARCC","reading",107,2.8
"400033",2016,"HS","IAR/PARCC","reading",94,5.3
"400034",2016,"HS","IAR/PARCC","reading",238,21
"400035",2016,"HS","IAR/PARCC","reading",96,36.5
"400036",2016,"HS","IAR/PARCC","reading",36,33.3
"400051",2016,"HS","IAR/PARCC","reading",174,23
"400052",2016,"HS","IAR/PARCC","reading",228,12.3
"400053",2016,"HS","IAR/PARCC","reading",178,23.6
"400054",2016,"HS","IAR/PARCC","reading",263,36.5
"400055",2016,"HS","IAR/PARCC","reading",184,16.8
"400056",2016,"HS","IAR/PARCC","reading",121,11.6
"400057",2016,"HS","IAR/PARCC","reading",232,17.7
"400058",2016,"HS","IAR/PARCC","reading",89,2.2
"400059",2016,"HS","IAR/PARCC","reading",120,3.3
"400061",2016,"HS","IAR/PARCC","reading",107,3.7
"400062",2016,"HS","IAR/PARCC","reading",97,5.2
"400064",2016,"HS","IAR/PARCC","reading",52,9.6
"400066",2016,"HS","IAR/PARCC","reading",110,10.9
"400077",2016,"HS","IAR/PARCC","reading",129,16.3
"400085",2016,"HS","IAR/PARCC","reading",173,8.7
"400086",2016,"HS","IAR/PARCC","reading",98,0
"400087",2016,"HS","IAR/PARCC","reading",119,7.6
"400091",2016,"HS","IAR/PARCC","reading",56,12.5
"400094",2016,"HS","IAR/PARCC","reading",156,9
"400097",2016,"HS","IAR/PARCC","reading",317,28.7
"400098",2016,"HS","IAR/PARCC","reading",261,34.9
"400102",2016,"HS","IAR/PARCC","reading",92,2.2
"400104",2016,"HS","IAR/PARCC","reading",194,10.3
"400105",2016,"HS","IAR/PARCC","reading",91,5.5
"400106",2016,"HS","IAR/PARCC","reading",258,1.6
"400108",2016,"HS","IAR/PARCC","reading",30,10
"400113",2016,"HS","IAR/PARCC","reading",47,8.5
"400115",2016,"HS","IAR/PARCC","reading",138,8
"400117",2016,"HS","IAR/PARCC","reading",211,14.2
"400118",2016,"HS","IAR/PARCC","reading",169,3.6
"400119",2016,"HS","IAR/PARCC","reading",64,6.3
"400121",2016,"HS","IAR/PARCC","reading",59,11.9
"400124",2016,"HS","IAR/PARCC","reading",11,0
"400125",2016,"HS","IAR/PARCC","reading",15,0
"400129",2016,"HS","IAR/PARCC","reading",17,0
"400131",2016,"HS","IAR/PARCC","reading",10,10
"400135",2016,"HS","IAR/PARCC","reading",18,11.1
"400137",2016,"HS","IAR/PARCC","reading",19,5.3
"400139",2016,"HS","IAR/PARCC","reading",22,0
"400143",2016,"HS","IAR/PARCC","reading",22,0
"400144",2016,"HS","IAR/PARCC","reading",14,0
"400145",2016,"HS","IAR/PARCC","reading",48,0
"400147",2016,"HS","IAR/PARCC","reading",15,0
"400149",2016,"HS","IAR/PARCC","reading",188,9
"400156",2016,"HS","IAR/PARCC","reading",187,13.4
"400157",2016,"HS","IAR/PARCC","reading",133,10.5
"400162",2016,"HS","IAR/PARCC","reading",182,34.1
"400167",2016,"HS","IAR/PARCC","reading",48,22.9
"400169",2016,"HS","IAR/PARCC","reading",389,23.4
"400170",2016,"HS","IAR/PARCC","reading",111,23.4
"400172",2016,"HS","IAR/PARCC","reading",156,12.2
"400173",2016,"HS","IAR/PARCC","reading",10,30
"400175",2016,"HS","IAR/PARCC","reading",18,0
"609674",2016,"HS","IAR/PARCC","reading",195,5.1
"609676",2016,"HS","IAR/PARCC","reading",120,4.2
"609678",2016,"HS","IAR/PARCC","reading",332,74.1
"609679",2016,"HS","IAR/PARCC","reading",331,40.5
"609680",2016,"HS","IAR/PARCC","reading",122,91.8
"609682",2016,"HS","IAR/PARCC","reading",75,4
"609691",2016,"HS","IAR/PARCC","reading",235,7.2
"609692",2016,"HS","IAR/PARCC","reading",275,10.2
"609693",2016,"HS","IAR/PARCC","reading",290,62.4
"609694",2016,"HS","IAR/PARCC","reading",212,57.1
"609695",2016,"HS","IAR/PARCC","reading",315,43.8
"609698",2016,"HS","IAR/PARCC","reading",185,12.4
"609704",2016,"HS","IAR/PARCC","reading",196,7.1
"609705",2016,"HS","IAR/PARCC","reading",59,11.9
"609707",2016,"HS","IAR/PARCC","reading",31,0
"609708",2016,"HS","IAR/PARCC","reading",166,9.6
"609709",2016,"HS","IAR/PARCC","reading",85,7.1
"609710",2016,"HS","IAR/PARCC","reading",94,2.1
"609711",2016,"HS","IAR/PARCC","reading",55,1.8
"609712",2016,"HS","IAR/PARCC","reading",36,2.8
"609713",2016,"HS","IAR/PARCC","reading",195,2.1
"609715",2016,"HS","IAR/PARCC","reading",167,3.6
"609716",2016,"HS","IAR/PARCC","reading",77,3.9
"609718",2016,"HS","IAR/PARCC","reading",382,19.1
"609719",2016,"HS","IAR/PARCC","reading",229,17.9
"609720",2016,"HS","IAR/PARCC","reading",217,76
"609722",2016,"HS","IAR/PARCC","reading",36,0
"609723",2016,"HS","IAR/PARCC","reading",79,15.2
"609724",2016,"HS","IAR/PARCC","reading",353,25.5
"609725",2016,"HS","IAR/PARCC","reading",345,13
"609726",2016,"HS","IAR/PARCC","reading",203,71.9
"609727",2016,"HS","IAR/PARCC","reading",140,3.6
"609728",2016,"HS","IAR/PARCC","reading",185,8.1
"609729",2016,"HS","IAR/PARCC","reading",374,2.7
"609730",2016,"HS","IAR/PARCC","reading",301,35.2
"609732",2016,"HS","IAR/PARCC","reading",268,11.6
"609733",2016,"HS","IAR/PARCC","reading",119,8.4
"609734",2016,"HS","IAR/PARCC","reading",410,19.3
"609737",2016,"HS","IAR/PARCC","reading",424,27.1
"609738",2016,"HS","IAR/PARCC","reading",388,45.4
"609739",2016,"HS","IAR/PARCC","reading",141,10.6
"609740",2016,"HS","IAR/PARCC","reading",56,7.1
"609741",2016,"HS","IAR/PARCC","reading",479,21.3
"609746",2016,"HS","IAR/PARCC","reading",126,19
"609749",2016,"HS","IAR/PARCC","reading",29,100
"609751",2016,"HS","IAR/PARCC","reading",155,42.6
"609753",2016,"HS","IAR/PARCC","reading",162,27.2
"609754",2016,"HS","IAR/PARCC","reading",56,19.6
"609755",2016,"HS","IAR/PARCC","reading",205,83.9
"609756",2016,"HS","IAR/PARCC","reading",663,10.9
"609759",2016,"HS","IAR/PARCC","reading",219,11.9
"609760",2016,"HS","IAR/PARCC","reading",117,34.2
"609761",2016,"HS","IAR/PARCC","reading",84,1.2
"609762",2016,"HS","IAR/PARCC","reading",152,6.6
"609764",2016,"HS","IAR/PARCC","reading",404,14.6
"609768",2016,"HS","IAR/PARCC","reading",33,9.1
"609780",2016,"HS","IAR/PARCC","reading",192,5.7
"610244",2016,"HS","IAR/PARCC","reading",132,5.3
"610245",2016,"HS","IAR/PARCC","reading",42,0
"610304",2016,"HS","IAR/PARCC","reading",158,25.3
"610323",2016,"HS","IAR/PARCC","reading",79,2.5
"610334",2016,"HS","IAR/PARCC","reading",103,2.9
"610340",2016,"HS","IAR/PARCC","reading",145,24.8
"610357",2016,"HS","IAR/PARCC","reading",45,13.3
"610380",2016,"HS","IAR/PARCC","reading",72,16.7
"610381",2016,"HS","IAR/PARCC","reading",109,3.7
"610383",2016,"HS","IAR/PARCC","reading",86,16.3
"610384",2016,"HS","IAR/PARCC","reading",121,27.3
"610385",2016,"HS","IAR/PARCC","reading",60,8.3
"610389",2016,"HS","IAR/PARCC","reading",82,0
"610390",2016,"HS","IAR/PARCC","reading",134,14.2
"610391",2016,"HS","IAR/PARCC","reading",11,45.5
"610392",2016,"HS","IAR/PARCC","reading",82,13.4
"610394",2016,"HS","IAR/PARCC","reading",81,6.2
"610499",2016,"HS","IAR/PARCC","reading",42,2.4
"610501",2016,"HS","IAR/PARCC","reading",13,0
"610506",2016,"HS","IAR/PARCC","reading",31,0
"610513",2016,"HS","IAR/PARCC","reading",102,15.7
"610518",2016,"HS","IAR/PARCC","reading",11,0
"610524",2016,"HS","IAR/PARCC","reading",82,18.3
"610529",2016,"HS","IAR/PARCC","reading",46,17.4
"610543",2016,"HS","IAR/PARCC","reading",272,25
"610547",2016,"HS","IAR/PARCC","reading",64,28.1
"610555",2016,"HS","IAR/PARCC","reading",12,0
"610558",2016,"HS","IAR/PARCC","reading",237,11.4
"610561",2016,"HS","IAR/PARCC","reading",158,19.6
"610563",2016,"HS","IAR/PARCC","reading",261,43.7
"610564",2016,"HS","IAR/PARCC","reading",113,20.4
"610565",2016,"HS","IAR/PARCC","reading",20,0
"610566",2016,"HS","IAR/PARCC","reading",15,13.3
"610569",2016,"HS","IAR/PARCC","reading",28,10.7
"610570",2016,"HS","IAR/PARCC","reading",34,0
"610571",2016,"HS","IAR/PARCC","reading",52,0
"610580",2016,"HS","IAR/PARCC","reading",10,0
"610585",2016,"HS","IAR/PARCC","reading",10,0
"400009",2015,"ES","IAR/PARCC","reading",142,33.8
"400011",2015,"ES","IAR/PARCC","reading",311,44.7
"400012",2015,"ES","IAR/PARCC","reading",150,3.3
"400017",2015,"ES","IAR/PARCC","reading",559,24.5
"400019",2015,"ES","IAR/PARCC","reading",275,17.8
"400020",2015,"ES","IAR/PARCC","reading",257,9.3
"400021",2015,"ES","IAR/PARCC","reading",331,13.3
"400023",2015,"ES","IAR/PARCC","reading",244,45.5
"400024",2015,"ES","IAR/PARCC","reading",373,31.6
"400025",2015,"ES","IAR/PARCC","reading",430,27
"400027",2015,"ES","IAR/PARCC","reading",362,50.3
"400028",2015,"ES","IAR/PARCC","reading",243,19.8
"400029",2015,"ES","IAR/PARCC","reading",293,34.1
"400030",2015,"ES","IAR/PARCC","reading",328,38.1
"400031",2015,"ES","IAR/PARCC","reading",459,29.8
"400033",2015,"ES","IAR/PARCC","reading",774,11.2
"400035",2015,"ES","IAR/PARCC","reading",237,31.2
"400036",2015,"ES","IAR/PARCC","reading",348,38.2
"400039",2015,"ES","IAR/PARCC","reading",277,31.4
"400040",2015,"ES","IAR/PARCC","reading",257,15.6
"400041",2015,"ES","IAR/PARCC","reading",210,20.5
"400043",2015,"ES","IAR/PARCC","reading",146,26
"400044",2015,"ES","IAR/PARCC","reading",469,21.1
"400045",2015,"ES","IAR/PARCC","reading",167,20.4
"400046",2015,"ES","IAR/PARCC","reading",309,38.8
"400047",2015,"ES","IAR/PARCC","reading",221,19.9
"400048",2015,"ES","IAR/PARCC","reading",185,18.4
"400049",2015,"ES","IAR/PARCC","reading",299,18.1
"400050",2015,"ES","IAR/PARCC","reading",290,37.9
"400052",2015,"ES","IAR/PARCC","reading",274,36.9
"400060",2015,"ES","IAR/PARCC","reading",261,34.9
"400061",2015,"ES","IAR/PARCC","reading",206,12.6
"400064",2015,"ES","IAR/PARCC","reading",150,8
"400066",2015,"ES","IAR/PARCC","reading",162,8
"400068",2015,"ES","IAR/PARCC","reading",272,10.3
"400069",2015,"ES","IAR/PARCC","reading",269,17.5
"400071",2015,"ES","IAR/PARCC","reading",274,29.2
"400072",2015,"ES","IAR/PARCC","reading",167,18.6
"400074",2015,"ES","IAR/PARCC","reading",174,8.6
"400075",2015,"ES","IAR/PARCC","reading",228,40.4
"400076",2015,"ES","IAR/PARCC","reading",147,42.2
"400077",2015,"ES","IAR/PARCC","reading",206,13.6
"400078",2015,"ES","IAR/PARCC","reading",323,21.4
"400079",2015,"ES","IAR/PARCC","reading",435,41.4
"400080",2015,"ES","IAR/PARCC","reading",430,35.6
"400081",2015,"ES","IAR/PARCC","reading",187,24.6
"400082",2015,"ES","IAR/PARCC","reading",378,36.5
"400083",2015,"ES","IAR/PARCC","reading",264,21.2
"400084",2015,"ES","IAR/PARCC","reading",191,18.8
"400087",2015,"ES","IAR/PARCC","reading",47,19.1
"400089",2015,"ES","IAR/PARCC","reading",374,28.6
"400092",2015,"ES","IAR/PARCC","reading",180,10.6
"400096",2015,"ES","IAR/PARCC","reading",353,34
"400101",2015,"ES","IAR/PARCC","reading",355,31.8
"400107",2015,"ES","IAR/PARCC","reading",205,37.1
"400108",2015,"ES","IAR/PARCC","reading",62,16.1
"400111",2015,"ES","IAR/PARCC","reading",273,23.1
"400112",2015,"ES","IAR/PARCC","reading",383,36
"400113",2015,"ES","IAR/PARCC","reading",126,14.3
"400114",2015,"ES","IAR/PARCC","reading",185,21.6
"400115",2015,"ES","IAR/PARCC","reading",290,23.8
"400116",2015,"ES","IAR/PARCC","reading",57,3.5
"400120",2015,"ES","IAR/PARCC","reading",375,22.9
"400121",2015,"ES","IAR/PARCC","reading",377,21.8
"400146",2015,"ES","IAR/PARCC","reading",217,13.4
"400149",2015,"ES","IAR/PARCC","reading",218,16.1
"400151",2015,"ES","IAR/PARCC","reading",121,22.3
"400153",2015,"ES","IAR/PARCC","reading",314,23.2
"400161",2015,"ES","IAR/PARCC","reading",153,13.7
"400162",2015,"ES","IAR/PARCC","reading",103,16.5
"400163",2015,"ES","IAR/PARCC","reading",143,16.8
"400165",2015,"ES","IAR/PARCC","reading",259,9.3
"400167",2015,"ES","IAR/PARCC","reading",277,31
"400171",2015,"ES","IAR/PARCC","reading",100,7
"609710",2015,"ES","IAR/PARCC","reading",22,77.3
"609716",2015,"ES","IAR/PARCC","reading",124,11.3
"609720",2015,"ES","IAR/PARCC","reading",48,91.7
"609725",2015,"ES","IAR/PARCC","reading",82,62.2
"609734",2015,"ES","IAR/PARCC","reading",145,78.6
"609746",2015,"ES","IAR/PARCC","reading",173,58.4
"609755",2015,"ES","IAR/PARCC","reading",90,96.7
"609772",2015,"ES","IAR/PARCC","reading",515,32.6
"609773",2015,"ES","IAR/PARCC","reading",178,46.6
"609774",2015,"ES","IAR/PARCC","reading",217,72.8
"609777",2015,"ES","IAR/PARCC","reading",177,28.8
"609779",2015,"ES","IAR/PARCC","reading",856,35.6
"609780",2015,"ES","IAR/PARCC","reading",376,15.7
"609781",2015,"ES","IAR/PARCC","reading",115,7
"609782",2015,"ES","IAR/PARCC","reading",257,49
"609786",2015,"ES","IAR/PARCC","reading",160,13.1
"609788",2015,"ES","IAR/PARCC","reading",144,22.9
"609789",2015,"ES","IAR/PARCC","reading",400,19.3
"609790",2015,"ES","IAR/PARCC","reading",279,8.6
"609791",2015,"ES","IAR/PARCC","reading",286,6.3
"609792",2015,"ES","IAR/PARCC","reading",576,28.6
"609793",2015,"ES","IAR/PARCC","reading",335,13.1
"609794",2015,"ES","IAR/PARCC","reading",167,97.6
"609795",2015,"ES","IAR/PARCC","reading",163,27.6
"609796",2015,"ES","IAR/PARCC","reading",678,59.7
"609797",2015,"ES","IAR/PARCC","reading",267,15
"609798",2015,"ES","IAR/PARCC","reading",114,43.9
"609799",2015,"ES","IAR/PARCC","reading",385,68.1
"609800",2015,"ES","IAR/PARCC","reading",229,12.7
"609803",2015,"ES","IAR/PARCC","reading",70,87.1
"609804",2015,"ES","IAR/PARCC","reading",485,37.1
"609805",2015,"ES","IAR/PARCC","reading",284,23.2
"609806",2015,"ES","IAR/PARCC","reading",402,10.4
"609807",2015,"ES","IAR/PARCC","reading",390,27.4
"609808",2015,"ES","IAR/PARCC","reading",363,14.3
"609809",2015,"ES","IAR/PARCC","reading",208,27.9
"609810",2015,"ES","IAR/PARCC","reading",572,45.1
"609811",2015,"ES","IAR/PARCC","reading",146,15.8
"609812",2015,"ES","IAR/PARCC","reading",126,15.1
"609813",2015,"ES","IAR/PARCC","reading",110,22.7
"609815",2015,"ES","IAR/PARCC","reading",371,24
"609817",2015,"ES","IAR/PARCC","reading",412,39.1
"609818",2015,"ES","IAR/PARCC","reading",574,24.7
"609819",2015,"ES","IAR/PARCC","reading",177,9.6
"609820",2015,"ES","IAR/PARCC","reading",260,73.8
"609821",2015,"ES","IAR/PARCC","reading",369,23.6
"609826",2015,"ES","IAR/PARCC","reading",549,25.5
"609827",2015,"ES","IAR/PARCC","reading",354,36.2
"609828",2015,"ES","IAR/PARCC","reading",162,48.1
"609829",2015,"ES","IAR/PARCC","reading",278,39.9
"609830",2015,"ES","IAR/PARCC","reading",354,7.3
"609832",2015,"ES","IAR/PARCC","reading",316,35.4
"609833",2015,"ES","IAR/PARCC","reading",152,13.2
"609834",2015,"ES","IAR/PARCC","reading",526,27.6
"609835",2015,"ES","IAR/PARCC","reading",518,16
"609836",2015,"ES","IAR/PARCC","reading",478,64
"609837",2015,"ES","IAR/PARCC","reading",348,37.4
"609839",2015,"ES","IAR/PARCC","reading",331,20.8
"609842",2015,"ES","IAR/PARCC","reading",651,31
"609844",2015,"ES","IAR/PARCC","reading",227,18.5
"609845",2015,"ES","IAR/PARCC","reading",227,17.2
"609848",2015,"ES","IAR/PARCC","reading",116,7.8
"609849",2015,"ES","IAR/PARCC","reading",132,37.1
"609850",2015,"ES","IAR/PARCC","reading",389,49.9
"609851",2015,"ES","IAR/PARCC","reading",202,6.9
"609852",2015,"ES","IAR/PARCC","reading",274,43.1
"609853",2015,"ES","IAR/PARCC","reading",270,26.3
"609854",2015,"ES","IAR/PARCC","reading",263,19.8
"609855",2015,"ES","IAR/PARCC","reading",121,13.2
"609856",2015,"ES","IAR/PARCC","reading",364,24.5
"609857",2015,"ES","IAR/PARCC","reading",340,40
"609859",2015,"ES","IAR/PARCC","reading",652,36.3
"609861",2015,"ES","IAR/PARCC","reading",329,42.9
"609862",2015,"ES","IAR/PARCC","reading",287,18.1
"609863",2015,"ES","IAR/PARCC","reading",158,45.6
"609864",2015,"ES","IAR/PARCC","reading",82,9.8
"609865",2015,"ES","IAR/PARCC","reading",347,18.4
"609866",2015,"ES","IAR/PARCC","reading",300,72
"609867",2015,"ES","IAR/PARCC","reading",279,24.4
"609869",2015,"ES","IAR/PARCC","reading",217,8.3
"609870",2015,"ES","IAR/PARCC","reading",350,26.3
"609872",2015,"ES","IAR/PARCC","reading",203,49.8
"609873",2015,"ES","IAR/PARCC","reading",192,9.4
"609874",2015,"ES","IAR/PARCC","reading",415,55.4
"609875",2015,"ES","IAR/PARCC","reading",336,25.6
"609876",2015,"ES","IAR/PARCC","reading",441,21.3
"609879",2015,"ES","IAR/PARCC","reading",633,29.5
"609880",2015,"ES","IAR/PARCC","reading",121,93.4
"609883",2015,"ES","IAR/PARCC","reading",331,10.9
"609884",2015,"ES","IAR/PARCC","reading",525,42.5
"609885",2015,"ES","IAR/PARCC","reading",148,10.1
"609887",2015,"ES","IAR/PARCC","reading",444,41.9
"609888",2015,"ES","IAR/PARCC","reading",122,12.3
"609891",2015,"ES","IAR/PARCC","reading",166,10.8
"609893",2015,"ES","IAR/PARCC","reading",410,39.3
"609894",2015,"ES","IAR/PARCC","reading",267,12
"609895",2015,"ES","IAR/PARCC","reading",217,40.1
"609896",2015,"ES","IAR/PARCC","reading",34,52.9
"609897",2015,"ES","IAR/PARCC","reading",280,12.9
"609898",2015,"ES","IAR/PARCC","reading",705,21.4
"609899",2015,"ES","IAR/PARCC","reading",411,68.9
"609900",2015,"ES","IAR/PARCC","reading",396,6.6
"609901",2015,"ES","IAR/PARCC","reading",339,70.2
"609902",2015,"ES","IAR/PARCC","reading",270,8.5
"609903",2015,"ES","IAR/PARCC","reading",853,23.6
"609904",2015,"ES","IAR/PARCC","reading",371,14.8
"609907",2015,"ES","IAR/PARCC","reading",252,19.4
"609908",2015,"ES","IAR/PARCC","reading",203,26.1
"609909",2015,"ES","IAR/PARCC","reading",92,28.3
"609910",2015,"ES","IAR/PARCC","reading",726,27.1
"609912",2015,"ES","IAR/PARCC","reading",300,45.3
"609917",2015,"ES","IAR/PARCC","reading",200,27
"609918",2015,"ES","IAR/PARCC","reading",315,31.4
"609919",2015,"ES","IAR/PARCC","reading",252,8.3
"609920",2015,"ES","IAR/PARCC","reading",461,16.5
"609921",2015,"ES","IAR/PARCC","reading",97,15.5
"609922",2015,"ES","IAR/PARCC","reading",187,18.7
"609924",2015,"ES","IAR/PARCC","reading",188,16.5
"609925",2015,"ES","IAR/PARCC","reading",255,21.6
"609926",2015,"ES","IAR/PARCC","reading",221,57
"609927",2015,"ES","IAR/PARCC","reading",173,24.3
"609928",2015,"ES","IAR/PARCC","reading",223,8.1
"609929",2015,"ES","IAR/PARCC","reading",216,12
"609930",2015,"ES","IAR/PARCC","reading",269,15.6
"609933",2015,"ES","IAR/PARCC","reading",178,19.7
"609935",2015,"ES","IAR/PARCC","reading",753,14.1
"609937",2015,"ES","IAR/PARCC","reading",517,49.3
"609938",2015,"ES","IAR/PARCC","reading",1019,27.9
"609939",2015,"ES","IAR/PARCC","reading",271,19.6
"609941",2015,"ES","IAR/PARCC","reading",280,8.2
"609942",2015,"ES","IAR/PARCC","reading",399,35.8
"609943",2015,"ES","IAR/PARCC","reading",257,19.8
"609944",2015,"ES","IAR/PARCC","reading",212,40.1
"609945",2015,"ES","IAR/PARCC","reading",483,41.2
"609947",2015,"ES","IAR/PARCC","reading",300,18.7
"609949",2015,"ES","IAR/PARCC","reading",669,29.3
"609951",2015,"ES","IAR/PARCC","reading",180,29.4
"609952",2015,"ES","IAR/PARCC","reading",263,30.4
"609954",2015,"ES","IAR/PARCC","reading",270,13.3
"609955",2015,"ES","IAR/PARCC","reading",99,12.1
"609956",2015,"ES","IAR/PARCC","reading",278,45.3
"609958",2015,"ES","IAR/PARCC","reading",494,29.6
"609959",2015,"ES","IAR/PARCC","reading",414,62.1
"609960",2015,"ES","IAR/PARCC","reading",600,36.8
"609961",2015,"ES","IAR/PARCC","reading",240,17.5
"609963",2015,"ES","IAR/PARCC","reading",193,55.4
"609964",2015,"ES","IAR/PARCC","reading",306,11.8
"609966",2015,"ES","IAR/PARCC","reading",273,18.3
"609967",2015,"ES","IAR/PARCC","reading",247,21.9
"609968",2015,"ES","IAR/PARCC","reading",423,14.7
"609969",2015,"ES","IAR/PARCC","reading",210,29.5
"609971",2015,"ES","IAR/PARCC","reading",216,11.6
"609972",2015,"ES","IAR/PARCC","reading",484,33.1
"609973",2015,"ES","IAR/PARCC","reading",487,33.9
"609974",2015,"ES","IAR/PARCC","reading",355,78.6
"609975",2015,"ES","IAR/PARCC","reading",289,15.2
"609976",2015,"ES","IAR/PARCC","reading",546,44.7
"609977",2015,"ES","IAR/PARCC","reading",90,36.7
"609978",2015,"ES","IAR/PARCC","reading",187,9.6
"609979",2015,"ES","IAR/PARCC","reading",779,55.7
"609981",2015,"ES","IAR/PARCC","reading",157,9.6
"609983",2015,"ES","IAR/PARCC","reading",403,18.9
"609985",2015,"ES","IAR/PARCC","reading",202,44.6
"609986",2015,"ES","IAR/PARCC","reading",197,9.1
"609987",2015,"ES","IAR/PARCC","reading",139,25.2
"609988",2015,"ES","IAR/PARCC","reading",299,31.8
"609990",2015,"ES","IAR/PARCC","reading",511,65.6
"609991",2015,"ES","IAR/PARCC","reading",253,8.3
"609993",2015,"ES","IAR/PARCC","reading",276,17.4
"609994",2015,"ES","IAR/PARCC","reading",560,24.5
"609995",2015,"ES","IAR/PARCC","reading",319,43.3
"609996",2015,"ES","IAR/PARCC","reading",315,30.5
"609997",2015,"ES","IAR/PARCC","reading",101,9.9
"610000",2015,"ES","IAR/PARCC","reading",328,10.4
"610002",2015,"ES","IAR/PARCC","reading",152,32.9
"610003",2015,"ES","IAR/PARCC","reading",297,19.5
"610004",2015,"ES","IAR/PARCC","reading",159,11.9
"610005",2015,"ES","IAR/PARCC","reading",172,15.1
"610006",2015,"ES","IAR/PARCC","reading",520,39.2
"610009",2015,"ES","IAR/PARCC","reading",341,52.8
"610010",2015,"ES","IAR/PARCC","reading",105,28.6
"610011",2015,"ES","IAR/PARCC","reading",506,49.2
"610012",2015,"ES","IAR/PARCC","reading",62,0
"610013",2015,"ES","IAR/PARCC","reading",241,30.7
"610015",2015,"ES","IAR/PARCC","reading",145,27.6
"610016",2015,"ES","IAR/PARCC","reading",168,44.6
"610017",2015,"ES","IAR/PARCC","reading",580,29.7
"610019",2015,"ES","IAR/PARCC","reading",152,27
"610021",2015,"ES","IAR/PARCC","reading",282,19.5
"610022",2015,"ES","IAR/PARCC","reading",400,24.8
"610024",2015,"ES","IAR/PARCC","reading",136,42.6
"610026",2015,"ES","IAR/PARCC","reading",429,36.6
"610027",2015,"ES","IAR/PARCC","reading",247,35.6
"610029",2015,"ES","IAR/PARCC","reading",147,25.2
"610030",2015,"ES","IAR/PARCC","reading",215,24.2
"610032",2015,"ES","IAR/PARCC","reading",108,26.9
"610033",2015,"ES","IAR/PARCC","reading",353,66
"610034",2015,"ES","IAR/PARCC","reading",223,9
"610036",2015,"ES","IAR/PARCC","reading",303,6.6
"610037",2015,"ES","IAR/PARCC","reading",302,12.6
"610038",2015,"ES","IAR/PARCC","reading",534,80.7
"610039",2015,"ES","IAR/PARCC","reading",318,31.4
"610040",2015,"ES","IAR/PARCC","reading",521,22.1
"610041",2015,"ES","IAR/PARCC","reading",755,31.9
"610043",2015,"ES","IAR/PARCC","reading",255,16.5
"610044",2015,"ES","IAR/PARCC","reading",277,24.5
"610046",2015,"ES","IAR/PARCC","reading",945,36.4
"610047",2015,"ES","IAR/PARCC","reading",139,9.4
"610048",2015,"ES","IAR/PARCC","reading",154,5.8
"610051",2015,"ES","IAR/PARCC","reading",483,15.1
"610052",2015,"ES","IAR/PARCC","reading",215,10.7
"610053",2015,"ES","IAR/PARCC","reading",723,11.2
"610054",2015,"ES","IAR/PARCC","reading",491,22.2
"610055",2015,"ES","IAR/PARCC","reading",193,20.2
"610056",2015,"ES","IAR/PARCC","reading",227,15.4
"610057",2015,"ES","IAR/PARCC","reading",355,13
"610059",2015,"ES","IAR/PARCC","reading",286,66.1
"610060",2015,"ES","IAR/PARCC","reading",350,71.1
"610062",2015,"ES","IAR/PARCC","reading",134,35.1
"610063",2015,"ES","IAR/PARCC","reading",370,20.3
"610065",2015,"ES","IAR/PARCC","reading",190,5.8
"610066",2015,"ES","IAR/PARCC","reading",94,95.7
"610067",2015,"ES","IAR/PARCC","reading",444,17.6
"610068",2015,"ES","IAR/PARCC","reading",734,23.6
"610070",2015,"ES","IAR/PARCC","reading",414,37.9
"610073",2015,"ES","IAR/PARCC","reading",191,50.3
"610074",2015,"ES","IAR/PARCC","reading",578,24.9
"610075",2015,"ES","IAR/PARCC","reading",22,0
"610076",2015,"ES","IAR/PARCC","reading",305,14.4
"610077",2015,"ES","IAR/PARCC","reading",455,5.5
"610078",2015,"ES","IAR/PARCC","reading",237,45.6
"610081",2015,"ES","IAR/PARCC","reading",285,62.5
"610082",2015,"ES","IAR/PARCC","reading",619,59.8
"610084",2015,"ES","IAR/PARCC","reading",165,96.4
"610086",2015,"ES","IAR/PARCC","reading",161,16.8
"610088",2015,"ES","IAR/PARCC","reading",454,28
"610089",2015,"ES","IAR/PARCC","reading",263,38.8
"610090",2015,"ES","IAR/PARCC","reading",176,46.6
"610091",2015,"ES","IAR/PARCC","reading",174,38.5
"610092",2015,"ES","IAR/PARCC","reading",179,7.3
"610093",2015,"ES","IAR/PARCC","reading",138,13.8
"610094",2015,"ES","IAR/PARCC","reading",205,59
"610095",2015,"ES","IAR/PARCC","reading",363,42.1
"610096",2015,"ES","IAR/PARCC","reading",733,14.5
"610097",2015,"ES","IAR/PARCC","reading",524,16.8
"610098",2015,"ES","IAR/PARCC","reading",509,29.3
"610099",2015,"ES","IAR/PARCC","reading",172,68.6
"610100",2015,"ES","IAR/PARCC","reading",355,21.1
"610101",2015,"ES","IAR/PARCC","reading",293,60.1
"610102",2015,"ES","IAR/PARCC","reading",231,5.6
"610103",2015,"ES","IAR/PARCC","reading",371,12.7
"610104",2015,"ES","IAR/PARCC","reading",332,53
"610105",2015,"ES","IAR/PARCC","reading",365,67.7
"610106",2015,"ES","IAR/PARCC","reading",279,9
"610107",2015,"ES","IAR/PARCC","reading",243,21.4
"610108",2015,"ES","IAR/PARCC","reading",279,9
"610109",2015,"ES","IAR/PARCC","reading",160,52.5
"610110",2015,"ES","IAR/PARCC","reading",263,19.4
"610111",2015,"ES","IAR/PARCC","reading",474,33.8
"610112",2015,"ES","IAR/PARCC","reading",364,7.4
"610115",2015,"ES","IAR/PARCC","reading",209,12.9
"610116",2015,"ES","IAR/PARCC","reading",153,9.2
"610117",2015,"ES","IAR/PARCC","reading",686,34.7
"610120",2015,"ES","IAR/PARCC","reading",901,37
"610121",2015,"ES","IAR/PARCC","reading",248,21
"610122",2015,"ES","IAR/PARCC","reading",522,42.1
"610123",2015,"ES","IAR/PARCC","reading",188,18.6
"610124",2015,"ES","IAR/PARCC","reading",283,7.8
"610125",2015,"ES","IAR/PARCC","reading",513,30
"610126",2015,"ES","IAR/PARCC","reading",296,33.8
"610127",2015,"ES","IAR/PARCC","reading",464,37.3
"610128",2015,"ES","IAR/PARCC","reading",169,29.6
"610129",2015,"ES","IAR/PARCC","reading",339,21.5
"610130",2015,"ES","IAR/PARCC","reading",172,29.1
"610131",2015,"ES","IAR/PARCC","reading",99,34.3
"610132",2015,"ES","IAR/PARCC","reading",115,80.9
"610133",2015,"ES","IAR/PARCC","reading",375,22.4
"610135",2015,"ES","IAR/PARCC","reading",543,31.1
"610136",2015,"ES","IAR/PARCC","reading",114,57
"610137",2015,"ES","IAR/PARCC","reading",394,42.6
"610138",2015,"ES","IAR/PARCC","reading",439,44.9
"610139",2015,"ES","IAR/PARCC","reading",155,15.5
"610141",2015,"ES","IAR/PARCC","reading",231,52.8
"610142",2015,"ES","IAR/PARCC","reading",323,34.7
"610143",2015,"ES","IAR/PARCC","reading",144,16.7
"610144",2015,"ES","IAR/PARCC","reading",583,23.8
"610145",2015,"ES","IAR/PARCC","reading",487,39.6
"610146",2015,"ES","IAR/PARCC","reading",175,8.6
"610147",2015,"ES","IAR/PARCC","reading",317,48.3
"610148",2015,"ES","IAR/PARCC","reading",530,27.7
"610152",2015,"ES","IAR/PARCC","reading",255,14.5
"610153",2015,"ES","IAR/PARCC","reading",203,16.7
"610155",2015,"ES","IAR/PARCC","reading",353,62.3
"610157",2015,"ES","IAR/PARCC","reading",1184,25
"610158",2015,"ES","IAR/PARCC","reading",308,29.9
"610159",2015,"ES","IAR/PARCC","reading",611,28.8
"610165",2015,"ES","IAR/PARCC","reading",359,25.1
"610167",2015,"ES","IAR/PARCC","reading",492,21.5
"610170",2015,"ES","IAR/PARCC","reading",715,31.3
"610171",2015,"ES","IAR/PARCC","reading",417,11.5
"610172",2015,"ES","IAR/PARCC","reading",196,13.8
"610173",2015,"ES","IAR/PARCC","reading",198,16.2
"610174",2015,"ES","IAR/PARCC","reading",332,25.6
"610175",2015,"ES","IAR/PARCC","reading",206,39.8
"610176",2015,"ES","IAR/PARCC","reading",301,14
"610177",2015,"ES","IAR/PARCC","reading",489,87.7
"610178",2015,"ES","IAR/PARCC","reading",105,10.5
"610179",2015,"ES","IAR/PARCC","reading",607,45.6
"610180",2015,"ES","IAR/PARCC","reading",231,10.4
"610182",2015,"ES","IAR/PARCC","reading",158,74.1
"610183",2015,"ES","IAR/PARCC","reading",442,7.7
"610184",2015,"ES","IAR/PARCC","reading",413,16.2
"610185",2015,"ES","IAR/PARCC","reading",792,37.2
"610188",2015,"ES","IAR/PARCC","reading",139,31.7
"610191",2015,"ES","IAR/PARCC","reading",359,58.2
"610192",2015,"ES","IAR/PARCC","reading",445,8.5
"610193",2015,"ES","IAR/PARCC","reading",274,19.3
"610194",2015,"ES","IAR/PARCC","reading",182,23.1
"610195",2015,"ES","IAR/PARCC","reading",407,43.5
"610196",2015,"ES","IAR/PARCC","reading",361,36
"610197",2015,"ES","IAR/PARCC","reading",267,31.8
"610198",2015,"ES","IAR/PARCC","reading",208,15.4
"610199",2015,"ES","IAR/PARCC","reading",143,23.8
"610200",2015,"ES","IAR/PARCC","reading",134,8.2
"610201",2015,"ES","IAR/PARCC","reading",442,48
"610202",2015,"ES","IAR/PARCC","reading",201,6
"610203",2015,"ES","IAR/PARCC","reading",500,31
"610206",2015,"ES","IAR/PARCC","reading",754,51.3
"610207",2015,"ES","IAR/PARCC","reading",201,33.8
"610208",2015,"ES","IAR/PARCC","reading",266,10.5
"610209",2015,"ES","IAR/PARCC","reading",584,28.6
"610212",2015,"ES","IAR/PARCC","reading",265,32.5
"610213",2015,"ES","IAR/PARCC","reading",302,19.5
"610215",2015,"ES","IAR/PARCC","reading",323,20.4
"610216",2015,"ES","IAR/PARCC","reading",195,24.1
"610217",2015,"ES","IAR/PARCC","reading",300,42.7
"610218",2015,"ES","IAR/PARCC","reading",178,21.3
"610219",2015,"ES","IAR/PARCC","reading",396,45.5
"610220",2015,"ES","IAR/PARCC","reading",325,52.3
"610221",2015,"ES","IAR/PARCC","reading",167,32.3
"610223",2015,"ES","IAR/PARCC","reading",296,9.8
"610225",2015,"ES","IAR/PARCC","reading",181,23.2
"610226",2015,"ES","IAR/PARCC","reading",549,25.5
"610227",2015,"ES","IAR/PARCC","reading",656,23.2
"610228",2015,"ES","IAR/PARCC","reading",194,13.9
"610229",2015,"ES","IAR/PARCC","reading",387,47.8
"610230",2015,"ES","IAR/PARCC","reading",288,68.4
"610231",2015,"ES","IAR/PARCC","reading",329,25.5
"610234",2015,"ES","IAR/PARCC","reading",261,22.6
"610235",2015,"ES","IAR/PARCC","reading",625,12.5
"610237",2015,"ES","IAR/PARCC","reading",179,17.9
"610238",2015,"ES","IAR/PARCC","reading",156,1.9
"610239",2015,"ES","IAR/PARCC","reading",401,12
"610242",2015,"ES","IAR/PARCC","reading",255,42.4
"610246",2015,"ES","IAR/PARCC","reading",570,34.2
"610248",2015,"ES","IAR/PARCC","reading",357,30.5
"610249",2015,"ES","IAR/PARCC","reading",218,33.9
"610250",2015,"ES","IAR/PARCC","reading",224,33.9
"610251",2015,"ES","IAR/PARCC","reading",222,14
"610252",2015,"ES","IAR/PARCC","reading",220,8.6
"610254",2015,"ES","IAR/PARCC","reading",255,13.7
"610256",2015,"ES","IAR/PARCC","reading",20,20
"610257",2015,"ES","IAR/PARCC","reading",203,21.7
"610263",2015,"ES","IAR/PARCC","reading",395,2.5
"610268",2015,"ES","IAR/PARCC","reading",213,14.6
"610269",2015,"ES","IAR/PARCC","reading",237,32.9
"610271",2015,"ES","IAR/PARCC","reading",276,13.4
"610274",2015,"ES","IAR/PARCC","reading",217,16.6
"610276",2015,"ES","IAR/PARCC","reading",136,8.8
"610279",2015,"ES","IAR/PARCC","reading",235,14
"610281",2015,"ES","IAR/PARCC","reading",337,32.6
"610282",2015,"ES","IAR/PARCC","reading",188,8
"610284",2015,"ES","IAR/PARCC","reading",96,29.2
"610287",2015,"ES","IAR/PARCC","reading",263,24.7
"610290",2015,"ES","IAR/PARCC","reading",259,11.6
"610291",2015,"ES","IAR/PARCC","reading",565,31.7
"610293",2015,"ES","IAR/PARCC","reading",297,9.4
"610295",2015,"ES","IAR/PARCC","reading",201,24.9
"610298",2015,"ES","IAR/PARCC","reading",132,87.1
"610299",2015,"ES","IAR/PARCC","reading",128,7
"610300",2015,"ES","IAR/PARCC","reading",189,15.3
"610305",2015,"ES","IAR/PARCC","reading",340,13.2
"610312",2015,"ES","IAR/PARCC","reading",75,37.3
"610313",2015,"ES","IAR/PARCC","reading",411,19.5
"610315",2015,"ES","IAR/PARCC","reading",107,11.2
"610316",2015,"ES","IAR/PARCC","reading",169,55.6
"610317",2015,"ES","IAR/PARCC","reading",239,15.9
"610319",2015,"ES","IAR/PARCC","reading",343,33.5
"610321",2015,"ES","IAR/PARCC","reading",98,20.4
"610325",2015,"ES","IAR/PARCC","reading",482,21.6
"610329",2015,"ES","IAR/PARCC","reading",455,40.2
"610339",2015,"ES","IAR/PARCC","reading",331,10.3
"610342",2015,"ES","IAR/PARCC","reading",77,29.9
"610345",2015,"ES","IAR/PARCC","reading",168,4.2
"610347",2015,"ES","IAR/PARCC","reading",235,8.1
"610350",2015,"ES","IAR/PARCC","reading",312,19.6
"610352",2015,"ES","IAR/PARCC","reading",358,41.9
"610353",2015,"ES","IAR/PARCC","reading",473,20.3
"610354",2015,"ES","IAR/PARCC","reading",134,28.4
"610355",2015,"ES","IAR/PARCC","reading",210,21
"610362",2015,"ES","IAR/PARCC","reading",215,20
"610363",2015,"ES","IAR/PARCC","reading",924,53.7
"610364",2015,"ES","IAR/PARCC","reading",143,19.6
"610366",2015,"ES","IAR/PARCC","reading",79,13.9
"610367",2015,"ES","IAR/PARCC","reading",365,10.4
"610368",2015,"ES","IAR/PARCC","reading",281,10
"610369",2015,"ES","IAR/PARCC","reading",171,9.4
"610391",2015,"ES","IAR/PARCC","reading",33,39.4
"610396",2015,"ES","IAR/PARCC","reading",628,23.4
"610405",2015,"ES","IAR/PARCC","reading",127,23.6
"610503",2015,"ES","IAR/PARCC","reading",165,43
"610515",2015,"ES","IAR/PARCC","reading",180,70
"610520",2015,"ES","IAR/PARCC","reading",312,53.8
"610521",2015,"ES","IAR/PARCC","reading",192,21.4
"610523",2015,"ES","IAR/PARCC","reading",263,63.1
"610529",2015,"ES","IAR/PARCC","reading",190,43.7
"610530",2015,"ES","IAR/PARCC","reading",216,19
"610532",2015,"ES","IAR/PARCC","reading",808,20.5
"610533",2015,"ES","IAR/PARCC","reading",507,19.3
"610534",2015,"ES","IAR/PARCC","reading",228,93.9
"610539",2015,"ES","IAR/PARCC","reading",561,32.4
"610541",2015,"ES","IAR/PARCC","reading",526,27.6
"610542",2015,"ES","IAR/PARCC","reading",375,49.9
"610544",2015,"ES","IAR/PARCC","reading",604,40.7
"610548",2015,"ES","IAR/PARCC","reading",207,74.4
"610559",2015,"ES","IAR/PARCC","reading",678,18.4
"610564",2015,"ES","IAR/PARCC","reading",176,25
"610572",2015,"ES","IAR/PARCC","reading",40,0
"400010",2015,"HS","IAR/PARCC","reading",73,2.7
"400012",2015,"HS","IAR/PARCC","reading",49,2
"400013",2015,"HS","IAR/PARCC","reading",96,1
"400018",2015,"HS","IAR/PARCC","reading",28,3.6
"400022",2015,"HS","IAR/PARCC","reading",94,50
"400032",2015,"HS","IAR/PARCC","reading",117,8.5
"400033",2015,"HS","IAR/PARCC","reading",107,2.8
"400034",2015,"HS","IAR/PARCC","reading",229,13.5
"400035",2015,"HS","IAR/PARCC","reading",104,32.7
"400036",2015,"HS","IAR/PARCC","reading",16,25
"400051",2015,"HS","IAR/PARCC","reading",161,31.7
"400052",2015,"HS","IAR/PARCC","reading",179,15.1
"400053",2015,"HS","IAR/PARCC","reading",173,16.8
"400054",2015,"HS","IAR/PARCC","reading",267,33.3
"400055",2015,"HS","IAR/PARCC","reading",149,27.5
"400056",2015,"HS","IAR/PARCC","reading",159,12.6
"400057",2015,"HS","IAR/PARCC","reading",255,34.1
"400058",2015,"HS","IAR/PARCC","reading",95,0
"400059",2015,"HS","IAR/PARCC","reading",106,0.9
"400061",2015,"HS","IAR/PARCC","reading",98,12.2
"400062",2015,"HS","IAR/PARCC","reading",90,1.1
"400064",2015,"HS","IAR/PARCC","reading",47,4.3
"400066",2015,"HS","IAR/PARCC","reading",100,3
"400077",2015,"HS","IAR/PARCC","reading",130,4.6
"400085",2015,"HS","IAR/PARCC","reading",174,18.4
"400086",2015,"HS","IAR/PARCC","reading",118,3.4
"400087",2015,"HS","IAR/PARCC","reading",83,2.4
"400091",2015,"HS","IAR/PARCC","reading",77,11.7
"400094",2015,"HS","IAR/PARCC","reading",97,10.3
"400097",2015,"HS","IAR/PARCC","reading",304,24.7
"400098",2015,"HS","IAR/PARCC","reading",247,31.2
"400102",2015,"HS","IAR/PARCC","reading",100,1
"400104",2015,"HS","IAR/PARCC","reading",168,15.5
"400105",2015,"HS","IAR/PARCC","reading",107,0.9
"400106",2015,"HS","IAR/PARCC","reading",172,4.7
"400108",2015,"HS","IAR/PARCC","reading",31,0
"400113",2015,"HS","IAR/PARCC","reading",64,9.4
"400115",2015,"HS","IAR/PARCC","reading",116,6.9
"400117",2015,"HS","IAR/PARCC","reading",151,29.8
"400118",2015,"HS","IAR/PARCC","reading",112,3.6
"400119",2015,"HS","IAR/PARCC","reading",78,0
"400121",2015,"HS","IAR/PARCC","reading",87,13.8
"400124",2015,"HS","IAR/PARCC","reading",16,0
"400125",2015,"HS","IAR/PARCC","reading",27,3.7
"400130",2015,"HS","IAR/PARCC","reading",15,0
"400131",2015,"HS","IAR/PARCC","reading",16,6.3
"400133",2015,"HS","IAR/PARCC","reading",15,0
"400134",2015,"HS","IAR/PARCC","reading",90,3.3
"400135",2015,"HS","IAR/PARCC","reading",42,7.1
"400136",2015,"HS","IAR/PARCC","reading",10,10
"400137",2015,"HS","IAR/PARCC","reading",31,3.2
"400139",2015,"HS","IAR/PARCC","reading",10,0
"400143",2015,"HS","IAR/PARCC","reading",30,0
"400149",2015,"HS","IAR/PARCC","reading",181,9.9
"400156",2015,"HS","IAR/PARCC","reading",153,13.7
"400157",2015,"HS","IAR/PARCC","reading",157,11.5
"400162",2015,"HS","IAR/PARCC","reading",138,11.6
"400169",2015,"HS","IAR/PARCC","reading",259,13.1
"400170",2015,"HS","IAR/PARCC","reading",182,18.7
"609674",2015,"HS","IAR/PARCC","reading",159,1.9
"609676",2015,"HS","IAR/PARCC","reading",121,3.3
"609678",2015,"HS","IAR/PARCC","reading",286,80.1
"609679",2015,"HS","IAR/PARCC","reading",318,23.6
"609680",2015,"HS","IAR/PARCC","reading",179,90.5
"609682",2015,"HS","IAR/PARCC","reading",59,0
"609691",2015,"HS","IAR/PARCC","reading",235,3
"609692",2015,"HS","IAR/PARCC","reading",294,9.2
"609693",2015,"HS","IAR/PARCC","reading",224,29.9
"609694",2015,"HS","IAR/PARCC","reading",197,15.7
"609695",2015,"HS","IAR/PARCC","reading",248,21
"609698",2015,"HS","IAR/PARCC","reading",165,1.2
"609704",2015,"HS","IAR/PARCC","reading",160,9.4
"609705",2015,"HS","IAR/PARCC","reading",49,2
"609707",2015,"HS","IAR/PARCC","reading",47,0
"609708",2015,"HS","IAR/PARCC","reading",60,6.7
"609709",2015,"HS","IAR/PARCC","reading",86,8.1
"609710",2015,"HS","IAR/PARCC","reading",104,2.9
"609711",2015,"HS","IAR/PARCC","reading",61,3.3
"609712",2015,"HS","IAR/PARCC","reading",40,2.5
"609713",2015,"HS","IAR/PARCC","reading",174,2.9
"609715",2015,"HS","IAR/PARCC","reading",76,3.9
"609716",2015,"HS","IAR/PARCC","reading",109,3.7
"609718",2015,"HS","IAR/PARCC","reading",313,18.2
"609719",2015,"HS","IAR/PARCC","reading",321,19.3
"609720",2015,"HS","IAR/PARCC","reading",198,74.7
"609722",2015,"HS","IAR/PARCC","reading",68,1.5
"609723",2015,"HS","IAR/PARCC","reading",86,0
"609724",2015,"HS","IAR/PARCC","reading",253,14.2
"609725",2015,"HS","IAR/PARCC","reading",320,15.6
"609726",2015,"HS","IAR/PARCC","reading",148,58.1
"609727",2015,"HS","IAR/PARCC","reading",136,2.2
"609728",2015,"HS","IAR/PARCC","reading",57,1.8
"609729",2015,"HS","IAR/PARCC","reading",370,10
"609730",2015,"HS","IAR/PARCC","reading",333,48
"609732",2015,"HS","IAR/PARCC","reading",201,6
"609733",2015,"HS","IAR/PARCC","reading",119,7.6
"609734",2015,"HS","IAR/PARCC","reading",429,35
"609737",2015,"HS","IAR/PARCC","reading",380,35
"609738",2015,"HS","IAR/PARCC","reading",332,54.8
"609739",2015,"HS","IAR/PARCC","reading",198,3
"609740",2015,"HS","IAR/PARCC","reading",127,3.1
"609741",2015,"HS","IAR/PARCC","reading",465,7.7
"609746",2015,"HS","IAR/PARCC","reading",126,7.9
"609749",2015,"HS","IAR/PARCC","reading",38,92.1
"609751",2015,"HS","IAR/PARCC","reading",142,16.9
"609753",2015,"HS","IAR/PARCC","reading",157,47.8
"609754",2015,"HS","IAR/PARCC","reading",82,6.1
"609755",2015,"HS","IAR/PARCC","reading",127,70.9
"609756",2015,"HS","IAR/PARCC","reading",390,22.8
"609759",2015,"HS","IAR/PARCC","reading",219,3.7
"609760",2015,"HS","IAR/PARCC","reading",136,11.8
"609761",2015,"HS","IAR/PARCC","reading",101,4
"609762",2015,"HS","IAR/PARCC","reading",121,1.7
"609764",2015,"HS","IAR/PARCC","reading",292,23.6
"609768",2015,"HS","IAR/PARCC","reading",34,0
"609780",2015,"HS","IAR/PARCC","reading",132,18.9
"610244",2015,"HS","IAR/PARCC","reading",118,5.9
"610245",2015,"HS","IAR/PARCC","reading",54,0
"610304",2015,"HS","IAR/PARCC","reading",140,35.7
"610323",2015,"HS","IAR/PARCC","reading",65,0
"610334",2015,"HS","IAR/PARCC","reading",118,0.8
"610340",2015,"HS","IAR/PARCC","reading",45,24.4
"610357",2015,"HS","IAR/PARCC","reading",59,6.8
"610380",2015,"HS","IAR/PARCC","reading",83,2.4
"610381",2015,"HS","IAR/PARCC","reading",122,0.8
"610383",2015,"HS","IAR/PARCC","reading",58,6.9
"610384",2015,"HS","IAR/PARCC","reading",98,9.2
"610385",2015,"HS","IAR/PARCC","reading",93,8.6
"610389",2015,"HS","IAR/PARCC","reading",82,1.2
"610390",2015,"HS","IAR/PARCC","reading",189,24.9
"610392",2015,"HS","IAR/PARCC","reading",69,2.9
"610394",2015,"HS","IAR/PARCC","reading",22,0
"610499",2015,"HS","IAR/PARCC","reading",117,1.7
"610501",2015,"HS","IAR/PARCC","reading",17,0
"610506",2015,"HS","IAR/PARCC","reading",56,0
"610513",2015,"HS","IAR/PARCC","reading",103,12.6
"610518",2015,"HS","IAR/PARCC","reading",26,0
"610524",2015,"HS","IAR/PARCC","reading",68,20.6
"610529",2015,"HS","IAR/PARCC","reading",29,24.1
"610543",2015,"HS","IAR/PARCC","reading",297,32
"610547",2015,"HS","IAR/PARCC","reading",37,27
"610561",2015,"HS","IAR/PARCC","reading",159,23.3
"610563",2015,"HS","IAR/PARCC","reading",274,45.6
"610564",2015,"HS","IAR/PARCC","reading",141,25.5
"610569",2015,"HS","IAR/PARCC","reading",11,0
"610571",2015,"HS","IAR/PARCC","reading",13,0
"400009",2024,"ES","IAR/PARCC","math",306,5.6
"400011",2024,"ES","IAR/PARCC","math",209,15.3
"400017",2024,"ES","IAR/PARCC","math",99,5.1
"400021",2024,"ES","IAR/PARCC","math",341,12
"400023",2024,"ES","IAR/PARCC","math",269,38.3
"400024",2024,"ES","IAR/PARCC","math",313,16.9
"400025",2024,"ES","IAR/PARCC","math",377,13.8
"400027",2024,"ES","IAR/PARCC","math",330,22.4
"400028",2024,"ES","IAR/PARCC","math",251,5.2
"400029",2024,"ES","IAR/PARCC","math",299,12
"400030",2024,"ES","IAR/PARCC","math",358,14.2
"400031",2024,"ES","IAR/PARCC","math",423,6.1
"400033",2024,"ES","IAR/PARCC","math",711,2.5
"400035",2024,"ES","IAR/PARCC","math",199,15.1
"400039",2024,"ES","IAR/PARCC","math",264,2.3
"400044",2024,"ES","IAR/PARCC","math",569,2.8
"400046",2024,"ES","IAR/PARCC","math",287,19.9
"400047",2024,"ES","IAR/PARCC","math",166,21.1
"400048",2024,"ES","IAR/PARCC","math",215,22.3
"400049",2024,"ES","IAR/PARCC","math",293,5.5
"400050",2024,"ES","IAR/PARCC","math",272,8.8
"400052",2024,"ES","IAR/PARCC","math",262,11.8
"400060",2024,"ES","IAR/PARCC","math",214,10.3
"400061",2024,"ES","IAR/PARCC","math",157,3.2
"400064",2024,"ES","IAR/PARCC","math",51,3.9
"400066",2024,"ES","IAR/PARCC","math",35,2.9
"400068",2024,"ES","IAR/PARCC","math",117,0
"400069",2024,"ES","IAR/PARCC","math",166,1.2
"400071",2024,"ES","IAR/PARCC","math",285,13
"400075",2024,"ES","IAR/PARCC","math",240,17.5
"400076",2024,"ES","IAR/PARCC","math",149,18.1
"400077",2024,"ES","IAR/PARCC","math",253,4.7
"400079",2024,"ES","IAR/PARCC","math",367,10.4
"400080",2024,"ES","IAR/PARCC","math",389,9.5
"400081",2024,"ES","IAR/PARCC","math",161,4.3
"400082",2024,"ES","IAR/PARCC","math",284,11.3
"400083",2024,"ES","IAR/PARCC","math",99,13.1
"400084",2024,"ES","IAR/PARCC","math",177,18.6
"400089",2024,"ES","IAR/PARCC","math",345,8.1
"400092",2024,"ES","IAR/PARCC","math",139,6.5
"400096",2024,"ES","IAR/PARCC","math",504,5.8
"400101",2024,"ES","IAR/PARCC","math",264,3
"400107",2024,"ES","IAR/PARCC","math",243,16.5
"400111",2024,"ES","IAR/PARCC","math",268,10.4
"400112",2024,"ES","IAR/PARCC","math",358,7.3
"400114",2024,"ES","IAR/PARCC","math",165,10.9
"400115",2024,"ES","IAR/PARCC","math",355,11.5
"400116",2024,"ES","IAR/PARCC","math",211,5.2
"400120",2024,"ES","IAR/PARCC","math",337,8.3
"400121",2024,"ES","IAR/PARCC","math",246,4.5
"400146",2024,"ES","IAR/PARCC","math",435,6
"400151",2024,"ES","IAR/PARCC","math",75,10.7
"400153",2024,"ES","IAR/PARCC","math",323,7.4
"400159",2024,"ES","IAR/PARCC","math",287,9.8
"400161",2024,"ES","IAR/PARCC","math",84,6
"400162",2024,"ES","IAR/PARCC","math",273,10.6
"400163",2024,"ES","IAR/PARCC","math",564,9.2
"400165",2024,"ES","IAR/PARCC","math",179,10.1
"400167",2024,"ES","IAR/PARCC","math",362,11.3
"400168",2024,"ES","IAR/PARCC","math",350,20.6
"400178",2024,"ES","IAR/PARCC","math",492,5.5
"400180",2024,"ES","IAR/PARCC","math",621,12.4
"400181",2024,"ES","IAR/PARCC","math",49,2
"609716",2024,"ES","IAR/PARCC","math",120,0.8
"609720",2024,"ES","IAR/PARCC","math",197,95.9
"609725",2024,"ES","IAR/PARCC","math",55,9.1
"609726",2024,"ES","IAR/PARCC","math",121,47.9
"609734",2024,"ES","IAR/PARCC","math",160,71.3
"609746",2024,"ES","IAR/PARCC","math",276,49.6
"609755",2024,"ES","IAR/PARCC","math",272,96.7
"609772",2024,"ES","IAR/PARCC","math",322,16.8
"609773",2024,"ES","IAR/PARCC","math",195,25.6
"609774",2024,"ES","IAR/PARCC","math",304,58.6
"609777",2024,"ES","IAR/PARCC","math",149,16.8
"609779",2024,"ES","IAR/PARCC","math",811,28.9
"609780",2024,"ES","IAR/PARCC","math",132,3.8
"609782",2024,"ES","IAR/PARCC","math",275,64
"609783",2024,"ES","IAR/PARCC","math",15,0
"609786",2024,"ES","IAR/PARCC","math",132,6.1
"609788",2024,"ES","IAR/PARCC","math",160,8.1
"609789",2024,"ES","IAR/PARCC","math",248,7.3
"609790",2024,"ES","IAR/PARCC","math",229,2.2
"609791",2024,"ES","IAR/PARCC","math",173,3.5
"609792",2024,"ES","IAR/PARCC","math",554,16.2
"609793",2024,"ES","IAR/PARCC","math",270,2.6
"609794",2024,"ES","IAR/PARCC","math",179,92.7
"609795",2024,"ES","IAR/PARCC","math",91,8.8
"609796",2024,"ES","IAR/PARCC","math",644,41.1
"609797",2024,"ES","IAR/PARCC","math",164,7.3
"609798",2024,"ES","IAR/PARCC","math",334,37.7
"609799",2024,"ES","IAR/PARCC","math",549,63.6
"609800",2024,"ES","IAR/PARCC","math",162,2.5
"609803",2024,"ES","IAR/PARCC","math",356,66.6
"609804",2024,"ES","IAR/PARCC","math",459,18.5
"609805",2024,"ES","IAR/PARCC","math",186,11.3
"609806",2024,"ES","IAR/PARCC","math",251,2
"609807",2024,"ES","IAR/PARCC","math",258,1.9
"609808",2024,"ES","IAR/PARCC","math",248,8.9
"609809",2024,"ES","IAR/PARCC","math",416,23.6
"609810",2024,"ES","IAR/PARCC","math",655,24
"609811",2024,"ES","IAR/PARCC","math",113,0
"609812",2024,"ES","IAR/PARCC","math",142,7.7
"609813",2024,"ES","IAR/PARCC","math",65,13.8
"609815",2024,"ES","IAR/PARCC","math",320,7.8
"609817",2024,"ES","IAR/PARCC","math",385,28.3
"609818",2024,"ES","IAR/PARCC","math",442,7.2
"609819",2024,"ES","IAR/PARCC","math",149,1.3
"609820",2024,"ES","IAR/PARCC","math",316,63.3
"609821",2024,"ES","IAR/PARCC","math",260,4.6
"609827",2024,"ES","IAR/PARCC","math",167,13.8
"609828",2024,"ES","IAR/PARCC","math",310,40.6
"609829",2024,"ES","IAR/PARCC","math",216,19.4
"609830",2024,"ES","IAR/PARCC","math",212,2.8
"609832",2024,"ES","IAR/PARCC","math",409,15.9
"609833",2024,"ES","IAR/PARCC","math",130,6.2
"609834",2024,"ES","IAR/PARCC","math",418,5.3
"609835",2024,"ES","IAR/PARCC","math",433,2.8
"609836",2024,"ES","IAR/PARCC","math",503,35.6
"609837",2024,"ES","IAR/PARCC","math",283,20.1
"609839",2024,"ES","IAR/PARCC","math",232,9.1
"609842",2024,"ES","IAR/PARCC","math",518,15.1
"609844",2024,"ES","IAR/PARCC","math",165,4.2
"609845",2024,"ES","IAR/PARCC","math",281,3.2
"609848",2024,"ES","IAR/PARCC","math",148,1.4
"609849",2024,"ES","IAR/PARCC","math",237,37.6
"609850",2024,"ES","IAR/PARCC","math",236,18.2
"609851",2024,"ES","IAR/PARCC","math",143,3.5
"609852",2024,"ES","IAR/PARCC","math",323,36.8
"609853",2024,"ES","IAR/PARCC","math",181,12.2
"609854",2024,"ES","IAR/PARCC","math",177,2.8
"609855",2024,"ES","IAR/PARCC","math",140,5.7
"609856",2024,"ES","IAR/PARCC","math",361,12.5
"609857",2024,"ES","IAR/PARCC","math",249,8.4
"609859",2024,"ES","IAR/PARCC","math",676,18.5
"609861",2024,"ES","IAR/PARCC","math",242,8.7
"609862",2024,"ES","IAR/PARCC","math",149,6
"609863",2024,"ES","IAR/PARCC","math",186,16.7
"609864",2024,"ES","IAR/PARCC","math",178,2.8
"609865",2024,"ES","IAR/PARCC","math",281,6.8
"609866",2024,"ES","IAR/PARCC","math",530,59.6
"609867",2024,"ES","IAR/PARCC","math",301,8.3
"609869",2024,"ES","IAR/PARCC","math",116,4.3
"609870",2024,"ES","IAR/PARCC","math",262,5
"609872",2024,"ES","IAR/PARCC","math",193,6.2
"609873",2024,"ES","IAR/PARCC","math",84,1.2
"609874",2024,"ES","IAR/PARCC","math",688,35
"609875",2024,"ES","IAR/PARCC","math",273,11
"609876",2024,"ES","IAR/PARCC","math",297,3
"609879",2024,"ES","IAR/PARCC","math",575,15.1
"609880",2024,"ES","IAR/PARCC","math",218,89.9
"609883",2024,"ES","IAR/PARCC","math",285,2.8
"609884",2024,"ES","IAR/PARCC","math",445,16.9
"609885",2024,"ES","IAR/PARCC","math",149,13.4
"609887",2024,"ES","IAR/PARCC","math",358,14
"609891",2024,"ES","IAR/PARCC","math",137,1.5
"609893",2024,"ES","IAR/PARCC","math",420,23.6
"609894",2024,"ES","IAR/PARCC","math",190,2.1
"609895",2024,"ES","IAR/PARCC","math",120,18.3
"609896",2024,"ES","IAR/PARCC","math",164,32.3
"609897",2024,"ES","IAR/PARCC","math",157,1.9
"609898",2024,"ES","IAR/PARCC","math",680,6.3
"609899",2024,"ES","IAR/PARCC","math",468,43.2
"609900",2024,"ES","IAR/PARCC","math",221,3.2
"609901",2024,"ES","IAR/PARCC","math",281,47.3
"609902",2024,"ES","IAR/PARCC","math",197,2.5
"609903",2024,"ES","IAR/PARCC","math",748,6.7
"609904",2024,"ES","IAR/PARCC","math",274,2.9
"609907",2024,"ES","IAR/PARCC","math",189,10.1
"609908",2024,"ES","IAR/PARCC","math",153,7.2
"609909",2024,"ES","IAR/PARCC","math",32,34.4
"609910",2024,"ES","IAR/PARCC","math",483,17.6
"609912",2024,"ES","IAR/PARCC","math",283,28.6
"609917",2024,"ES","IAR/PARCC","math",166,13.9
"609918",2024,"ES","IAR/PARCC","math",143,1.4
"609919",2024,"ES","IAR/PARCC","math",212,2.8
"609920",2024,"ES","IAR/PARCC","math",265,5.3
"609921",2024,"ES","IAR/PARCC","math",145,6.2
"609922",2024,"ES","IAR/PARCC","math",238,8
"609924",2024,"ES","IAR/PARCC","math",179,2.2
"609925",2024,"ES","IAR/PARCC","math",117,3.4
"609926",2024,"ES","IAR/PARCC","math",266,28.2
"609927",2024,"ES","IAR/PARCC","math",148,4.7
"609928",2024,"ES","IAR/PARCC","math",209,6.2
"609929",2024,"ES","IAR/PARCC","math",204,6.9
"609930",2024,"ES","IAR/PARCC","math",227,4.8
"609933",2024,"ES","IAR/PARCC","math",151,1.3
"609935",2024,"ES","IAR/PARCC","math",397,12.8
"609937",2024,"ES","IAR/PARCC","math",504,29.6
"609938",2024,"ES","IAR/PARCC","math",679,9.3
"609939",2024,"ES","IAR/PARCC","math",187,2.7
"609941",2024,"ES","IAR/PARCC","math",197,6.6
"609942",2024,"ES","IAR/PARCC","math",430,20.9
"609943",2024,"ES","IAR/PARCC","math",197,3
"609944",2024,"ES","IAR/PARCC","math",193,18.1
"609945",2024,"ES","IAR/PARCC","math",353,23.2
"609947",2024,"ES","IAR/PARCC","math",215,1.9
"609949",2024,"ES","IAR/PARCC","math",657,18.4
"609951",2024,"ES","IAR/PARCC","math",196,5.6
"609952",2024,"ES","IAR/PARCC","math",139,16.5
"609954",2024,"ES","IAR/PARCC","math",158,11.4
"609955",2024,"ES","IAR/PARCC","math",206,3.9
"609956",2024,"ES","IAR/PARCC","math",249,20.5
"609958",2024,"ES","IAR/PARCC","math",428,15.4
"609959",2024,"ES","IAR/PARCC","math",339,58.7
"609960",2024,"ES","IAR/PARCC","math",551,19.1
"609961",2024,"ES","IAR/PARCC","math",181,4.4
"609963",2024,"ES","IAR/PARCC","math",300,56.7
"609964",2024,"ES","IAR/PARCC","math",335,3.9
"609966",2024,"ES","IAR/PARCC","math",166,4.2
"609967",2024,"ES","IAR/PARCC","math",148,10.8
"609968",2024,"ES","IAR/PARCC","math",354,5.6
"609969",2024,"ES","IAR/PARCC","math",192,9.9
"609971",2024,"ES","IAR/PARCC","math",197,2.5
"609972",2024,"ES","IAR/PARCC","math",588,7
"609973",2024,"ES","IAR/PARCC","math",344,13.4
"609974",2024,"ES","IAR/PARCC","math",411,86.9
"609975",2024,"ES","IAR/PARCC","math",161,6.2
"609976",2024,"ES","IAR/PARCC","math",515,15.5
"609977",2024,"ES","IAR/PARCC","math",86,8.1
"609978",2024,"ES","IAR/PARCC","math",209,4.8
"609979",2024,"ES","IAR/PARCC","math",882,56.5
"609981",2024,"ES","IAR/PARCC","math",126,9.5
"609983",2024,"ES","IAR/PARCC","math",306,5.2
"609985",2024,"ES","IAR/PARCC","math",121,1.7
"609986",2024,"ES","IAR/PARCC","math",140,2.9
"609987",2024,"ES","IAR/PARCC","math",97,4.1
"609988",2024,"ES","IAR/PARCC","math",287,9.8
"609990",2024,"ES","IAR/PARCC","math",483,49.9
"609991",2024,"ES","IAR/PARCC","math",209,1.4
"609993",2024,"ES","IAR/PARCC","math",212,4.2
"609994",2024,"ES","IAR/PARCC","math",483,8.9
"609995",2024,"ES","IAR/PARCC","math",344,22.4
"609996",2024,"ES","IAR/PARCC","math",255,28.2
"609997",2024,"ES","IAR/PARCC","math",93,0
"610000",2024,"ES","IAR/PARCC","math",210,8.1
"610002",2024,"ES","IAR/PARCC","math",148,16.9
"610003",2024,"ES","IAR/PARCC","math",130,4.6
"610004",2024,"ES","IAR/PARCC","math",116,10.3
"610005",2024,"ES","IAR/PARCC","math",97,9.3
"610006",2024,"ES","IAR/PARCC","math",486,15.4
"610009",2024,"ES","IAR/PARCC","math",338,33.4
"610010",2024,"ES","IAR/PARCC","math",113,14.2
"610011",2024,"ES","IAR/PARCC","math",550,26
"610013",2024,"ES","IAR/PARCC","math",163,4.3
"610015",2024,"ES","IAR/PARCC","math",145,17.9
"610016",2024,"ES","IAR/PARCC","math",188,34
"610017",2024,"ES","IAR/PARCC","math",535,7.9
"610019",2024,"ES","IAR/PARCC","math",105,8.6
"610021",2024,"ES","IAR/PARCC","math",207,30.4
"610022",2024,"ES","IAR/PARCC","math",483,9.5
"610024",2024,"ES","IAR/PARCC","math",513,17.9
"610026",2024,"ES","IAR/PARCC","math",439,33.9
"610027",2024,"ES","IAR/PARCC","math",140,16.4
"610029",2024,"ES","IAR/PARCC","math",125,0.8
"610030",2024,"ES","IAR/PARCC","math",152,6.6
"610032",2024,"ES","IAR/PARCC","math",174,5.7
"610033",2024,"ES","IAR/PARCC","math",321,43.9
"610034",2024,"ES","IAR/PARCC","math",130,3.8
"610036",2024,"ES","IAR/PARCC","math",269,4.1
"610037",2024,"ES","IAR/PARCC","math",152,4.6
"610038",2024,"ES","IAR/PARCC","math",569,71.9
"610039",2024,"ES","IAR/PARCC","math",396,21.7
"610040",2024,"ES","IAR/PARCC","math",380,8.2
"610041",2024,"ES","IAR/PARCC","math",713,7.9
"610043",2024,"ES","IAR/PARCC","math",229,9.6
"610044",2024,"ES","IAR/PARCC","math",177,8.5
"610046",2024,"ES","IAR/PARCC","math",701,17.3
"610047",2024,"ES","IAR/PARCC","math",135,1.5
"610048",2024,"ES","IAR/PARCC","math",141,1.4
"610051",2024,"ES","IAR/PARCC","math",515,8.2
"610052",2024,"ES","IAR/PARCC","math",178,12.9
"610053",2024,"ES","IAR/PARCC","math",626,9.6
"610054",2024,"ES","IAR/PARCC","math",389,10
"610055",2024,"ES","IAR/PARCC","math",113,1.8
"610056",2024,"ES","IAR/PARCC","math",145,4.8
"610057",2024,"ES","IAR/PARCC","math",318,2.2
"610059",2024,"ES","IAR/PARCC","math",367,56.1
"610060",2024,"ES","IAR/PARCC","math",294,45.9
"610062",2024,"ES","IAR/PARCC","math",174,11.5
"610063",2024,"ES","IAR/PARCC","math",195,3.6
"610065",2024,"ES","IAR/PARCC","math",188,0.5
"610066",2024,"ES","IAR/PARCC","math",133,67.7
"610067",2024,"ES","IAR/PARCC","math",341,6.2
"610068",2024,"ES","IAR/PARCC","math",659,17.5
"610070",2024,"ES","IAR/PARCC","math",326,18.4
"610073",2024,"ES","IAR/PARCC","math",236,45.3
"610074",2024,"ES","IAR/PARCC","math",377,8.8
"610076",2024,"ES","IAR/PARCC","math",251,5.2
"610077",2024,"ES","IAR/PARCC","math",355,6.8
"610078",2024,"ES","IAR/PARCC","math",395,20.8
"610081",2024,"ES","IAR/PARCC","math",351,52.1
"610082",2024,"ES","IAR/PARCC","math",714,48.3
"610084",2024,"ES","IAR/PARCC","math",164,90.2
"610086",2024,"ES","IAR/PARCC","math",144,5.6
"610088",2024,"ES","IAR/PARCC","math",306,9.5
"610089",2024,"ES","IAR/PARCC","math",273,24.5
"610090",2024,"ES","IAR/PARCC","math",311,13.2
"610091",2024,"ES","IAR/PARCC","math",194,4.1
"610092",2024,"ES","IAR/PARCC","math",127,2.4
"610093",2024,"ES","IAR/PARCC","math",102,7.8
"610094",2024,"ES","IAR/PARCC","math",340,55
"610095",2024,"ES","IAR/PARCC","math",211,12.3
"610096",2024,"ES","IAR/PARCC","math",603,10.6
"610097",2024,"ES","IAR/PARCC","math",340,6.2
"610098",2024,"ES","IAR/PARCC","math",402,8
"610099",2024,"ES","IAR/PARCC","math",227,33
"610100",2024,"ES","IAR/PARCC","math",283,9.5
"610101",2024,"ES","IAR/PARCC","math",520,12.7
"610102",2024,"ES","IAR/PARCC","math",185,2.7
"610103",2024,"ES","IAR/PARCC","math",345,4.6
"610104",2024,"ES","IAR/PARCC","math",416,39.7
"610105",2024,"ES","IAR/PARCC","math",371,46.1
"610106",2024,"ES","IAR/PARCC","math",390,3.8
"610107",2024,"ES","IAR/PARCC","math",190,5.8
"610108",2024,"ES","IAR/PARCC","math",197,9.6
"610109",2024,"ES","IAR/PARCC","math",165,10.9
"610110",2024,"ES","IAR/PARCC","math",174,8
"610111",2024,"ES","IAR/PARCC","math",451,18.4
"610112",2024,"ES","IAR/PARCC","math",215,5.1
"610115",2024,"ES","IAR/PARCC","math",161,5
"610116",2024,"ES","IAR/PARCC","math",140,10
"610117",2024,"ES","IAR/PARCC","math",188,34
"610120",2024,"ES","IAR/PARCC","math",254,12.6
"610121",2024,"ES","IAR/PARCC","math",179,3.9
"610122",2024,"ES","IAR/PARCC","math",552,28.1
"610123",2024,"ES","IAR/PARCC","math",101,6.9
"610124",2024,"ES","IAR/PARCC","math",149,8.7
"610125",2024,"ES","IAR/PARCC","math",290,8.6
"610126",2024,"ES","IAR/PARCC","math",265,7.9
"610127",2024,"ES","IAR/PARCC","math",591,24.2
"610128",2024,"ES","IAR/PARCC","math",139,5
"610129",2024,"ES","IAR/PARCC","math",220,15.9
"610130",2024,"ES","IAR/PARCC","math",92,4.3
"610131",2024,"ES","IAR/PARCC","math",69,8.7
"610132",2024,"ES","IAR/PARCC","math",141,65.2
"610133",2024,"ES","IAR/PARCC","math",162,0.6
"610135",2024,"ES","IAR/PARCC","math",519,13.3
"610136",2024,"ES","IAR/PARCC","math",241,58.5
"610137",2024,"ES","IAR/PARCC","math",439,18.7
"610138",2024,"ES","IAR/PARCC","math",542,37.6
"610139",2024,"ES","IAR/PARCC","math",217,4.1
"610141",2024,"ES","IAR/PARCC","math",332,45.8
"610142",2024,"ES","IAR/PARCC","math",362,14.1
"610143",2024,"ES","IAR/PARCC","math",151,3.3
"610144",2024,"ES","IAR/PARCC","math",370,9.2
"610145",2024,"ES","IAR/PARCC","math",401,10.7
"610146",2024,"ES","IAR/PARCC","math",123,1.6
"610147",2024,"ES","IAR/PARCC","math",440,34.1
"610148",2024,"ES","IAR/PARCC","math",478,33.5
"610152",2024,"ES","IAR/PARCC","math",210,9
"610153",2024,"ES","IAR/PARCC","math",158,7.6
"610155",2024,"ES","IAR/PARCC","math",395,60.3
"610157",2024,"ES","IAR/PARCC","math",639,11
"610158",2024,"ES","IAR/PARCC","math",239,13.8
"610159",2024,"ES","IAR/PARCC","math",403,18.1
"610165",2024,"ES","IAR/PARCC","math",274,2.9
"610167",2024,"ES","IAR/PARCC","math",271,4.1
"610170",2024,"ES","IAR/PARCC","math",444,23.4
"610171",2024,"ES","IAR/PARCC","math",287,5.2
"610172",2024,"ES","IAR/PARCC","math",135,3
"610173",2024,"ES","IAR/PARCC","math",109,9.2
"610174",2024,"ES","IAR/PARCC","math",166,17.5
"610175",2024,"ES","IAR/PARCC","math",197,13.2
"610176",2024,"ES","IAR/PARCC","math",253,7.5
"610177",2024,"ES","IAR/PARCC","math",654,60.4
"610178",2024,"ES","IAR/PARCC","math",90,12.2
"610179",2024,"ES","IAR/PARCC","math",501,18.4
"610180",2024,"ES","IAR/PARCC","math",208,1.9
"610182",2024,"ES","IAR/PARCC","math",171,36.3
"610183",2024,"ES","IAR/PARCC","math",253,7.1
"610184",2024,"ES","IAR/PARCC","math",211,3.8
"610185",2024,"ES","IAR/PARCC","math",689,13.4
"610188",2024,"ES","IAR/PARCC","math",110,10.9
"610191",2024,"ES","IAR/PARCC","math",381,42.8
"610192",2024,"ES","IAR/PARCC","math",334,4.2
"610193",2024,"ES","IAR/PARCC","math",206,4.4
"610194",2024,"ES","IAR/PARCC","math",129,13.2
"610195",2024,"ES","IAR/PARCC","math",426,20.7
"610196",2024,"ES","IAR/PARCC","math",288,18.8
"610197",2024,"ES","IAR/PARCC","math",292,14.4
"610198",2024,"ES","IAR/PARCC","math",220,11.8
"610199",2024,"ES","IAR/PARCC","math",105,22.9
"610200",2024,"ES","IAR/PARCC","math",140,3.6
"610201",2024,"ES","IAR/PARCC","math",541,33.8
"610202",2024,"ES","IAR/PARCC","math",160,7.5
"610203",2024,"ES","IAR/PARCC","math",344,23.3
"610206",2024,"ES","IAR/PARCC","math",605,19.3
"610207",2024,"ES","IAR/PARCC","math",162,3.7
"610208",2024,"ES","IAR/PARCC","math",221,3.2
"610209",2024,"ES","IAR/PARCC","math",442,7.9
"610212",2024,"ES","IAR/PARCC","math",229,13.5
"610213",2024,"ES","IAR/PARCC","math",284,6.3
"610215",2024,"ES","IAR/PARCC","math",253,7.9
"610216",2024,"ES","IAR/PARCC","math",144,12.5
"610217",2024,"ES","IAR/PARCC","math",314,44.6
"610218",2024,"ES","IAR/PARCC","math",171,11.1
"610219",2024,"ES","IAR/PARCC","math",396,20.7
"610220",2024,"ES","IAR/PARCC","math",402,43.8
"610221",2024,"ES","IAR/PARCC","math",119,9.2
"610223",2024,"ES","IAR/PARCC","math",203,3.9
"610225",2024,"ES","IAR/PARCC","math",140,10
"610226",2024,"ES","IAR/PARCC","math",348,18.7
"610227",2024,"ES","IAR/PARCC","math",395,8.6
"610228",2024,"ES","IAR/PARCC","math",152,3.3
"610229",2024,"ES","IAR/PARCC","math",444,54.3
"610230",2024,"ES","IAR/PARCC","math",292,50.7
"610231",2024,"ES","IAR/PARCC","math",456,27.4
"610234",2024,"ES","IAR/PARCC","math",182,3.3
"610235",2024,"ES","IAR/PARCC","math",250,2.8
"610237",2024,"ES","IAR/PARCC","math",156,1.9
"610238",2024,"ES","IAR/PARCC","math",125,5.6
"610239",2024,"ES","IAR/PARCC","math",325,2.5
"610242",2024,"ES","IAR/PARCC","math",261,6.9
"610246",2024,"ES","IAR/PARCC","math",544,18.6
"610248",2024,"ES","IAR/PARCC","math",340,23.8
"610249",2024,"ES","IAR/PARCC","math",207,16.4
"610250",2024,"ES","IAR/PARCC","math",219,6.4
"610251",2024,"ES","IAR/PARCC","math",193,4.7
"610252",2024,"ES","IAR/PARCC","math",138,0
"610254",2024,"ES","IAR/PARCC","math",200,3.5
"610256",2024,"ES","IAR/PARCC","math",26,7.7
"610257",2024,"ES","IAR/PARCC","math",142,3.5
"610263",2024,"ES","IAR/PARCC","math",386,1.3
"610268",2024,"ES","IAR/PARCC","math",219,4.1
"610269",2024,"ES","IAR/PARCC","math",164,11.6
"610271",2024,"ES","IAR/PARCC","math",178,8.4
"610274",2024,"ES","IAR/PARCC","math",126,4
"610276",2024,"ES","IAR/PARCC","math",153,2
"610279",2024,"ES","IAR/PARCC","math",157,1.3
"610281",2024,"ES","IAR/PARCC","math",374,3.7
"610282",2024,"ES","IAR/PARCC","math",176,4.5
"610284",2024,"ES","IAR/PARCC","math",170,15.9
"610287",2024,"ES","IAR/PARCC","math",185,11.9
"610290",2024,"ES","IAR/PARCC","math",175,1.7
"610291",2024,"ES","IAR/PARCC","math",426,19.5
"610293",2024,"ES","IAR/PARCC","math",179,5.6
"610295",2024,"ES","IAR/PARCC","math",160,6.3
"610298",2024,"ES","IAR/PARCC","math",175,61.1
"610299",2024,"ES","IAR/PARCC","math",160,3.1
"610300",2024,"ES","IAR/PARCC","math",217,3.7
"610305",2024,"ES","IAR/PARCC","math",162,1.9
"610312",2024,"ES","IAR/PARCC","math",64,18.8
"610313",2024,"ES","IAR/PARCC","math",299,3
"610315",2024,"ES","IAR/PARCC","math",67,3
"610316",2024,"ES","IAR/PARCC","math",141,21.3
"610317",2024,"ES","IAR/PARCC","math",178,11.2
"610319",2024,"ES","IAR/PARCC","math",204,8.8
"610325",2024,"ES","IAR/PARCC","math",323,14.9
"610329",2024,"ES","IAR/PARCC","math",160,30
"610339",2024,"ES","IAR/PARCC","math",214,2.8
"610342",2024,"ES","IAR/PARCC","math",200,12
"610345",2024,"ES","IAR/PARCC","math",199,2.5
"610347",2024,"ES","IAR/PARCC","math",173,5.8
"610350",2024,"ES","IAR/PARCC","math",238,34.5
"610352",2024,"ES","IAR/PARCC","math",395,16.5
"610353",2024,"ES","IAR/PARCC","math",403,5
"610354",2024,"ES","IAR/PARCC","math",166,7.8
"610355",2024,"ES","IAR/PARCC","math",137,5.1
"610362",2024,"ES","IAR/PARCC","math",118,8.5
"610363",2024,"ES","IAR/PARCC","math",815,31.8
"610364",2024,"ES","IAR/PARCC","math",113,5.3
"610366",2024,"ES","IAR/PARCC","math",135,5.9
"610367",2024,"ES","IAR/PARCC","math",221,3.6
"610368",2024,"ES","IAR/PARCC","math",225,1.3
"610369",2024,"ES","IAR/PARCC","math",159,3.1
"610391",2024,"ES","IAR/PARCC","math",230,32.2
"610396",2024,"ES","IAR/PARCC","math",614,10.7
"610405",2024,"ES","IAR/PARCC","math",222,14.4
"610503",2024,"ES","IAR/PARCC","math",95,5.3
"610515",2024,"ES","IAR/PARCC","math",227,36.1
"610520",2024,"ES","IAR/PARCC","math",334,49.1
"610521",2024,"ES","IAR/PARCC","math",78,19.2
"610523",2024,"ES","IAR/PARCC","math",266,34.2
"610530",2024,"ES","IAR/PARCC","math",107,15.9
"610532",2024,"ES","IAR/PARCC","math",765,9.3
"610533",2024,"ES","IAR/PARCC","math",516,8.7
"610534",2024,"ES","IAR/PARCC","math",338,92.6
"610539",2024,"ES","IAR/PARCC","math",460,11.7
"610541",2024,"ES","IAR/PARCC","math",386,19.7
"610542",2024,"ES","IAR/PARCC","math",414,25.1
"610544",2024,"ES","IAR/PARCC","math",496,14.9
"610548",2024,"ES","IAR/PARCC","math",225,45.8
"610559",2024,"ES","IAR/PARCC","math",374,6.7
"610564",2024,"ES","IAR/PARCC","math",160,21.3
"610586",2024,"ES","IAR/PARCC","math",370,5.7
"610588",2024,"ES","IAR/PARCC","math",854,19
"610589",2024,"ES","IAR/PARCC","math",290,49.3
"610590",2024,"ES","IAR/PARCC","math",256,62.5
"400009",2023,"ES","IAR/PARCC","math",276,4
"400011",2023,"ES","IAR/PARCC","math",194,18.6
"400017",2023,"ES","IAR/PARCC","math",105,3.8
"400021",2023,"ES","IAR/PARCC","math",346,6.1
"400023",2023,"ES","IAR/PARCC","math",267,14.2
"400024",2023,"ES","IAR/PARCC","math",311,12.2
"400025",2023,"ES","IAR/PARCC","math",416,8.4
"400027",2023,"ES","IAR/PARCC","math",349,18.1
"400028",2023,"ES","IAR/PARCC","math",281,3.9
"400029",2023,"ES","IAR/PARCC","math",308,12.7
"400030",2023,"ES","IAR/PARCC","math",352,11.4
"400031",2023,"ES","IAR/PARCC","math",451,3.1
"400033",2023,"ES","IAR/PARCC","math",805,3
"400035",2023,"ES","IAR/PARCC","math",215,22.3
"400039",2023,"ES","IAR/PARCC","math",256,5.5
"400043",2023,"ES","IAR/PARCC","math",95,8.4
"400044",2023,"ES","IAR/PARCC","math",587,3.7
"400046",2023,"ES","IAR/PARCC","math",317,11.7
"400047",2023,"ES","IAR/PARCC","math",177,16.9
"400048",2023,"ES","IAR/PARCC","math",203,18.2
"400049",2023,"ES","IAR/PARCC","math",286,6.3
"400050",2023,"ES","IAR/PARCC","math",279,6.5
"400052",2023,"ES","IAR/PARCC","math",302,11.3
"400060",2023,"ES","IAR/PARCC","math",191,7.9
"400061",2023,"ES","IAR/PARCC","math",148,3.4
"400064",2023,"ES","IAR/PARCC","math",53,3.8
"400066",2023,"ES","IAR/PARCC","math",42,0
"400068",2023,"ES","IAR/PARCC","math",136,2.2
"400069",2023,"ES","IAR/PARCC","math",181,2.2
"400071",2023,"ES","IAR/PARCC","math",258,10.1
"400075",2023,"ES","IAR/PARCC","math",218,12.4
"400076",2023,"ES","IAR/PARCC","math",150,18
"400077",2023,"ES","IAR/PARCC","math",216,6
"400079",2023,"ES","IAR/PARCC","math",391,10.5
"400080",2023,"ES","IAR/PARCC","math",388,8
"400081",2023,"ES","IAR/PARCC","math",159,5.7
"400082",2023,"ES","IAR/PARCC","math",291,11.7
"400083",2023,"ES","IAR/PARCC","math",122,2.5
"400084",2023,"ES","IAR/PARCC","math",180,17.8
"400089",2023,"ES","IAR/PARCC","math",347,12.1
"400092",2023,"ES","IAR/PARCC","math",141,5
"400096",2023,"ES","IAR/PARCC","math",549,7.1
"400101",2023,"ES","IAR/PARCC","math",302,5.3
"400107",2023,"ES","IAR/PARCC","math",252,13.1
"400111",2023,"ES","IAR/PARCC","math",278,12.2
"400112",2023,"ES","IAR/PARCC","math",356,9.6
"400114",2023,"ES","IAR/PARCC","math",172,15.1
"400115",2023,"ES","IAR/PARCC","math",356,8.4
"400116",2023,"ES","IAR/PARCC","math",192,0.5
"400120",2023,"ES","IAR/PARCC","math",324,5.9
"400121",2023,"ES","IAR/PARCC","math",245,6.1
"400146",2023,"ES","IAR/PARCC","math",365,5.2
"400151",2023,"ES","IAR/PARCC","math",86,5.8
"400153",2023,"ES","IAR/PARCC","math",347,7.2
"400159",2023,"ES","IAR/PARCC","math",288,10.4
"400161",2023,"ES","IAR/PARCC","math",114,9.6
"400162",2023,"ES","IAR/PARCC","math",293,8.9
"400163",2023,"ES","IAR/PARCC","math",510,8.6
"400165",2023,"ES","IAR/PARCC","math",270,4.8
"400167",2023,"ES","IAR/PARCC","math",385,7
"400168",2023,"ES","IAR/PARCC","math",336,20.2
"400178",2023,"ES","IAR/PARCC","math",515,7
"400180",2023,"ES","IAR/PARCC","math",628,15.9
"400181",2023,"ES","IAR/PARCC","math",76,0
"609716",2023,"ES","IAR/PARCC","math",103,1
"609720",2023,"ES","IAR/PARCC","math",224,94.6
"609725",2023,"ES","IAR/PARCC","math",24,8.3
"609726",2023,"ES","IAR/PARCC","math",114,31.6
"609734",2023,"ES","IAR/PARCC","math",162,71
"609746",2023,"ES","IAR/PARCC","math",281,50.5
"609755",2023,"ES","IAR/PARCC","math",247,96.4
"609772",2023,"ES","IAR/PARCC","math",344,17.4
"609773",2023,"ES","IAR/PARCC","math",191,39.3
"609774",2023,"ES","IAR/PARCC","math",333,60.1
"609777",2023,"ES","IAR/PARCC","math",156,19.9
"609779",2023,"ES","IAR/PARCC","math",796,26.9
"609780",2023,"ES","IAR/PARCC","math",141,5
"609782",2023,"ES","IAR/PARCC","math",273,55.3
"609786",2023,"ES","IAR/PARCC","math",134,3.7
"609788",2023,"ES","IAR/PARCC","math",178,6.7
"609789",2023,"ES","IAR/PARCC","math",236,5.1
"609790",2023,"ES","IAR/PARCC","math",223,0.4
"609791",2023,"ES","IAR/PARCC","math",195,2.1
"609792",2023,"ES","IAR/PARCC","math",523,16.6
"609793",2023,"ES","IAR/PARCC","math",280,1.1
"609794",2023,"ES","IAR/PARCC","math",173,89
"609795",2023,"ES","IAR/PARCC","math",99,15.2
"609796",2023,"ES","IAR/PARCC","math",611,42.4
"609797",2023,"ES","IAR/PARCC","math",149,2
"609798",2023,"ES","IAR/PARCC","math",326,38.3
"609799",2023,"ES","IAR/PARCC","math",565,60.7
"609800",2023,"ES","IAR/PARCC","math",163,1.2
"609803",2023,"ES","IAR/PARCC","math",377,59.7
"609804",2023,"ES","IAR/PARCC","math",438,15.8
"609805",2023,"ES","IAR/PARCC","math",175,8.6
"609806",2023,"ES","IAR/PARCC","math",235,3.8
"609807",2023,"ES","IAR/PARCC","math",274,1.8
"609808",2023,"ES","IAR/PARCC","math",254,3.1
"609809",2023,"ES","IAR/PARCC","math",371,20.2
"609810",2023,"ES","IAR/PARCC","math",658,20.4
"609811",2023,"ES","IAR/PARCC","math",136,0.7
"609812",2023,"ES","IAR/PARCC","math",123,2.4
"609813",2023,"ES","IAR/PARCC","math",74,10.8
"609815",2023,"ES","IAR/PARCC","math",324,5.6
"609817",2023,"ES","IAR/PARCC","math",360,25.6
"609818",2023,"ES","IAR/PARCC","math",450,6.9
"609819",2023,"ES","IAR/PARCC","math",130,2.3
"609820",2023,"ES","IAR/PARCC","math",304,65.8
"609821",2023,"ES","IAR/PARCC","math",275,1.1
"609827",2023,"ES","IAR/PARCC","math",177,9
"609828",2023,"ES","IAR/PARCC","math",328,41.2
"609829",2023,"ES","IAR/PARCC","math",239,23.4
"609830",2023,"ES","IAR/PARCC","math",227,3.1
"609832",2023,"ES","IAR/PARCC","math",404,16.8
"609833",2023,"ES","IAR/PARCC","math",137,2.2
"609834",2023,"ES","IAR/PARCC","math",423,6.1
"609835",2023,"ES","IAR/PARCC","math",396,3
"609836",2023,"ES","IAR/PARCC","math",501,35.7
"609837",2023,"ES","IAR/PARCC","math",314,17.8
"609839",2023,"ES","IAR/PARCC","math",229,9.2
"609842",2023,"ES","IAR/PARCC","math",533,18
"609844",2023,"ES","IAR/PARCC","math",174,5.7
"609845",2023,"ES","IAR/PARCC","math",265,2.6
"609848",2023,"ES","IAR/PARCC","math",144,2.1
"609849",2023,"ES","IAR/PARCC","math",231,37.2
"609850",2023,"ES","IAR/PARCC","math",216,23.6
"609851",2023,"ES","IAR/PARCC","math",145,3.4
"609852",2023,"ES","IAR/PARCC","math",315,33.3
"609853",2023,"ES","IAR/PARCC","math",170,7.6
"609854",2023,"ES","IAR/PARCC","math",169,4.1
"609855",2023,"ES","IAR/PARCC","math",143,5.6
"609856",2023,"ES","IAR/PARCC","math",342,7.6
"609857",2023,"ES","IAR/PARCC","math",246,10.2
"609859",2023,"ES","IAR/PARCC","math",666,18.3
"609861",2023,"ES","IAR/PARCC","math",236,8.9
"609862",2023,"ES","IAR/PARCC","math",161,2.5
"609863",2023,"ES","IAR/PARCC","math",191,14.1
"609864",2023,"ES","IAR/PARCC","math",183,3.8
"609865",2023,"ES","IAR/PARCC","math",273,7
"609866",2023,"ES","IAR/PARCC","math",549,66.8
"609867",2023,"ES","IAR/PARCC","math",274,7.7
"609869",2023,"ES","IAR/PARCC","math",112,5.4
"609870",2023,"ES","IAR/PARCC","math",277,4
"609872",2023,"ES","IAR/PARCC","math",175,12.6
"609873",2023,"ES","IAR/PARCC","math",79,3.8
"609874",2023,"ES","IAR/PARCC","math",652,35.4
"609875",2023,"ES","IAR/PARCC","math",285,10.2
"609876",2023,"ES","IAR/PARCC","math",305,5.2
"609879",2023,"ES","IAR/PARCC","math",611,13.3
"609880",2023,"ES","IAR/PARCC","math",208,87.5
"609883",2023,"ES","IAR/PARCC","math",266,1.5
"609884",2023,"ES","IAR/PARCC","math",492,13.6
"609885",2023,"ES","IAR/PARCC","math",138,8.7
"609887",2023,"ES","IAR/PARCC","math",352,13.9
"609891",2023,"ES","IAR/PARCC","math",139,0
"609893",2023,"ES","IAR/PARCC","math",422,19.7
"609894",2023,"ES","IAR/PARCC","math",156,1.9
"609895",2023,"ES","IAR/PARCC","math",128,11.7
"609896",2023,"ES","IAR/PARCC","math",139,29.5
"609897",2023,"ES","IAR/PARCC","math",143,2.8
"609898",2023,"ES","IAR/PARCC","math",700,6.4
"609899",2023,"ES","IAR/PARCC","math",474,43.5
"609900",2023,"ES","IAR/PARCC","math",208,1
"609901",2023,"ES","IAR/PARCC","math",304,44.7
"609902",2023,"ES","IAR/PARCC","math",187,1.1
"609903",2023,"ES","IAR/PARCC","math",744,6.7
"609904",2023,"ES","IAR/PARCC","math",225,2.7
"609907",2023,"ES","IAR/PARCC","math",213,8
"609908",2023,"ES","IAR/PARCC","math",152,4.6
"609909",2023,"ES","IAR/PARCC","math",43,34.9
"609910",2023,"ES","IAR/PARCC","math",481,15.8
"609912",2023,"ES","IAR/PARCC","math",266,35
"609917",2023,"ES","IAR/PARCC","math",159,10.7
"609918",2023,"ES","IAR/PARCC","math",158,6.3
"609919",2023,"ES","IAR/PARCC","math",195,3.1
"609920",2023,"ES","IAR/PARCC","math",294,5.4
"609921",2023,"ES","IAR/PARCC","math",138,8.7
"609922",2023,"ES","IAR/PARCC","math",215,7
"609924",2023,"ES","IAR/PARCC","math",183,6
"609925",2023,"ES","IAR/PARCC","math",125,1.6
"609926",2023,"ES","IAR/PARCC","math",268,33.6
"609927",2023,"ES","IAR/PARCC","math",123,3.3
"609928",2023,"ES","IAR/PARCC","math",220,5
"609929",2023,"ES","IAR/PARCC","math",185,6.5
"609930",2023,"ES","IAR/PARCC","math",237,5.9
"609933",2023,"ES","IAR/PARCC","math",123,3.3
"609935",2023,"ES","IAR/PARCC","math",408,8.6
"609937",2023,"ES","IAR/PARCC","math",496,28.8
"609938",2023,"ES","IAR/PARCC","math",711,10.3
"609939",2023,"ES","IAR/PARCC","math",199,2
"609941",2023,"ES","IAR/PARCC","math",208,4.3
"609942",2023,"ES","IAR/PARCC","math",389,19
"609943",2023,"ES","IAR/PARCC","math",180,2.2
"609944",2023,"ES","IAR/PARCC","math",194,18.6
"609945",2023,"ES","IAR/PARCC","math",335,24.5
"609947",2023,"ES","IAR/PARCC","math",185,2.7
"609949",2023,"ES","IAR/PARCC","math",632,16.5
"609951",2023,"ES","IAR/PARCC","math",204,5.4
"609952",2023,"ES","IAR/PARCC","math",134,11.2
"609954",2023,"ES","IAR/PARCC","math",169,6.5
"609955",2023,"ES","IAR/PARCC","math",215,1.4
"609956",2023,"ES","IAR/PARCC","math",263,23.6
"609958",2023,"ES","IAR/PARCC","math",442,17.4
"609959",2023,"ES","IAR/PARCC","math",377,56.2
"609960",2023,"ES","IAR/PARCC","math",542,18.8
"609961",2023,"ES","IAR/PARCC","math",171,4.7
"609963",2023,"ES","IAR/PARCC","math",279,59.9
"609964",2023,"ES","IAR/PARCC","math",308,2.9
"609966",2023,"ES","IAR/PARCC","math",145,9
"609967",2023,"ES","IAR/PARCC","math",128,10.9
"609968",2023,"ES","IAR/PARCC","math",352,5.1
"609969",2023,"ES","IAR/PARCC","math",179,6.1
"609971",2023,"ES","IAR/PARCC","math",176,1.1
"609972",2023,"ES","IAR/PARCC","math",506,9.1
"609973",2023,"ES","IAR/PARCC","math",343,20.1
"609974",2023,"ES","IAR/PARCC","math",384,80.5
"609975",2023,"ES","IAR/PARCC","math",173,4.6
"609976",2023,"ES","IAR/PARCC","math",527,15.2
"609977",2023,"ES","IAR/PARCC","math",88,12.5
"609978",2023,"ES","IAR/PARCC","math",187,3.2
"609979",2023,"ES","IAR/PARCC","math",855,58.9
"609981",2023,"ES","IAR/PARCC","math",152,5.3
"609983",2023,"ES","IAR/PARCC","math",290,3.4
"609985",2023,"ES","IAR/PARCC","math",140,2.1
"609986",2023,"ES","IAR/PARCC","math",91,0
"609987",2023,"ES","IAR/PARCC","math",82,3.7
"609988",2023,"ES","IAR/PARCC","math",281,12.1
"609990",2023,"ES","IAR/PARCC","math",486,44.7
"609991",2023,"ES","IAR/PARCC","math",222,0.5
"609993",2023,"ES","IAR/PARCC","math",204,3.9
"609994",2023,"ES","IAR/PARCC","math",454,9.3
"609995",2023,"ES","IAR/PARCC","math",341,20.5
"609996",2023,"ES","IAR/PARCC","math",244,31.1
"609997",2023,"ES","IAR/PARCC","math",81,0
"610000",2023,"ES","IAR/PARCC","math",222,5.4
"610002",2023,"ES","IAR/PARCC","math",155,11.6
"610003",2023,"ES","IAR/PARCC","math",143,10.5
"610004",2023,"ES","IAR/PARCC","math",110,8.2
"610005",2023,"ES","IAR/PARCC","math",111,0.9
"610006",2023,"ES","IAR/PARCC","math",458,13.3
"610009",2023,"ES","IAR/PARCC","math",342,29.8
"610010",2023,"ES","IAR/PARCC","math",121,10.7
"610011",2023,"ES","IAR/PARCC","math",526,32.9
"610013",2023,"ES","IAR/PARCC","math",152,6.6
"610015",2023,"ES","IAR/PARCC","math",138,16.7
"610016",2023,"ES","IAR/PARCC","math",192,34.4
"610017",2023,"ES","IAR/PARCC","math",511,10.4
"610019",2023,"ES","IAR/PARCC","math",103,3.9
"610021",2023,"ES","IAR/PARCC","math",228,18.9
"610022",2023,"ES","IAR/PARCC","math",452,13.9
"610024",2023,"ES","IAR/PARCC","math",544,18.6
"610026",2023,"ES","IAR/PARCC","math",442,35.1
"610027",2023,"ES","IAR/PARCC","math",131,7.6
"610029",2023,"ES","IAR/PARCC","math",84,1.2
"610030",2023,"ES","IAR/PARCC","math",146,6.8
"610032",2023,"ES","IAR/PARCC","math",171,9.4
"610033",2023,"ES","IAR/PARCC","math",313,41.5
"610034",2023,"ES","IAR/PARCC","math",132,1.5
"610036",2023,"ES","IAR/PARCC","math",264,2.7
"610037",2023,"ES","IAR/PARCC","math",158,4.4
"610038",2023,"ES","IAR/PARCC","math",554,70
"610039",2023,"ES","IAR/PARCC","math",348,24.1
"610040",2023,"ES","IAR/PARCC","math",373,8
"610041",2023,"ES","IAR/PARCC","math",725,7.6
"610043",2023,"ES","IAR/PARCC","math",213,10.3
"610044",2023,"ES","IAR/PARCC","math",155,2.6
"610046",2023,"ES","IAR/PARCC","math",744,15.1
"610047",2023,"ES","IAR/PARCC","math",113,1.8
"610048",2023,"ES","IAR/PARCC","math",137,0.7
"610051",2023,"ES","IAR/PARCC","math",479,5.6
"610052",2023,"ES","IAR/PARCC","math",200,8.5
"610053",2023,"ES","IAR/PARCC","math",587,9.4
"610054",2023,"ES","IAR/PARCC","math",394,7.6
"610055",2023,"ES","IAR/PARCC","math",95,9.5
"610056",2023,"ES","IAR/PARCC","math",135,3
"610057",2023,"ES","IAR/PARCC","math",325,5.2
"610059",2023,"ES","IAR/PARCC","math",367,58.6
"610060",2023,"ES","IAR/PARCC","math",285,39.6
"610062",2023,"ES","IAR/PARCC","math",175,16.6
"610063",2023,"ES","IAR/PARCC","math",193,2.6
"610065",2023,"ES","IAR/PARCC","math",178,1.1
"610066",2023,"ES","IAR/PARCC","math",131,58
"610067",2023,"ES","IAR/PARCC","math",342,6.7
"610068",2023,"ES","IAR/PARCC","math",670,17.8
"610070",2023,"ES","IAR/PARCC","math",299,14.4
"610073",2023,"ES","IAR/PARCC","math",228,37.7
"610074",2023,"ES","IAR/PARCC","math",384,7.3
"610076",2023,"ES","IAR/PARCC","math",241,5
"610077",2023,"ES","IAR/PARCC","math",326,4.3
"610078",2023,"ES","IAR/PARCC","math",397,19.9
"610081",2023,"ES","IAR/PARCC","math",346,51.7
"610082",2023,"ES","IAR/PARCC","math",746,46.6
"610084",2023,"ES","IAR/PARCC","math",162,90.7
"610086",2023,"ES","IAR/PARCC","math",150,1.3
"610088",2023,"ES","IAR/PARCC","math",300,9.7
"610089",2023,"ES","IAR/PARCC","math",274,25.2
"610090",2023,"ES","IAR/PARCC","math",284,16.9
"610091",2023,"ES","IAR/PARCC","math",165,4.8
"610092",2023,"ES","IAR/PARCC","math",124,0
"610093",2023,"ES","IAR/PARCC","math",115,0.9
"610094",2023,"ES","IAR/PARCC","math",349,47.9
"610095",2023,"ES","IAR/PARCC","math",220,18.6
"610096",2023,"ES","IAR/PARCC","math",637,13.5
"610097",2023,"ES","IAR/PARCC","math",325,7.4
"610098",2023,"ES","IAR/PARCC","math",377,11.1
"610099",2023,"ES","IAR/PARCC","math",237,34.2
"610100",2023,"ES","IAR/PARCC","math",304,3.9
"610101",2023,"ES","IAR/PARCC","math",521,18
"610102",2023,"ES","IAR/PARCC","math",174,2.9
"610103",2023,"ES","IAR/PARCC","math",313,3.8
"610104",2023,"ES","IAR/PARCC","math",402,37.6
"610105",2023,"ES","IAR/PARCC","math",405,45.7
"610106",2023,"ES","IAR/PARCC","math",355,1.7
"610107",2023,"ES","IAR/PARCC","math",171,8.2
"610108",2023,"ES","IAR/PARCC","math",208,1.9
"610109",2023,"ES","IAR/PARCC","math",167,11.4
"610110",2023,"ES","IAR/PARCC","math",162,8.6
"610111",2023,"ES","IAR/PARCC","math",455,18.7
"610112",2023,"ES","IAR/PARCC","math",200,4.5
"610115",2023,"ES","IAR/PARCC","math",159,3.8
"610116",2023,"ES","IAR/PARCC","math",138,3.6
"610117",2023,"ES","IAR/PARCC","math",167,29.3
"610120",2023,"ES","IAR/PARCC","math",240,10.4
"610121",2023,"ES","IAR/PARCC","math",176,4.5
"610122",2023,"ES","IAR/PARCC","math",542,29.3
"610123",2023,"ES","IAR/PARCC","math",126,4
"610124",2023,"ES","IAR/PARCC","math",150,6
"610125",2023,"ES","IAR/PARCC","math",287,10.5
"610126",2023,"ES","IAR/PARCC","math",269,7.4
"610127",2023,"ES","IAR/PARCC","math",558,25.8
"610128",2023,"ES","IAR/PARCC","math",131,3.8
"610129",2023,"ES","IAR/PARCC","math",202,20.3
"610130",2023,"ES","IAR/PARCC","math",91,7.7
"610131",2023,"ES","IAR/PARCC","math",69,8.7
"610132",2023,"ES","IAR/PARCC","math",138,54.3
"610133",2023,"ES","IAR/PARCC","math",144,2.1
"610135",2023,"ES","IAR/PARCC","math",464,15.5
"610136",2023,"ES","IAR/PARCC","math",244,54.1
"610137",2023,"ES","IAR/PARCC","math",428,19.6
"610138",2023,"ES","IAR/PARCC","math",519,35.1
"610139",2023,"ES","IAR/PARCC","math",194,5.2
"610141",2023,"ES","IAR/PARCC","math",336,40.2
"610142",2023,"ES","IAR/PARCC","math",338,16.3
"610143",2023,"ES","IAR/PARCC","math",140,0
"610144",2023,"ES","IAR/PARCC","math",376,8.8
"610145",2023,"ES","IAR/PARCC","math",381,9.2
"610146",2023,"ES","IAR/PARCC","math",123,0
"610147",2023,"ES","IAR/PARCC","math",412,30.6
"610148",2023,"ES","IAR/PARCC","math",497,27.6
"610152",2023,"ES","IAR/PARCC","math",210,3.8
"610153",2023,"ES","IAR/PARCC","math",155,3.9
"610155",2023,"ES","IAR/PARCC","math",389,55.8
"610157",2023,"ES","IAR/PARCC","math",704,10.7
"610158",2023,"ES","IAR/PARCC","math",243,9.9
"610159",2023,"ES","IAR/PARCC","math",410,22.2
"610165",2023,"ES","IAR/PARCC","math",249,5.2
"610167",2023,"ES","IAR/PARCC","math",297,5.4
"610170",2023,"ES","IAR/PARCC","math",460,19.8
"610171",2023,"ES","IAR/PARCC","math",272,5.5
"610172",2023,"ES","IAR/PARCC","math",132,1.5
"610173",2023,"ES","IAR/PARCC","math",123,4.9
"610174",2023,"ES","IAR/PARCC","math",165,17.6
"610175",2023,"ES","IAR/PARCC","math",195,8.7
"610176",2023,"ES","IAR/PARCC","math",253,4
"610177",2023,"ES","IAR/PARCC","math",597,63.1
"610178",2023,"ES","IAR/PARCC","math",90,6.7
"610179",2023,"ES","IAR/PARCC","math",488,17.8
"610180",2023,"ES","IAR/PARCC","math",219,1.4
"610182",2023,"ES","IAR/PARCC","math",177,44.1
"610183",2023,"ES","IAR/PARCC","math",248,5.6
"610184",2023,"ES","IAR/PARCC","math",201,1.5
"610185",2023,"ES","IAR/PARCC","math",676,13.5
"610188",2023,"ES","IAR/PARCC","math",122,12.3
"610191",2023,"ES","IAR/PARCC","math",386,37.6
"610192",2023,"ES","IAR/PARCC","math",311,2.9
"610193",2023,"ES","IAR/PARCC","math",208,2.9
"610194",2023,"ES","IAR/PARCC","math",120,10
"610195",2023,"ES","IAR/PARCC","math",373,23.6
"610196",2023,"ES","IAR/PARCC","math",301,13.3
"610197",2023,"ES","IAR/PARCC","math",263,16
"610198",2023,"ES","IAR/PARCC","math",222,10.8
"610199",2023,"ES","IAR/PARCC","math",118,16.9
"610200",2023,"ES","IAR/PARCC","math",129,3.1
"610201",2023,"ES","IAR/PARCC","math",510,39.4
"610202",2023,"ES","IAR/PARCC","math",151,2.6
"610203",2023,"ES","IAR/PARCC","math",329,21.6
"610206",2023,"ES","IAR/PARCC","math",622,21.7
"610207",2023,"ES","IAR/PARCC","math",157,9.6
"610208",2023,"ES","IAR/PARCC","math",188,0
"610209",2023,"ES","IAR/PARCC","math",435,8.3
"610212",2023,"ES","IAR/PARCC","math",220,8.6
"610213",2023,"ES","IAR/PARCC","math",293,4.1
"610215",2023,"ES","IAR/PARCC","math",253,6.3
"610216",2023,"ES","IAR/PARCC","math",116,9.5
"610217",2023,"ES","IAR/PARCC","math",341,35.5
"610218",2023,"ES","IAR/PARCC","math",165,7.9
"610219",2023,"ES","IAR/PARCC","math",429,19.1
"610220",2023,"ES","IAR/PARCC","math",365,47.1
"610221",2023,"ES","IAR/PARCC","math",119,9.2
"610223",2023,"ES","IAR/PARCC","math",202,1
"610225",2023,"ES","IAR/PARCC","math",130,10
"610226",2023,"ES","IAR/PARCC","math",336,19.6
"610227",2023,"ES","IAR/PARCC","math",395,13.2
"610228",2023,"ES","IAR/PARCC","math",95,4.2
"610229",2023,"ES","IAR/PARCC","math",429,51.5
"610230",2023,"ES","IAR/PARCC","math",277,54.9
"610231",2023,"ES","IAR/PARCC","math",457,23.2
"610234",2023,"ES","IAR/PARCC","math",178,6.2
"610235",2023,"ES","IAR/PARCC","math",294,3.1
"610237",2023,"ES","IAR/PARCC","math",146,1.4
"610238",2023,"ES","IAR/PARCC","math",106,5.7
"610239",2023,"ES","IAR/PARCC","math",305,1.6
"610242",2023,"ES","IAR/PARCC","math",245,6.1
"610246",2023,"ES","IAR/PARCC","math",565,14.5
"610248",2023,"ES","IAR/PARCC","math",344,23.8
"610249",2023,"ES","IAR/PARCC","math",193,16.6
"610250",2023,"ES","IAR/PARCC","math",235,6.8
"610251",2023,"ES","IAR/PARCC","math",197,1
"610252",2023,"ES","IAR/PARCC","math",122,0
"610254",2023,"ES","IAR/PARCC","math",175,3.4
"610256",2023,"ES","IAR/PARCC","math",27,22.2
"610257",2023,"ES","IAR/PARCC","math",107,2.8
"610263",2023,"ES","IAR/PARCC","math",363,1.1
"610268",2023,"ES","IAR/PARCC","math",215,2.8
"610269",2023,"ES","IAR/PARCC","math",158,8.9
"610271",2023,"ES","IAR/PARCC","math",190,4.2
"610274",2023,"ES","IAR/PARCC","math",151,2.6
"610276",2023,"ES","IAR/PARCC","math",135,3
"610279",2023,"ES","IAR/PARCC","math",172,2.3
"610281",2023,"ES","IAR/PARCC","math",327,4.9
"610282",2023,"ES","IAR/PARCC","math",198,3
"610284",2023,"ES","IAR/PARCC","math",144,11.8
"610287",2023,"ES","IAR/PARCC","math",196,7.7
"610290",2023,"ES","IAR/PARCC","math",149,0.7
"610291",2023,"ES","IAR/PARCC","math",422,21.6
"610293",2023,"ES","IAR/PARCC","math",178,3.9
"610295",2023,"ES","IAR/PARCC","math",147,6.8
"610298",2023,"ES","IAR/PARCC","math",163,63.2
"610299",2023,"ES","IAR/PARCC","math",142,7
"610300",2023,"ES","IAR/PARCC","math",245,2.4
"610305",2023,"ES","IAR/PARCC","math",185,0.5
"610312",2023,"ES","IAR/PARCC","math",55,38.2
"610313",2023,"ES","IAR/PARCC","math",256,7.4
"610315",2023,"ES","IAR/PARCC","math",74,1.4
"610316",2023,"ES","IAR/PARCC","math",135,23.7
"610317",2023,"ES","IAR/PARCC","math",172,7.6
"610319",2023,"ES","IAR/PARCC","math",197,12.2
"610325",2023,"ES","IAR/PARCC","math",347,11.8
"610329",2023,"ES","IAR/PARCC","math",166,29.5
"610339",2023,"ES","IAR/PARCC","math",245,1.6
"610342",2023,"ES","IAR/PARCC","math",190,6.3
"610345",2023,"ES","IAR/PARCC","math",160,1.9
"610347",2023,"ES","IAR/PARCC","math",185,4.3
"610350",2023,"ES","IAR/PARCC","math",265,17.4
"610352",2023,"ES","IAR/PARCC","math",405,15.3
"610353",2023,"ES","IAR/PARCC","math",402,3.2
"610354",2023,"ES","IAR/PARCC","math",146,13
"610355",2023,"ES","IAR/PARCC","math",92,3.3
"610362",2023,"ES","IAR/PARCC","math",125,7.2
"610363",2023,"ES","IAR/PARCC","math",830,31
"610364",2023,"ES","IAR/PARCC","math",115,1.7
"610366",2023,"ES","IAR/PARCC","math",142,9.9
"610367",2023,"ES","IAR/PARCC","math",234,2.1
"610368",2023,"ES","IAR/PARCC","math",223,2.7
"610369",2023,"ES","IAR/PARCC","math",190,1.6
"610391",2023,"ES","IAR/PARCC","math",227,27.8
"610396",2023,"ES","IAR/PARCC","math",606,7.6
"610405",2023,"ES","IAR/PARCC","math",209,13.9
"610503",2023,"ES","IAR/PARCC","math",92,5.4
"610515",2023,"ES","IAR/PARCC","math",224,36.2
"610520",2023,"ES","IAR/PARCC","math",335,50.7
"610521",2023,"ES","IAR/PARCC","math",83,16.9
"610523",2023,"ES","IAR/PARCC","math",247,28.3
"610530",2023,"ES","IAR/PARCC","math",112,9.8
"610532",2023,"ES","IAR/PARCC","math",854,8.7
"610533",2023,"ES","IAR/PARCC","math",519,4.6
"610534",2023,"ES","IAR/PARCC","math",318,92.1
"610539",2023,"ES","IAR/PARCC","math",475,10.5
"610541",2023,"ES","IAR/PARCC","math",430,17.4
"610542",2023,"ES","IAR/PARCC","math",403,21.6
"610544",2023,"ES","IAR/PARCC","math",491,14.1
"610548",2023,"ES","IAR/PARCC","math",226,46.9
"610559",2023,"ES","IAR/PARCC","math",436,6.9
"610564",2023,"ES","IAR/PARCC","math",174,23.6
"610586",2023,"ES","IAR/PARCC","math",347,6.1
"610588",2023,"ES","IAR/PARCC","math",912,16.6
"610589",2023,"ES","IAR/PARCC","math",217,45.2
"610590",2023,"ES","IAR/PARCC","math",227,59
"400009",2022,"ES","IAR/PARCC","math",133,2.3
"400011",2022,"ES","IAR/PARCC","math",228,12.7
"400017",2022,"ES","IAR/PARCC","math",119,0.8
"400021",2022,"ES","IAR/PARCC","math",329,6.7
"400023",2022,"ES","IAR/PARCC","math",287,6.6
"400024",2022,"ES","IAR/PARCC","math",330,10
"400025",2022,"ES","IAR/PARCC","math",448,6
"400027",2022,"ES","IAR/PARCC","math",352,15.9
"400028",2022,"ES","IAR/PARCC","math",295,4.1
"400029",2022,"ES","IAR/PARCC","math",303,6.9
"400030",2022,"ES","IAR/PARCC","math",359,4.7
"400031",2022,"ES","IAR/PARCC","math",454,4.4
"400033",2022,"ES","IAR/PARCC","math",791,2.3
"400035",2022,"ES","IAR/PARCC","math",216,13.9
"400039",2022,"ES","IAR/PARCC","math",259,2.7
"400043",2022,"ES","IAR/PARCC","math",104,3.8
"400044",2022,"ES","IAR/PARCC","math",567,2.8
"400046",2022,"ES","IAR/PARCC","math",278,7.9
"400047",2022,"ES","IAR/PARCC","math",196,6.1
"400048",2022,"ES","IAR/PARCC","math",229,11.4
"400049",2022,"ES","IAR/PARCC","math",294,2.4
"400050",2022,"ES","IAR/PARCC","math",293,3.1
"400052",2022,"ES","IAR/PARCC","math",281,3.9
"400060",2022,"ES","IAR/PARCC","math",191,8.4
"400061",2022,"ES","IAR/PARCC","math",159,2.5
"400064",2022,"ES","IAR/PARCC","math",70,0
"400066",2022,"ES","IAR/PARCC","math",39,0
"400068",2022,"ES","IAR/PARCC","math",136,1.5
"400069",2022,"ES","IAR/PARCC","math",230,2.6
"400071",2022,"ES","IAR/PARCC","math",277,4.3
"400075",2022,"ES","IAR/PARCC","math",225,6.7
"400076",2022,"ES","IAR/PARCC","math",151,13.9
"400077",2022,"ES","IAR/PARCC","math",245,6.5
"400079",2022,"ES","IAR/PARCC","math",403,12.9
"400080",2022,"ES","IAR/PARCC","math",393,7.9
"400081",2022,"ES","IAR/PARCC","math",171,5.3
"400082",2022,"ES","IAR/PARCC","math",301,12.3
"400083",2022,"ES","IAR/PARCC","math",151,2
"400084",2022,"ES","IAR/PARCC","math",178,14.6
"400089",2022,"ES","IAR/PARCC","math",354,10.7
"400092",2022,"ES","IAR/PARCC","math",162,1.9
"400096",2022,"ES","IAR/PARCC","math",597,8.7
"400101",2022,"ES","IAR/PARCC","math",326,5.2
"400107",2022,"ES","IAR/PARCC","math",252,12.7
"400111",2022,"ES","IAR/PARCC","math",291,7.6
"400112",2022,"ES","IAR/PARCC","math",358,8.1
"400114",2022,"ES","IAR/PARCC","math",177,16.4
"400115",2022,"ES","IAR/PARCC","math",360,4.4
"400116",2022,"ES","IAR/PARCC","math",168,0
"400120",2022,"ES","IAR/PARCC","math",331,6.3
"400121",2022,"ES","IAR/PARCC","math",268,7.5
"400146",2022,"ES","IAR/PARCC","math",305,3.6
"400151",2022,"ES","IAR/PARCC","math",82,1.2
"400153",2022,"ES","IAR/PARCC","math",354,6.8
"400159",2022,"ES","IAR/PARCC","math",319,7.8
"400161",2022,"ES","IAR/PARCC","math",138,4.3
"400162",2022,"ES","IAR/PARCC","math",290,8.3
"400163",2022,"ES","IAR/PARCC","math",420,6
"400165",2022,"ES","IAR/PARCC","math",342,5.6
"400167",2022,"ES","IAR/PARCC","math",408,3.2
"400168",2022,"ES","IAR/PARCC","math",300,17.7
"400178",2022,"ES","IAR/PARCC","math",443,3.4
"400180",2022,"ES","IAR/PARCC","math",635,8
"400181",2022,"ES","IAR/PARCC","math",103,1
"609716",2022,"ES","IAR/PARCC","math",112,0.9
"609720",2022,"ES","IAR/PARCC","math",109,97.2
"609725",2022,"ES","IAR/PARCC","math",48,2.1
"609726",2022,"ES","IAR/PARCC","math",110,50
"609734",2022,"ES","IAR/PARCC","math",124,79
"609746",2022,"ES","IAR/PARCC","math",240,61.7
"609755",2022,"ES","IAR/PARCC","math",239,97.5
"609772",2022,"ES","IAR/PARCC","math",356,13.5
"609773",2022,"ES","IAR/PARCC","math",221,32.1
"609774",2022,"ES","IAR/PARCC","math",353,56.9
"609777",2022,"ES","IAR/PARCC","math",154,10.4
"609779",2022,"ES","IAR/PARCC","math",785,27.6
"609780",2022,"ES","IAR/PARCC","math",185,4.3
"609782",2022,"ES","IAR/PARCC","math",279,40.1
"609786",2022,"ES","IAR/PARCC","math",147,0
"609788",2022,"ES","IAR/PARCC","math",178,3.9
"609789",2022,"ES","IAR/PARCC","math",254,5.1
"609790",2022,"ES","IAR/PARCC","math",181,1.1
"609791",2022,"ES","IAR/PARCC","math",218,1.4
"609792",2022,"ES","IAR/PARCC","math",509,14.7
"609793",2022,"ES","IAR/PARCC","math",260,0.8
"609794",2022,"ES","IAR/PARCC","math",166,84.9
"609795",2022,"ES","IAR/PARCC","math",116,12.1
"609796",2022,"ES","IAR/PARCC","math",615,39.7
"609797",2022,"ES","IAR/PARCC","math",156,0.6
"609798",2022,"ES","IAR/PARCC","math",317,34.7
"609799",2022,"ES","IAR/PARCC","math",569,56.8
"609800",2022,"ES","IAR/PARCC","math",153,1.3
"609803",2022,"ES","IAR/PARCC","math",388,52.8
"609804",2022,"ES","IAR/PARCC","math",431,11.8
"609805",2022,"ES","IAR/PARCC","math",222,2.3
"609806",2022,"ES","IAR/PARCC","math",290,3.1
"609807",2022,"ES","IAR/PARCC","math",306,2.9
"609808",2022,"ES","IAR/PARCC","math",240,5.4
"609809",2022,"ES","IAR/PARCC","math",340,16.8
"609810",2022,"ES","IAR/PARCC","math",626,21.1
"609811",2022,"ES","IAR/PARCC","math",119,2.5
"609812",2022,"ES","IAR/PARCC","math",102,0
"609813",2022,"ES","IAR/PARCC","math",92,5.4
"609815",2022,"ES","IAR/PARCC","math",321,1.2
"609817",2022,"ES","IAR/PARCC","math",355,27.9
"609818",2022,"ES","IAR/PARCC","math",471,6.4
"609819",2022,"ES","IAR/PARCC","math",149,0.7
"609820",2022,"ES","IAR/PARCC","math",315,55.9
"609821",2022,"ES","IAR/PARCC","math",301,3.7
"609827",2022,"ES","IAR/PARCC","math",184,4.9
"609828",2022,"ES","IAR/PARCC","math",330,33.9
"609829",2022,"ES","IAR/PARCC","math",255,20.4
"609830",2022,"ES","IAR/PARCC","math",208,2.4
"609832",2022,"ES","IAR/PARCC","math",402,15.2
"609833",2022,"ES","IAR/PARCC","math",141,2.1
"609834",2022,"ES","IAR/PARCC","math",452,5.8
"609835",2022,"ES","IAR/PARCC","math",422,2.1
"609836",2022,"ES","IAR/PARCC","math",465,28.4
"609837",2022,"ES","IAR/PARCC","math",349,15.5
"609839",2022,"ES","IAR/PARCC","math",225,8
"609842",2022,"ES","IAR/PARCC","math",571,9.8
"609844",2022,"ES","IAR/PARCC","math",175,1.1
"609845",2022,"ES","IAR/PARCC","math",277,1.1
"609848",2022,"ES","IAR/PARCC","math",135,1.5
"609849",2022,"ES","IAR/PARCC","math",224,21.4
"609850",2022,"ES","IAR/PARCC","math",258,21.7
"609851",2022,"ES","IAR/PARCC","math",144,2.1
"609852",2022,"ES","IAR/PARCC","math",295,30.8
"609853",2022,"ES","IAR/PARCC","math",194,2.6
"609854",2022,"ES","IAR/PARCC","math",158,6.3
"609855",2022,"ES","IAR/PARCC","math",159,4.4
"609856",2022,"ES","IAR/PARCC","math",351,6
"609857",2022,"ES","IAR/PARCC","math",266,7.9
"609859",2022,"ES","IAR/PARCC","math",677,16.2
"609861",2022,"ES","IAR/PARCC","math",234,4.3
"609862",2022,"ES","IAR/PARCC","math",186,2.2
"609863",2022,"ES","IAR/PARCC","math",144,18.8
"609864",2022,"ES","IAR/PARCC","math",174,1.1
"609865",2022,"ES","IAR/PARCC","math",269,6.3
"609866",2022,"ES","IAR/PARCC","math",583,60.4
"609867",2022,"ES","IAR/PARCC","math",312,9.3
"609869",2022,"ES","IAR/PARCC","math",106,0.9
"609870",2022,"ES","IAR/PARCC","math",275,4.7
"609872",2022,"ES","IAR/PARCC","math",171,6.4
"609873",2022,"ES","IAR/PARCC","math",83,4.8
"609874",2022,"ES","IAR/PARCC","math",495,35.4
"609875",2022,"ES","IAR/PARCC","math",295,4.7
"609876",2022,"ES","IAR/PARCC","math",317,4.7
"609879",2022,"ES","IAR/PARCC","math",614,15
"609880",2022,"ES","IAR/PARCC","math",220,85
"609883",2022,"ES","IAR/PARCC","math",241,1.2
"609884",2022,"ES","IAR/PARCC","math",476,16.2
"609885",2022,"ES","IAR/PARCC","math",158,5.1
"609887",2022,"ES","IAR/PARCC","math",376,9
"609891",2022,"ES","IAR/PARCC","math",128,0
"609893",2022,"ES","IAR/PARCC","math",431,15.1
"609894",2022,"ES","IAR/PARCC","math",146,2.1
"609895",2022,"ES","IAR/PARCC","math",124,10.5
"609896",2022,"ES","IAR/PARCC","math",134,23.9
"609897",2022,"ES","IAR/PARCC","math",159,0.6
"609898",2022,"ES","IAR/PARCC","math",743,4.8
"609899",2022,"ES","IAR/PARCC","math",497,41.6
"609900",2022,"ES","IAR/PARCC","math",252,1.6
"609901",2022,"ES","IAR/PARCC","math",303,48.8
"609902",2022,"ES","IAR/PARCC","math",192,0.5
"609903",2022,"ES","IAR/PARCC","math",791,4.7
"609904",2022,"ES","IAR/PARCC","math",196,0.5
"609907",2022,"ES","IAR/PARCC","math",233,5.6
"609908",2022,"ES","IAR/PARCC","math",159,1.3
"609909",2022,"ES","IAR/PARCC","math",46,26.1
"609910",2022,"ES","IAR/PARCC","math",484,7.2
"609912",2022,"ES","IAR/PARCC","math",284,31.3
"609917",2022,"ES","IAR/PARCC","math",175,11.4
"609918",2022,"ES","IAR/PARCC","math",142,7
"609919",2022,"ES","IAR/PARCC","math",195,1
"609920",2022,"ES","IAR/PARCC","math",313,5.4
"609921",2022,"ES","IAR/PARCC","math",151,7.3
"609922",2022,"ES","IAR/PARCC","math",194,4.1
"609924",2022,"ES","IAR/PARCC","math",197,2
"609925",2022,"ES","IAR/PARCC","math",124,3.2
"609926",2022,"ES","IAR/PARCC","math",241,19.5
"609927",2022,"ES","IAR/PARCC","math",136,9.6
"609928",2022,"ES","IAR/PARCC","math",227,2.6
"609929",2022,"ES","IAR/PARCC","math",185,9.2
"609930",2022,"ES","IAR/PARCC","math",243,4.5
"609933",2022,"ES","IAR/PARCC","math",115,3.5
"609935",2022,"ES","IAR/PARCC","math",393,4.6
"609937",2022,"ES","IAR/PARCC","math",484,29.1
"609938",2022,"ES","IAR/PARCC","math",748,11
"609939",2022,"ES","IAR/PARCC","math",221,0.5
"609941",2022,"ES","IAR/PARCC","math",229,3.5
"609942",2022,"ES","IAR/PARCC","math",383,11.5
"609943",2022,"ES","IAR/PARCC","math",180,0
"609944",2022,"ES","IAR/PARCC","math",188,22.9
"609945",2022,"ES","IAR/PARCC","math",357,24.4
"609947",2022,"ES","IAR/PARCC","math",211,3.3
"609949",2022,"ES","IAR/PARCC","math",634,13.2
"609951",2022,"ES","IAR/PARCC","math",213,1.9
"609952",2022,"ES","IAR/PARCC","math",139,5.8
"609954",2022,"ES","IAR/PARCC","math",195,0.5
"609955",2022,"ES","IAR/PARCC","math",210,0
"609956",2022,"ES","IAR/PARCC","math",259,25.1
"609958",2022,"ES","IAR/PARCC","math",447,13.4
"609959",2022,"ES","IAR/PARCC","math",403,51.4
"609960",2022,"ES","IAR/PARCC","math",565,12
"609961",2022,"ES","IAR/PARCC","math",190,3.7
"609963",2022,"ES","IAR/PARCC","math",226,52.2
"609964",2022,"ES","IAR/PARCC","math",306,5.6
"609966",2022,"ES","IAR/PARCC","math",159,3.1
"609967",2022,"ES","IAR/PARCC","math",131,9.2
"609968",2022,"ES","IAR/PARCC","math",367,2.7
"609969",2022,"ES","IAR/PARCC","math",177,5.1
"609971",2022,"ES","IAR/PARCC","math",202,0.5
"609972",2022,"ES","IAR/PARCC","math",477,8.2
"609973",2022,"ES","IAR/PARCC","math",366,20.5
"609974",2022,"ES","IAR/PARCC","math",373,76.1
"609975",2022,"ES","IAR/PARCC","math",162,1.9
"609976",2022,"ES","IAR/PARCC","math",521,13.4
"609977",2022,"ES","IAR/PARCC","math",82,8.5
"609978",2022,"ES","IAR/PARCC","math",183,2.2
"609979",2022,"ES","IAR/PARCC","math",905,54.6
"609981",2022,"ES","IAR/PARCC","math",143,8.4
"609983",2022,"ES","IAR/PARCC","math",313,5.4
"609985",2022,"ES","IAR/PARCC","math",151,0
"609986",2022,"ES","IAR/PARCC","math",109,0.9
"609987",2022,"ES","IAR/PARCC","math",99,8.1
"609988",2022,"ES","IAR/PARCC","math",315,12.1
"609990",2022,"ES","IAR/PARCC","math",447,37.6
"609991",2022,"ES","IAR/PARCC","math",218,1.4
"609993",2022,"ES","IAR/PARCC","math",193,4.7
"609994",2022,"ES","IAR/PARCC","math",416,9.6
"609995",2022,"ES","IAR/PARCC","math",335,14.9
"609996",2022,"ES","IAR/PARCC","math",254,25.6
"609997",2022,"ES","IAR/PARCC","math",75,2.7
"610000",2022,"ES","IAR/PARCC","math",234,1.3
"610002",2022,"ES","IAR/PARCC","math",141,9.2
"610003",2022,"ES","IAR/PARCC","math",142,2.1
"610004",2022,"ES","IAR/PARCC","math",123,4.1
"610005",2022,"ES","IAR/PARCC","math",109,0.9
"610006",2022,"ES","IAR/PARCC","math",463,12.1
"610009",2022,"ES","IAR/PARCC","math",342,21.9
"610010",2022,"ES","IAR/PARCC","math",131,13
"610011",2022,"ES","IAR/PARCC","math",515,35.9
"610013",2022,"ES","IAR/PARCC","math",156,4.5
"610015",2022,"ES","IAR/PARCC","math",123,8.1
"610016",2022,"ES","IAR/PARCC","math",185,18.9
"610017",2022,"ES","IAR/PARCC","math",558,8.6
"610019",2022,"ES","IAR/PARCC","math",118,5.1
"610021",2022,"ES","IAR/PARCC","math",201,11.4
"610022",2022,"ES","IAR/PARCC","math",418,9.3
"610024",2022,"ES","IAR/PARCC","math",556,15.3
"610026",2022,"ES","IAR/PARCC","math",450,27.8
"610027",2022,"ES","IAR/PARCC","math",153,3.9
"610029",2022,"ES","IAR/PARCC","math",69,1.4
"610030",2022,"ES","IAR/PARCC","math",142,3.5
"610032",2022,"ES","IAR/PARCC","math",187,2.7
"610033",2022,"ES","IAR/PARCC","math",300,41.3
"610034",2022,"ES","IAR/PARCC","math",116,0.9
"610036",2022,"ES","IAR/PARCC","math",270,3
"610037",2022,"ES","IAR/PARCC","math",163,3.1
"610038",2022,"ES","IAR/PARCC","math",562,67.8
"610039",2022,"ES","IAR/PARCC","math",332,17.5
"610040",2022,"ES","IAR/PARCC","math",375,5.3
"610041",2022,"ES","IAR/PARCC","math",715,5.9
"610043",2022,"ES","IAR/PARCC","math",198,3.5
"610044",2022,"ES","IAR/PARCC","math",168,2.4
"610046",2022,"ES","IAR/PARCC","math",788,16.9
"610047",2022,"ES","IAR/PARCC","math",116,0
"610048",2022,"ES","IAR/PARCC","math",153,0.7
"610051",2022,"ES","IAR/PARCC","math",469,5.1
"610052",2022,"ES","IAR/PARCC","math",190,4.2
"610053",2022,"ES","IAR/PARCC","math",608,7.2
"610054",2022,"ES","IAR/PARCC","math",398,7.3
"610055",2022,"ES","IAR/PARCC","math",105,7.6
"610056",2022,"ES","IAR/PARCC","math",178,4.5
"610057",2022,"ES","IAR/PARCC","math",326,4.9
"610059",2022,"ES","IAR/PARCC","math",353,51.6
"610060",2022,"ES","IAR/PARCC","math",281,33.8
"610062",2022,"ES","IAR/PARCC","math",170,11.2
"610063",2022,"ES","IAR/PARCC","math",219,2.7
"610065",2022,"ES","IAR/PARCC","math",138,0
"610066",2022,"ES","IAR/PARCC","math",130,59.2
"610067",2022,"ES","IAR/PARCC","math",342,2.9
"610068",2022,"ES","IAR/PARCC","math",703,13.9
"610070",2022,"ES","IAR/PARCC","math",312,11.5
"610073",2022,"ES","IAR/PARCC","math",219,32.4
"610074",2022,"ES","IAR/PARCC","math",428,8.9
"610076",2022,"ES","IAR/PARCC","math",247,5.7
"610077",2022,"ES","IAR/PARCC","math",330,3
"610078",2022,"ES","IAR/PARCC","math",392,18.9
"610081",2022,"ES","IAR/PARCC","math",342,56.4
"610082",2022,"ES","IAR/PARCC","math",745,45.8
"610084",2022,"ES","IAR/PARCC","math",156,86.5
"610086",2022,"ES","IAR/PARCC","math",154,1.3
"610088",2022,"ES","IAR/PARCC","math",303,4.3
"610089",2022,"ES","IAR/PARCC","math",283,15.9
"610090",2022,"ES","IAR/PARCC","math",308,5.5
"610091",2022,"ES","IAR/PARCC","math",179,2.2
"610092",2022,"ES","IAR/PARCC","math",119,0
"610093",2022,"ES","IAR/PARCC","math",116,2.6
"610094",2022,"ES","IAR/PARCC","math",386,40.9
"610095",2022,"ES","IAR/PARCC","math",228,18
"610096",2022,"ES","IAR/PARCC","math",686,10.8
"610097",2022,"ES","IAR/PARCC","math",323,5
"610098",2022,"ES","IAR/PARCC","math",397,10.3
"610099",2022,"ES","IAR/PARCC","math",266,32.7
"610100",2022,"ES","IAR/PARCC","math",306,3.9
"610101",2022,"ES","IAR/PARCC","math",532,16.2
"610102",2022,"ES","IAR/PARCC","math",163,1.2
"610103",2022,"ES","IAR/PARCC","math",326,1.8
"610104",2022,"ES","IAR/PARCC","math",404,27.2
"610105",2022,"ES","IAR/PARCC","math",431,38.7
"610106",2022,"ES","IAR/PARCC","math",327,1.8
"610107",2022,"ES","IAR/PARCC","math",162,4.9
"610108",2022,"ES","IAR/PARCC","math",192,1
"610109",2022,"ES","IAR/PARCC","math",170,8.2
"610110",2022,"ES","IAR/PARCC","math",166,3.6
"610111",2022,"ES","IAR/PARCC","math",446,15
"610112",2022,"ES","IAR/PARCC","math",225,0.9
"610115",2022,"ES","IAR/PARCC","math",154,2.6
"610116",2022,"ES","IAR/PARCC","math",134,3
"610117",2022,"ES","IAR/PARCC","math",211,13.3
"610120",2022,"ES","IAR/PARCC","math",232,7.3
"610121",2022,"ES","IAR/PARCC","math",168,1.8
"610122",2022,"ES","IAR/PARCC","math",454,22.9
"610123",2022,"ES","IAR/PARCC","math",127,0
"610124",2022,"ES","IAR/PARCC","math",147,2.7
"610125",2022,"ES","IAR/PARCC","math",298,7
"610126",2022,"ES","IAR/PARCC","math",311,6.4
"610127",2022,"ES","IAR/PARCC","math",468,11.8
"610128",2022,"ES","IAR/PARCC","math",139,0
"610129",2022,"ES","IAR/PARCC","math",219,17.8
"610130",2022,"ES","IAR/PARCC","math",104,1.9
"610131",2022,"ES","IAR/PARCC","math",86,14
"610132",2022,"ES","IAR/PARCC","math",130,41.5
"610133",2022,"ES","IAR/PARCC","math",169,2.4
"610135",2022,"ES","IAR/PARCC","math",446,12.6
"610136",2022,"ES","IAR/PARCC","math",275,44.4
"610137",2022,"ES","IAR/PARCC","math",412,21.6
"610138",2022,"ES","IAR/PARCC","math",495,32.1
"610139",2022,"ES","IAR/PARCC","math",209,2.4
"610141",2022,"ES","IAR/PARCC","math",327,36.1
"610142",2022,"ES","IAR/PARCC","math",325,16.6
"610143",2022,"ES","IAR/PARCC","math",142,0.7
"610144",2022,"ES","IAR/PARCC","math",418,6.9
"610145",2022,"ES","IAR/PARCC","math",373,10.5
"610146",2022,"ES","IAR/PARCC","math",124,0
"610147",2022,"ES","IAR/PARCC","math",426,20.9
"610148",2022,"ES","IAR/PARCC","math",499,19.4
"610152",2022,"ES","IAR/PARCC","math",203,3.9
"610153",2022,"ES","IAR/PARCC","math",173,1.7
"610155",2022,"ES","IAR/PARCC","math",398,46.7
"610157",2022,"ES","IAR/PARCC","math",772,8.7
"610158",2022,"ES","IAR/PARCC","math",233,10.3
"610159",2022,"ES","IAR/PARCC","math",428,22.4
"610165",2022,"ES","IAR/PARCC","math",250,5.2
"610167",2022,"ES","IAR/PARCC","math",341,4.1
"610170",2022,"ES","IAR/PARCC","math",489,18.4
"610171",2022,"ES","IAR/PARCC","math",282,2.5
"610172",2022,"ES","IAR/PARCC","math",142,0
"610173",2022,"ES","IAR/PARCC","math",139,13.7
"610174",2022,"ES","IAR/PARCC","math",161,6.8
"610175",2022,"ES","IAR/PARCC","math",201,8
"610176",2022,"ES","IAR/PARCC","math",271,4.1
"610177",2022,"ES","IAR/PARCC","math",628,65.8
"610178",2022,"ES","IAR/PARCC","math",113,0.9
"610179",2022,"ES","IAR/PARCC","math",509,18.5
"610180",2022,"ES","IAR/PARCC","math",215,1.4
"610182",2022,"ES","IAR/PARCC","math",173,45.7
"610183",2022,"ES","IAR/PARCC","math",254,3.1
"610184",2022,"ES","IAR/PARCC","math",199,0.5
"610185",2022,"ES","IAR/PARCC","math",660,8.9
"610188",2022,"ES","IAR/PARCC","math",123,7.3
"610191",2022,"ES","IAR/PARCC","math",366,35.2
"610192",2022,"ES","IAR/PARCC","math",326,3.1
"610193",2022,"ES","IAR/PARCC","math",213,2.8
"610194",2022,"ES","IAR/PARCC","math",138,5.1
"610195",2022,"ES","IAR/PARCC","math",408,18.1
"610196",2022,"ES","IAR/PARCC","math",296,16.9
"610197",2022,"ES","IAR/PARCC","math",249,9.2
"610198",2022,"ES","IAR/PARCC","math",238,8
"610199",2022,"ES","IAR/PARCC","math",116,10.3
"610200",2022,"ES","IAR/PARCC","math",132,1.5
"610201",2022,"ES","IAR/PARCC","math",514,36.6
"610202",2022,"ES","IAR/PARCC","math",168,0.6
"610203",2022,"ES","IAR/PARCC","math",359,11.7
"610206",2022,"ES","IAR/PARCC","math",637,18.8
"610207",2022,"ES","IAR/PARCC","math",168,6
"610208",2022,"ES","IAR/PARCC","math",186,1.6
"610209",2022,"ES","IAR/PARCC","math",446,8.7
"610212",2022,"ES","IAR/PARCC","math",242,9.1
"610213",2022,"ES","IAR/PARCC","math",304,3.3
"610215",2022,"ES","IAR/PARCC","math",259,3.1
"610216",2022,"ES","IAR/PARCC","math",130,5.4
"610217",2022,"ES","IAR/PARCC","math",345,34.2
"610218",2022,"ES","IAR/PARCC","math",147,6.1
"610219",2022,"ES","IAR/PARCC","math",432,14.4
"610220",2022,"ES","IAR/PARCC","math",367,46.9
"610221",2022,"ES","IAR/PARCC","math",131,1.5
"610223",2022,"ES","IAR/PARCC","math",238,0.4
"610225",2022,"ES","IAR/PARCC","math",149,4
"610226",2022,"ES","IAR/PARCC","math",352,15.3
"610227",2022,"ES","IAR/PARCC","math",472,9.1
"610228",2022,"ES","IAR/PARCC","math",111,4.5
"610229",2022,"ES","IAR/PARCC","math",436,41.7
"610230",2022,"ES","IAR/PARCC","math",265,54.3
"610231",2022,"ES","IAR/PARCC","math",452,23
"610234",2022,"ES","IAR/PARCC","math",183,2.2
"610235",2022,"ES","IAR/PARCC","math",358,1.4
"610237",2022,"ES","IAR/PARCC","math",155,1.9
"610238",2022,"ES","IAR/PARCC","math",107,5.6
"610239",2022,"ES","IAR/PARCC","math",328,2.1
"610242",2022,"ES","IAR/PARCC","math",226,10.6
"610246",2022,"ES","IAR/PARCC","math",571,10.2
"610248",2022,"ES","IAR/PARCC","math",327,21.7
"610249",2022,"ES","IAR/PARCC","math",198,19.2
"610250",2022,"ES","IAR/PARCC","math",190,5.8
"610251",2022,"ES","IAR/PARCC","math",205,0.5
"610252",2022,"ES","IAR/PARCC","math",101,0
"610254",2022,"ES","IAR/PARCC","math",184,1.6
"610256",2022,"ES","IAR/PARCC","math",23,30.4
"610257",2022,"ES","IAR/PARCC","math",115,0.9
"610263",2022,"ES","IAR/PARCC","math",381,1.3
"610268",2022,"ES","IAR/PARCC","math",171,1.8
"610269",2022,"ES","IAR/PARCC","math",133,4.5
"610271",2022,"ES","IAR/PARCC","math",176,2.8
"610274",2022,"ES","IAR/PARCC","math",164,0.6
"610276",2022,"ES","IAR/PARCC","math",170,1.8
"610279",2022,"ES","IAR/PARCC","math",185,1.1
"610281",2022,"ES","IAR/PARCC","math",308,3.6
"610282",2022,"ES","IAR/PARCC","math",194,1
"610284",2022,"ES","IAR/PARCC","math",162,16.7
"610287",2022,"ES","IAR/PARCC","math",196,5.6
"610290",2022,"ES","IAR/PARCC","math",138,2.2
"610291",2022,"ES","IAR/PARCC","math",451,12.9
"610293",2022,"ES","IAR/PARCC","math",187,1.1
"610295",2022,"ES","IAR/PARCC","math",137,3.6
"610298",2022,"ES","IAR/PARCC","math",157,58.6
"610299",2022,"ES","IAR/PARCC","math",143,4.2
"610300",2022,"ES","IAR/PARCC","math",245,0.8
"610305",2022,"ES","IAR/PARCC","math",211,0.5
"610312",2022,"ES","IAR/PARCC","math",47,12.8
"610313",2022,"ES","IAR/PARCC","math",227,6.6
"610315",2022,"ES","IAR/PARCC","math",71,1.4
"610316",2022,"ES","IAR/PARCC","math",143,16.1
"610317",2022,"ES","IAR/PARCC","math",215,2.3
"610319",2022,"ES","IAR/PARCC","math",229,12.7
"610325",2022,"ES","IAR/PARCC","math",339,8.3
"610329",2022,"ES","IAR/PARCC","math",168,27.4
"610339",2022,"ES","IAR/PARCC","math",244,0
"610342",2022,"ES","IAR/PARCC","math",246,3.7
"610345",2022,"ES","IAR/PARCC","math",168,1.8
"610347",2022,"ES","IAR/PARCC","math",220,4.1
"610350",2022,"ES","IAR/PARCC","math",259,12.4
"610352",2022,"ES","IAR/PARCC","math",419,12.6
"610353",2022,"ES","IAR/PARCC","math",427,4.4
"610354",2022,"ES","IAR/PARCC","math",157,11.5
"610355",2022,"ES","IAR/PARCC","math",112,8
"610362",2022,"ES","IAR/PARCC","math",134,8.2
"610363",2022,"ES","IAR/PARCC","math",824,32.4
"610364",2022,"ES","IAR/PARCC","math",122,0
"610366",2022,"ES","IAR/PARCC","math",131,6.1
"610367",2022,"ES","IAR/PARCC","math",262,1.9
"610368",2022,"ES","IAR/PARCC","math",242,1.2
"610369",2022,"ES","IAR/PARCC","math",175,0.6
"610391",2022,"ES","IAR/PARCC","math",218,35.8
"610396",2022,"ES","IAR/PARCC","math",625,5.6
"610405",2022,"ES","IAR/PARCC","math",192,7.8
"610503",2022,"ES","IAR/PARCC","math",121,3.3
"610515",2022,"ES","IAR/PARCC","math",208,37.5
"610520",2022,"ES","IAR/PARCC","math",330,44.2
"610521",2022,"ES","IAR/PARCC","math",102,6.9
"610523",2022,"ES","IAR/PARCC","math",266,32
"610530",2022,"ES","IAR/PARCC","math",135,4.4
"610532",2022,"ES","IAR/PARCC","math",875,10.2
"610533",2022,"ES","IAR/PARCC","math",522,4
"610534",2022,"ES","IAR/PARCC","math",262,85.5
"610539",2022,"ES","IAR/PARCC","math",475,8.6
"610541",2022,"ES","IAR/PARCC","math",430,13.5
"610542",2022,"ES","IAR/PARCC","math",403,23.6
"610544",2022,"ES","IAR/PARCC","math",513,12.9
"610548",2022,"ES","IAR/PARCC","math",226,44.2
"610559",2022,"ES","IAR/PARCC","math",513,3.9
"610564",2022,"ES","IAR/PARCC","math",182,21.4
"610586",2022,"ES","IAR/PARCC","math",372,5.6
"610588",2022,"ES","IAR/PARCC","math",951,11.4
"610589",2022,"ES","IAR/PARCC","math",152,38.2
"610590",2022,"ES","IAR/PARCC","math",166,60.2
"400009",2021,"ES","IAR/PARCC","math",56,7.1
"400011",2021,"ES","IAR/PARCC","math",236,7.2
"400017",2021,"ES","IAR/PARCC","math",132,2.3
"400021",2021,"ES","IAR/PARCC","math",277,7.2
"400023",2021,"ES","IAR/PARCC","math",252,11.1
"400024",2021,"ES","IAR/PARCC","math",322,6.2
"400025",2021,"ES","IAR/PARCC","math",277,9.7
"400027",2021,"ES","IAR/PARCC","math",219,17.8
"400028",2021,"ES","IAR/PARCC","math",325,5.2
"400029",2021,"ES","IAR/PARCC","math",230,2.6
"400030",2021,"ES","IAR/PARCC","math",342,10.2
"400031",2021,"ES","IAR/PARCC","math",62,4.8
"400033",2021,"ES","IAR/PARCC","math",671,2.1
"400035",2021,"ES","IAR/PARCC","math",166,12
"400039",2021,"ES","IAR/PARCC","math",110,0.9
"400043",2021,"ES","IAR/PARCC","math",70,4.3
"400046",2021,"ES","IAR/PARCC","math",110,2.7
"400047",2021,"ES","IAR/PARCC","math",168,4.2
"400048",2021,"ES","IAR/PARCC","math",63,6.3
"400049",2021,"ES","IAR/PARCC","math",231,2.6
"400050",2021,"ES","IAR/PARCC","math",147,3.4
"400052",2021,"ES","IAR/PARCC","math",192,6.3
"400060",2021,"ES","IAR/PARCC","math",104,6.7
"400061",2021,"ES","IAR/PARCC","math",145,2.1
"400064",2021,"ES","IAR/PARCC","math",74,0
"400066",2021,"ES","IAR/PARCC","math",36,0
"400068",2021,"ES","IAR/PARCC","math",63,1.6
"400069",2021,"ES","IAR/PARCC","math",225,3.1
"400071",2021,"ES","IAR/PARCC","math",260,4.2
"400075",2021,"ES","IAR/PARCC","math",103,3.9
"400076",2021,"ES","IAR/PARCC","math",75,16
"400077",2021,"ES","IAR/PARCC","math",49,16.3
"400079",2021,"ES","IAR/PARCC","math",229,20.1
"400080",2021,"ES","IAR/PARCC","math",188,8.5
"400081",2021,"ES","IAR/PARCC","math",156,5.8
"400082",2021,"ES","IAR/PARCC","math",156,7.1
"400083",2021,"ES","IAR/PARCC","math",111,1.8
"400084",2021,"ES","IAR/PARCC","math",135,11.1
"400089",2021,"ES","IAR/PARCC","math",109,7.3
"400092",2021,"ES","IAR/PARCC","math",162,0.6
"400096",2021,"ES","IAR/PARCC","math",389,6.4
"400101",2021,"ES","IAR/PARCC","math",217,12.4
"400107",2021,"ES","IAR/PARCC","math",151,6.6
"400111",2021,"ES","IAR/PARCC","math",105,5.7
"400112",2021,"ES","IAR/PARCC","math",140,11.4
"400114",2021,"ES","IAR/PARCC","math",162,9.3
"400115",2021,"ES","IAR/PARCC","math",107,1.9
"400116",2021,"ES","IAR/PARCC","math",123,1.6
"400120",2021,"ES","IAR/PARCC","math",284,5.3
"400121",2021,"ES","IAR/PARCC","math",115,2.6
"400151",2021,"ES","IAR/PARCC","math",34,0
"400153",2021,"ES","IAR/PARCC","math",207,12.1
"400159",2021,"ES","IAR/PARCC","math",275,6.9
"400161",2021,"ES","IAR/PARCC","math",169,3
"400162",2021,"ES","IAR/PARCC","math",55,21.8
"400165",2021,"ES","IAR/PARCC","math",119,11.8
"400167",2021,"ES","IAR/PARCC","math",413,4.8
"400168",2021,"ES","IAR/PARCC","math",161,8.1
"400178",2021,"ES","IAR/PARCC","math",324,1.5
"400181",2021,"ES","IAR/PARCC","math",26,3.8
"609716",2021,"ES","IAR/PARCC","math",44,2.3
"609720",2021,"ES","IAR/PARCC","math",65,95.4
"609725",2021,"ES","IAR/PARCC","math",69,5.8
"609726",2021,"ES","IAR/PARCC","math",64,43.8
"609734",2021,"ES","IAR/PARCC","math",33,87.9
"609746",2021,"ES","IAR/PARCC","math",135,62.2
"609755",2021,"ES","IAR/PARCC","math",240,99.2
"609772",2021,"ES","IAR/PARCC","math",340,12.6
"609773",2021,"ES","IAR/PARCC","math",162,29
"609774",2021,"ES","IAR/PARCC","math",280,40.7
"609779",2021,"ES","IAR/PARCC","math",453,27.8
"609780",2021,"ES","IAR/PARCC","math",223,4
"609782",2021,"ES","IAR/PARCC","math",260,36.2
"609786",2021,"ES","IAR/PARCC","math",138,1.4
"609788",2021,"ES","IAR/PARCC","math",89,5.6
"609789",2021,"ES","IAR/PARCC","math",73,1.4
"609790",2021,"ES","IAR/PARCC","math",42,2.4
"609791",2021,"ES","IAR/PARCC","math",73,0
"609792",2021,"ES","IAR/PARCC","math",201,14.9
"609793",2021,"ES","IAR/PARCC","math",72,1.4
"609794",2021,"ES","IAR/PARCC","math",131,86.3
"609795",2021,"ES","IAR/PARCC","math",121,12.4
"609796",2021,"ES","IAR/PARCC","math",320,45
"609797",2021,"ES","IAR/PARCC","math",164,0.6
"609798",2021,"ES","IAR/PARCC","math",15,60
"609799",2021,"ES","IAR/PARCC","math",521,56.4
"609800",2021,"ES","IAR/PARCC","math",41,0
"609803",2021,"ES","IAR/PARCC","math",316,57.6
"609804",2021,"ES","IAR/PARCC","math",159,11.3
"609805",2021,"ES","IAR/PARCC","math",114,5.3
"609806",2021,"ES","IAR/PARCC","math",197,4.1
"609807",2021,"ES","IAR/PARCC","math",98,2
"609808",2021,"ES","IAR/PARCC","math",21,0
"609809",2021,"ES","IAR/PARCC","math",93,7.5
"609810",2021,"ES","IAR/PARCC","math",371,24
"609811",2021,"ES","IAR/PARCC","math",49,2
"609812",2021,"ES","IAR/PARCC","math",98,0
"609813",2021,"ES","IAR/PARCC","math",27,0
"609815",2021,"ES","IAR/PARCC","math",305,3
"609817",2021,"ES","IAR/PARCC","math",162,23.5
"609818",2021,"ES","IAR/PARCC","math",44,0
"609819",2021,"ES","IAR/PARCC","math",65,0
"609820",2021,"ES","IAR/PARCC","math",306,48.4
"609821",2021,"ES","IAR/PARCC","math",109,1.8
"609827",2021,"ES","IAR/PARCC","math",103,4.9
"609828",2021,"ES","IAR/PARCC","math",156,35.3
"609829",2021,"ES","IAR/PARCC","math",147,19
"609830",2021,"ES","IAR/PARCC","math",179,1.7
"609832",2021,"ES","IAR/PARCC","math",200,13
"609833",2021,"ES","IAR/PARCC","math",110,0.9
"609834",2021,"ES","IAR/PARCC","math",421,6.4
"609835",2021,"ES","IAR/PARCC","math",106,0.9
"609836",2021,"ES","IAR/PARCC","math",317,27.1
"609837",2021,"ES","IAR/PARCC","math",181,12.7
"609839",2021,"ES","IAR/PARCC","math",100,6
"609842",2021,"ES","IAR/PARCC","math",500,8.6
"609844",2021,"ES","IAR/PARCC","math",46,4.3
"609845",2021,"ES","IAR/PARCC","math",55,0
"609848",2021,"ES","IAR/PARCC","math",58,1.7
"609849",2021,"ES","IAR/PARCC","math",194,14.9
"609850",2021,"ES","IAR/PARCC","math",156,17.9
"609851",2021,"ES","IAR/PARCC","math",63,1.6
"609852",2021,"ES","IAR/PARCC","math",260,26.9
"609853",2021,"ES","IAR/PARCC","math",77,5.2
"609854",2021,"ES","IAR/PARCC","math",56,1.8
"609855",2021,"ES","IAR/PARCC","math",34,2.9
"609856",2021,"ES","IAR/PARCC","math",106,4.7
"609857",2021,"ES","IAR/PARCC","math",277,7.6
"609859",2021,"ES","IAR/PARCC","math",202,12.4
"609861",2021,"ES","IAR/PARCC","math",124,8.1
"609862",2021,"ES","IAR/PARCC","math",62,3.2
"609863",2021,"ES","IAR/PARCC","math",150,14.7
"609864",2021,"ES","IAR/PARCC","math",63,0
"609865",2021,"ES","IAR/PARCC","math",117,9.4
"609866",2021,"ES","IAR/PARCC","math",517,55.9
"609867",2021,"ES","IAR/PARCC","math",78,6.4
"609869",2021,"ES","IAR/PARCC","math",99,2
"609870",2021,"ES","IAR/PARCC","math",216,6
"609872",2021,"ES","IAR/PARCC","math",78,9
"609873",2021,"ES","IAR/PARCC","math",49,4.1
"609874",2021,"ES","IAR/PARCC","math",286,31.1
"609875",2021,"ES","IAR/PARCC","math",138,8
"609876",2021,"ES","IAR/PARCC","math",130,5.4
"609879",2021,"ES","IAR/PARCC","math",202,13.9
"609880",2021,"ES","IAR/PARCC","math",156,77.6
"609883",2021,"ES","IAR/PARCC","math",137,2.9
"609884",2021,"ES","IAR/PARCC","math",246,11.8
"609885",2021,"ES","IAR/PARCC","math",130,5.4
"609887",2021,"ES","IAR/PARCC","math",166,12
"609891",2021,"ES","IAR/PARCC","math",54,1.9
"609893",2021,"ES","IAR/PARCC","math",300,13
"609894",2021,"ES","IAR/PARCC","math",56,3.6
"609895",2021,"ES","IAR/PARCC","math",67,14.9
"609896",2021,"ES","IAR/PARCC","math",72,20.8
"609897",2021,"ES","IAR/PARCC","math",58,6.9
"609898",2021,"ES","IAR/PARCC","math",167,5.4
"609899",2021,"ES","IAR/PARCC","math",425,35.1
"609900",2021,"ES","IAR/PARCC","math",97,1
"609901",2021,"ES","IAR/PARCC","math",296,43.6
"609902",2021,"ES","IAR/PARCC","math",32,3.1
"609903",2021,"ES","IAR/PARCC","math",169,4.1
"609904",2021,"ES","IAR/PARCC","math",140,0
"609907",2021,"ES","IAR/PARCC","math",28,0
"609908",2021,"ES","IAR/PARCC","math",43,2.3
"609909",2021,"ES","IAR/PARCC","math",46,26.1
"609910",2021,"ES","IAR/PARCC","math",127,5.5
"609912",2021,"ES","IAR/PARCC","math",129,26.4
"609917",2021,"ES","IAR/PARCC","math",128,7
"609918",2021,"ES","IAR/PARCC","math",131,5.3
"609919",2021,"ES","IAR/PARCC","math",59,1.7
"609920",2021,"ES","IAR/PARCC","math",163,2.5
"609921",2021,"ES","IAR/PARCC","math",56,7.1
"609922",2021,"ES","IAR/PARCC","math",67,0
"609924",2021,"ES","IAR/PARCC","math",198,2
"609925",2021,"ES","IAR/PARCC","math",69,1.4
"609926",2021,"ES","IAR/PARCC","math",157,24.8
"609927",2021,"ES","IAR/PARCC","math",128,13.3
"609928",2021,"ES","IAR/PARCC","math",152,3.3
"609929",2021,"ES","IAR/PARCC","math",51,0
"609930",2021,"ES","IAR/PARCC","math",206,4.4
"609933",2021,"ES","IAR/PARCC","math",71,2.8
"609935",2021,"ES","IAR/PARCC","math",105,2.9
"609937",2021,"ES","IAR/PARCC","math",450,26
"609938",2021,"ES","IAR/PARCC","math",460,10.4
"609939",2021,"ES","IAR/PARCC","math",52,1.9
"609941",2021,"ES","IAR/PARCC","math",101,3
"609942",2021,"ES","IAR/PARCC","math",154,5.8
"609943",2021,"ES","IAR/PARCC","math",94,1.1
"609944",2021,"ES","IAR/PARCC","math",175,15.4
"609945",2021,"ES","IAR/PARCC","math",114,11.4
"609947",2021,"ES","IAR/PARCC","math",149,4
"609949",2021,"ES","IAR/PARCC","math",154,12.3
"609951",2021,"ES","IAR/PARCC","math",97,1
"609952",2021,"ES","IAR/PARCC","math",78,6.4
"609954",2021,"ES","IAR/PARCC","math",147,0
"609955",2021,"ES","IAR/PARCC","math",69,0
"609956",2021,"ES","IAR/PARCC","math",114,17.5
"609958",2021,"ES","IAR/PARCC","math",137,7.3
"609959",2021,"ES","IAR/PARCC","math",263,43
"609960",2021,"ES","IAR/PARCC","math",297,10.8
"609961",2021,"ES","IAR/PARCC","math",86,7
"609963",2021,"ES","IAR/PARCC","math",228,46.5
"609964",2021,"ES","IAR/PARCC","math",190,2.6
"609966",2021,"ES","IAR/PARCC","math",115,1.7
"609967",2021,"ES","IAR/PARCC","math",35,0
"609968",2021,"ES","IAR/PARCC","math",316,3.2
"609969",2021,"ES","IAR/PARCC","math",59,8.5
"609971",2021,"ES","IAR/PARCC","math",47,0
"609972",2021,"ES","IAR/PARCC","math",425,7.1
"609973",2021,"ES","IAR/PARCC","math",163,8
"609974",2021,"ES","IAR/PARCC","math",340,70.9
"609975",2021,"ES","IAR/PARCC","math",82,2.4
"609976",2021,"ES","IAR/PARCC","math",148,6.1
"609977",2021,"ES","IAR/PARCC","math",40,5
"609978",2021,"ES","IAR/PARCC","math",48,0
"609979",2021,"ES","IAR/PARCC","math",372,40.1
"609981",2021,"ES","IAR/PARCC","math",46,2.2
"609983",2021,"ES","IAR/PARCC","math",91,1.1
"609985",2021,"ES","IAR/PARCC","math",46,0
"609986",2021,"ES","IAR/PARCC","math",76,0
"609987",2021,"ES","IAR/PARCC","math",72,1.4
"609988",2021,"ES","IAR/PARCC","math",96,10.4
"609990",2021,"ES","IAR/PARCC","math",212,38.7
"609991",2021,"ES","IAR/PARCC","math",97,2.1
"609993",2021,"ES","IAR/PARCC","math",111,3.6
"609994",2021,"ES","IAR/PARCC","math",137,8.8
"609995",2021,"ES","IAR/PARCC","math",241,20.3
"609996",2021,"ES","IAR/PARCC","math",133,24.1
"609997",2021,"ES","IAR/PARCC","math",63,0
"610000",2021,"ES","IAR/PARCC","math",124,0
"610002",2021,"ES","IAR/PARCC","math",28,10.7
"610003",2021,"ES","IAR/PARCC","math",96,2.1
"610004",2021,"ES","IAR/PARCC","math",34,5.9
"610005",2021,"ES","IAR/PARCC","math",125,1.6
"610006",2021,"ES","IAR/PARCC","math",202,9.9
"610009",2021,"ES","IAR/PARCC","math",137,38
"610010",2021,"ES","IAR/PARCC","math",54,18.5
"610011",2021,"ES","IAR/PARCC","math",263,22.4
"610013",2021,"ES","IAR/PARCC","math",52,1.9
"610015",2021,"ES","IAR/PARCC","math",24,8.3
"610016",2021,"ES","IAR/PARCC","math",81,13.6
"610017",2021,"ES","IAR/PARCC","math",276,6.2
"610019",2021,"ES","IAR/PARCC","math",52,3.8
"610021",2021,"ES","IAR/PARCC","math",187,10.7
"610022",2021,"ES","IAR/PARCC","math",87,4.6
"610024",2021,"ES","IAR/PARCC","math",185,6.5
"610026",2021,"ES","IAR/PARCC","math",325,22.5
"610027",2021,"ES","IAR/PARCC","math",92,0
"610029",2021,"ES","IAR/PARCC","math",32,0
"610030",2021,"ES","IAR/PARCC","math",119,1.7
"610032",2021,"ES","IAR/PARCC","math",20,0
"610033",2021,"ES","IAR/PARCC","math",209,37.8
"610034",2021,"ES","IAR/PARCC","math",64,1.6
"610036",2021,"ES","IAR/PARCC","math",49,6.1
"610037",2021,"ES","IAR/PARCC","math",143,3.5
"610038",2021,"ES","IAR/PARCC","math",557,61.2
"610039",2021,"ES","IAR/PARCC","math",286,17.8
"610040",2021,"ES","IAR/PARCC","math",96,3.1
"610041",2021,"ES","IAR/PARCC","math",319,8.8
"610043",2021,"ES","IAR/PARCC","math",67,6
"610044",2021,"ES","IAR/PARCC","math",16,6.3
"610046",2021,"ES","IAR/PARCC","math",255,14.5
"610047",2021,"ES","IAR/PARCC","math",40,0
"610048",2021,"ES","IAR/PARCC","math",99,2
"610051",2021,"ES","IAR/PARCC","math",107,7.5
"610052",2021,"ES","IAR/PARCC","math",157,4.5
"610053",2021,"ES","IAR/PARCC","math",177,2.8
"610054",2021,"ES","IAR/PARCC","math",138,10.1
"610055",2021,"ES","IAR/PARCC","math",41,0
"610056",2021,"ES","IAR/PARCC","math",113,1.8
"610057",2021,"ES","IAR/PARCC","math",109,1.8
"610059",2021,"ES","IAR/PARCC","math",345,50.4
"610060",2021,"ES","IAR/PARCC","math",294,24.5
"610062",2021,"ES","IAR/PARCC","math",91,6.6
"610063",2021,"ES","IAR/PARCC","math",74,4.1
"610065",2021,"ES","IAR/PARCC","math",59,1.7
"610066",2021,"ES","IAR/PARCC","math",50,46
"610067",2021,"ES","IAR/PARCC","math",56,5.4
"610068",2021,"ES","IAR/PARCC","math",224,15.2
"610070",2021,"ES","IAR/PARCC","math",258,10.9
"610073",2021,"ES","IAR/PARCC","math",182,31.3
"610074",2021,"ES","IAR/PARCC","math",335,6
"610076",2021,"ES","IAR/PARCC","math",181,5
"610077",2021,"ES","IAR/PARCC","math",74,0
"610078",2021,"ES","IAR/PARCC","math",262,21
"610081",2021,"ES","IAR/PARCC","math",261,49
"610082",2021,"ES","IAR/PARCC","math",730,44.2
"610084",2021,"ES","IAR/PARCC","math",146,83.6
"610086",2021,"ES","IAR/PARCC","math",117,0.9
"610088",2021,"ES","IAR/PARCC","math",69,2.9
"610089",2021,"ES","IAR/PARCC","math",148,10.1
"610090",2021,"ES","IAR/PARCC","math",136,10.3
"610091",2021,"ES","IAR/PARCC","math",132,3
"610092",2021,"ES","IAR/PARCC","math",57,0
"610093",2021,"ES","IAR/PARCC","math",50,0
"610094",2021,"ES","IAR/PARCC","math",348,43.7
"610095",2021,"ES","IAR/PARCC","math",202,18.8
"610096",2021,"ES","IAR/PARCC","math",225,9.3
"610097",2021,"ES","IAR/PARCC","math",129,1.6
"610098",2021,"ES","IAR/PARCC","math",398,7.3
"610099",2021,"ES","IAR/PARCC","math",231,34.2
"610100",2021,"ES","IAR/PARCC","math",19,0
"610101",2021,"ES","IAR/PARCC","math",268,22.8
"610102",2021,"ES","IAR/PARCC","math",17,0
"610103",2021,"ES","IAR/PARCC","math",89,2.2
"610104",2021,"ES","IAR/PARCC","math",313,27.2
"610105",2021,"ES","IAR/PARCC","math",242,26.4
"610106",2021,"ES","IAR/PARCC","math",125,4
"610107",2021,"ES","IAR/PARCC","math",80,3.8
"610108",2021,"ES","IAR/PARCC","math",57,0
"610109",2021,"ES","IAR/PARCC","math",104,4.8
"610110",2021,"ES","IAR/PARCC","math",33,0
"610111",2021,"ES","IAR/PARCC","math",257,16
"610112",2021,"ES","IAR/PARCC","math",177,1.1
"610115",2021,"ES","IAR/PARCC","math",60,6.7
"610116",2021,"ES","IAR/PARCC","math",38,0
"610117",2021,"ES","IAR/PARCC","math",116,15.5
"610120",2021,"ES","IAR/PARCC","math",84,10.7
"610121",2021,"ES","IAR/PARCC","math",56,0
"610122",2021,"ES","IAR/PARCC","math",284,27.1
"610123",2021,"ES","IAR/PARCC","math",71,0
"610124",2021,"ES","IAR/PARCC","math",57,1.8
"610125",2021,"ES","IAR/PARCC","math",137,5.1
"610126",2021,"ES","IAR/PARCC","math",289,7.6
"610127",2021,"ES","IAR/PARCC","math",310,12.6
"610128",2021,"ES","IAR/PARCC","math",90,0
"610129",2021,"ES","IAR/PARCC","math",204,19.6
"610130",2021,"ES","IAR/PARCC","math",65,1.5
"610131",2021,"ES","IAR/PARCC","math",84,13.1
"610132",2021,"ES","IAR/PARCC","math",83,45.8
"610133",2021,"ES","IAR/PARCC","math",96,2.1
"610135",2021,"ES","IAR/PARCC","math",295,20.3
"610136",2021,"ES","IAR/PARCC","math",150,35.3
"610137",2021,"ES","IAR/PARCC","math",198,27.8
"610138",2021,"ES","IAR/PARCC","math",389,33.7
"610139",2021,"ES","IAR/PARCC","math",49,0
"610141",2021,"ES","IAR/PARCC","math",236,34.7
"610142",2021,"ES","IAR/PARCC","math",213,15
"610143",2021,"ES","IAR/PARCC","math",67,3
"610144",2021,"ES","IAR/PARCC","math",137,8.8
"610145",2021,"ES","IAR/PARCC","math",154,7.8
"610146",2021,"ES","IAR/PARCC","math",114,0
"610147",2021,"ES","IAR/PARCC","math",229,28.8
"610148",2021,"ES","IAR/PARCC","math",168,11.3
"610152",2021,"ES","IAR/PARCC","math",99,0
"610153",2021,"ES","IAR/PARCC","math",86,1.2
"610155",2021,"ES","IAR/PARCC","math",349,45.6
"610157",2021,"ES","IAR/PARCC","math",241,3.3
"610158",2021,"ES","IAR/PARCC","math",140,13.6
"610159",2021,"ES","IAR/PARCC","math",335,17.3
"610165",2021,"ES","IAR/PARCC","math",90,0
"610167",2021,"ES","IAR/PARCC","math",338,4.1
"610170",2021,"ES","IAR/PARCC","math",446,15.7
"610171",2021,"ES","IAR/PARCC","math",72,8.3
"610172",2021,"ES","IAR/PARCC","math",55,0
"610173",2021,"ES","IAR/PARCC","math",86,1.2
"610174",2021,"ES","IAR/PARCC","math",62,0
"610175",2021,"ES","IAR/PARCC","math",125,1.6
"610176",2021,"ES","IAR/PARCC","math",132,1.5
"610177",2021,"ES","IAR/PARCC","math",552,62
"610178",2021,"ES","IAR/PARCC","math",47,0
"610179",2021,"ES","IAR/PARCC","math",168,14.3
"610180",2021,"ES","IAR/PARCC","math",96,1
"610182",2021,"ES","IAR/PARCC","math",93,38.7
"610183",2021,"ES","IAR/PARCC","math",102,1
"610184",2021,"ES","IAR/PARCC","math",56,3.6
"610185",2021,"ES","IAR/PARCC","math",354,7.6
"610188",2021,"ES","IAR/PARCC","math",34,0
"610191",2021,"ES","IAR/PARCC","math",203,33.5
"610192",2021,"ES","IAR/PARCC","math",116,1.7
"610193",2021,"ES","IAR/PARCC","math",124,0.8
"610194",2021,"ES","IAR/PARCC","math",111,1.8
"610195",2021,"ES","IAR/PARCC","math",185,13.5
"610196",2021,"ES","IAR/PARCC","math",103,9.7
"610197",2021,"ES","IAR/PARCC","math",131,8.4
"610198",2021,"ES","IAR/PARCC","math",107,7.5
"610199",2021,"ES","IAR/PARCC","math",41,2.4
"610200",2021,"ES","IAR/PARCC","math",82,0
"610201",2021,"ES","IAR/PARCC","math",361,29.9
"610202",2021,"ES","IAR/PARCC","math",45,2.2
"610203",2021,"ES","IAR/PARCC","math",137,2.9
"610206",2021,"ES","IAR/PARCC","math",252,15.5
"610207",2021,"ES","IAR/PARCC","math",79,3.8
"610208",2021,"ES","IAR/PARCC","math",46,8.7
"610209",2021,"ES","IAR/PARCC","math",149,10.7
"610212",2021,"ES","IAR/PARCC","math",218,14.7
"610213",2021,"ES","IAR/PARCC","math",203,2.5
"610215",2021,"ES","IAR/PARCC","math",197,3
"610216",2021,"ES","IAR/PARCC","math",104,0
"610217",2021,"ES","IAR/PARCC","math",274,34.7
"610218",2021,"ES","IAR/PARCC","math",68,7.4
"610219",2021,"ES","IAR/PARCC","math",213,14.1
"610220",2021,"ES","IAR/PARCC","math",306,48.7
"610221",2021,"ES","IAR/PARCC","math",72,1.4
"610223",2021,"ES","IAR/PARCC","math",80,0
"610225",2021,"ES","IAR/PARCC","math",47,2.1
"610226",2021,"ES","IAR/PARCC","math",170,9.4
"610227",2021,"ES","IAR/PARCC","math",233,6.4
"610228",2021,"ES","IAR/PARCC","math",25,4
"610229",2021,"ES","IAR/PARCC","math",221,50.7
"610230",2021,"ES","IAR/PARCC","math",250,50.4
"610231",2021,"ES","IAR/PARCC","math",127,30.7
"610234",2021,"ES","IAR/PARCC","math",98,0
"610235",2021,"ES","IAR/PARCC","math",99,0
"610237",2021,"ES","IAR/PARCC","math",74,0
"610238",2021,"ES","IAR/PARCC","math",62,0
"610239",2021,"ES","IAR/PARCC","math",168,1.8
"610242",2021,"ES","IAR/PARCC","math",179,12.3
"610246",2021,"ES","IAR/PARCC","math",189,5.8
"610248",2021,"ES","IAR/PARCC","math",237,24.5
"610249",2021,"ES","IAR/PARCC","math",150,16
"610250",2021,"ES","IAR/PARCC","math",113,6.2
"610251",2021,"ES","IAR/PARCC","math",53,3.8
"610252",2021,"ES","IAR/PARCC","math",119,2.5
"610254",2021,"ES","IAR/PARCC","math",97,2.1
"610256",2021,"ES","IAR/PARCC","math",24,4.2
"610257",2021,"ES","IAR/PARCC","math",56,1.8
"610263",2021,"ES","IAR/PARCC","math",95,0
"610268",2021,"ES","IAR/PARCC","math",64,3.1
"610269",2021,"ES","IAR/PARCC","math",80,8.8
"610271",2021,"ES","IAR/PARCC","math",70,1.4
"610274",2021,"ES","IAR/PARCC","math",111,2.7
"610276",2021,"ES","IAR/PARCC","math",86,5.8
"610279",2021,"ES","IAR/PARCC","math",111,2.7
"610281",2021,"ES","IAR/PARCC","math",78,7.7
"610282",2021,"ES","IAR/PARCC","math",108,2.8
"610284",2021,"ES","IAR/PARCC","math",108,14.8
"610287",2021,"ES","IAR/PARCC","math",148,8.1
"610290",2021,"ES","IAR/PARCC","math",63,3.2
"610291",2021,"ES","IAR/PARCC","math",111,13.5
"610293",2021,"ES","IAR/PARCC","math",124,0
"610295",2021,"ES","IAR/PARCC","math",76,1.3
"610298",2021,"ES","IAR/PARCC","math",137,65
"610299",2021,"ES","IAR/PARCC","math",44,0
"610300",2021,"ES","IAR/PARCC","math",48,0
"610305",2021,"ES","IAR/PARCC","math",164,1.2
"610312",2021,"ES","IAR/PARCC","math",27,11.1
"610313",2021,"ES","IAR/PARCC","math",158,9.5
"610315",2021,"ES","IAR/PARCC","math",33,0
"610316",2021,"ES","IAR/PARCC","math",76,19.7
"610317",2021,"ES","IAR/PARCC","math",149,2.7
"610319",2021,"ES","IAR/PARCC","math",130,11.5
"610325",2021,"ES","IAR/PARCC","math",171,8.2
"610329",2021,"ES","IAR/PARCC","math",159,27.7
"610339",2021,"ES","IAR/PARCC","math",104,0
"610342",2021,"ES","IAR/PARCC","math",140,1.4
"610345",2021,"ES","IAR/PARCC","math",100,3
"610347",2021,"ES","IAR/PARCC","math",63,1.6
"610350",2021,"ES","IAR/PARCC","math",189,12.2
"610352",2021,"ES","IAR/PARCC","math",280,6.8
"610353",2021,"ES","IAR/PARCC","math",110,3.6
"610354",2021,"ES","IAR/PARCC","math",63,11.1
"610355",2021,"ES","IAR/PARCC","math",53,5.7
"610362",2021,"ES","IAR/PARCC","math",94,6.4
"610363",2021,"ES","IAR/PARCC","math",433,35.3
"610364",2021,"ES","IAR/PARCC","math",104,0
"610366",2021,"ES","IAR/PARCC","math",44,4.5
"610367",2021,"ES","IAR/PARCC","math",146,1.4
"610368",2021,"ES","IAR/PARCC","math",122,2.5
"610369",2021,"ES","IAR/PARCC","math",63,0
"610391",2021,"ES","IAR/PARCC","math",114,57
"610396",2021,"ES","IAR/PARCC","math",150,6.7
"610405",2021,"ES","IAR/PARCC","math",90,7.8
"610503",2021,"ES","IAR/PARCC","math",121,5.8
"610515",2021,"ES","IAR/PARCC","math",131,35.9
"610520",2021,"ES","IAR/PARCC","math",215,47.9
"610521",2021,"ES","IAR/PARCC","math",91,8.8
"610523",2021,"ES","IAR/PARCC","math",230,31.7
"610530",2021,"ES","IAR/PARCC","math",42,4.8
"610532",2021,"ES","IAR/PARCC","math",291,7.6
"610533",2021,"ES","IAR/PARCC","math",156,2.6
"610534",2021,"ES","IAR/PARCC","math",261,88.5
"610539",2021,"ES","IAR/PARCC","math",113,10.6
"610541",2021,"ES","IAR/PARCC","math",364,6.9
"610542",2021,"ES","IAR/PARCC","math",111,16.2
"610544",2021,"ES","IAR/PARCC","math",419,11.7
"610548",2021,"ES","IAR/PARCC","math",88,48.9
"610559",2021,"ES","IAR/PARCC","math",108,3.7
"610564",2021,"ES","IAR/PARCC","math",45,31.1
"610586",2021,"ES","IAR/PARCC","math",115,4.3
"610588",2021,"ES","IAR/PARCC","math",239,8.4
"610589",2021,"ES","IAR/PARCC","math",87,26.4
"610590",2021,"ES","IAR/PARCC","math",111,60.4
"400009",2019,"ES","IAR/PARCC","math",65,12.3
"400011",2019,"ES","IAR/PARCC","math",260,26.9
"400017",2019,"ES","IAR/PARCC","math",304,6.6
"400021",2019,"ES","IAR/PARCC","math",334,12.3
"400023",2019,"ES","IAR/PARCC","math",341,29.3
"400024",2019,"ES","IAR/PARCC","math",443,29.6
"400025",2019,"ES","IAR/PARCC","math",448,15.2
"400027",2019,"ES","IAR/PARCC","math",370,25.1
"400028",2019,"ES","IAR/PARCC","math",283,17
"400029",2019,"ES","IAR/PARCC","math",298,22.1
"400030",2019,"ES","IAR/PARCC","math",346,15.9
"400031",2019,"ES","IAR/PARCC","math",478,12.3
"400033",2019,"ES","IAR/PARCC","math",849,8.2
"400035",2019,"ES","IAR/PARCC","math",247,23.1
"400036",2019,"ES","IAR/PARCC","math",292,14.7
"400039",2019,"ES","IAR/PARCC","math",259,8.9
"400040",2019,"ES","IAR/PARCC","math",222,2.7
"400043",2019,"ES","IAR/PARCC","math",135,5.9
"400044",2019,"ES","IAR/PARCC","math",565,21.2
"400045",2019,"ES","IAR/PARCC","math",132,8.3
"400046",2019,"ES","IAR/PARCC","math",351,20.5
"400047",2019,"ES","IAR/PARCC","math",217,16.1
"400048",2019,"ES","IAR/PARCC","math",234,32.5
"400049",2019,"ES","IAR/PARCC","math",304,9.5
"400050",2019,"ES","IAR/PARCC","math",299,9.4
"400052",2019,"ES","IAR/PARCC","math",312,18.3
"400060",2019,"ES","IAR/PARCC","math",232,23.7
"400061",2019,"ES","IAR/PARCC","math",117,6.8
"400064",2019,"ES","IAR/PARCC","math",96,7.3
"400066",2019,"ES","IAR/PARCC","math",52,17.3
"400068",2019,"ES","IAR/PARCC","math",149,2
"400069",2019,"ES","IAR/PARCC","math",283,9.9
"400071",2019,"ES","IAR/PARCC","math",278,14.7
"400075",2019,"ES","IAR/PARCC","math",238,21.8
"400076",2019,"ES","IAR/PARCC","math",160,25.6
"400077",2019,"ES","IAR/PARCC","math",19,10.5
"400078",2019,"ES","IAR/PARCC","math",16,12.5
"400079",2019,"ES","IAR/PARCC","math",413,27.8
"400080",2019,"ES","IAR/PARCC","math",408,27.2
"400081",2019,"ES","IAR/PARCC","math",175,22.9
"400082",2019,"ES","IAR/PARCC","math",371,27.8
"400083",2019,"ES","IAR/PARCC","math",236,6.8
"400084",2019,"ES","IAR/PARCC","math",192,26
"400089",2019,"ES","IAR/PARCC","math",373,20.9
"400092",2019,"ES","IAR/PARCC","math",210,7.6
"400096",2019,"ES","IAR/PARCC","math",696,19.5
"400101",2019,"ES","IAR/PARCC","math",376,17
"400107",2019,"ES","IAR/PARCC","math",262,24.4
"400111",2019,"ES","IAR/PARCC","math",332,23.5
"400112",2019,"ES","IAR/PARCC","math",380,21.8
"400114",2019,"ES","IAR/PARCC","math",183,26.8
"400115",2019,"ES","IAR/PARCC","math",353,15.9
"400116",2019,"ES","IAR/PARCC","math",143,0.7
"400120",2019,"ES","IAR/PARCC","math",374,12.6
"400121",2019,"ES","IAR/PARCC","math",336,13.4
"400146",2019,"ES","IAR/PARCC","math",368,19.8
"400151",2019,"ES","IAR/PARCC","math",139,16.5
"400153",2019,"ES","IAR/PARCC","math",379,21.9
"400159",2019,"ES","IAR/PARCC","math",201,15.9
"400161",2019,"ES","IAR/PARCC","math",237,6.8
"400162",2019,"ES","IAR/PARCC","math",322,22
"400163",2019,"ES","IAR/PARCC","math",334,11.1
"400165",2019,"ES","IAR/PARCC","math",261,10.7
"400167",2019,"ES","IAR/PARCC","math",402,18.2
"400168",2019,"ES","IAR/PARCC","math",149,18.1
"400171",2019,"ES","IAR/PARCC","math",105,1.9
"400178",2019,"ES","IAR/PARCC","math",174,11.5
"400180",2019,"ES","IAR/PARCC","math",297,21.9
"609716",2019,"ES","IAR/PARCC","math",135,3.7
"609720",2019,"ES","IAR/PARCC","math",83,95.2
"609725",2019,"ES","IAR/PARCC","math",91,25.3
"609726",2019,"ES","IAR/PARCC","math",113,18.6
"609728",2019,"ES","IAR/PARCC","math",42,9.5
"609734",2019,"ES","IAR/PARCC","math",117,74.4
"609746",2019,"ES","IAR/PARCC","math",275,63.3
"609755",2019,"ES","IAR/PARCC","math",239,98.7
"609772",2019,"ES","IAR/PARCC","math",442,26.5
"609773",2019,"ES","IAR/PARCC","math",295,36.9
"609774",2019,"ES","IAR/PARCC","math",311,64
"609777",2019,"ES","IAR/PARCC","math",138,11.6
"609779",2019,"ES","IAR/PARCC","math",847,36.2
"609780",2019,"ES","IAR/PARCC","math",277,9
"609782",2019,"ES","IAR/PARCC","math",265,47.5
"609786",2019,"ES","IAR/PARCC","math",169,7.7
"609788",2019,"ES","IAR/PARCC","math",167,15
"609789",2019,"ES","IAR/PARCC","math",340,9.1
"609790",2019,"ES","IAR/PARCC","math",226,3.5
"609791",2019,"ES","IAR/PARCC","math",266,4.9
"609792",2019,"ES","IAR/PARCC","math",595,24.4
"609793",2019,"ES","IAR/PARCC","math",268,1.5
"609794",2019,"ES","IAR/PARCC","math",178,91.6
"609795",2019,"ES","IAR/PARCC","math",146,21.2
"609796",2019,"ES","IAR/PARCC","math",620,54.4
"609797",2019,"ES","IAR/PARCC","math",216,2.8
"609798",2019,"ES","IAR/PARCC","math",76,31.6
"609799",2019,"ES","IAR/PARCC","math",588,61.7
"609800",2019,"ES","IAR/PARCC","math",193,10.9
"609803",2019,"ES","IAR/PARCC","math",133,69.9
"609804",2019,"ES","IAR/PARCC","math",529,26.3
"609805",2019,"ES","IAR/PARCC","math",290,14.1
"609806",2019,"ES","IAR/PARCC","math",302,12.3
"609807",2019,"ES","IAR/PARCC","math",333,13.2
"609808",2019,"ES","IAR/PARCC","math",296,13.2
"609809",2019,"ES","IAR/PARCC","math",246,24.8
"609810",2019,"ES","IAR/PARCC","math",675,38.8
"609811",2019,"ES","IAR/PARCC","math",148,4.1
"609812",2019,"ES","IAR/PARCC","math",130,3.1
"609813",2019,"ES","IAR/PARCC","math",92,3.3
"609815",2019,"ES","IAR/PARCC","math",379,11.1
"609817",2019,"ES","IAR/PARCC","math",390,35.9
"609818",2019,"ES","IAR/PARCC","math",557,17.2
"609819",2019,"ES","IAR/PARCC","math",209,3.8
"609820",2019,"ES","IAR/PARCC","math",301,65.1
"609821",2019,"ES","IAR/PARCC","math",341,9.1
"609827",2019,"ES","IAR/PARCC","math",249,14.1
"609828",2019,"ES","IAR/PARCC","math",251,40.6
"609829",2019,"ES","IAR/PARCC","math",277,37.2
"609830",2019,"ES","IAR/PARCC","math",275,2.5
"609832",2019,"ES","IAR/PARCC","math",476,21.4
"609833",2019,"ES","IAR/PARCC","math",154,4.5
"609834",2019,"ES","IAR/PARCC","math",520,14
"609835",2019,"ES","IAR/PARCC","math",492,11.8
"609836",2019,"ES","IAR/PARCC","math",513,49.9
"609837",2019,"ES","IAR/PARCC","math",415,21.9
"609839",2019,"ES","IAR/PARCC","math",319,9.7
"609842",2019,"ES","IAR/PARCC","math",651,21
"609844",2019,"ES","IAR/PARCC","math",241,12
"609845",2019,"ES","IAR/PARCC","math",229,6.1
"609848",2019,"ES","IAR/PARCC","math",112,8
"609849",2019,"ES","IAR/PARCC","math",272,33.1
"609850",2019,"ES","IAR/PARCC","math",357,43.7
"609851",2019,"ES","IAR/PARCC","math",195,2.1
"609852",2019,"ES","IAR/PARCC","math",302,39.7
"609853",2019,"ES","IAR/PARCC","math",232,19.8
"609854",2019,"ES","IAR/PARCC","math",225,12.9
"609855",2019,"ES","IAR/PARCC","math",144,11.1
"609856",2019,"ES","IAR/PARCC","math",377,13.3
"609857",2019,"ES","IAR/PARCC","math",306,14.4
"609859",2019,"ES","IAR/PARCC","math",745,30.6
"609861",2019,"ES","IAR/PARCC","math",340,24.4
"609862",2019,"ES","IAR/PARCC","math",258,21.7
"609863",2019,"ES","IAR/PARCC","math",170,34.7
"609864",2019,"ES","IAR/PARCC","math",208,3.8
"609865",2019,"ES","IAR/PARCC","math",292,11
"609866",2019,"ES","IAR/PARCC","math",542,65.3
"609867",2019,"ES","IAR/PARCC","math",187,25.1
"609869",2019,"ES","IAR/PARCC","math",139,4.3
"609870",2019,"ES","IAR/PARCC","math",273,13.2
"609872",2019,"ES","IAR/PARCC","math",182,23.6
"609873",2019,"ES","IAR/PARCC","math",125,6.4
"609874",2019,"ES","IAR/PARCC","math",508,49
"609875",2019,"ES","IAR/PARCC","math",319,12.2
"609876",2019,"ES","IAR/PARCC","math",415,11.8
"609879",2019,"ES","IAR/PARCC","math",626,27
"609880",2019,"ES","IAR/PARCC","math",192,94.3
"609883",2019,"ES","IAR/PARCC","math",311,6.4
"609884",2019,"ES","IAR/PARCC","math",497,35
"609885",2019,"ES","IAR/PARCC","math",198,11.6
"609887",2019,"ES","IAR/PARCC","math",427,27.6
"609891",2019,"ES","IAR/PARCC","math",132,0.8
"609893",2019,"ES","IAR/PARCC","math",458,32.3
"609894",2019,"ES","IAR/PARCC","math",174,5.7
"609895",2019,"ES","IAR/PARCC","math",152,33.6
"609896",2019,"ES","IAR/PARCC","math",93,45.2
"609897",2019,"ES","IAR/PARCC","math",185,9.7
"609898",2019,"ES","IAR/PARCC","math",867,12
"609899",2019,"ES","IAR/PARCC","math",537,59.2
"609900",2019,"ES","IAR/PARCC","math",323,6.8
"609901",2019,"ES","IAR/PARCC","math",278,57.2
"609902",2019,"ES","IAR/PARCC","math",194,6.7
"609903",2019,"ES","IAR/PARCC","math",903,17.7
"609904",2019,"ES","IAR/PARCC","math",292,9.6
"609907",2019,"ES","IAR/PARCC","math",271,16.2
"609908",2019,"ES","IAR/PARCC","math",170,10.6
"609909",2019,"ES","IAR/PARCC","math",58,37.9
"609910",2019,"ES","IAR/PARCC","math",613,15.8
"609912",2019,"ES","IAR/PARCC","math",306,44.1
"609917",2019,"ES","IAR/PARCC","math",177,21.5
"609918",2019,"ES","IAR/PARCC","math",156,6.4
"609919",2019,"ES","IAR/PARCC","math",239,3.3
"609920",2019,"ES","IAR/PARCC","math",384,13.3
"609921",2019,"ES","IAR/PARCC","math",132,12.1
"609922",2019,"ES","IAR/PARCC","math",188,13.8
"609924",2019,"ES","IAR/PARCC","math",231,6.9
"609925",2019,"ES","IAR/PARCC","math",176,5.7
"609926",2019,"ES","IAR/PARCC","math",156,40.4
"609927",2019,"ES","IAR/PARCC","math",168,13.1
"609928",2019,"ES","IAR/PARCC","math",279,11.5
"609929",2019,"ES","IAR/PARCC","math",230,13.5
"609930",2019,"ES","IAR/PARCC","math",257,9.7
"609933",2019,"ES","IAR/PARCC","math",164,5.5
"609935",2019,"ES","IAR/PARCC","math",453,16.8
"609937",2019,"ES","IAR/PARCC","math",547,41.7
"609938",2019,"ES","IAR/PARCC","math",971,17.4
"609939",2019,"ES","IAR/PARCC","math",258,3.5
"609941",2019,"ES","IAR/PARCC","math",305,5.9
"609942",2019,"ES","IAR/PARCC","math",413,27.8
"609943",2019,"ES","IAR/PARCC","math",188,7.4
"609944",2019,"ES","IAR/PARCC","math",198,31.8
"609945",2019,"ES","IAR/PARCC","math",442,33.9
"609947",2019,"ES","IAR/PARCC","math",265,9.4
"609949",2019,"ES","IAR/PARCC","math",755,26.8
"609951",2019,"ES","IAR/PARCC","math",309,8.4
"609952",2019,"ES","IAR/PARCC","math",223,18.4
"609954",2019,"ES","IAR/PARCC","math",203,7.4
"609955",2019,"ES","IAR/PARCC","math",189,7.4
"609956",2019,"ES","IAR/PARCC","math",297,31
"609958",2019,"ES","IAR/PARCC","math",495,24.8
"609959",2019,"ES","IAR/PARCC","math",479,60.1
"609960",2019,"ES","IAR/PARCC","math",590,28.1
"609961",2019,"ES","IAR/PARCC","math",213,7.5
"609963",2019,"ES","IAR/PARCC","math",222,60.8
"609964",2019,"ES","IAR/PARCC","math",329,8.2
"609966",2019,"ES","IAR/PARCC","math",237,9.3
"609967",2019,"ES","IAR/PARCC","math",171,14
"609968",2019,"ES","IAR/PARCC","math",436,6.4
"609969",2019,"ES","IAR/PARCC","math",206,19.9
"609971",2019,"ES","IAR/PARCC","math",237,5.1
"609972",2019,"ES","IAR/PARCC","math",495,21
"609973",2019,"ES","IAR/PARCC","math",474,44.5
"609974",2019,"ES","IAR/PARCC","math",377,74.8
"609975",2019,"ES","IAR/PARCC","math",201,3.5
"609976",2019,"ES","IAR/PARCC","math",588,30.4
"609977",2019,"ES","IAR/PARCC","math",94,24.5
"609978",2019,"ES","IAR/PARCC","math",222,5
"609979",2019,"ES","IAR/PARCC","math",967,62.6
"609981",2019,"ES","IAR/PARCC","math",179,14.5
"609983",2019,"ES","IAR/PARCC","math",392,7.7
"609985",2019,"ES","IAR/PARCC","math",191,14.7
"609986",2019,"ES","IAR/PARCC","math",166,3.6
"609987",2019,"ES","IAR/PARCC","math",116,16.4
"609988",2019,"ES","IAR/PARCC","math",308,21.8
"609990",2019,"ES","IAR/PARCC","math",510,38.6
"609991",2019,"ES","IAR/PARCC","math",264,6.8
"609993",2019,"ES","IAR/PARCC","math",258,16.7
"609994",2019,"ES","IAR/PARCC","math",484,26.7
"609995",2019,"ES","IAR/PARCC","math",312,30.8
"609996",2019,"ES","IAR/PARCC","math",310,37.7
"609997",2019,"ES","IAR/PARCC","math",81,2.5
"610000",2019,"ES","IAR/PARCC","math",296,3
"610002",2019,"ES","IAR/PARCC","math",174,25.9
"610003",2019,"ES","IAR/PARCC","math",189,5.8
"610004",2019,"ES","IAR/PARCC","math",132,9.8
"610005",2019,"ES","IAR/PARCC","math",153,11.1
"610006",2019,"ES","IAR/PARCC","math",563,25.8
"610009",2019,"ES","IAR/PARCC","math",356,44.7
"610010",2019,"ES","IAR/PARCC","math",154,16.2
"610011",2019,"ES","IAR/PARCC","math",532,40
"610013",2019,"ES","IAR/PARCC","math",201,8.5
"610015",2019,"ES","IAR/PARCC","math",140,20.7
"610016",2019,"ES","IAR/PARCC","math",175,32
"610017",2019,"ES","IAR/PARCC","math",602,15.9
"610019",2019,"ES","IAR/PARCC","math",137,6.6
"610021",2019,"ES","IAR/PARCC","math",270,28.9
"610022",2019,"ES","IAR/PARCC","math",467,15.4
"610024",2019,"ES","IAR/PARCC","math",740,24.6
"610026",2019,"ES","IAR/PARCC","math",448,39.5
"610027",2019,"ES","IAR/PARCC","math",194,12.9
"610029",2019,"ES","IAR/PARCC","math",104,13.5
"610030",2019,"ES","IAR/PARCC","math",132,9.8
"610032",2019,"ES","IAR/PARCC","math",201,5.5
"610033",2019,"ES","IAR/PARCC","math",342,40.1
"610034",2019,"ES","IAR/PARCC","math",114,0.9
"610036",2019,"ES","IAR/PARCC","math",288,10.4
"610037",2019,"ES","IAR/PARCC","math",217,13.4
"610038",2019,"ES","IAR/PARCC","math",638,72.9
"610039",2019,"ES","IAR/PARCC","math",375,30.4
"610040",2019,"ES","IAR/PARCC","math",434,18.2
"610041",2019,"ES","IAR/PARCC","math",774,17.8
"610043",2019,"ES","IAR/PARCC","math",205,11.7
"610044",2019,"ES","IAR/PARCC","math",208,10.1
"610046",2019,"ES","IAR/PARCC","math",983,29.3
"610047",2019,"ES","IAR/PARCC","math",143,8.4
"610048",2019,"ES","IAR/PARCC","math",169,7.1
"610051",2019,"ES","IAR/PARCC","math",534,10.9
"610052",2019,"ES","IAR/PARCC","math",213,10.3
"610053",2019,"ES","IAR/PARCC","math",705,17.4
"610054",2019,"ES","IAR/PARCC","math",500,20.4
"610055",2019,"ES","IAR/PARCC","math",135,9.6
"610056",2019,"ES","IAR/PARCC","math",218,8.3
"610057",2019,"ES","IAR/PARCC","math",380,8.4
"610059",2019,"ES","IAR/PARCC","math",390,62.3
"610060",2019,"ES","IAR/PARCC","math",345,36.8
"610062",2019,"ES","IAR/PARCC","math",178,26.4
"610063",2019,"ES","IAR/PARCC","math",289,10.4
"610065",2019,"ES","IAR/PARCC","math",185,5.4
"610066",2019,"ES","IAR/PARCC","math",107,84.1
"610067",2019,"ES","IAR/PARCC","math",448,10.7
"610068",2019,"ES","IAR/PARCC","math",814,26
"610070",2019,"ES","IAR/PARCC","math",390,19.2
"610073",2019,"ES","IAR/PARCC","math",263,41.1
"610074",2019,"ES","IAR/PARCC","math",502,14.1
"610076",2019,"ES","IAR/PARCC","math",283,11.3
"610077",2019,"ES","IAR/PARCC","math",412,7
"610078",2019,"ES","IAR/PARCC","math",334,37.1
"610081",2019,"ES","IAR/PARCC","math",370,58.9
"610082",2019,"ES","IAR/PARCC","math",747,64.9
"610084",2019,"ES","IAR/PARCC","math",174,95.4
"610086",2019,"ES","IAR/PARCC","math",169,5.3
"610088",2019,"ES","IAR/PARCC","math",398,14.3
"610089",2019,"ES","IAR/PARCC","math",333,24.3
"610090",2019,"ES","IAR/PARCC","math",316,15.8
"610091",2019,"ES","IAR/PARCC","math",215,12.1
"610092",2019,"ES","IAR/PARCC","math",147,1.4
"610093",2019,"ES","IAR/PARCC","math",140,7.1
"610094",2019,"ES","IAR/PARCC","math",394,46.2
"610095",2019,"ES","IAR/PARCC","math",317,31.9
"610096",2019,"ES","IAR/PARCC","math",784,16.8
"610097",2019,"ES","IAR/PARCC","math",444,16.7
"610098",2019,"ES","IAR/PARCC","math",476,25.8
"610099",2019,"ES","IAR/PARCC","math",281,58
"610100",2019,"ES","IAR/PARCC","math",347,10.7
"610101",2019,"ES","IAR/PARCC","math",774,32
"610102",2019,"ES","IAR/PARCC","math",283,2.5
"610103",2019,"ES","IAR/PARCC","math",381,7.1
"610104",2019,"ES","IAR/PARCC","math",401,39.9
"610105",2019,"ES","IAR/PARCC","math",463,52.9
"610106",2019,"ES","IAR/PARCC","math",365,9
"610107",2019,"ES","IAR/PARCC","math",233,13.7
"610108",2019,"ES","IAR/PARCC","math",200,10
"610109",2019,"ES","IAR/PARCC","math",169,19.5
"610110",2019,"ES","IAR/PARCC","math",210,11.4
"610111",2019,"ES","IAR/PARCC","math",464,30.4
"610112",2019,"ES","IAR/PARCC","math",245,3.3
"610115",2019,"ES","IAR/PARCC","math",158,10.8
"610116",2019,"ES","IAR/PARCC","math",165,7.3
"610117",2019,"ES","IAR/PARCC","math",264,29.5
"610120",2019,"ES","IAR/PARCC","math",301,32.2
"610121",2019,"ES","IAR/PARCC","math",217,6.5
"610122",2019,"ES","IAR/PARCC","math",498,32.9
"610123",2019,"ES","IAR/PARCC","math",151,10.6
"610124",2019,"ES","IAR/PARCC","math",202,3.5
"610125",2019,"ES","IAR/PARCC","math",432,21.8
"610126",2019,"ES","IAR/PARCC","math",371,16.4
"610127",2019,"ES","IAR/PARCC","math",521,28.2
"610128",2019,"ES","IAR/PARCC","math",146,2.7
"610129",2019,"ES","IAR/PARCC","math",271,25.5
"610130",2019,"ES","IAR/PARCC","math",145,10.3
"610131",2019,"ES","IAR/PARCC","math",95,18.9
"610132",2019,"ES","IAR/PARCC","math",118,74.6
"610133",2019,"ES","IAR/PARCC","math",235,11.5
"610135",2019,"ES","IAR/PARCC","math",556,24.6
"610136",2019,"ES","IAR/PARCC","math",274,55.1
"610137",2019,"ES","IAR/PARCC","math",465,28.4
"610138",2019,"ES","IAR/PARCC","math",483,43.9
"610139",2019,"ES","IAR/PARCC","math",235,11.1
"610141",2019,"ES","IAR/PARCC","math",319,50.5
"610142",2019,"ES","IAR/PARCC","math",388,27.3
"610143",2019,"ES","IAR/PARCC","math",132,14.4
"610144",2019,"ES","IAR/PARCC","math",532,16.7
"610145",2019,"ES","IAR/PARCC","math",438,24.4
"610146",2019,"ES","IAR/PARCC","math",133,3
"610147",2019,"ES","IAR/PARCC","math",468,40.6
"610148",2019,"ES","IAR/PARCC","math",576,42
"610152",2019,"ES","IAR/PARCC","math",271,9.6
"610153",2019,"ES","IAR/PARCC","math",210,7.1
"610155",2019,"ES","IAR/PARCC","math",393,61.3
"610157",2019,"ES","IAR/PARCC","math",1086,14.9
"610158",2019,"ES","IAR/PARCC","math",256,20.3
"610159",2019,"ES","IAR/PARCC","math",462,35.1
"610165",2019,"ES","IAR/PARCC","math",318,7.9
"610167",2019,"ES","IAR/PARCC","math",430,10
"610170",2019,"ES","IAR/PARCC","math",662,36.3
"610171",2019,"ES","IAR/PARCC","math",330,9.1
"610172",2019,"ES","IAR/PARCC","math",146,8.2
"610173",2019,"ES","IAR/PARCC","math",159,20.1
"610174",2019,"ES","IAR/PARCC","math",296,11.8
"610175",2019,"ES","IAR/PARCC","math",222,19.4
"610176",2019,"ES","IAR/PARCC","math",294,13.9
"610177",2019,"ES","IAR/PARCC","math",712,70.9
"610178",2019,"ES","IAR/PARCC","math",102,3.9
"610179",2019,"ES","IAR/PARCC","math",561,30.1
"610180",2019,"ES","IAR/PARCC","math",232,3.9
"610182",2019,"ES","IAR/PARCC","math",162,59.9
"610183",2019,"ES","IAR/PARCC","math",314,10.5
"610184",2019,"ES","IAR/PARCC","math",321,10.6
"610185",2019,"ES","IAR/PARCC","math",802,22.4
"610188",2019,"ES","IAR/PARCC","math",131,13.7
"610191",2019,"ES","IAR/PARCC","math",370,51.1
"610192",2019,"ES","IAR/PARCC","math",379,8.7
"610193",2019,"ES","IAR/PARCC","math",292,9.6
"610194",2019,"ES","IAR/PARCC","math",168,10.1
"610195",2019,"ES","IAR/PARCC","math",353,22.4
"610196",2019,"ES","IAR/PARCC","math",343,24.2
"610197",2019,"ES","IAR/PARCC","math",272,21
"610198",2019,"ES","IAR/PARCC","math",185,20.5
"610199",2019,"ES","IAR/PARCC","math",148,22.3
"610200",2019,"ES","IAR/PARCC","math",145,9
"610201",2019,"ES","IAR/PARCC","math",459,39.9
"610202",2019,"ES","IAR/PARCC","math",184,9.2
"610203",2019,"ES","IAR/PARCC","math",439,33
"610206",2019,"ES","IAR/PARCC","math",764,35.9
"610207",2019,"ES","IAR/PARCC","math",171,9.4
"610208",2019,"ES","IAR/PARCC","math",239,3.3
"610209",2019,"ES","IAR/PARCC","math",523,17.4
"610212",2019,"ES","IAR/PARCC","math",279,21.9
"610213",2019,"ES","IAR/PARCC","math",343,7
"610215",2019,"ES","IAR/PARCC","math",325,12.6
"610216",2019,"ES","IAR/PARCC","math",169,10.7
"610217",2019,"ES","IAR/PARCC","math",351,56.7
"610218",2019,"ES","IAR/PARCC","math",135,23
"610219",2019,"ES","IAR/PARCC","math",541,17
"610220",2019,"ES","IAR/PARCC","math",407,49.9
"610221",2019,"ES","IAR/PARCC","math",155,8.4
"610223",2019,"ES","IAR/PARCC","math",234,9.4
"610225",2019,"ES","IAR/PARCC","math",170,11.8
"610226",2019,"ES","IAR/PARCC","math",489,31.1
"610227",2019,"ES","IAR/PARCC","math",631,24.2
"610228",2019,"ES","IAR/PARCC","math",139,8.6
"610229",2019,"ES","IAR/PARCC","math",489,47.2
"610230",2019,"ES","IAR/PARCC","math",309,55.3
"610231",2019,"ES","IAR/PARCC","math",446,23.8
"610234",2019,"ES","IAR/PARCC","math",225,1.8
"610235",2019,"ES","IAR/PARCC","math",477,6.9
"610237",2019,"ES","IAR/PARCC","math",178,6.2
"610238",2019,"ES","IAR/PARCC","math",125,14.4
"610239",2019,"ES","IAR/PARCC","math",392,7.9
"610242",2019,"ES","IAR/PARCC","math",223,29.6
"610246",2019,"ES","IAR/PARCC","math",619,18.1
"610248",2019,"ES","IAR/PARCC","math",351,41.6
"610249",2019,"ES","IAR/PARCC","math",231,32
"610250",2019,"ES","IAR/PARCC","math",217,16.1
"610251",2019,"ES","IAR/PARCC","math",229,7.4
"610252",2019,"ES","IAR/PARCC","math",162,3.7
"610254",2019,"ES","IAR/PARCC","math",204,7.8
"610256",2019,"ES","IAR/PARCC","math",18,16.7
"610257",2019,"ES","IAR/PARCC","math",173,6.9
"610263",2019,"ES","IAR/PARCC","math",396,3.5
"610268",2019,"ES","IAR/PARCC","math",181,6.6
"610269",2019,"ES","IAR/PARCC","math",193,20.2
"610271",2019,"ES","IAR/PARCC","math",246,5.7
"610274",2019,"ES","IAR/PARCC","math",267,8.6
"610276",2019,"ES","IAR/PARCC","math",190,3.7
"610279",2019,"ES","IAR/PARCC","math",212,6.6
"610281",2019,"ES","IAR/PARCC","math",297,8.8
"610282",2019,"ES","IAR/PARCC","math",232,13.4
"610284",2019,"ES","IAR/PARCC","math",196,31.1
"610287",2019,"ES","IAR/PARCC","math",284,10.2
"610290",2019,"ES","IAR/PARCC","math",219,5.5
"610291",2019,"ES","IAR/PARCC","math",535,31.2
"610293",2019,"ES","IAR/PARCC","math",224,3.6
"610295",2019,"ES","IAR/PARCC","math",164,7.3
"610298",2019,"ES","IAR/PARCC","math",165,85.5
"610299",2019,"ES","IAR/PARCC","math",124,5.6
"610300",2019,"ES","IAR/PARCC","math",203,2.5
"610305",2019,"ES","IAR/PARCC","math",254,4.3
"610312",2019,"ES","IAR/PARCC","math",74,36.5
"610313",2019,"ES","IAR/PARCC","math",327,4.6
"610315",2019,"ES","IAR/PARCC","math",84,2.4
"610316",2019,"ES","IAR/PARCC","math",153,35.9
"610317",2019,"ES","IAR/PARCC","math",259,11.2
"610319",2019,"ES","IAR/PARCC","math",304,16.4
"610325",2019,"ES","IAR/PARCC","math",447,17.2
"610329",2019,"ES","IAR/PARCC","math",412,27.7
"610339",2019,"ES","IAR/PARCC","math",275,4.7
"610342",2019,"ES","IAR/PARCC","math",355,11.5
"610345",2019,"ES","IAR/PARCC","math",202,8.4
"610347",2019,"ES","IAR/PARCC","math",247,7.3
"610350",2019,"ES","IAR/PARCC","math",282,16.7
"610352",2019,"ES","IAR/PARCC","math",449,26.9
"610353",2019,"ES","IAR/PARCC","math",493,10.3
"610354",2019,"ES","IAR/PARCC","math",172,20.9
"610355",2019,"ES","IAR/PARCC","math",173,13.9
"610362",2019,"ES","IAR/PARCC","math",180,10.6
"610363",2019,"ES","IAR/PARCC","math",863,48.4
"610364",2019,"ES","IAR/PARCC","math",125,8
"610366",2019,"ES","IAR/PARCC","math",154,20.1
"610367",2019,"ES","IAR/PARCC","math",302,1.7
"610368",2019,"ES","IAR/PARCC","math",251,3.6
"610369",2019,"ES","IAR/PARCC","math",214,2.8
"610391",2019,"ES","IAR/PARCC","math",255,39.6
"610396",2019,"ES","IAR/PARCC","math",674,14.7
"610405",2019,"ES","IAR/PARCC","math",194,17
"610503",2019,"ES","IAR/PARCC","math",137,19
"610515",2019,"ES","IAR/PARCC","math",218,50.9
"610520",2019,"ES","IAR/PARCC","math",336,54.2
"610521",2019,"ES","IAR/PARCC","math",162,29
"610523",2019,"ES","IAR/PARCC","math",339,38.3
"610530",2019,"ES","IAR/PARCC","math",205,9.8
"610532",2019,"ES","IAR/PARCC","math",988,13
"610533",2019,"ES","IAR/PARCC","math",662,10.6
"610534",2019,"ES","IAR/PARCC","math",323,92.6
"610539",2019,"ES","IAR/PARCC","math",552,23.7
"610541",2019,"ES","IAR/PARCC","math",522,23.9
"610542",2019,"ES","IAR/PARCC","math",500,41.2
"610544",2019,"ES","IAR/PARCC","math",621,22.9
"610548",2019,"ES","IAR/PARCC","math",220,67.7
"610559",2019,"ES","IAR/PARCC","math",588,10
"610564",2019,"ES","IAR/PARCC","math",197,37.6
"610572",2019,"ES","IAR/PARCC","math",13,0
"610586",2019,"ES","IAR/PARCC","math",349,16.6
"610588",2019,"ES","IAR/PARCC","math",1112,15.6
"400009",2018,"ES","IAR/PARCC","math",75,13.3
"400011",2018,"ES","IAR/PARCC","math",275,34.9
"400017",2018,"ES","IAR/PARCC","math",406,11.1
"400021",2018,"ES","IAR/PARCC","math",329,9.4
"400023",2018,"ES","IAR/PARCC","math",277,39.4
"400024",2018,"ES","IAR/PARCC","math",439,26.2
"400025",2018,"ES","IAR/PARCC","math",453,11.9
"400027",2018,"ES","IAR/PARCC","math",365,23.8
"400028",2018,"ES","IAR/PARCC","math",258,17.8
"400029",2018,"ES","IAR/PARCC","math",272,21.7
"400030",2018,"ES","IAR/PARCC","math",347,15.6
"400031",2018,"ES","IAR/PARCC","math",468,9.8
"400033",2018,"ES","IAR/PARCC","math",807,6.1
"400035",2018,"ES","IAR/PARCC","math",246,27.2
"400036",2018,"ES","IAR/PARCC","math",343,19.5
"400039",2018,"ES","IAR/PARCC","math",255,5.9
"400040",2018,"ES","IAR/PARCC","math",230,0.9
"400043",2018,"ES","IAR/PARCC","math",157,5.1
"400044",2018,"ES","IAR/PARCC","math",558,14.5
"400045",2018,"ES","IAR/PARCC","math",83,1.2
"400046",2018,"ES","IAR/PARCC","math",368,19.3
"400047",2018,"ES","IAR/PARCC","math",184,15.8
"400048",2018,"ES","IAR/PARCC","math",205,32.2
"400049",2018,"ES","IAR/PARCC","math",288,11.5
"400050",2018,"ES","IAR/PARCC","math",304,13.2
"400052",2018,"ES","IAR/PARCC","math",301,27.6
"400060",2018,"ES","IAR/PARCC","math",255,23.5
"400061",2018,"ES","IAR/PARCC","math",128,10.2
"400064",2018,"ES","IAR/PARCC","math",125,12.8
"400066",2018,"ES","IAR/PARCC","math",55,14.5
"400068",2018,"ES","IAR/PARCC","math",238,8.4
"400069",2018,"ES","IAR/PARCC","math",279,9.3
"400071",2018,"ES","IAR/PARCC","math",282,9.9
"400075",2018,"ES","IAR/PARCC","math",236,16.5
"400076",2018,"ES","IAR/PARCC","math",122,22.1
"400078",2018,"ES","IAR/PARCC","math",113,16.8
"400079",2018,"ES","IAR/PARCC","math",411,26.8
"400080",2018,"ES","IAR/PARCC","math",380,28.9
"400081",2018,"ES","IAR/PARCC","math",183,27.9
"400082",2018,"ES","IAR/PARCC","math",369,27.1
"400083",2018,"ES","IAR/PARCC","math",265,6
"400084",2018,"ES","IAR/PARCC","math",189,29.6
"400089",2018,"ES","IAR/PARCC","math",380,19.2
"400092",2018,"ES","IAR/PARCC","math",192,7.8
"400096",2018,"ES","IAR/PARCC","math",684,24.4
"400101",2018,"ES","IAR/PARCC","math",374,23
"400107",2018,"ES","IAR/PARCC","math",269,21.9
"400111",2018,"ES","IAR/PARCC","math",321,18.4
"400112",2018,"ES","IAR/PARCC","math",382,27.7
"400114",2018,"ES","IAR/PARCC","math",188,30.9
"400115",2018,"ES","IAR/PARCC","math",354,13.8
"400116",2018,"ES","IAR/PARCC","math",119,0.8
"400120",2018,"ES","IAR/PARCC","math",369,14.1
"400121",2018,"ES","IAR/PARCC","math",350,16.3
"400146",2018,"ES","IAR/PARCC","math",331,17.2
"400151",2018,"ES","IAR/PARCC","math",162,16.7
"400153",2018,"ES","IAR/PARCC","math",377,21
"400159",2018,"ES","IAR/PARCC","math",163,27.6
"400161",2018,"ES","IAR/PARCC","math",317,3.8
"400162",2018,"ES","IAR/PARCC","math",322,14
"400163",2018,"ES","IAR/PARCC","math",337,10.4
"400165",2018,"ES","IAR/PARCC","math",278,16.5
"400167",2018,"ES","IAR/PARCC","math",368,15.8
"400168",2018,"ES","IAR/PARCC","math",91,27.5
"400171",2018,"ES","IAR/PARCC","math",115,5.2
"400178",2018,"ES","IAR/PARCC","math",87,13.8
"400180",2018,"ES","IAR/PARCC","math",193,18.7
"609716",2018,"ES","IAR/PARCC","math",133,0.8
"609720",2018,"ES","IAR/PARCC","math",108,97.2
"609725",2018,"ES","IAR/PARCC","math",87,25.3
"609726",2018,"ES","IAR/PARCC","math",108,26.9
"609728",2018,"ES","IAR/PARCC","math",101,9.9
"609734",2018,"ES","IAR/PARCC","math",165,71.5
"609746",2018,"ES","IAR/PARCC","math",148,52.7
"609755",2018,"ES","IAR/PARCC","math",181,98.9
"609772",2018,"ES","IAR/PARCC","math",450,27.3
"609773",2018,"ES","IAR/PARCC","math",245,34.3
"609774",2018,"ES","IAR/PARCC","math",302,68.9
"609777",2018,"ES","IAR/PARCC","math",148,14.2
"609779",2018,"ES","IAR/PARCC","math",893,30.5
"609780",2018,"ES","IAR/PARCC","math",285,8.8
"609782",2018,"ES","IAR/PARCC","math",203,43.3
"609786",2018,"ES","IAR/PARCC","math",153,7.8
"609788",2018,"ES","IAR/PARCC","math",190,12.1
"609789",2018,"ES","IAR/PARCC","math",370,10.5
"609790",2018,"ES","IAR/PARCC","math",237,4.2
"609791",2018,"ES","IAR/PARCC","math",259,6.6
"609792",2018,"ES","IAR/PARCC","math",609,22.7
"609793",2018,"ES","IAR/PARCC","math",312,2.6
"609794",2018,"ES","IAR/PARCC","math",180,87.2
"609795",2018,"ES","IAR/PARCC","math",142,17.6
"609796",2018,"ES","IAR/PARCC","math",665,55.8
"609797",2018,"ES","IAR/PARCC","math",264,4.2
"609798",2018,"ES","IAR/PARCC","math",71,39.4
"609799",2018,"ES","IAR/PARCC","math",476,64.1
"609800",2018,"ES","IAR/PARCC","math",185,8.1
"609803",2018,"ES","IAR/PARCC","math",76,60.5
"609804",2018,"ES","IAR/PARCC","math",514,22.8
"609805",2018,"ES","IAR/PARCC","math",246,14.6
"609806",2018,"ES","IAR/PARCC","math",294,4.1
"609807",2018,"ES","IAR/PARCC","math",371,10.2
"609808",2018,"ES","IAR/PARCC","math",320,12.5
"609809",2018,"ES","IAR/PARCC","math",227,22.5
"609810",2018,"ES","IAR/PARCC","math",624,34.8
"609811",2018,"ES","IAR/PARCC","math",141,7.8
"609812",2018,"ES","IAR/PARCC","math",139,5
"609813",2018,"ES","IAR/PARCC","math",100,4
"609815",2018,"ES","IAR/PARCC","math",359,10.9
"609817",2018,"ES","IAR/PARCC","math",409,31.3
"609818",2018,"ES","IAR/PARCC","math",575,15.1
"609819",2018,"ES","IAR/PARCC","math",53,1.9
"609820",2018,"ES","IAR/PARCC","math",307,55.4
"609821",2018,"ES","IAR/PARCC","math",338,6.5
"609826",2018,"ES","IAR/PARCC","math",601,21
"609827",2018,"ES","IAR/PARCC","math",276,8.7
"609828",2018,"ES","IAR/PARCC","math",216,43.5
"609829",2018,"ES","IAR/PARCC","math",285,35.4
"609830",2018,"ES","IAR/PARCC","math",276,4.3
"609832",2018,"ES","IAR/PARCC","math",384,21.1
"609833",2018,"ES","IAR/PARCC","math",140,5.7
"609834",2018,"ES","IAR/PARCC","math",545,15.6
"609835",2018,"ES","IAR/PARCC","math",490,9
"609836",2018,"ES","IAR/PARCC","math",533,47.8
"609837",2018,"ES","IAR/PARCC","math",396,22.7
"609839",2018,"ES","IAR/PARCC","math",312,9.9
"609842",2018,"ES","IAR/PARCC","math",688,19.3
"609844",2018,"ES","IAR/PARCC","math",254,10.6
"609845",2018,"ES","IAR/PARCC","math",270,4.4
"609848",2018,"ES","IAR/PARCC","math",123,4.1
"609849",2018,"ES","IAR/PARCC","math",162,22.2
"609850",2018,"ES","IAR/PARCC","math",374,45.7
"609851",2018,"ES","IAR/PARCC","math",221,3.6
"609852",2018,"ES","IAR/PARCC","math",291,41.9
"609853",2018,"ES","IAR/PARCC","math",244,19.3
"609854",2018,"ES","IAR/PARCC","math",244,9.8
"609855",2018,"ES","IAR/PARCC","math",148,13.5
"609856",2018,"ES","IAR/PARCC","math",374,12
"609857",2018,"ES","IAR/PARCC","math",308,14.3
"609859",2018,"ES","IAR/PARCC","math",743,27.3
"609861",2018,"ES","IAR/PARCC","math",336,19.3
"609862",2018,"ES","IAR/PARCC","math",268,23.1
"609863",2018,"ES","IAR/PARCC","math",173,31.8
"609864",2018,"ES","IAR/PARCC","math",190,4.2
"609865",2018,"ES","IAR/PARCC","math",310,11.3
"609866",2018,"ES","IAR/PARCC","math",492,61.6
"609867",2018,"ES","IAR/PARCC","math",219,19.2
"609869",2018,"ES","IAR/PARCC","math",153,5.2
"609870",2018,"ES","IAR/PARCC","math",319,14.1
"609872",2018,"ES","IAR/PARCC","math",179,29.1
"609873",2018,"ES","IAR/PARCC","math",152,3.3
"609874",2018,"ES","IAR/PARCC","math",522,47.3
"609875",2018,"ES","IAR/PARCC","math",323,14.6
"609876",2018,"ES","IAR/PARCC","math",447,15.4
"609879",2018,"ES","IAR/PARCC","math",629,28.5
"609880",2018,"ES","IAR/PARCC","math",164,89
"609883",2018,"ES","IAR/PARCC","math",299,6.7
"609884",2018,"ES","IAR/PARCC","math",511,34.8
"609885",2018,"ES","IAR/PARCC","math",201,10.4
"609887",2018,"ES","IAR/PARCC","math",402,30.6
"609891",2018,"ES","IAR/PARCC","math",143,2.8
"609893",2018,"ES","IAR/PARCC","math",452,26.8
"609894",2018,"ES","IAR/PARCC","math",200,2
"609895",2018,"ES","IAR/PARCC","math",166,22.3
"609896",2018,"ES","IAR/PARCC","math",70,51.4
"609897",2018,"ES","IAR/PARCC","math",228,9.2
"609898",2018,"ES","IAR/PARCC","math",884,11.7
"609899",2018,"ES","IAR/PARCC","math",516,58.5
"609900",2018,"ES","IAR/PARCC","math",325,8
"609901",2018,"ES","IAR/PARCC","math",306,64.1
"609902",2018,"ES","IAR/PARCC","math",222,2.7
"609903",2018,"ES","IAR/PARCC","math",936,15.2
"609904",2018,"ES","IAR/PARCC","math",310,10.6
"609907",2018,"ES","IAR/PARCC","math",249,18.9
"609908",2018,"ES","IAR/PARCC","math",184,23.9
"609909",2018,"ES","IAR/PARCC","math",75,26.7
"609910",2018,"ES","IAR/PARCC","math",664,12.5
"609912",2018,"ES","IAR/PARCC","math",317,39.7
"609917",2018,"ES","IAR/PARCC","math",172,16.3
"609918",2018,"ES","IAR/PARCC","math",161,7.5
"609919",2018,"ES","IAR/PARCC","math",255,1.6
"609920",2018,"ES","IAR/PARCC","math",412,11.9
"609921",2018,"ES","IAR/PARCC","math",111,10.8
"609922",2018,"ES","IAR/PARCC","math",178,9.6
"609924",2018,"ES","IAR/PARCC","math",222,3.2
"609925",2018,"ES","IAR/PARCC","math",181,5
"609926",2018,"ES","IAR/PARCC","math",123,33.3
"609927",2018,"ES","IAR/PARCC","math",177,10.7
"609928",2018,"ES","IAR/PARCC","math",268,10.8
"609929",2018,"ES","IAR/PARCC","math",200,12
"609930",2018,"ES","IAR/PARCC","math",263,8.4
"609933",2018,"ES","IAR/PARCC","math",155,8.4
"609935",2018,"ES","IAR/PARCC","math",540,12.8
"609937",2018,"ES","IAR/PARCC","math",549,38.6
"609938",2018,"ES","IAR/PARCC","math",1024,16.1
"609939",2018,"ES","IAR/PARCC","math",250,8.4
"609941",2018,"ES","IAR/PARCC","math",303,5.9
"609942",2018,"ES","IAR/PARCC","math",408,26.2
"609943",2018,"ES","IAR/PARCC","math",202,5.4
"609944",2018,"ES","IAR/PARCC","math",226,34.5
"609945",2018,"ES","IAR/PARCC","math",447,28.4
"609947",2018,"ES","IAR/PARCC","math",271,14
"609949",2018,"ES","IAR/PARCC","math",718,22.8
"609951",2018,"ES","IAR/PARCC","math",319,14.1
"609952",2018,"ES","IAR/PARCC","math",257,20.2
"609954",2018,"ES","IAR/PARCC","math",201,6.5
"609955",2018,"ES","IAR/PARCC","math",202,11.9
"609956",2018,"ES","IAR/PARCC","math",296,34.1
"609958",2018,"ES","IAR/PARCC","math",493,26.4
"609959",2018,"ES","IAR/PARCC","math",470,66.8
"609960",2018,"ES","IAR/PARCC","math",644,27.2
"609961",2018,"ES","IAR/PARCC","math",242,5.8
"609963",2018,"ES","IAR/PARCC","math",211,52.1
"609964",2018,"ES","IAR/PARCC","math",326,14.1
"609966",2018,"ES","IAR/PARCC","math",256,5.9
"609967",2018,"ES","IAR/PARCC","math",187,16
"609968",2018,"ES","IAR/PARCC","math",442,7
"609969",2018,"ES","IAR/PARCC","math",205,20
"609971",2018,"ES","IAR/PARCC","math",225,7.1
"609972",2018,"ES","IAR/PARCC","math",474,19.2
"609973",2018,"ES","IAR/PARCC","math",519,42.2
"609974",2018,"ES","IAR/PARCC","math",372,78
"609975",2018,"ES","IAR/PARCC","math",198,7.1
"609976",2018,"ES","IAR/PARCC","math",574,23.9
"609977",2018,"ES","IAR/PARCC","math",101,23.8
"609978",2018,"ES","IAR/PARCC","math",210,3.3
"609979",2018,"ES","IAR/PARCC","math",939,59.7
"609981",2018,"ES","IAR/PARCC","math",184,8.7
"609983",2018,"ES","IAR/PARCC","math",409,6.4
"609985",2018,"ES","IAR/PARCC","math",165,13.9
"609986",2018,"ES","IAR/PARCC","math",166,6.6
"609987",2018,"ES","IAR/PARCC","math",123,12.2
"609988",2018,"ES","IAR/PARCC","math",262,17.6
"609990",2018,"ES","IAR/PARCC","math",495,35.6
"609991",2018,"ES","IAR/PARCC","math",264,6.4
"609993",2018,"ES","IAR/PARCC","math",274,19
"609994",2018,"ES","IAR/PARCC","math",511,23.7
"609995",2018,"ES","IAR/PARCC","math",282,29.8
"609996",2018,"ES","IAR/PARCC","math",298,32.6
"609997",2018,"ES","IAR/PARCC","math",82,2.4
"610000",2018,"ES","IAR/PARCC","math",316,5.4
"610002",2018,"ES","IAR/PARCC","math",170,15.9
"610003",2018,"ES","IAR/PARCC","math",215,5.6
"610004",2018,"ES","IAR/PARCC","math",124,7.3
"610005",2018,"ES","IAR/PARCC","math",155,12.9
"610006",2018,"ES","IAR/PARCC","math",551,19.1
"610009",2018,"ES","IAR/PARCC","math",349,47.3
"610010",2018,"ES","IAR/PARCC","math",134,7.5
"610011",2018,"ES","IAR/PARCC","math",506,38.9
"610012",2018,"ES","IAR/PARCC","math",159,1.9
"610013",2018,"ES","IAR/PARCC","math",198,13.1
"610015",2018,"ES","IAR/PARCC","math",145,18.6
"610016",2018,"ES","IAR/PARCC","math",168,28
"610017",2018,"ES","IAR/PARCC","math",641,10.9
"610019",2018,"ES","IAR/PARCC","math",127,11.8
"610021",2018,"ES","IAR/PARCC","math",277,27.1
"610022",2018,"ES","IAR/PARCC","math",475,17.1
"610024",2018,"ES","IAR/PARCC","math",144,32.6
"610026",2018,"ES","IAR/PARCC","math",445,40
"610027",2018,"ES","IAR/PARCC","math",222,11.7
"610029",2018,"ES","IAR/PARCC","math",118,7.6
"610030",2018,"ES","IAR/PARCC","math",141,3.5
"610032",2018,"ES","IAR/PARCC","math",206,9.2
"610033",2018,"ES","IAR/PARCC","math",345,45.5
"610034",2018,"ES","IAR/PARCC","math",138,4.3
"610036",2018,"ES","IAR/PARCC","math",305,5.9
"610037",2018,"ES","IAR/PARCC","math",219,15.5
"610038",2018,"ES","IAR/PARCC","math",595,75.1
"610039",2018,"ES","IAR/PARCC","math",368,34
"610040",2018,"ES","IAR/PARCC","math",476,16.6
"610041",2018,"ES","IAR/PARCC","math",795,19.9
"610043",2018,"ES","IAR/PARCC","math",210,6.7
"610044",2018,"ES","IAR/PARCC","math",234,9.8
"610046",2018,"ES","IAR/PARCC","math",1015,26.4
"610047",2018,"ES","IAR/PARCC","math",159,10.1
"610048",2018,"ES","IAR/PARCC","math",180,5.6
"610051",2018,"ES","IAR/PARCC","math",501,8
"610052",2018,"ES","IAR/PARCC","math",210,8.6
"610053",2018,"ES","IAR/PARCC","math",761,14.3
"610054",2018,"ES","IAR/PARCC","math",503,15.5
"610055",2018,"ES","IAR/PARCC","math",142,9.9
"610056",2018,"ES","IAR/PARCC","math",229,5.7
"610057",2018,"ES","IAR/PARCC","math",371,5.9
"610059",2018,"ES","IAR/PARCC","math",369,60.7
"610060",2018,"ES","IAR/PARCC","math",351,38.2
"610062",2018,"ES","IAR/PARCC","math",159,22.6
"610063",2018,"ES","IAR/PARCC","math",332,9.6
"610065",2018,"ES","IAR/PARCC","math",185,2.7
"610066",2018,"ES","IAR/PARCC","math",93,88.2
"610067",2018,"ES","IAR/PARCC","math",457,6.8
"610068",2018,"ES","IAR/PARCC","math",843,27.8
"610070",2018,"ES","IAR/PARCC","math",402,18.7
"610073",2018,"ES","IAR/PARCC","math",254,42.5
"610074",2018,"ES","IAR/PARCC","math",528,15.5
"610076",2018,"ES","IAR/PARCC","math",238,11.3
"610077",2018,"ES","IAR/PARCC","math",434,5.1
"610078",2018,"ES","IAR/PARCC","math",349,37.8
"610081",2018,"ES","IAR/PARCC","math",343,50.1
"610082",2018,"ES","IAR/PARCC","math",711,61.9
"610084",2018,"ES","IAR/PARCC","math",179,97.8
"610086",2018,"ES","IAR/PARCC","math",148,2
"610088",2018,"ES","IAR/PARCC","math",433,9
"610089",2018,"ES","IAR/PARCC","math",323,20.7
"610090",2018,"ES","IAR/PARCC","math",316,21.8
"610091",2018,"ES","IAR/PARCC","math",197,8.1
"610092",2018,"ES","IAR/PARCC","math",151,7.3
"610093",2018,"ES","IAR/PARCC","math",123,1.6
"610094",2018,"ES","IAR/PARCC","math",280,37.9
"610095",2018,"ES","IAR/PARCC","math",369,23.8
"610096",2018,"ES","IAR/PARCC","math",781,10.9
"610097",2018,"ES","IAR/PARCC","math",479,15
"610098",2018,"ES","IAR/PARCC","math",497,23.9
"610099",2018,"ES","IAR/PARCC","math",267,54.7
"610100",2018,"ES","IAR/PARCC","math",381,7.6
"610101",2018,"ES","IAR/PARCC","math",368,43.5
"610102",2018,"ES","IAR/PARCC","math",293,1
"610103",2018,"ES","IAR/PARCC","math",430,6.3
"610104",2018,"ES","IAR/PARCC","math",380,43.2
"610105",2018,"ES","IAR/PARCC","math",448,60
"610106",2018,"ES","IAR/PARCC","math",351,9.1
"610107",2018,"ES","IAR/PARCC","math",259,12
"610108",2018,"ES","IAR/PARCC","math",229,5.2
"610109",2018,"ES","IAR/PARCC","math",170,15.3
"610110",2018,"ES","IAR/PARCC","math",209,10
"610111",2018,"ES","IAR/PARCC","math",497,28.8
"610112",2018,"ES","IAR/PARCC","math",252,7.1
"610115",2018,"ES","IAR/PARCC","math",180,11.7
"610116",2018,"ES","IAR/PARCC","math",140,10
"610117",2018,"ES","IAR/PARCC","math",295,29.5
"610120",2018,"ES","IAR/PARCC","math",314,24.2
"610121",2018,"ES","IAR/PARCC","math",255,3.9
"610122",2018,"ES","IAR/PARCC","math",449,27.6
"610123",2018,"ES","IAR/PARCC","math",167,6.6
"610124",2018,"ES","IAR/PARCC","math",188,3.7
"610125",2018,"ES","IAR/PARCC","math",449,20
"610126",2018,"ES","IAR/PARCC","math",351,12.8
"610127",2018,"ES","IAR/PARCC","math",458,29.5
"610128",2018,"ES","IAR/PARCC","math",144,4.9
"610129",2018,"ES","IAR/PARCC","math",296,30.4
"610130",2018,"ES","IAR/PARCC","math",151,12.6
"610131",2018,"ES","IAR/PARCC","math",93,18.3
"610132",2018,"ES","IAR/PARCC","math",123,76.4
"610133",2018,"ES","IAR/PARCC","math",251,1.6
"610135",2018,"ES","IAR/PARCC","math",557,20.6
"610136",2018,"ES","IAR/PARCC","math",255,54.5
"610137",2018,"ES","IAR/PARCC","math",435,26.4
"610138",2018,"ES","IAR/PARCC","math",351,45.3
"610139",2018,"ES","IAR/PARCC","math",244,11.1
"610141",2018,"ES","IAR/PARCC","math",303,47.5
"610142",2018,"ES","IAR/PARCC","math",302,30.8
"610143",2018,"ES","IAR/PARCC","math",133,5.3
"610144",2018,"ES","IAR/PARCC","math",574,12.4
"610145",2018,"ES","IAR/PARCC","math",444,22.1
"610146",2018,"ES","IAR/PARCC","math",147,3.4
"610147",2018,"ES","IAR/PARCC","math",471,36.9
"610148",2018,"ES","IAR/PARCC","math",574,41.8
"610152",2018,"ES","IAR/PARCC","math",235,8.5
"610153",2018,"ES","IAR/PARCC","math",217,3.2
"610155",2018,"ES","IAR/PARCC","math",363,54
"610157",2018,"ES","IAR/PARCC","math",1160,15.2
"610158",2018,"ES","IAR/PARCC","math",273,20.9
"610159",2018,"ES","IAR/PARCC","math",484,30.8
"610165",2018,"ES","IAR/PARCC","math",326,15
"610167",2018,"ES","IAR/PARCC","math",438,11.2
"610170",2018,"ES","IAR/PARCC","math",706,28
"610171",2018,"ES","IAR/PARCC","math",350,9.4
"610172",2018,"ES","IAR/PARCC","math",155,7.7
"610173",2018,"ES","IAR/PARCC","math",182,23.6
"610174",2018,"ES","IAR/PARCC","math",339,13.9
"610175",2018,"ES","IAR/PARCC","math",206,19.9
"610176",2018,"ES","IAR/PARCC","math",273,16.8
"610177",2018,"ES","IAR/PARCC","math",653,67.4
"610178",2018,"ES","IAR/PARCC","math",109,5.5
"610179",2018,"ES","IAR/PARCC","math",592,30.1
"610180",2018,"ES","IAR/PARCC","math",233,4.3
"610182",2018,"ES","IAR/PARCC","math",154,59.7
"610183",2018,"ES","IAR/PARCC","math",323,12.7
"610184",2018,"ES","IAR/PARCC","math",356,5.3
"610185",2018,"ES","IAR/PARCC","math",818,22.9
"610188",2018,"ES","IAR/PARCC","math",158,11.4
"610191",2018,"ES","IAR/PARCC","math",355,50.1
"610192",2018,"ES","IAR/PARCC","math",423,7.3
"610193",2018,"ES","IAR/PARCC","math",300,8.7
"610194",2018,"ES","IAR/PARCC","math",168,11.3
"610195",2018,"ES","IAR/PARCC","math",257,19.5
"610196",2018,"ES","IAR/PARCC","math",338,19.5
"610197",2018,"ES","IAR/PARCC","math",278,18
"610198",2018,"ES","IAR/PARCC","math",138,21
"610199",2018,"ES","IAR/PARCC","math",153,22.9
"610200",2018,"ES","IAR/PARCC","math",139,3.6
"610201",2018,"ES","IAR/PARCC","math",321,38.3
"610202",2018,"ES","IAR/PARCC","math",173,8.1
"610203",2018,"ES","IAR/PARCC","math",478,25.9
"610206",2018,"ES","IAR/PARCC","math",780,40.5
"610207",2018,"ES","IAR/PARCC","math",195,9.7
"610208",2018,"ES","IAR/PARCC","math",238,4.2
"610209",2018,"ES","IAR/PARCC","math",560,17.3
"610212",2018,"ES","IAR/PARCC","math",193,23.3
"610213",2018,"ES","IAR/PARCC","math",342,12.9
"610215",2018,"ES","IAR/PARCC","math",333,12.6
"610216",2018,"ES","IAR/PARCC","math",126,7.9
"610217",2018,"ES","IAR/PARCC","math",363,50.1
"610218",2018,"ES","IAR/PARCC","math",139,15.1
"610219",2018,"ES","IAR/PARCC","math",562,18.7
"610220",2018,"ES","IAR/PARCC","math",333,47.1
"610221",2018,"ES","IAR/PARCC","math",157,19.1
"610223",2018,"ES","IAR/PARCC","math",270,8.5
"610225",2018,"ES","IAR/PARCC","math",180,6.1
"610226",2018,"ES","IAR/PARCC","math",524,29.8
"610227",2018,"ES","IAR/PARCC","math",639,22.7
"610228",2018,"ES","IAR/PARCC","math",150,12.7
"610229",2018,"ES","IAR/PARCC","math",454,50.9
"610230",2018,"ES","IAR/PARCC","math",302,52
"610231",2018,"ES","IAR/PARCC","math",430,25.6
"610234",2018,"ES","IAR/PARCC","math",243,2.9
"610235",2018,"ES","IAR/PARCC","math",536,7.6
"610237",2018,"ES","IAR/PARCC","math",202,3
"610238",2018,"ES","IAR/PARCC","math",136,4.4
"610239",2018,"ES","IAR/PARCC","math",401,8.5
"610242",2018,"ES","IAR/PARCC","math",241,22.8
"610246",2018,"ES","IAR/PARCC","math",730,13.6
"610248",2018,"ES","IAR/PARCC","math",365,42.7
"610249",2018,"ES","IAR/PARCC","math",227,30.8
"610250",2018,"ES","IAR/PARCC","math",223,18.8
"610251",2018,"ES","IAR/PARCC","math",212,4.2
"610252",2018,"ES","IAR/PARCC","math",169,1.2
"610254",2018,"ES","IAR/PARCC","math",204,8.3
"610256",2018,"ES","IAR/PARCC","math",16,31.3
"610257",2018,"ES","IAR/PARCC","math",187,9.1
"610263",2018,"ES","IAR/PARCC","math",356,3.4
"610268",2018,"ES","IAR/PARCC","math",189,6.9
"610269",2018,"ES","IAR/PARCC","math",193,17.1
"610271",2018,"ES","IAR/PARCC","math",252,5.2
"610274",2018,"ES","IAR/PARCC","math",274,14.6
"610276",2018,"ES","IAR/PARCC","math",132,3
"610279",2018,"ES","IAR/PARCC","math",223,5.8
"610281",2018,"ES","IAR/PARCC","math",372,8.9
"610282",2018,"ES","IAR/PARCC","math",190,12.1
"610284",2018,"ES","IAR/PARCC","math",193,22.8
"610287",2018,"ES","IAR/PARCC","math",297,7.4
"610290",2018,"ES","IAR/PARCC","math",200,7
"610291",2018,"ES","IAR/PARCC","math",556,29.5
"610293",2018,"ES","IAR/PARCC","math",250,4
"610295",2018,"ES","IAR/PARCC","math",145,12.4
"610298",2018,"ES","IAR/PARCC","math",165,84.8
"610299",2018,"ES","IAR/PARCC","math",129,0.8
"610300",2018,"ES","IAR/PARCC","math",208,7.2
"610305",2018,"ES","IAR/PARCC","math",266,3
"610312",2018,"ES","IAR/PARCC","math",76,35.5
"610313",2018,"ES","IAR/PARCC","math",320,5
"610315",2018,"ES","IAR/PARCC","math",89,7.9
"610316",2018,"ES","IAR/PARCC","math",162,36.4
"610317",2018,"ES","IAR/PARCC","math",301,8.6
"610319",2018,"ES","IAR/PARCC","math",298,14.4
"610325",2018,"ES","IAR/PARCC","math",462,11.3
"610329",2018,"ES","IAR/PARCC","math",413,26.6
"610339",2018,"ES","IAR/PARCC","math",275,3.3
"610342",2018,"ES","IAR/PARCC","math",336,14
"610345",2018,"ES","IAR/PARCC","math",185,2.7
"610347",2018,"ES","IAR/PARCC","math",247,12.6
"610350",2018,"ES","IAR/PARCC","math",134,14.9
"610352",2018,"ES","IAR/PARCC","math",425,24.9
"610353",2018,"ES","IAR/PARCC","math",485,10.7
"610354",2018,"ES","IAR/PARCC","math",191,22.5
"610355",2018,"ES","IAR/PARCC","math",184,13
"610362",2018,"ES","IAR/PARCC","math",181,6.6
"610363",2018,"ES","IAR/PARCC","math",880,45.9
"610364",2018,"ES","IAR/PARCC","math",134,6
"610366",2018,"ES","IAR/PARCC","math",149,14.8
"610367",2018,"ES","IAR/PARCC","math",304,2.3
"610368",2018,"ES","IAR/PARCC","math",246,4.9
"610369",2018,"ES","IAR/PARCC","math",187,3.2
"610391",2018,"ES","IAR/PARCC","math",45,37.8
"610396",2018,"ES","IAR/PARCC","math",658,19.8
"610405",2018,"ES","IAR/PARCC","math",153,15
"610503",2018,"ES","IAR/PARCC","math",125,26.4
"610515",2018,"ES","IAR/PARCC","math",209,46.9
"610520",2018,"ES","IAR/PARCC","math",318,54.7
"610521",2018,"ES","IAR/PARCC","math",165,20.6
"610523",2018,"ES","IAR/PARCC","math",319,32.9
"610529",2018,"ES","IAR/PARCC","math",191,29.3
"610530",2018,"ES","IAR/PARCC","math",222,11.3
"610532",2018,"ES","IAR/PARCC","math",970,14.4
"610533",2018,"ES","IAR/PARCC","math",634,9.9
"610534",2018,"ES","IAR/PARCC","math",297,95.3
"610539",2018,"ES","IAR/PARCC","math",536,19
"610541",2018,"ES","IAR/PARCC","math",546,20.5
"610542",2018,"ES","IAR/PARCC","math",480,42.1
"610544",2018,"ES","IAR/PARCC","math",617,22.7
"610548",2018,"ES","IAR/PARCC","math",191,63.4
"610559",2018,"ES","IAR/PARCC","math",600,8.5
"610564",2018,"ES","IAR/PARCC","math",183,30.6
"610572",2018,"ES","IAR/PARCC","math",10,0
"610586",2018,"ES","IAR/PARCC","math",306,13.7
"610588",2018,"ES","IAR/PARCC","math",1191,12.3
"400009",2017,"ES","IAR/PARCC","math",178,16.3
"400011",2017,"ES","IAR/PARCC","math",297,32
"400017",2017,"ES","IAR/PARCC","math",526,13.3
"400021",2017,"ES","IAR/PARCC","math",330,12.1
"400023",2017,"ES","IAR/PARCC","math",266,32.7
"400024",2017,"ES","IAR/PARCC","math",452,27.2
"400025",2017,"ES","IAR/PARCC","math",444,12.2
"400027",2017,"ES","IAR/PARCC","math",360,28.9
"400028",2017,"ES","IAR/PARCC","math",248,16.1
"400029",2017,"ES","IAR/PARCC","math",275,14.5
"400030",2017,"ES","IAR/PARCC","math",348,24.7
"400031",2017,"ES","IAR/PARCC","math",504,11.1
"400033",2017,"ES","IAR/PARCC","math",820,11.2
"400035",2017,"ES","IAR/PARCC","math",253,29.6
"400036",2017,"ES","IAR/PARCC","math",351,23.1
"400039",2017,"ES","IAR/PARCC","math",259,11.2
"400040",2017,"ES","IAR/PARCC","math",264,4.2
"400043",2017,"ES","IAR/PARCC","math",164,6.7
"400044",2017,"ES","IAR/PARCC","math",531,14.3
"400045",2017,"ES","IAR/PARCC","math",138,4.3
"400046",2017,"ES","IAR/PARCC","math",353,15
"400047",2017,"ES","IAR/PARCC","math",183,24
"400048",2017,"ES","IAR/PARCC","math",211,21.3
"400049",2017,"ES","IAR/PARCC","math",299,12.7
"400050",2017,"ES","IAR/PARCC","math",307,15.6
"400052",2017,"ES","IAR/PARCC","math",325,24.6
"400060",2017,"ES","IAR/PARCC","math",294,29.3
"400061",2017,"ES","IAR/PARCC","math",132,6.1
"400064",2017,"ES","IAR/PARCC","math",150,8.7
"400066",2017,"ES","IAR/PARCC","math",82,13.4
"400068",2017,"ES","IAR/PARCC","math",301,6
"400069",2017,"ES","IAR/PARCC","math",294,15
"400071",2017,"ES","IAR/PARCC","math",283,15.2
"400075",2017,"ES","IAR/PARCC","math",237,19.8
"400076",2017,"ES","IAR/PARCC","math",164,36.6
"400077",2017,"ES","IAR/PARCC","math",204,13.7
"400078",2017,"ES","IAR/PARCC","math",288,12.8
"400079",2017,"ES","IAR/PARCC","math",408,32.6
"400080",2017,"ES","IAR/PARCC","math",411,30.2
"400081",2017,"ES","IAR/PARCC","math",191,31.4
"400082",2017,"ES","IAR/PARCC","math",371,26.7
"400083",2017,"ES","IAR/PARCC","math",241,10.8
"400084",2017,"ES","IAR/PARCC","math",189,29.1
"400089",2017,"ES","IAR/PARCC","math",379,18.5
"400092",2017,"ES","IAR/PARCC","math",200,7
"400096",2017,"ES","IAR/PARCC","math",580,21
"400101",2017,"ES","IAR/PARCC","math",376,28.5
"400107",2017,"ES","IAR/PARCC","math",270,24.8
"400111",2017,"ES","IAR/PARCC","math",371,16.7
"400112",2017,"ES","IAR/PARCC","math",383,33.7
"400114",2017,"ES","IAR/PARCC","math",189,22.8
"400115",2017,"ES","IAR/PARCC","math",358,12.3
"400116",2017,"ES","IAR/PARCC","math",114,2.6
"400120",2017,"ES","IAR/PARCC","math",378,9.8
"400121",2017,"ES","IAR/PARCC","math",353,17
"400146",2017,"ES","IAR/PARCC","math",299,12
"400151",2017,"ES","IAR/PARCC","math",186,19.9
"400153",2017,"ES","IAR/PARCC","math",378,21.2
"400159",2017,"ES","IAR/PARCC","math",103,28.2
"400161",2017,"ES","IAR/PARCC","math",288,9.7
"400162",2017,"ES","IAR/PARCC","math",328,20.1
"400163",2017,"ES","IAR/PARCC","math",303,9.2
"400165",2017,"ES","IAR/PARCC","math",270,10.4
"400167",2017,"ES","IAR/PARCC","math",330,20.3
"400168",2017,"ES","IAR/PARCC","math",38,42.1
"400171",2017,"ES","IAR/PARCC","math",143,7
"400180",2017,"ES","IAR/PARCC","math",87,21.8
"609716",2017,"ES","IAR/PARCC","math",115,4.3
"609720",2017,"ES","IAR/PARCC","math",145,97.2
"609725",2017,"ES","IAR/PARCC","math",105,8.6
"609726",2017,"ES","IAR/PARCC","math",52,28.8
"609728",2017,"ES","IAR/PARCC","math",82,11
"609734",2017,"ES","IAR/PARCC","math",90,75.6
"609746",2017,"ES","IAR/PARCC","math",190,53.2
"609755",2017,"ES","IAR/PARCC","math",214,94.9
"609772",2017,"ES","IAR/PARCC","math",501,27.7
"609773",2017,"ES","IAR/PARCC","math",268,35.8
"609774",2017,"ES","IAR/PARCC","math",244,67.6
"609777",2017,"ES","IAR/PARCC","math",168,21.4
"609779",2017,"ES","IAR/PARCC","math",924,31
"609780",2017,"ES","IAR/PARCC","math",273,5.9
"609782",2017,"ES","IAR/PARCC","math",266,45.5
"609786",2017,"ES","IAR/PARCC","math",160,6.9
"609788",2017,"ES","IAR/PARCC","math",190,13.7
"609789",2017,"ES","IAR/PARCC","math",386,11.4
"609790",2017,"ES","IAR/PARCC","math",268,4.1
"609791",2017,"ES","IAR/PARCC","math",245,7.3
"609792",2017,"ES","IAR/PARCC","math",612,17.3
"609793",2017,"ES","IAR/PARCC","math",300,6.7
"609794",2017,"ES","IAR/PARCC","math",181,92.8
"609795",2017,"ES","IAR/PARCC","math",148,25
"609796",2017,"ES","IAR/PARCC","math",706,52.8
"609797",2017,"ES","IAR/PARCC","math",270,7
"609798",2017,"ES","IAR/PARCC","math",72,16.7
"609799",2017,"ES","IAR/PARCC","math",557,62.5
"609800",2017,"ES","IAR/PARCC","math",207,10.6
"609803",2017,"ES","IAR/PARCC","math",211,58.8
"609804",2017,"ES","IAR/PARCC","math",516,28.3
"609805",2017,"ES","IAR/PARCC","math",249,11.2
"609806",2017,"ES","IAR/PARCC","math",350,7.7
"609807",2017,"ES","IAR/PARCC","math",373,9.7
"609808",2017,"ES","IAR/PARCC","math",342,16.1
"609809",2017,"ES","IAR/PARCC","math",226,29.2
"609810",2017,"ES","IAR/PARCC","math",585,44.4
"609811",2017,"ES","IAR/PARCC","math",138,7.2
"609812",2017,"ES","IAR/PARCC","math",151,6.6
"609813",2017,"ES","IAR/PARCC","math",94,10.6
"609815",2017,"ES","IAR/PARCC","math",379,14
"609817",2017,"ES","IAR/PARCC","math",410,32.2
"609818",2017,"ES","IAR/PARCC","math",578,19.4
"609819",2017,"ES","IAR/PARCC","math",112,2.7
"609820",2017,"ES","IAR/PARCC","math",294,58.8
"609821",2017,"ES","IAR/PARCC","math",327,9.2
"609826",2017,"ES","IAR/PARCC","math",606,15.2
"609827",2017,"ES","IAR/PARCC","math",301,10
"609828",2017,"ES","IAR/PARCC","math",196,44.9
"609829",2017,"ES","IAR/PARCC","math",287,35.5
"609830",2017,"ES","IAR/PARCC","math",320,4.1
"609832",2017,"ES","IAR/PARCC","math",453,26.3
"609833",2017,"ES","IAR/PARCC","math",137,8
"609834",2017,"ES","IAR/PARCC","math",525,15.6
"609835",2017,"ES","IAR/PARCC","math",490,14.7
"609836",2017,"ES","IAR/PARCC","math",542,54.8
"609837",2017,"ES","IAR/PARCC","math",372,19.4
"609839",2017,"ES","IAR/PARCC","math",312,12.8
"609842",2017,"ES","IAR/PARCC","math",677,22.7
"609844",2017,"ES","IAR/PARCC","math",255,14.9
"609845",2017,"ES","IAR/PARCC","math",270,6.7
"609848",2017,"ES","IAR/PARCC","math",101,5
"609849",2017,"ES","IAR/PARCC","math",136,30.1
"609850",2017,"ES","IAR/PARCC","math",386,46.4
"609851",2017,"ES","IAR/PARCC","math",227,2.2
"609852",2017,"ES","IAR/PARCC","math",319,38.2
"609853",2017,"ES","IAR/PARCC","math",276,23.2
"609854",2017,"ES","IAR/PARCC","math",251,8.4
"609855",2017,"ES","IAR/PARCC","math",154,9.7
"609856",2017,"ES","IAR/PARCC","math",387,14.7
"609857",2017,"ES","IAR/PARCC","math",341,23.8
"609859",2017,"ES","IAR/PARCC","math",749,30.6
"609861",2017,"ES","IAR/PARCC","math",328,18
"609862",2017,"ES","IAR/PARCC","math",282,15.6
"609863",2017,"ES","IAR/PARCC","math",194,20.1
"609864",2017,"ES","IAR/PARCC","math",207,7.2
"609865",2017,"ES","IAR/PARCC","math",320,11.6
"609866",2017,"ES","IAR/PARCC","math",501,62.9
"609867",2017,"ES","IAR/PARCC","math",246,22
"609869",2017,"ES","IAR/PARCC","math",167,6
"609870",2017,"ES","IAR/PARCC","math",315,18.7
"609872",2017,"ES","IAR/PARCC","math",186,41.9
"609873",2017,"ES","IAR/PARCC","math",160,3.8
"609874",2017,"ES","IAR/PARCC","math",495,47.1
"609875",2017,"ES","IAR/PARCC","math",304,17.4
"609876",2017,"ES","IAR/PARCC","math",441,19.5
"609879",2017,"ES","IAR/PARCC","math",656,27.6
"609880",2017,"ES","IAR/PARCC","math",168,95.8
"609883",2017,"ES","IAR/PARCC","math",310,11.3
"609884",2017,"ES","IAR/PARCC","math",462,37.7
"609885",2017,"ES","IAR/PARCC","math",203,11.8
"609887",2017,"ES","IAR/PARCC","math",418,27.5
"609891",2017,"ES","IAR/PARCC","math",151,2
"609893",2017,"ES","IAR/PARCC","math",457,33.3
"609894",2017,"ES","IAR/PARCC","math",204,3.4
"609895",2017,"ES","IAR/PARCC","math",167,28.1
"609896",2017,"ES","IAR/PARCC","math",68,42.6
"609897",2017,"ES","IAR/PARCC","math",233,9.4
"609898",2017,"ES","IAR/PARCC","math",938,12.6
"609899",2017,"ES","IAR/PARCC","math",495,57.8
"609900",2017,"ES","IAR/PARCC","math",332,6.3
"609901",2017,"ES","IAR/PARCC","math",320,60.6
"609902",2017,"ES","IAR/PARCC","math",223,7.2
"609903",2017,"ES","IAR/PARCC","math",934,20
"609904",2017,"ES","IAR/PARCC","math",326,16.9
"609907",2017,"ES","IAR/PARCC","math",244,27
"609908",2017,"ES","IAR/PARCC","math",191,13.6
"609909",2017,"ES","IAR/PARCC","math",85,18.8
"609910",2017,"ES","IAR/PARCC","math",671,16.7
"609912",2017,"ES","IAR/PARCC","math",332,42.5
"609917",2017,"ES","IAR/PARCC","math",164,15.9
"609918",2017,"ES","IAR/PARCC","math",197,11.7
"609919",2017,"ES","IAR/PARCC","math",237,3
"609920",2017,"ES","IAR/PARCC","math",431,12.1
"609921",2017,"ES","IAR/PARCC","math",124,6.5
"609922",2017,"ES","IAR/PARCC","math",179,9.5
"609924",2017,"ES","IAR/PARCC","math",262,5.3
"609925",2017,"ES","IAR/PARCC","math",207,10.6
"609926",2017,"ES","IAR/PARCC","math",124,33.1
"609927",2017,"ES","IAR/PARCC","math",191,7.9
"609928",2017,"ES","IAR/PARCC","math",258,10.1
"609929",2017,"ES","IAR/PARCC","math",208,8.2
"609930",2017,"ES","IAR/PARCC","math",264,8.7
"609933",2017,"ES","IAR/PARCC","math",160,10
"609935",2017,"ES","IAR/PARCC","math",613,14.4
"609937",2017,"ES","IAR/PARCC","math",544,40.3
"609938",2017,"ES","IAR/PARCC","math",1026,19.1
"609939",2017,"ES","IAR/PARCC","math",265,7.5
"609941",2017,"ES","IAR/PARCC","math",317,6
"609942",2017,"ES","IAR/PARCC","math",408,34.1
"609943",2017,"ES","IAR/PARCC","math",239,5
"609944",2017,"ES","IAR/PARCC","math",245,37.1
"609945",2017,"ES","IAR/PARCC","math",457,33.9
"609947",2017,"ES","IAR/PARCC","math",288,11.8
"609949",2017,"ES","IAR/PARCC","math",761,24.6
"609951",2017,"ES","IAR/PARCC","math",317,22.1
"609952",2017,"ES","IAR/PARCC","math",289,20.4
"609954",2017,"ES","IAR/PARCC","math",210,11.4
"609955",2017,"ES","IAR/PARCC","math",199,9
"609956",2017,"ES","IAR/PARCC","math",294,34.4
"609958",2017,"ES","IAR/PARCC","math",475,29.9
"609959",2017,"ES","IAR/PARCC","math",436,66.7
"609960",2017,"ES","IAR/PARCC","math",629,27.8
"609961",2017,"ES","IAR/PARCC","math",222,5.4
"609963",2017,"ES","IAR/PARCC","math",215,37.2
"609964",2017,"ES","IAR/PARCC","math",346,8.4
"609966",2017,"ES","IAR/PARCC","math",268,12.3
"609967",2017,"ES","IAR/PARCC","math",219,11.4
"609968",2017,"ES","IAR/PARCC","math",479,9.4
"609969",2017,"ES","IAR/PARCC","math",218,17.4
"609971",2017,"ES","IAR/PARCC","math",270,5.6
"609972",2017,"ES","IAR/PARCC","math",484,24.6
"609973",2017,"ES","IAR/PARCC","math",523,40
"609974",2017,"ES","IAR/PARCC","math",376,79.5
"609975",2017,"ES","IAR/PARCC","math",231,9.5
"609976",2017,"ES","IAR/PARCC","math",595,27.7
"609977",2017,"ES","IAR/PARCC","math",94,14.9
"609978",2017,"ES","IAR/PARCC","math",210,8.6
"609979",2017,"ES","IAR/PARCC","math",918,62.9
"609981",2017,"ES","IAR/PARCC","math",162,10.5
"609983",2017,"ES","IAR/PARCC","math",418,14.1
"609985",2017,"ES","IAR/PARCC","math",187,37.4
"609986",2017,"ES","IAR/PARCC","math",165,9.1
"609987",2017,"ES","IAR/PARCC","math",134,21.6
"609988",2017,"ES","IAR/PARCC","math",296,18.2
"609990",2017,"ES","IAR/PARCC","math",493,43.6
"609991",2017,"ES","IAR/PARCC","math",316,7.9
"609993",2017,"ES","IAR/PARCC","math",289,13.1
"609994",2017,"ES","IAR/PARCC","math",498,21.7
"609995",2017,"ES","IAR/PARCC","math",343,39.4
"609996",2017,"ES","IAR/PARCC","math",313,36.1
"609997",2017,"ES","IAR/PARCC","math",107,2.8
"610000",2017,"ES","IAR/PARCC","math",308,8.4
"610002",2017,"ES","IAR/PARCC","math",168,18.5
"610003",2017,"ES","IAR/PARCC","math",242,6.6
"610004",2017,"ES","IAR/PARCC","math",124,13.7
"610005",2017,"ES","IAR/PARCC","math",137,21.2
"610006",2017,"ES","IAR/PARCC","math",534,31.3
"610009",2017,"ES","IAR/PARCC","math",353,53.8
"610010",2017,"ES","IAR/PARCC","math",154,18.8
"610011",2017,"ES","IAR/PARCC","math",489,45.2
"610012",2017,"ES","IAR/PARCC","math",140,2.1
"610013",2017,"ES","IAR/PARCC","math",203,16.3
"610015",2017,"ES","IAR/PARCC","math",149,14.8
"610016",2017,"ES","IAR/PARCC","math",166,25.9
"610017",2017,"ES","IAR/PARCC","math",662,12.4
"610019",2017,"ES","IAR/PARCC","math",140,12.1
"610021",2017,"ES","IAR/PARCC","math",260,35
"610022",2017,"ES","IAR/PARCC","math",458,21.2
"610024",2017,"ES","IAR/PARCC","math",142,53.5
"610026",2017,"ES","IAR/PARCC","math",441,35.1
"610027",2017,"ES","IAR/PARCC","math",227,22
"610029",2017,"ES","IAR/PARCC","math",128,21.1
"610030",2017,"ES","IAR/PARCC","math",166,9.6
"610032",2017,"ES","IAR/PARCC","math",196,18.4
"610033",2017,"ES","IAR/PARCC","math",364,43.7
"610034",2017,"ES","IAR/PARCC","math",165,5.5
"610036",2017,"ES","IAR/PARCC","math",298,5
"610037",2017,"ES","IAR/PARCC","math",219,14.2
"610038",2017,"ES","IAR/PARCC","math",569,78.9
"610039",2017,"ES","IAR/PARCC","math",337,36.5
"610040",2017,"ES","IAR/PARCC","math",503,23.7
"610041",2017,"ES","IAR/PARCC","math",781,22.2
"610043",2017,"ES","IAR/PARCC","math",231,7.4
"610044",2017,"ES","IAR/PARCC","math",264,15.2
"610046",2017,"ES","IAR/PARCC","math",1030,26.4
"610047",2017,"ES","IAR/PARCC","math",145,7.6
"610048",2017,"ES","IAR/PARCC","math",170,12.9
"610051",2017,"ES","IAR/PARCC","math",497,11.3
"610052",2017,"ES","IAR/PARCC","math",211,5.2
"610053",2017,"ES","IAR/PARCC","math",764,13
"610054",2017,"ES","IAR/PARCC","math",494,19.4
"610055",2017,"ES","IAR/PARCC","math",161,9.9
"610056",2017,"ES","IAR/PARCC","math",214,13.1
"610057",2017,"ES","IAR/PARCC","math",377,8.5
"610059",2017,"ES","IAR/PARCC","math",357,56.6
"610060",2017,"ES","IAR/PARCC","math",352,44.9
"610062",2017,"ES","IAR/PARCC","math",163,32.5
"610063",2017,"ES","IAR/PARCC","math",370,18.1
"610065",2017,"ES","IAR/PARCC","math",198,3.5
"610066",2017,"ES","IAR/PARCC","math",107,84.1
"610067",2017,"ES","IAR/PARCC","math",441,5.7
"610068",2017,"ES","IAR/PARCC","math",844,26.1
"610070",2017,"ES","IAR/PARCC","math",428,21
"610073",2017,"ES","IAR/PARCC","math",243,47.7
"610074",2017,"ES","IAR/PARCC","math",549,14
"610076",2017,"ES","IAR/PARCC","math",245,17.6
"610077",2017,"ES","IAR/PARCC","math",477,5.2
"610078",2017,"ES","IAR/PARCC","math",373,38.9
"610081",2017,"ES","IAR/PARCC","math",316,51.6
"610082",2017,"ES","IAR/PARCC","math",677,60.4
"610084",2017,"ES","IAR/PARCC","math",177,95.5
"610086",2017,"ES","IAR/PARCC","math",171,7.6
"610088",2017,"ES","IAR/PARCC","math",477,15.9
"610089",2017,"ES","IAR/PARCC","math",345,24.1
"610090",2017,"ES","IAR/PARCC","math",321,24.9
"610091",2017,"ES","IAR/PARCC","math",215,18.6
"610092",2017,"ES","IAR/PARCC","math",174,6.9
"610093",2017,"ES","IAR/PARCC","math",134,3
"610094",2017,"ES","IAR/PARCC","math",305,42.6
"610095",2017,"ES","IAR/PARCC","math",355,33
"610096",2017,"ES","IAR/PARCC","math",766,14.8
"610097",2017,"ES","IAR/PARCC","math",512,8
"610098",2017,"ES","IAR/PARCC","math",527,15.4
"610099",2017,"ES","IAR/PARCC","math",223,67.7
"610100",2017,"ES","IAR/PARCC","math",372,6.7
"610101",2017,"ES","IAR/PARCC","math",378,48.7
"610102",2017,"ES","IAR/PARCC","math",293,1.4
"610103",2017,"ES","IAR/PARCC","math",410,8
"610104",2017,"ES","IAR/PARCC","math",371,49.3
"610105",2017,"ES","IAR/PARCC","math",421,56.5
"610106",2017,"ES","IAR/PARCC","math",353,9.9
"610107",2017,"ES","IAR/PARCC","math",257,9.3
"610108",2017,"ES","IAR/PARCC","math",243,10.7
"610109",2017,"ES","IAR/PARCC","math",168,14.3
"610110",2017,"ES","IAR/PARCC","math",219,9.6
"610111",2017,"ES","IAR/PARCC","math",517,31.5
"610112",2017,"ES","IAR/PARCC","math",289,5.5
"610115",2017,"ES","IAR/PARCC","math",217,10.6
"610116",2017,"ES","IAR/PARCC","math",132,10.6
"610117",2017,"ES","IAR/PARCC","math",303,31
"610120",2017,"ES","IAR/PARCC","math",324,26.5
"610121",2017,"ES","IAR/PARCC","math",281,10.7
"610122",2017,"ES","IAR/PARCC","math",561,26.6
"610123",2017,"ES","IAR/PARCC","math",189,9.5
"610124",2017,"ES","IAR/PARCC","math",211,5.2
"610125",2017,"ES","IAR/PARCC","math",475,16.8
"610126",2017,"ES","IAR/PARCC","math",356,15.7
"610127",2017,"ES","IAR/PARCC","math",469,30.3
"610128",2017,"ES","IAR/PARCC","math",132,12.1
"610129",2017,"ES","IAR/PARCC","math",311,25.4
"610130",2017,"ES","IAR/PARCC","math",156,23.1
"610131",2017,"ES","IAR/PARCC","math",90,15.6
"610132",2017,"ES","IAR/PARCC","math",125,81.6
"610133",2017,"ES","IAR/PARCC","math",306,4.2
"610135",2017,"ES","IAR/PARCC","math",544,21
"610136",2017,"ES","IAR/PARCC","math",192,56.8
"610137",2017,"ES","IAR/PARCC","math",397,30
"610138",2017,"ES","IAR/PARCC","math",471,35.2
"610139",2017,"ES","IAR/PARCC","math",208,6.7
"610141",2017,"ES","IAR/PARCC","math",279,44.8
"610142",2017,"ES","IAR/PARCC","math",319,37
"610143",2017,"ES","IAR/PARCC","math",135,7.4
"610144",2017,"ES","IAR/PARCC","math",610,14.9
"610145",2017,"ES","IAR/PARCC","math",484,26.2
"610146",2017,"ES","IAR/PARCC","math",135,6.7
"610147",2017,"ES","IAR/PARCC","math",474,36.9
"610148",2017,"ES","IAR/PARCC","math",575,35.8
"610152",2017,"ES","IAR/PARCC","math",242,12.4
"610153",2017,"ES","IAR/PARCC","math",220,9.1
"610155",2017,"ES","IAR/PARCC","math",372,55.4
"610157",2017,"ES","IAR/PARCC","math",1190,14.3
"610158",2017,"ES","IAR/PARCC","math",275,14.9
"610159",2017,"ES","IAR/PARCC","math",526,24.3
"610165",2017,"ES","IAR/PARCC","math",362,15.5
"610167",2017,"ES","IAR/PARCC","math",464,13.4
"610170",2017,"ES","IAR/PARCC","math",765,31.2
"610171",2017,"ES","IAR/PARCC","math",324,11.7
"610172",2017,"ES","IAR/PARCC","math",167,6.6
"610173",2017,"ES","IAR/PARCC","math",170,24.7
"610174",2017,"ES","IAR/PARCC","math",334,14.7
"610175",2017,"ES","IAR/PARCC","math",212,24.1
"610176",2017,"ES","IAR/PARCC","math",301,15.6
"610177",2017,"ES","IAR/PARCC","math",626,70.6
"610178",2017,"ES","IAR/PARCC","math",120,9.2
"610179",2017,"ES","IAR/PARCC","math",614,33.9
"610180",2017,"ES","IAR/PARCC","math",221,3.6
"610182",2017,"ES","IAR/PARCC","math",170,70.6
"610183",2017,"ES","IAR/PARCC","math",390,4.1
"610184",2017,"ES","IAR/PARCC","math",373,10.5
"610185",2017,"ES","IAR/PARCC","math",794,26.7
"610188",2017,"ES","IAR/PARCC","math",152,16.4
"610191",2017,"ES","IAR/PARCC","math",362,54.1
"610192",2017,"ES","IAR/PARCC","math",418,7.2
"610193",2017,"ES","IAR/PARCC","math",280,6.4
"610194",2017,"ES","IAR/PARCC","math",168,14.3
"610195",2017,"ES","IAR/PARCC","math",349,18.9
"610196",2017,"ES","IAR/PARCC","math",303,30.4
"610197",2017,"ES","IAR/PARCC","math",303,18.5
"610198",2017,"ES","IAR/PARCC","math",167,19.2
"610199",2017,"ES","IAR/PARCC","math",157,21.7
"610200",2017,"ES","IAR/PARCC","math",157,2.5
"610201",2017,"ES","IAR/PARCC","math",414,42.8
"610202",2017,"ES","IAR/PARCC","math",185,7
"610203",2017,"ES","IAR/PARCC","math",458,33.4
"610206",2017,"ES","IAR/PARCC","math",751,43.1
"610207",2017,"ES","IAR/PARCC","math",211,17.1
"610208",2017,"ES","IAR/PARCC","math",219,5
"610209",2017,"ES","IAR/PARCC","math",590,18.6
"610212",2017,"ES","IAR/PARCC","math",182,17
"610213",2017,"ES","IAR/PARCC","math",354,16.4
"610215",2017,"ES","IAR/PARCC","math",335,10.1
"610216",2017,"ES","IAR/PARCC","math",144,10.4
"610217",2017,"ES","IAR/PARCC","math",342,58.8
"610218",2017,"ES","IAR/PARCC","math",171,12.9
"610219",2017,"ES","IAR/PARCC","math",550,27.3
"610220",2017,"ES","IAR/PARCC","math",346,38.7
"610221",2017,"ES","IAR/PARCC","math",162,12.3
"610223",2017,"ES","IAR/PARCC","math",282,5.7
"610225",2017,"ES","IAR/PARCC","math",182,13.7
"610226",2017,"ES","IAR/PARCC","math",548,28.6
"610227",2017,"ES","IAR/PARCC","math",669,27.7
"610228",2017,"ES","IAR/PARCC","math",173,11
"610229",2017,"ES","IAR/PARCC","math",471,43.7
"610230",2017,"ES","IAR/PARCC","math",319,52
"610231",2017,"ES","IAR/PARCC","math",401,20.2
"610234",2017,"ES","IAR/PARCC","math",243,5.8
"610235",2017,"ES","IAR/PARCC","math",576,13
"610237",2017,"ES","IAR/PARCC","math",231,5.2
"610238",2017,"ES","IAR/PARCC","math",150,6.7
"610239",2017,"ES","IAR/PARCC","math",415,12.5
"610242",2017,"ES","IAR/PARCC","math",236,25.4
"610246",2017,"ES","IAR/PARCC","math",778,17.1
"610248",2017,"ES","IAR/PARCC","math",357,37.3
"610249",2017,"ES","IAR/PARCC","math",225,27.1
"610250",2017,"ES","IAR/PARCC","math",233,21.5
"610251",2017,"ES","IAR/PARCC","math",225,5.3
"610252",2017,"ES","IAR/PARCC","math",167,3
"610254",2017,"ES","IAR/PARCC","math",237,11.4
"610256",2017,"ES","IAR/PARCC","math",25,44
"610257",2017,"ES","IAR/PARCC","math",228,12.7
"610263",2017,"ES","IAR/PARCC","math",355,5.1
"610268",2017,"ES","IAR/PARCC","math",203,7.4
"610269",2017,"ES","IAR/PARCC","math",199,26.1
"610271",2017,"ES","IAR/PARCC","math",256,5.1
"610274",2017,"ES","IAR/PARCC","math",284,12.3
"610276",2017,"ES","IAR/PARCC","math",117,4.3
"610279",2017,"ES","IAR/PARCC","math",210,6.7
"610281",2017,"ES","IAR/PARCC","math",383,9.4
"610282",2017,"ES","IAR/PARCC","math",205,13.7
"610284",2017,"ES","IAR/PARCC","math",182,20.3
"610287",2017,"ES","IAR/PARCC","math",296,13.9
"610290",2017,"ES","IAR/PARCC","math",206,10.7
"610291",2017,"ES","IAR/PARCC","math",561,24.8
"610293",2017,"ES","IAR/PARCC","math",270,3
"610295",2017,"ES","IAR/PARCC","math",183,10.4
"610298",2017,"ES","IAR/PARCC","math",163,78.5
"610299",2017,"ES","IAR/PARCC","math",125,3.2
"610300",2017,"ES","IAR/PARCC","math",234,2.6
"610305",2017,"ES","IAR/PARCC","math",303,6.6
"610312",2017,"ES","IAR/PARCC","math",73,37
"610313",2017,"ES","IAR/PARCC","math",317,5.4
"610315",2017,"ES","IAR/PARCC","math",103,6.8
"610316",2017,"ES","IAR/PARCC","math",158,37.3
"610317",2017,"ES","IAR/PARCC","math",329,11.2
"610319",2017,"ES","IAR/PARCC","math",300,19.3
"610325",2017,"ES","IAR/PARCC","math",454,24.4
"610329",2017,"ES","IAR/PARCC","math",428,26.4
"610339",2017,"ES","IAR/PARCC","math",271,8.1
"610342",2017,"ES","IAR/PARCC","math",382,19.6
"610345",2017,"ES","IAR/PARCC","math",199,6.5
"610347",2017,"ES","IAR/PARCC","math",233,4.7
"610350",2017,"ES","IAR/PARCC","math",305,25.2
"610352",2017,"ES","IAR/PARCC","math",428,29.2
"610353",2017,"ES","IAR/PARCC","math",492,11.2
"610354",2017,"ES","IAR/PARCC","math",184,20.7
"610355",2017,"ES","IAR/PARCC","math",198,16.2
"610362",2017,"ES","IAR/PARCC","math",202,8.4
"610363",2017,"ES","IAR/PARCC","math",895,47.9
"610364",2017,"ES","IAR/PARCC","math",156,5.1
"610366",2017,"ES","IAR/PARCC","math",139,9.4
"610367",2017,"ES","IAR/PARCC","math",346,9
"610368",2017,"ES","IAR/PARCC","math",250,6.4
"610369",2017,"ES","IAR/PARCC","math",167,6.6
"610391",2017,"ES","IAR/PARCC","math",70,45.7
"610396",2017,"ES","IAR/PARCC","math",654,19.3
"610405",2017,"ES","IAR/PARCC","math",154,15.6
"610503",2017,"ES","IAR/PARCC","math",138,29.7
"610515",2017,"ES","IAR/PARCC","math",186,53.8
"610520",2017,"ES","IAR/PARCC","math",336,58.3
"610521",2017,"ES","IAR/PARCC","math",178,21.3
"610523",2017,"ES","IAR/PARCC","math",342,49.1
"610529",2017,"ES","IAR/PARCC","math",169,33.7
"610530",2017,"ES","IAR/PARCC","math",236,14.4
"610532",2017,"ES","IAR/PARCC","math",997,18.9
"610533",2017,"ES","IAR/PARCC","math",617,11.5
"610534",2017,"ES","IAR/PARCC","math",289,94.8
"610539",2017,"ES","IAR/PARCC","math",562,23.3
"610541",2017,"ES","IAR/PARCC","math",536,25.9
"610542",2017,"ES","IAR/PARCC","math",483,45.1
"610544",2017,"ES","IAR/PARCC","math",649,22.8
"610548",2017,"ES","IAR/PARCC","math",253,68.8
"610559",2017,"ES","IAR/PARCC","math",612,8.7
"610564",2017,"ES","IAR/PARCC","math",162,24.7
"610572",2017,"ES","IAR/PARCC","math",13,0
"610584",2017,"ES","IAR/PARCC","math",14,0
"610586",2017,"ES","IAR/PARCC","math",243,13.6
"610588",2017,"ES","IAR/PARCC","math",1118,15.8
"400009",2016,"ES","IAR/PARCC","math",153,9.8
"400011",2016,"ES","IAR/PARCC","math",305,33.4
"400012",2016,"ES","IAR/PARCC","math",137,2.2
"400017",2016,"ES","IAR/PARCC","math",519,16.6
"400019",2016,"ES","IAR/PARCC","math",285,10.2
"400021",2016,"ES","IAR/PARCC","math",329,9.7
"400023",2016,"ES","IAR/PARCC","math",247,45.7
"400024",2016,"ES","IAR/PARCC","math",435,34.7
"400025",2016,"ES","IAR/PARCC","math",427,8.9
"400027",2016,"ES","IAR/PARCC","math",363,34.4
"400028",2016,"ES","IAR/PARCC","math",239,10.9
"400029",2016,"ES","IAR/PARCC","math",275,21.5
"400030",2016,"ES","IAR/PARCC","math",331,23.3
"400031",2016,"ES","IAR/PARCC","math",473,30.2
"400033",2016,"ES","IAR/PARCC","math",885,8.4
"400035",2016,"ES","IAR/PARCC","math",246,34.1
"400036",2016,"ES","IAR/PARCC","math",356,28.1
"400039",2016,"ES","IAR/PARCC","math",265,11.7
"400040",2016,"ES","IAR/PARCC","math",269,10.4
"400041",2016,"ES","IAR/PARCC","math",160,17.5
"400043",2016,"ES","IAR/PARCC","math",160,13.1
"400044",2016,"ES","IAR/PARCC","math",209,7.2
"400045",2016,"ES","IAR/PARCC","math",198,9.1
"400046",2016,"ES","IAR/PARCC","math",337,19
"400047",2016,"ES","IAR/PARCC","math",173,22.5
"400048",2016,"ES","IAR/PARCC","math",172,15.7
"400049",2016,"ES","IAR/PARCC","math",296,12.8
"400050",2016,"ES","IAR/PARCC","math",300,24.7
"400052",2016,"ES","IAR/PARCC","math",304,23.7
"400060",2016,"ES","IAR/PARCC","math",274,27
"400061",2016,"ES","IAR/PARCC","math",157,6.4
"400064",2016,"ES","IAR/PARCC","math",160,5
"400066",2016,"ES","IAR/PARCC","math",119,4.2
"400068",2016,"ES","IAR/PARCC","math",321,7.5
"400069",2016,"ES","IAR/PARCC","math",280,12.1
"400071",2016,"ES","IAR/PARCC","math",278,15.5
"400072",2016,"ES","IAR/PARCC","math",196,12.2
"400074",2016,"ES","IAR/PARCC","math",177,6.2
"400075",2016,"ES","IAR/PARCC","math",236,19.1
"400076",2016,"ES","IAR/PARCC","math",151,29.8
"400077",2016,"ES","IAR/PARCC","math",198,11.1
"400078",2016,"ES","IAR/PARCC","math",300,15.3
"400079",2016,"ES","IAR/PARCC","math",440,34.8
"400080",2016,"ES","IAR/PARCC","math",438,31.1
"400081",2016,"ES","IAR/PARCC","math",190,32.6
"400082",2016,"ES","IAR/PARCC","math",381,29.7
"400083",2016,"ES","IAR/PARCC","math",241,14.9
"400084",2016,"ES","IAR/PARCC","math",192,26
"400089",2016,"ES","IAR/PARCC","math",376,30.1
"400092",2016,"ES","IAR/PARCC","math",190,6.3
"400096",2016,"ES","IAR/PARCC","math",485,22.1
"400101",2016,"ES","IAR/PARCC","math",368,26.9
"400107",2016,"ES","IAR/PARCC","math",273,35.9
"400108",2016,"ES","IAR/PARCC","math",47,8.5
"400111",2016,"ES","IAR/PARCC","math",339,25.1
"400112",2016,"ES","IAR/PARCC","math",383,35.5
"400113",2016,"ES","IAR/PARCC","math",63,6.3
"400114",2016,"ES","IAR/PARCC","math",185,23.8
"400115",2016,"ES","IAR/PARCC","math",333,18
"400116",2016,"ES","IAR/PARCC","math",88,1.1
"400120",2016,"ES","IAR/PARCC","math",382,12.8
"400121",2016,"ES","IAR/PARCC","math",338,21.3
"400146",2016,"ES","IAR/PARCC","math",286,15
"400149",2016,"ES","IAR/PARCC","math",114,2.6
"400151",2016,"ES","IAR/PARCC","math",161,24.2
"400153",2016,"ES","IAR/PARCC","math",363,21.2
"400159",2016,"ES","IAR/PARCC","math",53,17
"400161",2016,"ES","IAR/PARCC","math",221,9
"400162",2016,"ES","IAR/PARCC","math",296,24
"400163",2016,"ES","IAR/PARCC","math",237,12.7
"400165",2016,"ES","IAR/PARCC","math",225,13.8
"400167",2016,"ES","IAR/PARCC","math",316,22.8
"400171",2016,"ES","IAR/PARCC","math",145,11.7
"400177",2016,"ES","IAR/PARCC","math",280,21.1
"609710",2016,"ES","IAR/PARCC","math",17,35.3
"609716",2016,"ES","IAR/PARCC","math",123,4.1
"609720",2016,"ES","IAR/PARCC","math",108,91.7
"609725",2016,"ES","IAR/PARCC","math",99,25.3
"609734",2016,"ES","IAR/PARCC","math",142,61.3
"609746",2016,"ES","IAR/PARCC","math",197,64.5
"609755",2016,"ES","IAR/PARCC","math",98,95.9
"609772",2016,"ES","IAR/PARCC","math",563,34.1
"609773",2016,"ES","IAR/PARCC","math",208,29.3
"609774",2016,"ES","IAR/PARCC","math",258,67.4
"609777",2016,"ES","IAR/PARCC","math",173,16.8
"609779",2016,"ES","IAR/PARCC","math",903,31.3
"609780",2016,"ES","IAR/PARCC","math",297,12.8
"609782",2016,"ES","IAR/PARCC","math",280,51.1
"609786",2016,"ES","IAR/PARCC","math",164,4.3
"609788",2016,"ES","IAR/PARCC","math",186,12.9
"609789",2016,"ES","IAR/PARCC","math",374,10.7
"609790",2016,"ES","IAR/PARCC","math",273,4.8
"609791",2016,"ES","IAR/PARCC","math",298,3.7
"609792",2016,"ES","IAR/PARCC","math",642,18.1
"609793",2016,"ES","IAR/PARCC","math",346,8.1
"609794",2016,"ES","IAR/PARCC","math",179,91.1
"609795",2016,"ES","IAR/PARCC","math",148,16.9
"609796",2016,"ES","IAR/PARCC","math",708,57.6
"609797",2016,"ES","IAR/PARCC","math",288,14.6
"609798",2016,"ES","IAR/PARCC","math",88,27.3
"609799",2016,"ES","IAR/PARCC","math",487,63.7
"609800",2016,"ES","IAR/PARCC","math",207,13.5
"609803",2016,"ES","IAR/PARCC","math",83,61.4
"609804",2016,"ES","IAR/PARCC","math",476,27.3
"609805",2016,"ES","IAR/PARCC","math",259,13.1
"609806",2016,"ES","IAR/PARCC","math",411,4.4
"609807",2016,"ES","IAR/PARCC","math",403,15.9
"609808",2016,"ES","IAR/PARCC","math",362,13.3
"609809",2016,"ES","IAR/PARCC","math",216,16.7
"609810",2016,"ES","IAR/PARCC","math",597,44.4
"609811",2016,"ES","IAR/PARCC","math",164,9.8
"609812",2016,"ES","IAR/PARCC","math",138,7.2
"609813",2016,"ES","IAR/PARCC","math",93,11.8
"609815",2016,"ES","IAR/PARCC","math",361,17.2
"609817",2016,"ES","IAR/PARCC","math",415,31.1
"609818",2016,"ES","IAR/PARCC","math",566,24.2
"609819",2016,"ES","IAR/PARCC","math",189,2.6
"609820",2016,"ES","IAR/PARCC","math",277,71.8
"609821",2016,"ES","IAR/PARCC","math",342,10.8
"609826",2016,"ES","IAR/PARCC","math",566,21.6
"609827",2016,"ES","IAR/PARCC","math",318,18.9
"609828",2016,"ES","IAR/PARCC","math",170,38.2
"609829",2016,"ES","IAR/PARCC","math",284,37.7
"609830",2016,"ES","IAR/PARCC","math",341,4.1
"609832",2016,"ES","IAR/PARCC","math",443,32.1
"609833",2016,"ES","IAR/PARCC","math",162,3.1
"609834",2016,"ES","IAR/PARCC","math",525,13.9
"609835",2016,"ES","IAR/PARCC","math",494,15.6
"609836",2016,"ES","IAR/PARCC","math",497,54.5
"609837",2016,"ES","IAR/PARCC","math",357,19.9
"609839",2016,"ES","IAR/PARCC","math",323,15.2
"609842",2016,"ES","IAR/PARCC","math",649,25.3
"609844",2016,"ES","IAR/PARCC","math",231,14.7
"609845",2016,"ES","IAR/PARCC","math",250,10
"609848",2016,"ES","IAR/PARCC","math",109,3.7
"609849",2016,"ES","IAR/PARCC","math",191,20.4
"609850",2016,"ES","IAR/PARCC","math",393,43.8
"609851",2016,"ES","IAR/PARCC","math",215,3.7
"609852",2016,"ES","IAR/PARCC","math",300,38.3
"609853",2016,"ES","IAR/PARCC","math",273,22.3
"609854",2016,"ES","IAR/PARCC","math",281,16.4
"609855",2016,"ES","IAR/PARCC","math",134,14.9
"609856",2016,"ES","IAR/PARCC","math",365,20
"609857",2016,"ES","IAR/PARCC","math",359,30.1
"609859",2016,"ES","IAR/PARCC","math",702,30.6
"609861",2016,"ES","IAR/PARCC","math",337,22.8
"609862",2016,"ES","IAR/PARCC","math",297,19.2
"609863",2016,"ES","IAR/PARCC","math",181,30.4
"609864",2016,"ES","IAR/PARCC","math",121,4.1
"609865",2016,"ES","IAR/PARCC","math",338,13
"609866",2016,"ES","IAR/PARCC","math",471,59
"609867",2016,"ES","IAR/PARCC","math",259,24.7
"609869",2016,"ES","IAR/PARCC","math",198,5.6
"609870",2016,"ES","IAR/PARCC","math",305,21.6
"609872",2016,"ES","IAR/PARCC","math",195,41
"609873",2016,"ES","IAR/PARCC","math",146,4.1
"609874",2016,"ES","IAR/PARCC","math",488,42
"609875",2016,"ES","IAR/PARCC","math",293,17.1
"609876",2016,"ES","IAR/PARCC","math",444,20
"609879",2016,"ES","IAR/PARCC","math",639,28.8
"609880",2016,"ES","IAR/PARCC","math",158,93.7
"609883",2016,"ES","IAR/PARCC","math",337,10.4
"609884",2016,"ES","IAR/PARCC","math",502,37.5
"609885",2016,"ES","IAR/PARCC","math",183,7.1
"609887",2016,"ES","IAR/PARCC","math",424,23.6
"609888",2016,"ES","IAR/PARCC","math",78,16.7
"609891",2016,"ES","IAR/PARCC","math",166,1.2
"609893",2016,"ES","IAR/PARCC","math",445,29.9
"609894",2016,"ES","IAR/PARCC","math",259,4.6
"609895",2016,"ES","IAR/PARCC","math",183,28.4
"609896",2016,"ES","IAR/PARCC","math",58,50
"609897",2016,"ES","IAR/PARCC","math",254,5.9
"609898",2016,"ES","IAR/PARCC","math",980,13.8
"609899",2016,"ES","IAR/PARCC","math",478,54.2
"609900",2016,"ES","IAR/PARCC","math",369,6.8
"609901",2016,"ES","IAR/PARCC","math",334,61.4
"609902",2016,"ES","IAR/PARCC","math",259,6.9
"609903",2016,"ES","IAR/PARCC","math",885,14.7
"609904",2016,"ES","IAR/PARCC","math",394,10.7
"609907",2016,"ES","IAR/PARCC","math",248,26.2
"609908",2016,"ES","IAR/PARCC","math",171,8.2
"609909",2016,"ES","IAR/PARCC","math",90,27.8
"609910",2016,"ES","IAR/PARCC","math",697,22.7
"609912",2016,"ES","IAR/PARCC","math",327,35.8
"609917",2016,"ES","IAR/PARCC","math",206,10.2
"609918",2016,"ES","IAR/PARCC","math",293,26.3
"609919",2016,"ES","IAR/PARCC","math",278,5
"609920",2016,"ES","IAR/PARCC","math",447,13.2
"609921",2016,"ES","IAR/PARCC","math",105,11.4
"609922",2016,"ES","IAR/PARCC","math",188,12.2
"609924",2016,"ES","IAR/PARCC","math",251,13.5
"609925",2016,"ES","IAR/PARCC","math",221,13.1
"609926",2016,"ES","IAR/PARCC","math",134,38.8
"609927",2016,"ES","IAR/PARCC","math",153,4.6
"609928",2016,"ES","IAR/PARCC","math",258,8.5
"609929",2016,"ES","IAR/PARCC","math",163,8.6
"609930",2016,"ES","IAR/PARCC","math",295,10.8
"609933",2016,"ES","IAR/PARCC","math",187,8
"609935",2016,"ES","IAR/PARCC","math",615,16.1
"609937",2016,"ES","IAR/PARCC","math",556,45
"609938",2016,"ES","IAR/PARCC","math",1052,14.8
"609939",2016,"ES","IAR/PARCC","math",306,11.1
"609941",2016,"ES","IAR/PARCC","math",309,7.4
"609942",2016,"ES","IAR/PARCC","math",410,34.1
"609943",2016,"ES","IAR/PARCC","math",267,7.9
"609944",2016,"ES","IAR/PARCC","math",213,35.2
"609945",2016,"ES","IAR/PARCC","math",446,37.9
"609947",2016,"ES","IAR/PARCC","math",297,14.1
"609949",2016,"ES","IAR/PARCC","math",770,28.1
"609951",2016,"ES","IAR/PARCC","math",318,16.7
"609952",2016,"ES","IAR/PARCC","math",284,22.2
"609954",2016,"ES","IAR/PARCC","math",241,14.9
"609955",2016,"ES","IAR/PARCC","math",202,7.4
"609956",2016,"ES","IAR/PARCC","math",288,31.3
"609958",2016,"ES","IAR/PARCC","math",467,28.3
"609959",2016,"ES","IAR/PARCC","math",428,68
"609960",2016,"ES","IAR/PARCC","math",595,29.6
"609961",2016,"ES","IAR/PARCC","math",234,8.5
"609963",2016,"ES","IAR/PARCC","math",213,43.7
"609964",2016,"ES","IAR/PARCC","math",370,9.7
"609966",2016,"ES","IAR/PARCC","math",268,17.9
"609967",2016,"ES","IAR/PARCC","math",232,14.7
"609968",2016,"ES","IAR/PARCC","math",475,12
"609969",2016,"ES","IAR/PARCC","math",217,18
"609971",2016,"ES","IAR/PARCC","math",235,8.5
"609972",2016,"ES","IAR/PARCC","math",491,25.9
"609973",2016,"ES","IAR/PARCC","math",527,37.8
"609974",2016,"ES","IAR/PARCC","math",356,77.2
"609975",2016,"ES","IAR/PARCC","math",251,11.6
"609976",2016,"ES","IAR/PARCC","math",549,32.4
"609977",2016,"ES","IAR/PARCC","math",94,16
"609978",2016,"ES","IAR/PARCC","math",220,7.3
"609979",2016,"ES","IAR/PARCC","math",868,65.2
"609981",2016,"ES","IAR/PARCC","math",153,9.2
"609983",2016,"ES","IAR/PARCC","math",392,16.1
"609985",2016,"ES","IAR/PARCC","math",228,22.8
"609986",2016,"ES","IAR/PARCC","math",201,7.5
"609987",2016,"ES","IAR/PARCC","math",135,18.5
"609988",2016,"ES","IAR/PARCC","math",312,21.2
"609990",2016,"ES","IAR/PARCC","math",516,47.9
"609991",2016,"ES","IAR/PARCC","math",295,11.5
"609993",2016,"ES","IAR/PARCC","math",272,16.5
"609994",2016,"ES","IAR/PARCC","math",553,25.7
"609995",2016,"ES","IAR/PARCC","math",332,38.6
"609996",2016,"ES","IAR/PARCC","math",301,35.9
"609997",2016,"ES","IAR/PARCC","math",121,3.3
"610000",2016,"ES","IAR/PARCC","math",326,9.8
"610002",2016,"ES","IAR/PARCC","math",166,15.7
"610003",2016,"ES","IAR/PARCC","math",264,15.5
"610004",2016,"ES","IAR/PARCC","math",155,7.1
"610005",2016,"ES","IAR/PARCC","math",139,16.5
"610006",2016,"ES","IAR/PARCC","math",546,28
"610009",2016,"ES","IAR/PARCC","math",344,55.2
"610010",2016,"ES","IAR/PARCC","math",103,16.5
"610011",2016,"ES","IAR/PARCC","math",505,40.8
"610012",2016,"ES","IAR/PARCC","math",132,0
"610013",2016,"ES","IAR/PARCC","math",218,13.3
"610015",2016,"ES","IAR/PARCC","math",162,17.3
"610016",2016,"ES","IAR/PARCC","math",146,31.5
"610017",2016,"ES","IAR/PARCC","math",458,21.4
"610019",2016,"ES","IAR/PARCC","math",152,19.7
"610021",2016,"ES","IAR/PARCC","math",270,32.2
"610022",2016,"ES","IAR/PARCC","math",412,17.7
"610024",2016,"ES","IAR/PARCC","math",160,44.4
"610026",2016,"ES","IAR/PARCC","math",427,38.9
"610027",2016,"ES","IAR/PARCC","math",254,24.8
"610029",2016,"ES","IAR/PARCC","math",129,17.8
"610030",2016,"ES","IAR/PARCC","math",188,9
"610032",2016,"ES","IAR/PARCC","math",179,20.7
"610033",2016,"ES","IAR/PARCC","math",344,54.1
"610034",2016,"ES","IAR/PARCC","math",198,5.1
"610036",2016,"ES","IAR/PARCC","math",289,6.2
"610037",2016,"ES","IAR/PARCC","math",205,10.7
"610038",2016,"ES","IAR/PARCC","math",542,76.4
"610039",2016,"ES","IAR/PARCC","math",348,33.9
"610040",2016,"ES","IAR/PARCC","math",541,29.6
"610041",2016,"ES","IAR/PARCC","math",757,24.4
"610043",2016,"ES","IAR/PARCC","math",241,6.6
"610044",2016,"ES","IAR/PARCC","math",253,14.6
"610046",2016,"ES","IAR/PARCC","math",1013,25.3
"610047",2016,"ES","IAR/PARCC","math",141,4.3
"610048",2016,"ES","IAR/PARCC","math",148,5.4
"610051",2016,"ES","IAR/PARCC","math",526,11.2
"610052",2016,"ES","IAR/PARCC","math",218,7.3
"610053",2016,"ES","IAR/PARCC","math",740,15.7
"610054",2016,"ES","IAR/PARCC","math",514,16.3
"610055",2016,"ES","IAR/PARCC","math",174,16.7
"610056",2016,"ES","IAR/PARCC","math",208,17.3
"610057",2016,"ES","IAR/PARCC","math",348,9.2
"610059",2016,"ES","IAR/PARCC","math",307,48.9
"610060",2016,"ES","IAR/PARCC","math",340,52.9
"610062",2016,"ES","IAR/PARCC","math",150,28
"610063",2016,"ES","IAR/PARCC","math",366,23.8
"610065",2016,"ES","IAR/PARCC","math",206,10.7
"610066",2016,"ES","IAR/PARCC","math",104,88.5
"610067",2016,"ES","IAR/PARCC","math",447,12.5
"610068",2016,"ES","IAR/PARCC","math",812,31.2
"610070",2016,"ES","IAR/PARCC","math",458,20.7
"610073",2016,"ES","IAR/PARCC","math",220,44.5
"610074",2016,"ES","IAR/PARCC","math",576,18.4
"610076",2016,"ES","IAR/PARCC","math",319,12.5
"610077",2016,"ES","IAR/PARCC","math",434,6.2
"610078",2016,"ES","IAR/PARCC","math",339,36.3
"610081",2016,"ES","IAR/PARCC","math",292,55.5
"610082",2016,"ES","IAR/PARCC","math",651,57.8
"610084",2016,"ES","IAR/PARCC","math",179,93.9
"610086",2016,"ES","IAR/PARCC","math",160,8.8
"610088",2016,"ES","IAR/PARCC","math",486,16.5
"610089",2016,"ES","IAR/PARCC","math",312,26.9
"610090",2016,"ES","IAR/PARCC","math",270,26.3
"610091",2016,"ES","IAR/PARCC","math",192,16.1
"610092",2016,"ES","IAR/PARCC","math",208,5.8
"610093",2016,"ES","IAR/PARCC","math",136,3.7
"610094",2016,"ES","IAR/PARCC","math",234,52.1
"610095",2016,"ES","IAR/PARCC","math",368,36.1
"610096",2016,"ES","IAR/PARCC","math",762,19.4
"610097",2016,"ES","IAR/PARCC","math",530,10.8
"610098",2016,"ES","IAR/PARCC","math",537,19.7
"610099",2016,"ES","IAR/PARCC","math",188,64.9
"610100",2016,"ES","IAR/PARCC","math",375,12.5
"610101",2016,"ES","IAR/PARCC","math",358,50.6
"610102",2016,"ES","IAR/PARCC","math",263,1.5
"610103",2016,"ES","IAR/PARCC","math",390,13.6
"610104",2016,"ES","IAR/PARCC","math",376,54.8
"610105",2016,"ES","IAR/PARCC","math",382,60.5
"610106",2016,"ES","IAR/PARCC","math",332,12.3
"610107",2016,"ES","IAR/PARCC","math",265,14.3
"610108",2016,"ES","IAR/PARCC","math",248,11.3
"610109",2016,"ES","IAR/PARCC","math",167,18
"610110",2016,"ES","IAR/PARCC","math",240,15.4
"610111",2016,"ES","IAR/PARCC","math",483,29.2
"610112",2016,"ES","IAR/PARCC","math",331,8.8
"610115",2016,"ES","IAR/PARCC","math",184,12
"610116",2016,"ES","IAR/PARCC","math",127,6.3
"610117",2016,"ES","IAR/PARCC","math",714,21.1
"610120",2016,"ES","IAR/PARCC","math",947,26.3
"610121",2016,"ES","IAR/PARCC","math",307,20.2
"610122",2016,"ES","IAR/PARCC","math",572,33.2
"610123",2016,"ES","IAR/PARCC","math",195,16.4
"610124",2016,"ES","IAR/PARCC","math",258,14.7
"610125",2016,"ES","IAR/PARCC","math",461,16.7
"610126",2016,"ES","IAR/PARCC","math",327,21.4
"610127",2016,"ES","IAR/PARCC","math",522,29.7
"610128",2016,"ES","IAR/PARCC","math",155,14.2
"610129",2016,"ES","IAR/PARCC","math",319,20.1
"610130",2016,"ES","IAR/PARCC","math",170,21.8
"610131",2016,"ES","IAR/PARCC","math",93,18.3
"610132",2016,"ES","IAR/PARCC","math",118,80.5
"610133",2016,"ES","IAR/PARCC","math",339,8.8
"610135",2016,"ES","IAR/PARCC","math",589,24.6
"610136",2016,"ES","IAR/PARCC","math",152,46.1
"610137",2016,"ES","IAR/PARCC","math",399,31.3
"610138",2016,"ES","IAR/PARCC","math",510,38.4
"610139",2016,"ES","IAR/PARCC","math",161,5.6
"610141",2016,"ES","IAR/PARCC","math",257,37.7
"610142",2016,"ES","IAR/PARCC","math",319,35.4
"610143",2016,"ES","IAR/PARCC","math",151,6.6
"610144",2016,"ES","IAR/PARCC","math",625,17
"610145",2016,"ES","IAR/PARCC","math",489,32.7
"610146",2016,"ES","IAR/PARCC","math",141,10.6
"610147",2016,"ES","IAR/PARCC","math",459,34.9
"610148",2016,"ES","IAR/PARCC","math",547,37.8
"610152",2016,"ES","IAR/PARCC","math",226,13.7
"610153",2016,"ES","IAR/PARCC","math",212,10.8
"610155",2016,"ES","IAR/PARCC","math",368,55.7
"610157",2016,"ES","IAR/PARCC","math",1210,17.9
"610158",2016,"ES","IAR/PARCC","math",277,17.7
"610159",2016,"ES","IAR/PARCC","math",581,18.4
"610165",2016,"ES","IAR/PARCC","math",370,17.3
"610167",2016,"ES","IAR/PARCC","math",500,14.8
"610170",2016,"ES","IAR/PARCC","math",743,30.6
"610171",2016,"ES","IAR/PARCC","math",414,13.5
"610172",2016,"ES","IAR/PARCC","math",172,11
"610173",2016,"ES","IAR/PARCC","math",177,28.8
"610174",2016,"ES","IAR/PARCC","math",311,18.6
"610175",2016,"ES","IAR/PARCC","math",213,26.8
"610176",2016,"ES","IAR/PARCC","math",305,17
"610177",2016,"ES","IAR/PARCC","math",558,75.6
"610178",2016,"ES","IAR/PARCC","math",124,7.3
"610179",2016,"ES","IAR/PARCC","math",638,33.7
"610180",2016,"ES","IAR/PARCC","math",224,6.7
"610182",2016,"ES","IAR/PARCC","math",170,67.6
"610183",2016,"ES","IAR/PARCC","math",412,7.8
"610184",2016,"ES","IAR/PARCC","math",391,17.6
"610185",2016,"ES","IAR/PARCC","math",835,29.6
"610188",2016,"ES","IAR/PARCC","math",144,16
"610191",2016,"ES","IAR/PARCC","math",378,59.5
"610192",2016,"ES","IAR/PARCC","math",456,6.4
"610193",2016,"ES","IAR/PARCC","math",269,5.9
"610194",2016,"ES","IAR/PARCC","math",173,18.5
"610195",2016,"ES","IAR/PARCC","math",388,25.3
"610196",2016,"ES","IAR/PARCC","math",340,30.9
"610197",2016,"ES","IAR/PARCC","math",279,16.5
"610198",2016,"ES","IAR/PARCC","math",160,24.4
"610199",2016,"ES","IAR/PARCC","math",153,20.3
"610200",2016,"ES","IAR/PARCC","math",120,1.7
"610201",2016,"ES","IAR/PARCC","math",424,48.6
"610202",2016,"ES","IAR/PARCC","math",195,5.6
"610203",2016,"ES","IAR/PARCC","math",506,34
"610206",2016,"ES","IAR/PARCC","math",764,43.6
"610207",2016,"ES","IAR/PARCC","math",201,14.9
"610208",2016,"ES","IAR/PARCC","math",238,5
"610209",2016,"ES","IAR/PARCC","math",585,24.4
"610212",2016,"ES","IAR/PARCC","math",224,12.1
"610213",2016,"ES","IAR/PARCC","math",348,18.1
"610215",2016,"ES","IAR/PARCC","math",333,9
"610216",2016,"ES","IAR/PARCC","math",123,5.7
"610217",2016,"ES","IAR/PARCC","math",330,54.5
"610218",2016,"ES","IAR/PARCC","math",160,16.3
"610219",2016,"ES","IAR/PARCC","math",540,33
"610220",2016,"ES","IAR/PARCC","math",344,45.1
"610221",2016,"ES","IAR/PARCC","math",165,22.4
"610223",2016,"ES","IAR/PARCC","math",306,8.2
"610225",2016,"ES","IAR/PARCC","math",164,18.3
"610226",2016,"ES","IAR/PARCC","math",550,28.2
"610227",2016,"ES","IAR/PARCC","math",656,29.1
"610228",2016,"ES","IAR/PARCC","math",180,11.1
"610229",2016,"ES","IAR/PARCC","math",446,44.2
"610230",2016,"ES","IAR/PARCC","math",312,49
"610231",2016,"ES","IAR/PARCC","math",329,24.3
"610234",2016,"ES","IAR/PARCC","math",271,16.6
"610235",2016,"ES","IAR/PARCC","math",629,12.7
"610237",2016,"ES","IAR/PARCC","math",263,7.6
"610238",2016,"ES","IAR/PARCC","math",154,10.4
"610239",2016,"ES","IAR/PARCC","math",404,16.6
"610242",2016,"ES","IAR/PARCC","math",244,30.7
"610246",2016,"ES","IAR/PARCC","math",783,22
"610248",2016,"ES","IAR/PARCC","math",355,38.9
"610249",2016,"ES","IAR/PARCC","math",236,26.7
"610250",2016,"ES","IAR/PARCC","math",230,23.9
"610251",2016,"ES","IAR/PARCC","math",207,10.6
"610252",2016,"ES","IAR/PARCC","math",190,4.7
"610254",2016,"ES","IAR/PARCC","math",264,10.2
"610256",2016,"ES","IAR/PARCC","math",21,4.8
"610257",2016,"ES","IAR/PARCC","math",199,22.6
"610263",2016,"ES","IAR/PARCC","math",362,4.4
"610268",2016,"ES","IAR/PARCC","math",189,7.4
"610269",2016,"ES","IAR/PARCC","math",234,26.5
"610271",2016,"ES","IAR/PARCC","math",275,7.3
"610274",2016,"ES","IAR/PARCC","math",284,9.2
"610276",2016,"ES","IAR/PARCC","math",93,5.4
"610279",2016,"ES","IAR/PARCC","math",227,10.1
"610281",2016,"ES","IAR/PARCC","math",356,9.8
"610282",2016,"ES","IAR/PARCC","math",205,9.8
"610284",2016,"ES","IAR/PARCC","math",95,33.7
"610287",2016,"ES","IAR/PARCC","math",278,13.3
"610290",2016,"ES","IAR/PARCC","math",248,10.9
"610291",2016,"ES","IAR/PARCC","math",573,25.5
"610293",2016,"ES","IAR/PARCC","math",293,4.1
"610295",2016,"ES","IAR/PARCC","math",193,14
"610298",2016,"ES","IAR/PARCC","math",164,79.9
"610299",2016,"ES","IAR/PARCC","math",118,6.8
"610300",2016,"ES","IAR/PARCC","math",226,6.6
"610305",2016,"ES","IAR/PARCC","math",326,5.2
"610312",2016,"ES","IAR/PARCC","math",73,19.2
"610313",2016,"ES","IAR/PARCC","math",361,13
"610315",2016,"ES","IAR/PARCC","math",117,6.8
"610316",2016,"ES","IAR/PARCC","math",168,35.1
"610317",2016,"ES","IAR/PARCC","math",274,7.7
"610319",2016,"ES","IAR/PARCC","math",299,17.4
"610321",2016,"ES","IAR/PARCC","math",61,9.8
"610325",2016,"ES","IAR/PARCC","math",500,28.2
"610329",2016,"ES","IAR/PARCC","math",430,33
"610339",2016,"ES","IAR/PARCC","math",289,5.9
"610342",2016,"ES","IAR/PARCC","math",391,17.9
"610345",2016,"ES","IAR/PARCC","math",207,3.4
"610347",2016,"ES","IAR/PARCC","math",236,7.2
"610350",2016,"ES","IAR/PARCC","math",316,13.9
"610352",2016,"ES","IAR/PARCC","math",399,29.3
"610353",2016,"ES","IAR/PARCC","math",472,16.9
"610354",2016,"ES","IAR/PARCC","math",155,18.1
"610355",2016,"ES","IAR/PARCC","math",230,14.3
"610362",2016,"ES","IAR/PARCC","math",232,10.8
"610363",2016,"ES","IAR/PARCC","math",886,49.3
"610364",2016,"ES","IAR/PARCC","math",147,6.1
"610366",2016,"ES","IAR/PARCC","math",127,6.3
"610367",2016,"ES","IAR/PARCC","math",335,6.3
"610368",2016,"ES","IAR/PARCC","math",263,4.6
"610369",2016,"ES","IAR/PARCC","math",166,2.4
"610391",2016,"ES","IAR/PARCC","math",27,55.6
"610396",2016,"ES","IAR/PARCC","math",635,23.9
"610405",2016,"ES","IAR/PARCC","math",143,13.3
"610503",2016,"ES","IAR/PARCC","math",141,33.3
"610515",2016,"ES","IAR/PARCC","math",185,64.3
"610520",2016,"ES","IAR/PARCC","math",315,52.7
"610521",2016,"ES","IAR/PARCC","math",175,24
"610523",2016,"ES","IAR/PARCC","math",297,47.5
"610529",2016,"ES","IAR/PARCC","math",206,47.6
"610530",2016,"ES","IAR/PARCC","math",235,9.4
"610532",2016,"ES","IAR/PARCC","math",904,20.4
"610533",2016,"ES","IAR/PARCC","math",661,14.4
"610534",2016,"ES","IAR/PARCC","math",275,93.1
"610539",2016,"ES","IAR/PARCC","math",565,20.5
"610541",2016,"ES","IAR/PARCC","math",534,28.1
"610542",2016,"ES","IAR/PARCC","math",452,40.3
"610544",2016,"ES","IAR/PARCC","math",617,24.3
"610548",2016,"ES","IAR/PARCC","math",240,68.3
"610559",2016,"ES","IAR/PARCC","math",672,11
"610564",2016,"ES","IAR/PARCC","math",191,23
"610572",2016,"ES","IAR/PARCC","math",21,0
"400010",2016,"HS","IAR/PARCC","math",92,1.1
"400012",2016,"HS","IAR/PARCC","math",13,0
"400013",2016,"HS","IAR/PARCC","math",21,33.3
"400022",2016,"HS","IAR/PARCC","math",21,28.6
"400032",2016,"HS","IAR/PARCC","math",93,0
"400033",2016,"HS","IAR/PARCC","math",93,4.3
"400034",2016,"HS","IAR/PARCC","math",188,11.7
"400035",2016,"HS","IAR/PARCC","math",72,20.8
"400036",2016,"HS","IAR/PARCC","math",41,24.4
"400051",2016,"HS","IAR/PARCC","math",168,27.4
"400052",2016,"HS","IAR/PARCC","math",215,7.9
"400053",2016,"HS","IAR/PARCC","math",194,24.2
"400054",2016,"HS","IAR/PARCC","math",225,36
"400055",2016,"HS","IAR/PARCC","math",184,21.7
"400056",2016,"HS","IAR/PARCC","math",124,8.1
"400057",2016,"HS","IAR/PARCC","math",215,18.1
"400058",2016,"HS","IAR/PARCC","math",85,10.6
"400059",2016,"HS","IAR/PARCC","math",103,8.7
"400061",2016,"HS","IAR/PARCC","math",106,6.6
"400062",2016,"HS","IAR/PARCC","math",96,7.3
"400064",2016,"HS","IAR/PARCC","math",53,7.5
"400066",2016,"HS","IAR/PARCC","math",134,13.4
"400077",2016,"HS","IAR/PARCC","math",121,38.8
"400085",2016,"HS","IAR/PARCC","math",172,16.9
"400086",2016,"HS","IAR/PARCC","math",99,0
"400087",2016,"HS","IAR/PARCC","math",115,3.5
"400091",2016,"HS","IAR/PARCC","math",55,7.3
"400094",2016,"HS","IAR/PARCC","math",157,3.8
"400097",2016,"HS","IAR/PARCC","math",313,32.9
"400098",2016,"HS","IAR/PARCC","math",175,32
"400102",2016,"HS","IAR/PARCC","math",89,0
"400104",2016,"HS","IAR/PARCC","math",192,9.4
"400105",2016,"HS","IAR/PARCC","math",85,2.4
"400106",2016,"HS","IAR/PARCC","math",248,3.2
"400108",2016,"HS","IAR/PARCC","math",30,6.7
"400113",2016,"HS","IAR/PARCC","math",46,0
"400115",2016,"HS","IAR/PARCC","math",135,8.1
"400117",2016,"HS","IAR/PARCC","math",211,6.6
"400118",2016,"HS","IAR/PARCC","math",138,7.2
"400119",2016,"HS","IAR/PARCC","math",61,8.2
"400121",2016,"HS","IAR/PARCC","math",63,6.3
"400125",2016,"HS","IAR/PARCC","math",10,10
"400126",2016,"HS","IAR/PARCC","math",17,0
"400128",2016,"HS","IAR/PARCC","math",14,0
"400129",2016,"HS","IAR/PARCC","math",15,0
"400131",2016,"HS","IAR/PARCC","math",10,0
"400133",2016,"HS","IAR/PARCC","math",21,0
"400134",2016,"HS","IAR/PARCC","math",22,0
"400135",2016,"HS","IAR/PARCC","math",13,0
"400136",2016,"HS","IAR/PARCC","math",13,0
"400137",2016,"HS","IAR/PARCC","math",18,0
"400139",2016,"HS","IAR/PARCC","math",66,0
"400141",2016,"HS","IAR/PARCC","math",10,0
"400143",2016,"HS","IAR/PARCC","math",17,0
"400145",2016,"HS","IAR/PARCC","math",58,1.7
"400147",2016,"HS","IAR/PARCC","math",10,0
"400149",2016,"HS","IAR/PARCC","math",204,4.4
"400156",2016,"HS","IAR/PARCC","math",190,3.7
"400157",2016,"HS","IAR/PARCC","math",127,13.4
"400162",2016,"HS","IAR/PARCC","math",159,25.8
"400167",2016,"HS","IAR/PARCC","math",50,14
"400169",2016,"HS","IAR/PARCC","math",361,20.8
"400170",2016,"HS","IAR/PARCC","math",110,31.8
"400172",2016,"HS","IAR/PARCC","math",156,9
"400173",2016,"HS","IAR/PARCC","math",13,7.7
"400176",2016,"HS","IAR/PARCC","math",17,5.9
"609674",2016,"HS","IAR/PARCC","math",189,6.3
"609676",2016,"HS","IAR/PARCC","math",113,3.5
"609678",2016,"HS","IAR/PARCC","math",104,67.3
"609679",2016,"HS","IAR/PARCC","math",258,26.4
"609680",2016,"HS","IAR/PARCC","math",23,87
"609682",2016,"HS","IAR/PARCC","math",71,1.4
"609691",2016,"HS","IAR/PARCC","math",206,6.8
"609692",2016,"HS","IAR/PARCC","math",263,6.1
"609693",2016,"HS","IAR/PARCC","math",250,56
"609694",2016,"HS","IAR/PARCC","math",146,56.8
"609695",2016,"HS","IAR/PARCC","math",279,27.6
"609698",2016,"HS","IAR/PARCC","math",188,5.3
"609704",2016,"HS","IAR/PARCC","math",203,4.9
"609705",2016,"HS","IAR/PARCC","math",58,1.7
"609707",2016,"HS","IAR/PARCC","math",59,1.7
"609708",2016,"HS","IAR/PARCC","math",179,2.8
"609709",2016,"HS","IAR/PARCC","math",87,5.7
"609710",2016,"HS","IAR/PARCC","math",94,0
"609711",2016,"HS","IAR/PARCC","math",57,3.5
"609712",2016,"HS","IAR/PARCC","math",36,0
"609713",2016,"HS","IAR/PARCC","math",178,1.1
"609715",2016,"HS","IAR/PARCC","math",144,11.8
"609716",2016,"HS","IAR/PARCC","math",78,6.4
"609718",2016,"HS","IAR/PARCC","math",348,13.5
"609719",2016,"HS","IAR/PARCC","math",153,13.7
"609720",2016,"HS","IAR/PARCC","math",135,74.8
"609722",2016,"HS","IAR/PARCC","math",33,0
"609723",2016,"HS","IAR/PARCC","math",76,10.5
"609724",2016,"HS","IAR/PARCC","math",349,21.5
"609725",2016,"HS","IAR/PARCC","math",356,5.9
"609726",2016,"HS","IAR/PARCC","math",179,43.6
"609727",2016,"HS","IAR/PARCC","math",133,3
"609728",2016,"HS","IAR/PARCC","math",177,5.6
"609729",2016,"HS","IAR/PARCC","math",337,6.5
"609730",2016,"HS","IAR/PARCC","math",285,19.6
"609732",2016,"HS","IAR/PARCC","math",266,4.9
"609733",2016,"HS","IAR/PARCC","math",201,2
"609734",2016,"HS","IAR/PARCC","math",295,9.5
"609737",2016,"HS","IAR/PARCC","math",317,25.6
"609738",2016,"HS","IAR/PARCC","math",209,19.6
"609739",2016,"HS","IAR/PARCC","math",109,6.4
"609740",2016,"HS","IAR/PARCC","math",64,4.7
"609741",2016,"HS","IAR/PARCC","math",415,10.4
"609746",2016,"HS","IAR/PARCC","math",88,26.1
"609750",2016,"HS","IAR/PARCC","math",12,0
"609751",2016,"HS","IAR/PARCC","math",146,39.7
"609753",2016,"HS","IAR/PARCC","math",140,14.3
"609754",2016,"HS","IAR/PARCC","math",55,25.5
"609755",2016,"HS","IAR/PARCC","math",51,72.5
"609756",2016,"HS","IAR/PARCC","math",592,9.8
"609759",2016,"HS","IAR/PARCC","math",217,11.5
"609760",2016,"HS","IAR/PARCC","math",124,16.1
"609761",2016,"HS","IAR/PARCC","math",83,2.4
"609762",2016,"HS","IAR/PARCC","math",151,2
"609764",2016,"HS","IAR/PARCC","math",344,9
"609768",2016,"HS","IAR/PARCC","math",33,3
"609780",2016,"HS","IAR/PARCC","math",188,13.8
"610244",2016,"HS","IAR/PARCC","math",135,3
"610245",2016,"HS","IAR/PARCC","math",40,0
"610304",2016,"HS","IAR/PARCC","math",145,30.3
"610323",2016,"HS","IAR/PARCC","math",82,7.3
"610334",2016,"HS","IAR/PARCC","math",105,5.7
"610340",2016,"HS","IAR/PARCC","math",114,14.9
"610357",2016,"HS","IAR/PARCC","math",48,4.2
"610380",2016,"HS","IAR/PARCC","math",72,5.6
"610381",2016,"HS","IAR/PARCC","math",108,3.7
"610383",2016,"HS","IAR/PARCC","math",92,8.7
"610384",2016,"HS","IAR/PARCC","math",111,16.2
"610385",2016,"HS","IAR/PARCC","math",62,4.8
"610389",2016,"HS","IAR/PARCC","math",76,0
"610390",2016,"HS","IAR/PARCC","math",128,13.3
"610392",2016,"HS","IAR/PARCC","math",77,7.8
"610394",2016,"HS","IAR/PARCC","math",81,3.7
"610499",2016,"HS","IAR/PARCC","math",43,0
"610501",2016,"HS","IAR/PARCC","math",17,0
"610506",2016,"HS","IAR/PARCC","math",28,0
"610513",2016,"HS","IAR/PARCC","math",97,12.4
"610518",2016,"HS","IAR/PARCC","math",14,0
"610524",2016,"HS","IAR/PARCC","math",87,19.5
"610529",2016,"HS","IAR/PARCC","math",26,15.4
"610543",2016,"HS","IAR/PARCC","math",235,35.7
"610547",2016,"HS","IAR/PARCC","math",63,15.9
"610555",2016,"HS","IAR/PARCC","math",12,0
"610558",2016,"HS","IAR/PARCC","math",230,18.7
"610561",2016,"HS","IAR/PARCC","math",155,19.4
"610563",2016,"HS","IAR/PARCC","math",220,37.7
"610564",2016,"HS","IAR/PARCC","math",110,13.6
"610565",2016,"HS","IAR/PARCC","math",34,0
"610569",2016,"HS","IAR/PARCC","math",23,8.7
"610570",2016,"HS","IAR/PARCC","math",25,0
"610571",2016,"HS","IAR/PARCC","math",42,2.4
"610580",2016,"HS","IAR/PARCC","math",18,11.1
"400009",2015,"ES","IAR/PARCC","math",143,16.1
"400011",2015,"ES","IAR/PARCC","math",311,41.2
"400012",2015,"ES","IAR/PARCC","math",150,2
"400017",2015,"ES","IAR/PARCC","math",561,16.6
"400019",2015,"ES","IAR/PARCC","math",273,16.1
"400020",2015,"ES","IAR/PARCC","math",249,2.8
"400021",2015,"ES","IAR/PARCC","math",332,7.8
"400023",2015,"ES","IAR/PARCC","math",246,41.9
"400024",2015,"ES","IAR/PARCC","math",374,32.9
"400025",2015,"ES","IAR/PARCC","math",430,16.7
"400027",2015,"ES","IAR/PARCC","math",360,36.7
"400028",2015,"ES","IAR/PARCC","math",243,8.2
"400029",2015,"ES","IAR/PARCC","math",296,24.3
"400030",2015,"ES","IAR/PARCC","math",329,28.3
"400031",2015,"ES","IAR/PARCC","math",462,19.5
"400033",2015,"ES","IAR/PARCC","math",755,8.2
"400035",2015,"ES","IAR/PARCC","math",237,30.4
"400036",2015,"ES","IAR/PARCC","math",348,29.3
"400039",2015,"ES","IAR/PARCC","math",281,11.4
"400040",2015,"ES","IAR/PARCC","math",255,10.2
"400041",2015,"ES","IAR/PARCC","math",210,20.5
"400043",2015,"ES","IAR/PARCC","math",147,10.9
"400044",2015,"ES","IAR/PARCC","math",475,12.2
"400045",2015,"ES","IAR/PARCC","math",174,6.9
"400046",2015,"ES","IAR/PARCC","math",308,21.1
"400047",2015,"ES","IAR/PARCC","math",221,9
"400048",2015,"ES","IAR/PARCC","math",185,10.3
"400049",2015,"ES","IAR/PARCC","math",299,10.4
"400050",2015,"ES","IAR/PARCC","math",291,14.1
"400052",2015,"ES","IAR/PARCC","math",274,34.3
"400060",2015,"ES","IAR/PARCC","math",270,33
"400061",2015,"ES","IAR/PARCC","math",208,10.1
"400064",2015,"ES","IAR/PARCC","math",149,6.7
"400066",2015,"ES","IAR/PARCC","math",160,10
"400068",2015,"ES","IAR/PARCC","math",269,5.2
"400069",2015,"ES","IAR/PARCC","math",271,7
"400071",2015,"ES","IAR/PARCC","math",274,13.5
"400072",2015,"ES","IAR/PARCC","math",163,14.1
"400074",2015,"ES","IAR/PARCC","math",166,5.4
"400075",2015,"ES","IAR/PARCC","math",234,27.4
"400076",2015,"ES","IAR/PARCC","math",148,27
"400077",2015,"ES","IAR/PARCC","math",208,13.9
"400078",2015,"ES","IAR/PARCC","math",316,11.4
"400079",2015,"ES","IAR/PARCC","math",434,33.6
"400080",2015,"ES","IAR/PARCC","math",429,30.5
"400081",2015,"ES","IAR/PARCC","math",185,33
"400082",2015,"ES","IAR/PARCC","math",376,27.1
"400083",2015,"ES","IAR/PARCC","math",264,14.8
"400084",2015,"ES","IAR/PARCC","math",191,22
"400087",2015,"ES","IAR/PARCC","math",47,17
"400089",2015,"ES","IAR/PARCC","math",375,27.2
"400092",2015,"ES","IAR/PARCC","math",181,2.8
"400096",2015,"ES","IAR/PARCC","math",354,23.7
"400101",2015,"ES","IAR/PARCC","math",346,28.6
"400107",2015,"ES","IAR/PARCC","math",206,32.5
"400108",2015,"ES","IAR/PARCC","math",59,8.5
"400111",2015,"ES","IAR/PARCC","math",273,21.2
"400112",2015,"ES","IAR/PARCC","math",383,34.2
"400113",2015,"ES","IAR/PARCC","math",128,7
"400114",2015,"ES","IAR/PARCC","math",185,17.3
"400115",2015,"ES","IAR/PARCC","math",286,10.5
"400116",2015,"ES","IAR/PARCC","math",58,0
"400120",2015,"ES","IAR/PARCC","math",375,8.3
"400121",2015,"ES","IAR/PARCC","math",376,17.6
"400146",2015,"ES","IAR/PARCC","math",218,11.5
"400149",2015,"ES","IAR/PARCC","math",215,5.6
"400151",2015,"ES","IAR/PARCC","math",121,19.8
"400153",2015,"ES","IAR/PARCC","math",323,11.8
"400161",2015,"ES","IAR/PARCC","math",153,11.8
"400162",2015,"ES","IAR/PARCC","math",101,24.8
"400163",2015,"ES","IAR/PARCC","math",143,6.3
"400165",2015,"ES","IAR/PARCC","math",256,6.3
"400167",2015,"ES","IAR/PARCC","math",277,20.6
"400171",2015,"ES","IAR/PARCC","math",99,12.1
"609710",2015,"ES","IAR/PARCC","math",22,0
"609716",2015,"ES","IAR/PARCC","math",127,3.9
"609720",2015,"ES","IAR/PARCC","math",48,95.8
"609725",2015,"ES","IAR/PARCC","math",83,37.3
"609734",2015,"ES","IAR/PARCC","math",117,74.4
"609746",2015,"ES","IAR/PARCC","math",164,50.6
"609755",2015,"ES","IAR/PARCC","math",89,98.9
"609772",2015,"ES","IAR/PARCC","math",516,28.1
"609773",2015,"ES","IAR/PARCC","math",184,31.5
"609774",2015,"ES","IAR/PARCC","math",219,63.9
"609777",2015,"ES","IAR/PARCC","math",176,12.5
"609779",2015,"ES","IAR/PARCC","math",873,28.9
"609780",2015,"ES","IAR/PARCC","math",377,13.3
"609781",2015,"ES","IAR/PARCC","math",115,0.9
"609782",2015,"ES","IAR/PARCC","math",258,41.5
"609786",2015,"ES","IAR/PARCC","math",161,6.8
"609788",2015,"ES","IAR/PARCC","math",147,9.5
"609789",2015,"ES","IAR/PARCC","math",402,11.2
"609790",2015,"ES","IAR/PARCC","math",326,1.8
"609791",2015,"ES","IAR/PARCC","math",284,3.9
"609792",2015,"ES","IAR/PARCC","math",582,17.4
"609793",2015,"ES","IAR/PARCC","math",335,8.4
"609794",2015,"ES","IAR/PARCC","math",167,91
"609795",2015,"ES","IAR/PARCC","math",162,21.6
"609796",2015,"ES","IAR/PARCC","math",687,51.5
"609797",2015,"ES","IAR/PARCC","math",267,31.1
"609798",2015,"ES","IAR/PARCC","math",114,34.2
"609799",2015,"ES","IAR/PARCC","math",382,58.9
"609800",2015,"ES","IAR/PARCC","math",232,8.6
"609803",2015,"ES","IAR/PARCC","math",67,79.1
"609804",2015,"ES","IAR/PARCC","math",499,27.7
"609805",2015,"ES","IAR/PARCC","math",284,11.3
"609806",2015,"ES","IAR/PARCC","math",401,8
"609807",2015,"ES","IAR/PARCC","math",392,14.3
"609808",2015,"ES","IAR/PARCC","math",359,7
"609809",2015,"ES","IAR/PARCC","math",210,14.8
"609810",2015,"ES","IAR/PARCC","math",574,35
"609811",2015,"ES","IAR/PARCC","math",145,8.3
"609812",2015,"ES","IAR/PARCC","math",125,2.4
"609813",2015,"ES","IAR/PARCC","math",110,19.1
"609815",2015,"ES","IAR/PARCC","math",374,13.4
"609817",2015,"ES","IAR/PARCC","math",418,26.6
"609818",2015,"ES","IAR/PARCC","math",582,12.9
"609819",2015,"ES","IAR/PARCC","math",186,2.7
"609820",2015,"ES","IAR/PARCC","math",260,59.6
"609821",2015,"ES","IAR/PARCC","math",369,10.6
"609826",2015,"ES","IAR/PARCC","math",554,15.3
"609827",2015,"ES","IAR/PARCC","math",352,17.3
"609828",2015,"ES","IAR/PARCC","math",162,25.9
"609829",2015,"ES","IAR/PARCC","math",280,37.9
"609830",2015,"ES","IAR/PARCC","math",351,2.3
"609832",2015,"ES","IAR/PARCC","math",289,21.8
"609833",2015,"ES","IAR/PARCC","math",151,4.6
"609834",2015,"ES","IAR/PARCC","math",503,11.7
"609835",2015,"ES","IAR/PARCC","math",528,12.9
"609836",2015,"ES","IAR/PARCC","math",483,49.7
"609837",2015,"ES","IAR/PARCC","math",345,20.9
"609839",2015,"ES","IAR/PARCC","math",327,12.5
"609842",2015,"ES","IAR/PARCC","math",655,20.5
"609844",2015,"ES","IAR/PARCC","math",228,8.3
"609845",2015,"ES","IAR/PARCC","math",227,8.8
"609848",2015,"ES","IAR/PARCC","math",115,1.7
"609849",2015,"ES","IAR/PARCC","math",130,25.4
"609850",2015,"ES","IAR/PARCC","math",392,28.3
"609851",2015,"ES","IAR/PARCC","math",204,5.9
"609852",2015,"ES","IAR/PARCC","math",282,29.4
"609853",2015,"ES","IAR/PARCC","math",272,19.5
"609854",2015,"ES","IAR/PARCC","math",260,12.3
"609855",2015,"ES","IAR/PARCC","math",122,11.5
"609856",2015,"ES","IAR/PARCC","math",368,19.6
"609857",2015,"ES","IAR/PARCC","math",345,28.7
"609859",2015,"ES","IAR/PARCC","math",684,31
"609861",2015,"ES","IAR/PARCC","math",322,27
"609862",2015,"ES","IAR/PARCC","math",284,10.2
"609863",2015,"ES","IAR/PARCC","math",169,33.1
"609864",2015,"ES","IAR/PARCC","math",78,0
"609865",2015,"ES","IAR/PARCC","math",355,9.6
"609866",2015,"ES","IAR/PARCC","math",305,55.4
"609867",2015,"ES","IAR/PARCC","math",279,12.9
"609869",2015,"ES","IAR/PARCC","math",219,5.9
"609870",2015,"ES","IAR/PARCC","math",350,17.1
"609872",2015,"ES","IAR/PARCC","math",203,32.5
"609873",2015,"ES","IAR/PARCC","math",195,4.6
"609874",2015,"ES","IAR/PARCC","math",445,38.4
"609875",2015,"ES","IAR/PARCC","math",342,14.9
"609876",2015,"ES","IAR/PARCC","math",441,16.1
"609879",2015,"ES","IAR/PARCC","math",639,26.3
"609880",2015,"ES","IAR/PARCC","math",119,88.2
"609883",2015,"ES","IAR/PARCC","math",332,14.5
"609884",2015,"ES","IAR/PARCC","math",522,31.8
"609885",2015,"ES","IAR/PARCC","math",152,3.3
"609887",2015,"ES","IAR/PARCC","math",443,26
"609888",2015,"ES","IAR/PARCC","math",122,11.5
"609891",2015,"ES","IAR/PARCC","math",166,0.6
"609893",2015,"ES","IAR/PARCC","math",411,30.2
"609894",2015,"ES","IAR/PARCC","math",266,5.3
"609895",2015,"ES","IAR/PARCC","math",217,24.4
"609896",2015,"ES","IAR/PARCC","math",36,33.3
"609897",2015,"ES","IAR/PARCC","math",271,6.3
"609898",2015,"ES","IAR/PARCC","math",708,13
"609899",2015,"ES","IAR/PARCC","math",411,53.8
"609900",2015,"ES","IAR/PARCC","math",394,4.6
"609901",2015,"ES","IAR/PARCC","math",339,58.7
"609902",2015,"ES","IAR/PARCC","math",268,6.3
"609903",2015,"ES","IAR/PARCC","math",858,13.3
"609904",2015,"ES","IAR/PARCC","math",372,9.4
"609907",2015,"ES","IAR/PARCC","math",250,21.6
"609908",2015,"ES","IAR/PARCC","math",204,9.8
"609909",2015,"ES","IAR/PARCC","math",92,12
"609910",2015,"ES","IAR/PARCC","math",732,19.5
"609912",2015,"ES","IAR/PARCC","math",304,41.1
"609917",2015,"ES","IAR/PARCC","math",202,11.9
"609918",2015,"ES","IAR/PARCC","math",323,18.9
"609919",2015,"ES","IAR/PARCC","math",250,6
"609920",2015,"ES","IAR/PARCC","math",466,11.8
"609921",2015,"ES","IAR/PARCC","math",88,11.4
"609922",2015,"ES","IAR/PARCC","math",189,8.5
"609924",2015,"ES","IAR/PARCC","math",159,8.2
"609925",2015,"ES","IAR/PARCC","math",255,11
"609926",2015,"ES","IAR/PARCC","math",217,37.8
"609927",2015,"ES","IAR/PARCC","math",172,8.7
"609928",2015,"ES","IAR/PARCC","math",223,6.3
"609929",2015,"ES","IAR/PARCC","math",213,11.7
"609930",2015,"ES","IAR/PARCC","math",269,6.7
"609933",2015,"ES","IAR/PARCC","math",184,6
"609935",2015,"ES","IAR/PARCC","math",752,11
"609937",2015,"ES","IAR/PARCC","math",522,40.4
"609938",2015,"ES","IAR/PARCC","math",1032,11.8
"609939",2015,"ES","IAR/PARCC","math",271,9.6
"609941",2015,"ES","IAR/PARCC","math",282,5.7
"609942",2015,"ES","IAR/PARCC","math",398,24.4
"609943",2015,"ES","IAR/PARCC","math",258,8.5
"609944",2015,"ES","IAR/PARCC","math",209,25.4
"609945",2015,"ES","IAR/PARCC","math",491,31.2
"609947",2015,"ES","IAR/PARCC","math",301,16.3
"609949",2015,"ES","IAR/PARCC","math",673,22.1
"609951",2015,"ES","IAR/PARCC","math",180,18.9
"609952",2015,"ES","IAR/PARCC","math",266,20.3
"609954",2015,"ES","IAR/PARCC","math",271,5.5
"609955",2015,"ES","IAR/PARCC","math",194,5.2
"609956",2015,"ES","IAR/PARCC","math",278,26.6
"609958",2015,"ES","IAR/PARCC","math",493,23.5
"609959",2015,"ES","IAR/PARCC","math",432,57.6
"609960",2015,"ES","IAR/PARCC","math",600,23.5
"609961",2015,"ES","IAR/PARCC","math",240,8.8
"609963",2015,"ES","IAR/PARCC","math",192,34.9
"609964",2015,"ES","IAR/PARCC","math",377,9
"609966",2015,"ES","IAR/PARCC","math",271,4.8
"609967",2015,"ES","IAR/PARCC","math",248,12.5
"609968",2015,"ES","IAR/PARCC","math",424,8.5
"609969",2015,"ES","IAR/PARCC","math",197,18.8
"609971",2015,"ES","IAR/PARCC","math",213,11.7
"609972",2015,"ES","IAR/PARCC","math",487,21.4
"609973",2015,"ES","IAR/PARCC","math",490,20.8
"609974",2015,"ES","IAR/PARCC","math",355,72.7
"609975",2015,"ES","IAR/PARCC","math",288,6.9
"609976",2015,"ES","IAR/PARCC","math",557,33
"609977",2015,"ES","IAR/PARCC","math",90,17.8
"609978",2015,"ES","IAR/PARCC","math",187,9.1
"609979",2015,"ES","IAR/PARCC","math",796,58.2
"609981",2015,"ES","IAR/PARCC","math",157,2.5
"609983",2015,"ES","IAR/PARCC","math",411,8.3
"609985",2015,"ES","IAR/PARCC","math",208,39.4
"609986",2015,"ES","IAR/PARCC","math",195,4.1
"609987",2015,"ES","IAR/PARCC","math",138,14.5
"609988",2015,"ES","IAR/PARCC","math",300,23.7
"609990",2015,"ES","IAR/PARCC","math",531,46.5
"609991",2015,"ES","IAR/PARCC","math",255,7.5
"609993",2015,"ES","IAR/PARCC","math",275,11.3
"609994",2015,"ES","IAR/PARCC","math",570,15.8
"609995",2015,"ES","IAR/PARCC","math",320,32.2
"609996",2015,"ES","IAR/PARCC","math",318,28.9
"609997",2015,"ES","IAR/PARCC","math",101,4
"610000",2015,"ES","IAR/PARCC","math",332,7.5
"610002",2015,"ES","IAR/PARCC","math",152,23
"610003",2015,"ES","IAR/PARCC","math",298,11.7
"610004",2015,"ES","IAR/PARCC","math",161,11.2
"610005",2015,"ES","IAR/PARCC","math",172,13.4
"610006",2015,"ES","IAR/PARCC","math",523,28.9
"610009",2015,"ES","IAR/PARCC","math",337,47.5
"610010",2015,"ES","IAR/PARCC","math",104,10.6
"610011",2015,"ES","IAR/PARCC","math",522,38.5
"610012",2015,"ES","IAR/PARCC","math",56,0
"610013",2015,"ES","IAR/PARCC","math",240,17.9
"610015",2015,"ES","IAR/PARCC","math",147,12.2
"610016",2015,"ES","IAR/PARCC","math",168,21.4
"610017",2015,"ES","IAR/PARCC","math",588,25
"610019",2015,"ES","IAR/PARCC","math",152,13.2
"610021",2015,"ES","IAR/PARCC","math",282,29.1
"610022",2015,"ES","IAR/PARCC","math",421,16.2
"610024",2015,"ES","IAR/PARCC","math",136,46.3
"610026",2015,"ES","IAR/PARCC","math",430,33.5
"610027",2015,"ES","IAR/PARCC","math",248,27
"610029",2015,"ES","IAR/PARCC","math",148,12.2
"610030",2015,"ES","IAR/PARCC","math",219,8.7
"610032",2015,"ES","IAR/PARCC","math",108,15.7
"610033",2015,"ES","IAR/PARCC","math",354,56.2
"610034",2015,"ES","IAR/PARCC","math",219,3.7
"610036",2015,"ES","IAR/PARCC","math",310,8.1
"610037",2015,"ES","IAR/PARCC","math",302,6.6
"610038",2015,"ES","IAR/PARCC","math",533,71.3
"610039",2015,"ES","IAR/PARCC","math",318,20.4
"610040",2015,"ES","IAR/PARCC","math",522,20.5
"610041",2015,"ES","IAR/PARCC","math",758,21.2
"610043",2015,"ES","IAR/PARCC","math",255,2.4
"610044",2015,"ES","IAR/PARCC","math",278,12.9
"610046",2015,"ES","IAR/PARCC","math",971,29.2
"610047",2015,"ES","IAR/PARCC","math",139,6.5
"610048",2015,"ES","IAR/PARCC","math",153,1.3
"610051",2015,"ES","IAR/PARCC","math",486,11.1
"610052",2015,"ES","IAR/PARCC","math",215,5.1
"610053",2015,"ES","IAR/PARCC","math",729,11.1
"610054",2015,"ES","IAR/PARCC","math",489,18.8
"610055",2015,"ES","IAR/PARCC","math",193,15
"610056",2015,"ES","IAR/PARCC","math",227,7.5
"610057",2015,"ES","IAR/PARCC","math",349,8.9
"610059",2015,"ES","IAR/PARCC","math",284,49.3
"610060",2015,"ES","IAR/PARCC","math",354,60.2
"610062",2015,"ES","IAR/PARCC","math",134,28.4
"610063",2015,"ES","IAR/PARCC","math",370,15.7
"610065",2015,"ES","IAR/PARCC","math",190,4.2
"610066",2015,"ES","IAR/PARCC","math",94,84
"610067",2015,"ES","IAR/PARCC","math",445,9.2
"610068",2015,"ES","IAR/PARCC","math",753,24.3
"610070",2015,"ES","IAR/PARCC","math",417,16.1
"610073",2015,"ES","IAR/PARCC","math",192,43.2
"610074",2015,"ES","IAR/PARCC","math",581,19.3
"610075",2015,"ES","IAR/PARCC","math",23,0
"610076",2015,"ES","IAR/PARCC","math",308,15.9
"610077",2015,"ES","IAR/PARCC","math",448,3.1
"610078",2015,"ES","IAR/PARCC","math",244,34
"610081",2015,"ES","IAR/PARCC","math",283,57.2
"610082",2015,"ES","IAR/PARCC","math",619,51.2
"610084",2015,"ES","IAR/PARCC","math",165,90.9
"610086",2015,"ES","IAR/PARCC","math",161,12.4
"610088",2015,"ES","IAR/PARCC","math",458,11.8
"610089",2015,"ES","IAR/PARCC","math",261,31.4
"610090",2015,"ES","IAR/PARCC","math",183,32.2
"610091",2015,"ES","IAR/PARCC","math",174,14.4
"610092",2015,"ES","IAR/PARCC","math",181,1.1
"610093",2015,"ES","IAR/PARCC","math",138,5.1
"610094",2015,"ES","IAR/PARCC","math",202,48.5
"610095",2015,"ES","IAR/PARCC","math",363,28.7
"610096",2015,"ES","IAR/PARCC","math",734,16.5
"610097",2015,"ES","IAR/PARCC","math",528,8.9
"610098",2015,"ES","IAR/PARCC","math",417,26.6
"610099",2015,"ES","IAR/PARCC","math",168,56
"610100",2015,"ES","IAR/PARCC","math",357,14
"610101",2015,"ES","IAR/PARCC","math",300,55
"610102",2015,"ES","IAR/PARCC","math",234,0.4
"610103",2015,"ES","IAR/PARCC","math",370,10
"610104",2015,"ES","IAR/PARCC","math",336,44.6
"610105",2015,"ES","IAR/PARCC","math",361,57.3
"610106",2015,"ES","IAR/PARCC","math",277,8.7
"610107",2015,"ES","IAR/PARCC","math",246,10.2
"610108",2015,"ES","IAR/PARCC","math",280,6.8
"610109",2015,"ES","IAR/PARCC","math",160,21.3
"610110",2015,"ES","IAR/PARCC","math",263,11.4
"610111",2015,"ES","IAR/PARCC","math",506,25.5
"610112",2015,"ES","IAR/PARCC","math",365,5.2
"610115",2015,"ES","IAR/PARCC","math",210,11
"610116",2015,"ES","IAR/PARCC","math",153,5.9
"610117",2015,"ES","IAR/PARCC","math",690,14.1
"610120",2015,"ES","IAR/PARCC","math",911,25.7
"610121",2015,"ES","IAR/PARCC","math",242,11.2
"610122",2015,"ES","IAR/PARCC","math",531,27.7
"610123",2015,"ES","IAR/PARCC","math",186,11.3
"610124",2015,"ES","IAR/PARCC","math",284,7.7
"610125",2015,"ES","IAR/PARCC","math",514,12.6
"610126",2015,"ES","IAR/PARCC","math",306,11.8
"610127",2015,"ES","IAR/PARCC","math",472,27.1
"610128",2015,"ES","IAR/PARCC","math",168,12.5
"610129",2015,"ES","IAR/PARCC","math",338,14.5
"610130",2015,"ES","IAR/PARCC","math",172,18
"610131",2015,"ES","IAR/PARCC","math",99,22.2
"610132",2015,"ES","IAR/PARCC","math",116,85.3
"610133",2015,"ES","IAR/PARCC","math",373,16.1
"610135",2015,"ES","IAR/PARCC","math",532,18.4
"610136",2015,"ES","IAR/PARCC","math",115,39.1
"610137",2015,"ES","IAR/PARCC","math",360,24.4
"610138",2015,"ES","IAR/PARCC","math",432,31.7
"610139",2015,"ES","IAR/PARCC","math",157,8.3
"610141",2015,"ES","IAR/PARCC","math",232,35.3
"610142",2015,"ES","IAR/PARCC","math",319,26
"610143",2015,"ES","IAR/PARCC","math",146,6.2
"610144",2015,"ES","IAR/PARCC","math",595,16.8
"610145",2015,"ES","IAR/PARCC","math",496,33.1
"610146",2015,"ES","IAR/PARCC","math",176,2.8
"610147",2015,"ES","IAR/PARCC","math",319,32.9
"610148",2015,"ES","IAR/PARCC","math",531,32.2
"610152",2015,"ES","IAR/PARCC","math",254,6.3
"610153",2015,"ES","IAR/PARCC","math",204,6.4
"610155",2015,"ES","IAR/PARCC","math",356,49.2
"610157",2015,"ES","IAR/PARCC","math",1185,14.7
"610158",2015,"ES","IAR/PARCC","math",303,18.2
"610159",2015,"ES","IAR/PARCC","math",615,18.5
"610165",2015,"ES","IAR/PARCC","math",365,13.4
"610167",2015,"ES","IAR/PARCC","math",499,14.8
"610170",2015,"ES","IAR/PARCC","math",729,24.4
"610171",2015,"ES","IAR/PARCC","math",417,12
"610172",2015,"ES","IAR/PARCC","math",182,6.6
"610173",2015,"ES","IAR/PARCC","math",197,11.2
"610174",2015,"ES","IAR/PARCC","math",336,11.9
"610175",2015,"ES","IAR/PARCC","math",205,19.5
"610176",2015,"ES","IAR/PARCC","math",302,13.9
"610177",2015,"ES","IAR/PARCC","math",495,75.8
"610178",2015,"ES","IAR/PARCC","math",106,7.5
"610179",2015,"ES","IAR/PARCC","math",628,31.2
"610180",2015,"ES","IAR/PARCC","math",225,3.1
"610182",2015,"ES","IAR/PARCC","math",158,58.9
"610183",2015,"ES","IAR/PARCC","math",449,5.1
"610184",2015,"ES","IAR/PARCC","math",412,15.8
"610185",2015,"ES","IAR/PARCC","math",796,25.1
"610188",2015,"ES","IAR/PARCC","math",140,22.9
"610191",2015,"ES","IAR/PARCC","math",359,47.6
"610192",2015,"ES","IAR/PARCC","math",447,7.2
"610193",2015,"ES","IAR/PARCC","math",273,6.6
"610194",2015,"ES","IAR/PARCC","math",182,22.5
"610195",2015,"ES","IAR/PARCC","math",401,28.4
"610196",2015,"ES","IAR/PARCC","math",376,33.2
"610197",2015,"ES","IAR/PARCC","math",271,23.2
"610198",2015,"ES","IAR/PARCC","math",195,11.3
"610199",2015,"ES","IAR/PARCC","math",141,16.3
"610200",2015,"ES","IAR/PARCC","math",130,3.8
"610201",2015,"ES","IAR/PARCC","math",442,39.4
"610202",2015,"ES","IAR/PARCC","math",198,4
"610203",2015,"ES","IAR/PARCC","math",507,23.7
"610206",2015,"ES","IAR/PARCC","math",758,33.9
"610207",2015,"ES","IAR/PARCC","math",201,13.4
"610208",2015,"ES","IAR/PARCC","math",268,7.1
"610209",2015,"ES","IAR/PARCC","math",596,20.8
"610212",2015,"ES","IAR/PARCC","math",270,26.3
"610213",2015,"ES","IAR/PARCC","math",299,16.4
"610215",2015,"ES","IAR/PARCC","math",322,12.7
"610216",2015,"ES","IAR/PARCC","math",206,14.6
"610217",2015,"ES","IAR/PARCC","math",313,49.8
"610218",2015,"ES","IAR/PARCC","math",178,15.2
"610219",2015,"ES","IAR/PARCC","math",399,30.3
"610220",2015,"ES","IAR/PARCC","math",326,36.5
"610221",2015,"ES","IAR/PARCC","math",167,27.5
"610223",2015,"ES","IAR/PARCC","math",300,5.3
"610225",2015,"ES","IAR/PARCC","math",182,15.4
"610226",2015,"ES","IAR/PARCC","math",551,19.1
"610227",2015,"ES","IAR/PARCC","math",655,23.1
"610228",2015,"ES","IAR/PARCC","math",196,7.1
"610229",2015,"ES","IAR/PARCC","math",380,37.9
"610230",2015,"ES","IAR/PARCC","math",289,50.5
"610231",2015,"ES","IAR/PARCC","math",330,18.5
"610234",2015,"ES","IAR/PARCC","math",270,14.1
"610235",2015,"ES","IAR/PARCC","math",627,7.2
"610237",2015,"ES","IAR/PARCC","math",188,12.2
"610238",2015,"ES","IAR/PARCC","math",153,2
"610239",2015,"ES","IAR/PARCC","math",400,15
"610242",2015,"ES","IAR/PARCC","math",257,29.6
"610246",2015,"ES","IAR/PARCC","math",569,23.4
"610248",2015,"ES","IAR/PARCC","math",360,28.3
"610249",2015,"ES","IAR/PARCC","math",218,22
"610250",2015,"ES","IAR/PARCC","math",225,18.7
"610251",2015,"ES","IAR/PARCC","math",220,10.5
"610252",2015,"ES","IAR/PARCC","math",219,3.2
"610254",2015,"ES","IAR/PARCC","math",257,7.4
"610256",2015,"ES","IAR/PARCC","math",20,15
"610257",2015,"ES","IAR/PARCC","math",203,29.1
"610263",2015,"ES","IAR/PARCC","math",396,2.8
"610268",2015,"ES","IAR/PARCC","math",213,8
"610269",2015,"ES","IAR/PARCC","math",244,20.5
"610271",2015,"ES","IAR/PARCC","math",276,5.4
"610274",2015,"ES","IAR/PARCC","math",217,12.4
"610276",2015,"ES","IAR/PARCC","math",136,5.1
"610279",2015,"ES","IAR/PARCC","math",237,10.1
"610281",2015,"ES","IAR/PARCC","math",339,28.9
"610282",2015,"ES","IAR/PARCC","math",186,6.5
"610284",2015,"ES","IAR/PARCC","math",102,25.5
"610287",2015,"ES","IAR/PARCC","math",263,9.5
"610290",2015,"ES","IAR/PARCC","math",258,10.5
"610291",2015,"ES","IAR/PARCC","math",569,16.2
"610293",2015,"ES","IAR/PARCC","math",296,4.1
"610295",2015,"ES","IAR/PARCC","math",199,12.1
"610298",2015,"ES","IAR/PARCC","math",131,74
"610299",2015,"ES","IAR/PARCC","math",126,2.4
"610300",2015,"ES","IAR/PARCC","math",189,5.8
"610305",2015,"ES","IAR/PARCC","math",354,5.9
"610312",2015,"ES","IAR/PARCC","math",75,24
"610313",2015,"ES","IAR/PARCC","math",412,11.2
"610315",2015,"ES","IAR/PARCC","math",108,7.4
"610316",2015,"ES","IAR/PARCC","math",168,32.1
"610317",2015,"ES","IAR/PARCC","math",248,10.1
"610319",2015,"ES","IAR/PARCC","math",346,17.6
"610321",2015,"ES","IAR/PARCC","math",101,15.8
"610325",2015,"ES","IAR/PARCC","math",484,18.2
"610329",2015,"ES","IAR/PARCC","math",459,23.7
"610339",2015,"ES","IAR/PARCC","math",334,13.2
"610342",2015,"ES","IAR/PARCC","math",80,26.3
"610345",2015,"ES","IAR/PARCC","math",168,3.6
"610347",2015,"ES","IAR/PARCC","math",232,5.2
"610350",2015,"ES","IAR/PARCC","math",317,10.4
"610352",2015,"ES","IAR/PARCC","math",359,28.1
"610353",2015,"ES","IAR/PARCC","math",479,14
"610354",2015,"ES","IAR/PARCC","math",130,32.3
"610355",2015,"ES","IAR/PARCC","math",201,14.4
"610362",2015,"ES","IAR/PARCC","math",215,17.2
"610363",2015,"ES","IAR/PARCC","math",925,42.4
"610364",2015,"ES","IAR/PARCC","math",143,7
"610366",2015,"ES","IAR/PARCC","math",76,11.8
"610367",2015,"ES","IAR/PARCC","math",369,3.5
"610368",2015,"ES","IAR/PARCC","math",280,2.9
"610369",2015,"ES","IAR/PARCC","math",177,3.4
"610391",2015,"ES","IAR/PARCC","math",40,27.5
"610396",2015,"ES","IAR/PARCC","math",613,24.5
"610405",2015,"ES","IAR/PARCC","math",143,8.4
"610503",2015,"ES","IAR/PARCC","math",164,36.6
"610515",2015,"ES","IAR/PARCC","math",176,56.8
"610520",2015,"ES","IAR/PARCC","math",312,45.2
"610521",2015,"ES","IAR/PARCC","math",196,10.2
"610523",2015,"ES","IAR/PARCC","math",260,46.9
"610529",2015,"ES","IAR/PARCC","math",214,45.8
"610530",2015,"ES","IAR/PARCC","math",214,8.9
"610532",2015,"ES","IAR/PARCC","math",812,19.1
"610533",2015,"ES","IAR/PARCC","math",515,16.5
"610534",2015,"ES","IAR/PARCC","math",228,93.9
"610539",2015,"ES","IAR/PARCC","math",566,18.2
"610541",2015,"ES","IAR/PARCC","math",536,21.5
"610542",2015,"ES","IAR/PARCC","math",416,39.2
"610544",2015,"ES","IAR/PARCC","math",605,22.1
"610548",2015,"ES","IAR/PARCC","math",207,60.9
"610559",2015,"ES","IAR/PARCC","math",682,12.5
"610564",2015,"ES","IAR/PARCC","math",178,18
"610572",2015,"ES","IAR/PARCC","math",38,0
"400010",2015,"HS","IAR/PARCC","math",69,2.9
"400012",2015,"HS","IAR/PARCC","math",26,0
"400013",2015,"HS","IAR/PARCC","math",98,3.1
"400018",2015,"HS","IAR/PARCC","math",28,0
"400022",2015,"HS","IAR/PARCC","math",58,24.1
"400032",2015,"HS","IAR/PARCC","math",85,0
"400033",2015,"HS","IAR/PARCC","math",99,2
"400034",2015,"HS","IAR/PARCC","math",219,12.3
"400035",2015,"HS","IAR/PARCC","math",87,16.1
"400036",2015,"HS","IAR/PARCC","math",30,10
"400051",2015,"HS","IAR/PARCC","math",161,28
"400052",2015,"HS","IAR/PARCC","math",197,20.8
"400053",2015,"HS","IAR/PARCC","math",173,13.3
"400054",2015,"HS","IAR/PARCC","math",232,24.6
"400055",2015,"HS","IAR/PARCC","math",142,17.6
"400056",2015,"HS","IAR/PARCC","math",156,5.8
"400057",2015,"HS","IAR/PARCC","math",254,35
"400058",2015,"HS","IAR/PARCC","math",96,1
"400059",2015,"HS","IAR/PARCC","math",105,1
"400061",2015,"HS","IAR/PARCC","math",96,10.4
"400062",2015,"HS","IAR/PARCC","math",87,5.7
"400064",2015,"HS","IAR/PARCC","math",47,4.3
"400066",2015,"HS","IAR/PARCC","math",101,6.9
"400077",2015,"HS","IAR/PARCC","math",119,2.5
"400085",2015,"HS","IAR/PARCC","math",175,13.7
"400086",2015,"HS","IAR/PARCC","math",115,0
"400087",2015,"HS","IAR/PARCC","math",83,1.2
"400091",2015,"HS","IAR/PARCC","math",75,6.7
"400094",2015,"HS","IAR/PARCC","math",99,11.1
"400097",2015,"HS","IAR/PARCC","math",312,29.5
"400098",2015,"HS","IAR/PARCC","math",213,33.3
"400102",2015,"HS","IAR/PARCC","math",99,1
"400104",2015,"HS","IAR/PARCC","math",172,15.7
"400105",2015,"HS","IAR/PARCC","math",109,0
"400106",2015,"HS","IAR/PARCC","math",193,7.8
"400108",2015,"HS","IAR/PARCC","math",33,0
"400113",2015,"HS","IAR/PARCC","math",55,3.6
"400115",2015,"HS","IAR/PARCC","math",123,8.1
"400117",2015,"HS","IAR/PARCC","math",141,8.5
"400118",2015,"HS","IAR/PARCC","math",104,1.9
"400119",2015,"HS","IAR/PARCC","math",70,2.9
"400121",2015,"HS","IAR/PARCC","math",89,5.6
"400124",2015,"HS","IAR/PARCC","math",23,0
"400125",2015,"HS","IAR/PARCC","math",16,6.3
"400126",2015,"HS","IAR/PARCC","math",18,0
"400130",2015,"HS","IAR/PARCC","math",13,0
"400131",2015,"HS","IAR/PARCC","math",13,0
"400133",2015,"HS","IAR/PARCC","math",33,0
"400134",2015,"HS","IAR/PARCC","math",81,0
"400135",2015,"HS","IAR/PARCC","math",27,0
"400137",2015,"HS","IAR/PARCC","math",27,0
"400139",2015,"HS","IAR/PARCC","math",13,0
"400141",2015,"HS","IAR/PARCC","math",10,10
"400143",2015,"HS","IAR/PARCC","math",27,0
"400149",2015,"HS","IAR/PARCC","math",184,6
"400156",2015,"HS","IAR/PARCC","math",151,8.6
"400157",2015,"HS","IAR/PARCC","math",156,10.9
"400162",2015,"HS","IAR/PARCC","math",136,17.6
"400169",2015,"HS","IAR/PARCC","math",258,27.5
"400170",2015,"HS","IAR/PARCC","math",177,22
"609674",2015,"HS","IAR/PARCC","math",154,0.6
"609676",2015,"HS","IAR/PARCC","math",114,0.9
"609678",2015,"HS","IAR/PARCC","math",137,78.8
"609679",2015,"HS","IAR/PARCC","math",293,13.7
"609680",2015,"HS","IAR/PARCC","math",26,73.1
"609682",2015,"HS","IAR/PARCC","math",61,0
"609691",2015,"HS","IAR/PARCC","math",200,2.5
"609692",2015,"HS","IAR/PARCC","math",294,4.8
"609693",2015,"HS","IAR/PARCC","math",215,30.7
"609694",2015,"HS","IAR/PARCC","math",174,5.2
"609695",2015,"HS","IAR/PARCC","math",225,8.4
"609698",2015,"HS","IAR/PARCC","math",167,1.2
"609704",2015,"HS","IAR/PARCC","math",164,6.1
"609705",2015,"HS","IAR/PARCC","math",54,0
"609707",2015,"HS","IAR/PARCC","math",42,0
"609708",2015,"HS","IAR/PARCC","math",73,2.7
"609709",2015,"HS","IAR/PARCC","math",81,2.5
"609710",2015,"HS","IAR/PARCC","math",99,0
"609711",2015,"HS","IAR/PARCC","math",60,3.3
"609712",2015,"HS","IAR/PARCC","math",40,0
"609713",2015,"HS","IAR/PARCC","math",145,0.7
"609715",2015,"HS","IAR/PARCC","math",55,10.9
"609716",2015,"HS","IAR/PARCC","math",131,2.3
"609718",2015,"HS","IAR/PARCC","math",302,12.6
"609719",2015,"HS","IAR/PARCC","math",265,10.6
"609720",2015,"HS","IAR/PARCC","math",99,65.7
"609722",2015,"HS","IAR/PARCC","math",74,4.1
"609723",2015,"HS","IAR/PARCC","math",77,1.3
"609724",2015,"HS","IAR/PARCC","math",198,15.7
"609725",2015,"HS","IAR/PARCC","math",331,5.7
"609726",2015,"HS","IAR/PARCC","math",108,47.2
"609727",2015,"HS","IAR/PARCC","math",130,1.5
"609728",2015,"HS","IAR/PARCC","math",62,9.7
"609729",2015,"HS","IAR/PARCC","math",318,3.5
"609730",2015,"HS","IAR/PARCC","math",316,25.3
"609732",2015,"HS","IAR/PARCC","math",217,9.2
"609733",2015,"HS","IAR/PARCC","math",120,2.5
"609734",2015,"HS","IAR/PARCC","math",261,10.3
"609737",2015,"HS","IAR/PARCC","math",315,22.2
"609738",2015,"HS","IAR/PARCC","math",117,25.6
"609739",2015,"HS","IAR/PARCC","math",190,0.5
"609740",2015,"HS","IAR/PARCC","math",127,0.8
"609741",2015,"HS","IAR/PARCC","math",387,2.6
"609746",2015,"HS","IAR/PARCC","math",156,7.1
"609751",2015,"HS","IAR/PARCC","math",136,6.6
"609753",2015,"HS","IAR/PARCC","math",134,20.9
"609754",2015,"HS","IAR/PARCC","math",75,1.3
"609755",2015,"HS","IAR/PARCC","math",59,71.2
"609756",2015,"HS","IAR/PARCC","math",304,14.5
"609759",2015,"HS","IAR/PARCC","math",215,2.3
"609760",2015,"HS","IAR/PARCC","math",138,2.2
"609761",2015,"HS","IAR/PARCC","math",102,1
"609762",2015,"HS","IAR/PARCC","math",125,2.4
"609764",2015,"HS","IAR/PARCC","math",262,17.9
"609768",2015,"HS","IAR/PARCC","math",34,0
"609780",2015,"HS","IAR/PARCC","math",122,9
"610244",2015,"HS","IAR/PARCC","math",112,1.8
"610245",2015,"HS","IAR/PARCC","math",63,0
"610304",2015,"HS","IAR/PARCC","math",123,24.4
"610323",2015,"HS","IAR/PARCC","math",61,1.6
"610334",2015,"HS","IAR/PARCC","math",120,0
"610340",2015,"HS","IAR/PARCC","math",40,27.5
"610357",2015,"HS","IAR/PARCC","math",51,9.8
"610380",2015,"HS","IAR/PARCC","math",82,3.7
"610381",2015,"HS","IAR/PARCC","math",124,1.6
"610383",2015,"HS","IAR/PARCC","math",57,3.5
"610384",2015,"HS","IAR/PARCC","math",93,9.7
"610385",2015,"HS","IAR/PARCC","math",55,1.8
"610389",2015,"HS","IAR/PARCC","math",82,1.2
"610390",2015,"HS","IAR/PARCC","math",175,14.3
"610392",2015,"HS","IAR/PARCC","math",62,0
"610394",2015,"HS","IAR/PARCC","math",22,4.5
"610499",2015,"HS","IAR/PARCC","math",110,0
"610501",2015,"HS","IAR/PARCC","math",12,8.3
"610506",2015,"HS","IAR/PARCC","math",53,0
"610513",2015,"HS","IAR/PARCC","math",99,6.1
"610518",2015,"HS","IAR/PARCC","math",28,3.6
"610524",2015,"HS","IAR/PARCC","math",58,6.9
"610529",2015,"HS","IAR/PARCC","math",29,6.9
"610543",2015,"HS","IAR/PARCC","math",264,22.7
"610547",2015,"HS","IAR/PARCC","math",33,9.1
"610561",2015,"HS","IAR/PARCC","math",149,14.8
"610563",2015,"HS","IAR/PARCC","math",444,28.4
"610564",2015,"HS","IAR/PARCC","math",140,17.9
"400013",2024,"HS","SAT","reading",71.0,4.2
"400013",2024,"HS","SAT","math",71.0,0.0
"400022",2024,"HS","SAT","reading",143.0,32.9
"400022",2024,"HS","SAT","math",143.0,11.9
"400032",2024,"HS","SAT","reading",49.0,4.1
"400032",2024,"HS","SAT","math",49.0,0.0
"400033",2024,"HS","SAT","reading",69.0,2.9
"400033",2024,"HS","SAT","math",69.0,0.0
"400034",2024,"HS","SAT","reading",214.0,20.6
"400034",2024,"HS","SAT","math",214.0,15.4
"400035",2024,"HS","SAT","reading",93.0,32.3
"400035",2024,"HS","SAT","math",93.0,36.6
"400051",2024,"HS","SAT","reading",154.0,16.2
"400051",2024,"HS","SAT","math",154.0,26.0
"400052",2024,"HS","SAT","reading",125.0,5.6
"400052",2024,"HS","SAT","math",125.0,3.2
"400053",2024,"HS","SAT","reading",166.0,16.3
"400053",2024,"HS","SAT","math",166.0,10.8
"400054",2024,"HS","SAT","reading",217.0,26.7
"400054",2024,"HS","SAT","math",217.0,24.4
"400055",2024,"HS","SAT","reading",172.0,8.1
"400055",2024,"HS","SAT","math",172.0,7.6
"400056",2024,"HS","SAT","reading",60.0,6.7
"400056",2024,"HS","SAT","math",60.0,0.0
"400057",2024,"HS","SAT","reading",202.0,14.9
"400057",2024,"HS","SAT","math",202.0,10.4
"400058",2024,"HS","SAT","reading",69.0,0.0
"400058",2024,"HS","SAT","math",69.0,1.4
"400059",2024,"HS","SAT","reading",86.0,2.3
"400059",2024,"HS","SAT","math",86.0,2.3
"400061",2024,"HS","SAT","reading",106.0,2.8
"400061",2024,"HS","SAT","math",106.0,0.0
"400062",2024,"HS","SAT","reading",92.0,2.2
"400062",2024,"HS","SAT","math",92.0,0.0
"400064",2024,"HS","SAT","reading",54.0,1.9
"400064",2024,"HS","SAT","math",54.0,1.9
"400066",2024,"HS","SAT","reading",85.0,2.4
"400066",2024,"HS","SAT","math",85.0,2.4
"400077",2024,"HS","SAT","reading",79.0,11.4
"400077",2024,"HS","SAT","math",79.0,3.8
"400085",2024,"HS","SAT","reading",163.0,6.7
"400085",2024,"HS","SAT","math",163.0,0.6
"400086",2024,"HS","SAT","reading",21.0,4.8
"400086",2024,"HS","SAT","math",21.0,0.0
"400091",2024,"HS","SAT","reading",69.0,0.0
"400091",2024,"HS","SAT","math",69.0,0.0
"400094",2024,"HS","SAT","reading",60.0,8.3
"400094",2024,"HS","SAT","math",60.0,1.7
"400097",2024,"HS","SAT","reading",252.0,9.1
"400097",2024,"HS","SAT","math",252.0,7.5
"400098",2024,"HS","SAT","reading",212.0,13.2
"400098",2024,"HS","SAT","math",212.0,13.2
"400104",2024,"HS","SAT","reading",132.0,6.8
"400104",2024,"HS","SAT","math",132.0,2.3
"400105",2024,"HS","SAT","reading",38.0,7.9
"400105",2024,"HS","SAT","math",38.0,0.0
"400106",2024,"HS","SAT","reading",84.0,3.6
"400106",2024,"HS","SAT","math",84.0,1.2
"400117",2024,"HS","SAT","reading",106.0,8.5
"400117",2024,"HS","SAT","math",106.0,2.8
"400118",2024,"HS","SAT","reading",86.0,3.5
"400118",2024,"HS","SAT","math",86.0,5.8
"400119",2024,"HS","SAT","reading",37.0,0.0
"400119",2024,"HS","SAT","math",37.0,0.0
"400121",2024,"HS","SAT","reading",37.0,10.8
"400121",2024,"HS","SAT","math",37.0,10.8
"400123",2024,"HS","SAT","reading",36.0,0.0
"400123",2024,"HS","SAT","math",36.0,0.0
"400124",2024,"HS","SAT","reading",36.0,0.0
"400124",2024,"HS","SAT","math",36.0,0.0
"400125",2024,"HS","SAT","reading",70.0,1.4
"400125",2024,"HS","SAT","math",69.0,1.4
"400126",2024,"HS","SAT","reading",15.0,0.0
"400126",2024,"HS","SAT","math",15.0,0.0
"400128",2024,"HS","SAT","reading",45.0,2.2
"400128",2024,"HS","SAT","math",44.0,0.0
"400129",2024,"HS","SAT","reading",66.0,1.5
"400129",2024,"HS","SAT","math",66.0,0.0
"400130",2024,"HS","SAT","reading",16.0,0.0
"400130",2024,"HS","SAT","math",16.0,0.0
"400131",2024,"HS","SAT","reading",62.0,0.0
"400131",2024,"HS","SAT","math",62.0,0.0
"400133",2024,"HS","SAT","reading",102.0,1.0
"400133",2024,"HS","SAT","math",102.0,0.0
"400135",2024,"HS","SAT","reading",56.0,0.0
"400135",2024,"HS","SAT","math",56.0,0.0
"400136",2024,"HS","SAT","reading",44.0,11.4
"400136",2024,"HS","SAT","math",44.0,2.3
"400137",2024,"HS","SAT","reading",23.0,0.0
"400137",2024,"HS","SAT","math",23.0,0.0
"400139",2024,"HS","SAT","reading",54.0,0.0
"400139",2024,"HS","SAT","math",54.0,1.9
"400141",2024,"HS","SAT","reading",36.0,8.3
"400141",2024,"HS","SAT","math",36.0,0.0
"400143",2024,"HS","SAT","reading",48.0,6.3
"400143",2024,"HS","SAT","math",48.0,0.0
"400144",2024,"HS","SAT","reading",45.0,0.0
"400144",2024,"HS","SAT","math",45.0,0.0
"400145",2024,"HS","SAT","reading",30.0,0.0
"400145",2024,"HS","SAT","math",30.0,0.0
"400147",2024,"HS","SAT","reading",40.0,7.5
"400147",2024,"HS","SAT","math",40.0,0.0
"400149",2024,"HS","SAT","reading",136.0,2.9
"400149",2024,"HS","SAT","math",136.0,2.2
"400150",2024,"HS","SAT","reading",29.0,3.4
"400150",2024,"HS","SAT","math",29.0,0.0
"400156",2024,"HS","SAT","reading",128.0,5.5
"400156",2024,"HS","SAT","math",128.0,3.9
"400157",2024,"HS","SAT","reading",60.0,10.0
"400157",2024,"HS","SAT","math",60.0,1.7
"400161",2024,"HS","SAT","reading",28.0,0.0
"400161",2024,"HS","SAT","math",28.0,0.0
"400162",2024,"HS","SAT","reading",162.0,16.0
"400162",2024,"HS","SAT","math",162.0,13.6
"400164",2024,"HS","SAT","reading",20.0,5.0
"400164",2024,"HS","SAT","math",19.0,0.0
"400167",2024,"HS","SAT","reading",61.0,13.1
"400167",2024,"HS","SAT","math",61.0,4.9
"400169",2024,"HS","SAT","reading",274.0,15.3
"400169",2024,"HS","SAT","math",274.0,18.2
"400170",2024,"HS","SAT","reading",103.0,16.5
"400170",2024,"HS","SAT","math",103.0,3.9
"400172",2024,"HS","SAT","reading",77.0,1.3
"400172",2024,"HS","SAT","math",77.0,0.0
"400173",2024,"HS","SAT","reading",93.0,5.4
"400173",2024,"HS","SAT","math",93.0,0.0
"400175",2024,"HS","SAT","reading",46.0,4.3
"400175",2024,"HS","SAT","math",46.0,2.2
"400176",2024,"HS","SAT","reading",43.0,2.3
"400176",2024,"HS","SAT","math",43.0,0.0
"400179",2024,"HS","SAT","reading",248.0,14.5
"400179",2024,"HS","SAT","math",248.0,15.7
"400181",2024,"HS","SAT","reading",91.0,4.4
"400181",2024,"HS","SAT","math",91.0,0.0
"400182",2024,"HS","SAT","reading",121.0,7.4
"400182",2024,"HS","SAT","math",121.0,3.3
"609674",2024,"HS","SAT","reading",124.0,4.0
"609674",2024,"HS","SAT","math",124.0,0.8
"609676",2024,"HS","SAT","reading",85.0,1.2
"609676",2024,"HS","SAT","math",85.0,0.0
"609678",2024,"HS","SAT","reading",471.0,82.0
"609678",2024,"HS","SAT","math",471.0,79.2
"609679",2024,"HS","SAT","reading",259.0,14.7
"609679",2024,"HS","SAT","math",259.0,10.0
"609680",2024,"HS","SAT","reading",318.0,87.4
"609680",2024,"HS","SAT","math",318.0,85.5
"609682",2024,"HS","SAT","reading",87.0,4.6
"609682",2024,"HS","SAT","math",87.0,2.3
"609691",2024,"HS","SAT","reading",267.0,4.9
"609691",2024,"HS","SAT","math",267.0,2.2
"609692",2024,"HS","SAT","reading",229.0,3.9
"609692",2024,"HS","SAT","math",229.0,7.0
"609693",2024,"HS","SAT","reading",286.0,31.5
"609693",2024,"HS","SAT","math",286.0,19.6
"609694",2024,"HS","SAT","reading",266.0,63.5
"609694",2024,"HS","SAT","math",266.0,53.0
"609695",2024,"HS","SAT","reading",329.0,40.1
"609695",2024,"HS","SAT","math",328.0,40.2
"609698",2024,"HS","SAT","reading",151.0,4.6
"609698",2024,"HS","SAT","math",151.0,3.3
"609704",2024,"HS","SAT","reading",108.0,4.6
"609704",2024,"HS","SAT","math",108.0,2.8
"609705",2024,"HS","SAT","reading",65.0,3.1
"609705",2024,"HS","SAT","math",65.0,0.0
"609708",2024,"HS","SAT","reading",137.0,4.4
"609708",2024,"HS","SAT","math",137.0,2.2
"609709",2024,"HS","SAT","reading",87.0,1.1
"609709",2024,"HS","SAT","math",87.0,0.0
"609710",2024,"HS","SAT","reading",47.0,0.0
"609710",2024,"HS","SAT","math",47.0,0.0
"609712",2024,"HS","SAT","reading",24.0,0.0
"609712",2024,"HS","SAT","math",24.0,4.2
"609713",2024,"HS","SAT","reading",136.0,0.7
"609713",2024,"HS","SAT","math",136.0,0.0
"609715",2024,"HS","SAT","reading",391.0,9.5
"609715",2024,"HS","SAT","math",391.0,5.6
"609716",2024,"HS","SAT","reading",78.0,1.3
"609716",2024,"HS","SAT","math",78.0,1.3
"609718",2024,"HS","SAT","reading",359.0,12.3
"609718",2024,"HS","SAT","math",359.0,6.4
"609719",2024,"HS","SAT","reading",361.0,16.1
"609719",2024,"HS","SAT","math",361.0,7.5
"609720",2024,"HS","SAT","reading",1089.0,86.0
"609720",2024,"HS","SAT","math",1089.0,82.0
"609722",2024,"HS","SAT","reading",18.0,5.6
"609722",2024,"HS","SAT","math",18.0,0.0
"609723",2024,"HS","SAT","reading",42.0,0.0
"609723",2024,"HS","SAT","math",42.0,0.0
"609724",2024,"HS","SAT","reading",397.0,14.6
"609724",2024,"HS","SAT","math",397.0,15.1
"609725",2024,"HS","SAT","reading",311.0,3.9
"609725",2024,"HS","SAT","math",311.0,1.0
"609726",2024,"HS","SAT","reading",194.0,66.0
"609726",2024,"HS","SAT","math",194.0,50.5
"609727",2024,"HS","SAT","reading",99.0,4.0
"609727",2024,"HS","SAT","math",99.0,1.0
"609728",2024,"HS","SAT","reading",256.0,4.7
"609728",2024,"HS","SAT","math",256.0,3.1
"609729",2024,"HS","SAT","reading",294.0,9.5
"609729",2024,"HS","SAT","math",294.0,6.5
"609730",2024,"HS","SAT","reading",345.0,24.1
"609730",2024,"HS","SAT","math",344.0,14.8
"609732",2024,"HS","SAT","reading",262.0,3.1
"609732",2024,"HS","SAT","math",262.0,3.4
"609733",2024,"HS","SAT","reading",162.0,6.2
"609733",2024,"HS","SAT","math",162.0,3.1
"609734",2024,"HS","SAT","reading",1023.0,28.7
"609734",2024,"HS","SAT","math",1023.0,20.1
"609735",2024,"HS","SAT","reading",55.0,5.5
"609735",2024,"HS","SAT","math",55.0,0.0
"609737",2024,"HS","SAT","reading",392.0,34.2
"609737",2024,"HS","SAT","math",392.0,30.4
"609738",2024,"HS","SAT","reading",532.0,45.3
"609738",2024,"HS","SAT","math",532.0,43.8
"609739",2024,"HS","SAT","reading",394.0,8.1
"609739",2024,"HS","SAT","math",394.0,5.8
"609740",2024,"HS","SAT","reading",73.0,8.2
"609740",2024,"HS","SAT","math",73.0,1.4
"609741",2024,"HS","SAT","reading",426.0,8.2
"609741",2024,"HS","SAT","math",426.0,6.1
"609746",2024,"HS","SAT","reading",521.0,30.1
"609746",2024,"HS","SAT","math",521.0,21.1
"609748",2024,"HS","SAT","reading",4.0," "
"609748",2024,"HS","SAT","math",4.0," "
"609749",2024,"HS","SAT","reading",238.0,91.6
"609749",2024,"HS","SAT","math",238.0,91.2
"609750",2024,"HS","SAT","reading",11.0,0.0
"609750",2024,"HS","SAT","math",11.0,0.0
"609751",2024,"HS","SAT","reading",219.0,14.2
"609751",2024,"HS","SAT","math",219.0,4.1
"609753",2024,"HS","SAT","reading",156.0,28.2
"609753",2024,"HS","SAT","math",156.0,14.1
"609754",2024,"HS","SAT","reading",51.0,0.0
"609754",2024,"HS","SAT","math",51.0,2.0
"609755",2024,"HS","SAT","reading",454.0,85.0
"609755",2024,"HS","SAT","math",454.0,83.9
"609756",2024,"HS","SAT","reading",668.0,9.6
"609756",2024,"HS","SAT","math",668.0,9.1
"609759",2024,"HS","SAT","reading",162.0,4.9
"609759",2024,"HS","SAT","math",162.0,0.6
"609760",2024,"HS","SAT","reading",97.0,8.2
"609760",2024,"HS","SAT","math",97.0,7.2
"609761",2024,"HS","SAT","reading",77.0,6.5
"609761",2024,"HS","SAT","math",77.0,0.0
"609762",2024,"HS","SAT","reading",93.0,1.1
"609762",2024,"HS","SAT","math",93.0,0.0
"609764",2024,"HS","SAT","reading",423.0,8.7
"609764",2024,"HS","SAT","math",423.0,4.0
"609780",2024,"HS","SAT","reading",133.0,6.8
"609780",2024,"HS","SAT","math",133.0,3.8
"609783",2024,"HS","SAT","reading",29.0,0.0
"609783",2024,"HS","SAT","math",28.0,3.6
"610244",2024,"HS","SAT","reading",96.0,4.2
"610244",2024,"HS","SAT","math",96.0,0.0
"610245",2024,"HS","SAT","reading",9.0," "
"610245",2024,"HS","SAT","math",9.0," "
"610249",2024,"HS","SAT","reading",1.0," "
"610249",2024,"HS","SAT","math",1.0," "
"610304",2024,"HS","SAT","reading",103.0,10.7
"610304",2024,"HS","SAT","math",103.0,8.7
"610323",2024,"HS","SAT","reading",45.0,0.0
"610323",2024,"HS","SAT","math",45.0,0.0
"610334",2024,"HS","SAT","reading",29.0,0.0
"610334",2024,"HS","SAT","math",28.0,0.0
"610340",2024,"HS","SAT","reading",136.0,14.7
"610340",2024,"HS","SAT","math",136.0,10.3
"610357",2024,"HS","SAT","reading",20.0,0.0
"610357",2024,"HS","SAT","math",20.0,0.0
"610380",2024,"HS","SAT","reading",8.0," "
"610380",2024,"HS","SAT","math",8.0," "
"610381",2024,"HS","SAT","reading",19.0,10.5
"610381",2024,"HS","SAT","math",19.0,0.0
"610383",2024,"HS","SAT","reading",63.0,0.0
"610383",2024,"HS","SAT","math",63.0,0.0
"610384",2024,"HS","SAT","reading",107.0,11.2
"610384",2024,"HS","SAT","math",107.0,13.1
"610385",2024,"HS","SAT","reading",57.0,5.3
"610385",2024,"HS","SAT","math",57.0,0.0
"610386",2024,"HS","SAT","reading",40.0,2.5
"610386",2024,"HS","SAT","math",40.0,0.0
"610389",2024,"HS","SAT","reading",69.0,1.4
"610389",2024,"HS","SAT","math",69.0,0.0
"610390",2024,"HS","SAT","reading",92.0,17.4
"610390",2024,"HS","SAT","math",92.0,7.6
"610391",2024,"HS","SAT","reading",231.0,63.6
"610391",2024,"HS","SAT","math",231.0,41.6
"610392",2024,"HS","SAT","reading",66.0,9.1
"610392",2024,"HS","SAT","math",66.0,1.5
"610394",2024,"HS","SAT","reading",26.0,7.7
"610394",2024,"HS","SAT","math",26.0,3.8
"610402",2024,"HS","SAT","reading",74.0,31.1
"610402",2024,"HS","SAT","math",74.0,25.7
"610499",2024,"HS","SAT","reading",47.0,2.1
"610499",2024,"HS","SAT","math",47.0,0.0
"610513",2024,"HS","SAT","reading",22.0,22.7
"610513",2024,"HS","SAT","math",22.0,13.6
"610518",2024,"HS","SAT","reading",24.0,0.0
"610518",2024,"HS","SAT","math",24.0,4.2
"610524",2024,"HS","SAT","reading",105.0,16.2
"610524",2024,"HS","SAT","math",105.0,13.3
"610529",2024,"HS","SAT","reading",106.0,17.0
"610529",2024,"HS","SAT","math",106.0,12.3
"610543",2024,"HS","SAT","reading",304.0,18.8
"610543",2024,"HS","SAT","math",304.0,19.4
"610547",2024,"HS","SAT","reading",139.0,7.9
"610547",2024,"HS","SAT","math",139.0,5.0
"610557",2024,"HS","SAT","reading",79.0,5.1
"610557",2024,"HS","SAT","math",79.0,2.5
"610558",2024,"HS","SAT","reading",230.0,7.8
"610558",2024,"HS","SAT","math",230.0,6.1
"610561",2024,"HS","SAT","reading",53.0,3.8
"610561",2024,"HS","SAT","math",53.0,0.0
"610563",2024,"HS","SAT","reading",228.0,17.1
"610563",2024,"HS","SAT","math",228.0,17.5
"610564",2024,"HS","SAT","reading",136.0,33.8
"610564",2024,"HS","SAT","math",136.0,6.6
"610565",2024,"HS","SAT","reading",50.0,2.0
"610565",2024,"HS","SAT","math",49.0,0.0
"610568",2024,"HS","SAT","reading",59.0,8.5
"610568",2024,"HS","SAT","math",58.0,1.7
"610569",2024,"HS","SAT","reading",84.0,2.4
"610569",2024,"HS","SAT","math",84.0,1.2
"610570",2024,"HS","SAT","reading",52.0,5.8
"610570",2024,"HS","SAT","math",52.0,0.0
"610571",2024,"HS","SAT","reading",44.0,0.0
"610571",2024,"HS","SAT","math",44.0,0.0
"610573",2024,"HS","SAT","reading",5.0," "
"610573",2024,"HS","SAT","math",5.0," "
"610587",2024,"HS","SAT","reading",135.0,2.2
"610587",2024,"HS","SAT","math",134.0,0.0
"610592",2024,"HS","SAT","reading",136.0,1.5
"610592",2024,"HS","SAT","math",136.0,0.7
"610593",2024,"HS","SAT","reading",41.0,0.0
"610593",2024,"HS","SAT","math",41.0,0.0
"610594",2024,"HS","SAT","reading",41.0,4.9
"610594",2024,"HS","SAT","math",41.0,2.4
"400013",2023,"HS","SAT","reading",44.0,4.5
"400013",2023,"HS","SAT","math",44.0,4.5
"400022",2023,"HS","SAT","reading",151.0,35.1
"400022",2023,"HS","SAT","math",151.0,13.2
"400032",2023,"HS","SAT","reading",39.0,0.0
"400032",2023,"HS","SAT","math",39.0,0.0
"400033",2023,"HS","SAT","reading",105.0,3.8
"400033",2023,"HS","SAT","math",105.0,2.9
"400034",2023,"HS","SAT","reading",206.0,15.0
"400034",2023,"HS","SAT","math",206.0,8.7
"400035",2023,"HS","SAT","reading",91.0,18.7
"400035",2023,"HS","SAT","math",91.0,25.3
"400051",2023,"HS","SAT","reading",158.0,16.5
"400051",2023,"HS","SAT","math",158.0,17.7
"400052",2023,"HS","SAT","reading",209.0,3.3
"400052",2023,"HS","SAT","math",209.0,3.8
"400053",2023,"HS","SAT","reading",145.0,13.1
"400053",2023,"HS","SAT","math",145.0,4.1
"400054",2023,"HS","SAT","reading",231.0,17.3
"400054",2023,"HS","SAT","math",231.0,10.0
"400055",2023,"HS","SAT","reading",149.0,9.4
"400055",2023,"HS","SAT","math",148.0,12.2
"400056",2023,"HS","SAT","reading",86.0,0.0
"400056",2023,"HS","SAT","math",86.0,0.0
"400057",2023,"HS","SAT","reading",214.0,13.6
"400057",2023,"HS","SAT","math",214.0,8.9
"400058",2023,"HS","SAT","reading",70.0,1.4
"400058",2023,"HS","SAT","math",70.0,0.0
"400059",2023,"HS","SAT","reading",102.0,0.0
"400059",2023,"HS","SAT","math",102.0,2.0
"400061",2023,"HS","SAT","reading",79.0,1.3
"400061",2023,"HS","SAT","math",79.0,0.0
"400062",2023,"HS","SAT","reading",99.0,2.0
"400062",2023,"HS","SAT","math",99.0,0.0
"400064",2023,"HS","SAT","reading",59.0,0.0
"400064",2023,"HS","SAT","math",59.0,0.0
"400066",2023,"HS","SAT","reading",65.0,1.5
"400066",2023,"HS","SAT","math",65.0,0.0
"400077",2023,"HS","SAT","reading",71.0,5.6
"400077",2023,"HS","SAT","math",71.0,0.0
"400085",2023,"HS","SAT","reading",152.0,5.3
"400085",2023,"HS","SAT","math",152.0,4.6
"400086",2023,"HS","SAT","reading",31.0,0.0
"400086",2023,"HS","SAT","math",31.0,0.0
"400091",2023,"HS","SAT","reading",82.0,2.4
"400091",2023,"HS","SAT","math",82.0,0.0
"400094",2023,"HS","SAT","reading",84.0,1.2
"400094",2023,"HS","SAT","math",84.0,1.2
"400097",2023,"HS","SAT","reading",263.0,9.1
"400097",2023,"HS","SAT","math",263.0,11.4
"400098",2023,"HS","SAT","reading",222.0,15.3
"400098",2023,"HS","SAT","math",220.0,10.9
"400104",2023,"HS","SAT","reading",92.0,5.4
"400104",2023,"HS","SAT","math",92.0,1.1
"400105",2023,"HS","SAT","reading",54.0,7.4
"400105",2023,"HS","SAT","math",54.0,5.6
"400106",2023,"HS","SAT","reading",88.0,4.5
"400106",2023,"HS","SAT","math",88.0,1.1
"400117",2023,"HS","SAT","reading",108.0,3.7
"400117",2023,"HS","SAT","math",108.0,2.8
"400118",2023,"HS","SAT","reading",75.0,4.0
"400118",2023,"HS","SAT","math",75.0,8.0
"400119",2023,"HS","SAT","reading",37.0,2.7
"400119",2023,"HS","SAT","math",37.0,2.7
"400121",2023,"HS","SAT","reading",38.0,5.3
"400121",2023,"HS","SAT","math",38.0,2.6
"400123",2023,"HS","SAT","reading",38.0,0.0
"400123",2023,"HS","SAT","math",38.0,0.0
"400124",2023,"HS","SAT","reading",25.0,0.0
"400124",2023,"HS","SAT","math",25.0,0.0
"400125",2023,"HS","SAT","reading",83.0,2.4
"400125",2023,"HS","SAT","math",83.0,1.2
"400126",2023,"HS","SAT","reading",18.0,0.0
"400126",2023,"HS","SAT","math",18.0,0.0
"400128",2023,"HS","SAT","reading",35.0,0.0
"400128",2023,"HS","SAT","math",35.0,0.0
"400129",2023,"HS","SAT","reading",41.0,0.0
"400129",2023,"HS","SAT","math",41.0,0.0
"400130",2023,"HS","SAT","reading",24.0,0.0
"400130",2023,"HS","SAT","math",24.0,0.0
"400131",2023,"HS","SAT","reading",46.0,0.0
"400131",2023,"HS","SAT","math",46.0,0.0
"400133",2023,"HS","SAT","reading",138.0,0.0
"400133",2023,"HS","SAT","math",138.0,0.0
"400135",2023,"HS","SAT","reading",38.0,0.0
"400135",2023,"HS","SAT","math",38.0,0.0
"400136",2023,"HS","SAT","reading",23.0,0.0
"400136",2023,"HS","SAT","math",23.0,0.0
"400137",2023,"HS","SAT","reading",20.0,0.0
"400137",2023,"HS","SAT","math",21.0,0.0
"400139",2023,"HS","SAT","reading",41.0,2.4
"400139",2023,"HS","SAT","math",40.0,0.0
"400141",2023,"HS","SAT","reading",32.0,9.4
"400141",2023,"HS","SAT","math",32.0,9.4
"400143",2023,"HS","SAT","reading",33.0,3.0
"400143",2023,"HS","SAT","math",32.0,0.0
"400144",2023,"HS","SAT","reading",38.0,0.0
"400144",2023,"HS","SAT","math",38.0,0.0
"400145",2023,"HS","SAT","reading",36.0,5.6
"400145",2023,"HS","SAT","math",36.0,2.8
"400147",2023,"HS","SAT","reading",34.0,2.9
"400147",2023,"HS","SAT","math",34.0,2.9
"400149",2023,"HS","SAT","reading",138.0,5.8
"400149",2023,"HS","SAT","math",138.0,5.8
"400150",2023,"HS","SAT","reading",38.0,0.0
"400150",2023,"HS","SAT","math",38.0,0.0
"400156",2023,"HS","SAT","reading",143.0,5.6
"400156",2023,"HS","SAT","math",142.0,3.5
"400157",2023,"HS","SAT","reading",55.0,7.3
"400157",2023,"HS","SAT","math",55.0,3.6
"400161",2023,"HS","SAT","reading",22.0,4.5
"400161",2023,"HS","SAT","math",22.0,0.0
"400162",2023,"HS","SAT","reading",161.0,14.3
"400162",2023,"HS","SAT","math",161.0,11.8
"400164",2023,"HS","SAT","reading",24.0,0.0
"400164",2023,"HS","SAT","math",24.0,0.0
"400167",2023,"HS","SAT","reading",36.0,16.7
"400167",2023,"HS","SAT","math",36.0,5.6
"400169",2023,"HS","SAT","reading",248.0,13.7
"400169",2023,"HS","SAT","math",247.0,12.6
"400170",2023,"HS","SAT","reading",160.0,10.0
"400170",2023,"HS","SAT","math",159.0,6.3
"400172",2023,"HS","SAT","reading",101.0,4.0
"400172",2023,"HS","SAT","math",101.0,1.0
"400173",2023,"HS","SAT","reading",69.0,4.3
"400173",2023,"HS","SAT","math",68.0,1.5
"400175",2023,"HS","SAT","reading",40.0,0.0
"400175",2023,"HS","SAT","math",39.0,2.6
"400176",2023,"HS","SAT","reading",24.0,0.0
"400176",2023,"HS","SAT","math",24.0,4.2
"400179",2023,"HS","SAT","reading",249.0,14.9
"400179",2023,"HS","SAT","math",248.0,12.9
"400181",2023,"HS","SAT","reading",94.0,4.3
"400181",2023,"HS","SAT","math",94.0,1.1
"400182",2023,"HS","SAT","reading",126.0,5.6
"400182",2023,"HS","SAT","math",126.0,0.0
"609674",2023,"HS","SAT","reading",99.0,4.0
"609674",2023,"HS","SAT","math",98.0,2.0
"609676",2023,"HS","SAT","reading",83.0,0.0
"609676",2023,"HS","SAT","math",83.0,0.0
"609678",2023,"HS","SAT","reading",478.0,92.3
"609678",2023,"HS","SAT","math",478.0,87.2
"609679",2023,"HS","SAT","reading",266.0,16.2
"609679",2023,"HS","SAT","math",266.0,9.4
"609680",2023,"HS","SAT","reading",290.0,88.3
"609680",2023,"HS","SAT","math",290.0,85.9
"609682",2023,"HS","SAT","reading",57.0,0.0
"609682",2023,"HS","SAT","math",57.0,0.0
"609691",2023,"HS","SAT","reading",243.0,2.9
"609691",2023,"HS","SAT","math",243.0,3.3
"609692",2023,"HS","SAT","reading",270.0,1.5
"609692",2023,"HS","SAT","math",270.0,1.1
"609693",2023,"HS","SAT","reading",270.0,38.1
"609693",2023,"HS","SAT","math",270.0,28.1
"609694",2023,"HS","SAT","reading",243.0,51.9
"609694",2023,"HS","SAT","math",243.0,50.2
"609695",2023,"HS","SAT","reading",353.0,35.1
"609695",2023,"HS","SAT","math",353.0,31.4
"609698",2023,"HS","SAT","reading",146.0,3.4
"609698",2023,"HS","SAT","math",146.0,0.0
"609704",2023,"HS","SAT","reading",133.0,3.0
"609704",2023,"HS","SAT","math",133.0,4.5
"609705",2023,"HS","SAT","reading",57.0,0.0
"609705",2023,"HS","SAT","math",57.0,0.0
"609708",2023,"HS","SAT","reading",125.0,4.0
"609708",2023,"HS","SAT","math",125.0,3.2
"609709",2023,"HS","SAT","reading",75.0,2.7
"609709",2023,"HS","SAT","math",75.0,0.0
"609710",2023,"HS","SAT","reading",59.0,3.4
"609710",2023,"HS","SAT","math",59.0,0.0
"609712",2023,"HS","SAT","reading",20.0,0.0
"609712",2023,"HS","SAT","math",20.0,0.0
"609713",2023,"HS","SAT","reading",158.0,1.9
"609713",2023,"HS","SAT","math",158.0,0.6
"609715",2023,"HS","SAT","reading",380.0,10.8
"609715",2023,"HS","SAT","math",379.0,7.7
"609716",2023,"HS","SAT","reading",61.0,8.2
"609716",2023,"HS","SAT","math",61.0,3.3
"609718",2023,"HS","SAT","reading",305.0,14.8
"609718",2023,"HS","SAT","math",305.0,8.5
"609719",2023,"HS","SAT","reading",301.0,11.6
"609719",2023,"HS","SAT","math",300.0,8.7
"609720",2023,"HS","SAT","reading",856.0,90.1
"609720",2023,"HS","SAT","math",856.0,88.7
"609722",2023,"HS","SAT","reading",28.0,0.0
"609722",2023,"HS","SAT","math",28.0,0.0
"609723",2023,"HS","SAT","reading",41.0,2.4
"609723",2023,"HS","SAT","math",41.0,0.0
"609724",2023,"HS","SAT","reading",374.0,14.4
"609724",2023,"HS","SAT","math",372.0,14.8
"609725",2023,"HS","SAT","reading",233.0,6.0
"609725",2023,"HS","SAT","math",233.0,1.7
"609726",2023,"HS","SAT","reading",200.0,64.5
"609726",2023,"HS","SAT","math",200.0,62.0
"609727",2023,"HS","SAT","reading",104.0,1.0
"609727",2023,"HS","SAT","math",104.0,1.9
"609728",2023,"HS","SAT","reading",248.0,4.0
"609728",2023,"HS","SAT","math",247.0,5.7
"609729",2023,"HS","SAT","reading",298.0,8.1
"609729",2023,"HS","SAT","math",296.0,4.4
"609730",2023,"HS","SAT","reading",330.0,24.8
"609730",2023,"HS","SAT","math",330.0,15.5
"609732",2023,"HS","SAT","reading",263.0,5.3
"609732",2023,"HS","SAT","math",262.0,2.3
"609733",2023,"HS","SAT","reading",159.0,5.7
"609733",2023,"HS","SAT","math",157.0,7.0
"609734",2023,"HS","SAT","reading",981.0,28.0
"609734",2023,"HS","SAT","math",980.0,21.0
"609735",2023,"HS","SAT","reading",45.0,6.7
"609735",2023,"HS","SAT","math",45.0,4.4
"609737",2023,"HS","SAT","reading",392.0,39.8
"609737",2023,"HS","SAT","math",392.0,32.9
"609738",2023,"HS","SAT","reading",438.0,53.7
"609738",2023,"HS","SAT","math",438.0,51.1
"609739",2023,"HS","SAT","reading",364.0,11.3
"609739",2023,"HS","SAT","math",363.0,3.9
"609740",2023,"HS","SAT","reading",85.0,1.2
"609740",2023,"HS","SAT","math",85.0,0.0
"609741",2023,"HS","SAT","reading",412.0,10.9
"609741",2023,"HS","SAT","math",412.0,5.6
"609746",2023,"HS","SAT","reading",524.0,33.0
"609746",2023,"HS","SAT","math",522.0,22.8
"609748",2023,"HS","SAT","reading",25.0,0.0
"609748",2023,"HS","SAT","math",25.0,0.0
"609749",2023,"HS","SAT","reading",251.0,92.8
"609749",2023,"HS","SAT","math",251.0,94.0
"609750",2023,"HS","SAT","reading",4.0," "
"609750",2023,"HS","SAT","math",4.0," "
"609751",2023,"HS","SAT","reading",97.0,21.6
"609751",2023,"HS","SAT","math",97.0,8.2
"609753",2023,"HS","SAT","reading",175.0,27.4
"609753",2023,"HS","SAT","math",175.0,17.7
"609754",2023,"HS","SAT","reading",54.0,5.6
"609754",2023,"HS","SAT","math",54.0,3.7
"609755",2023,"HS","SAT","reading",453.0,90.1
"609755",2023,"HS","SAT","math",453.0,91.4
"609756",2023,"HS","SAT","reading",638.0,11.3
"609756",2023,"HS","SAT","math",636.0,10.5
"609759",2023,"HS","SAT","reading",138.0,2.2
"609759",2023,"HS","SAT","math",136.0,0.7
"609760",2023,"HS","SAT","reading",75.0,13.3
"609760",2023,"HS","SAT","math",75.0,6.7
"609761",2023,"HS","SAT","reading",47.0,2.1
"609761",2023,"HS","SAT","math",47.0,0.0
"609762",2023,"HS","SAT","reading",94.0,1.1
"609762",2023,"HS","SAT","math",94.0,0.0
"609764",2023,"HS","SAT","reading",332.0,5.1
"609764",2023,"HS","SAT","math",332.0,1.5
"609780",2023,"HS","SAT","reading",136.0,14.7
"609780",2023,"HS","SAT","math",136.0,9.6
"609783",2023,"HS","SAT","reading",24.0,4.2
"609783",2023,"HS","SAT","math",24.0,0.0
"610244",2023,"HS","SAT","reading",84.0,2.4
"610244",2023,"HS","SAT","math",84.0,0.0
"610245",2023,"HS","SAT","reading",6.0," "
"610245",2023,"HS","SAT","math",6.0," "
"610304",2023,"HS","SAT","reading",113.0,11.5
"610304",2023,"HS","SAT","math",113.0,9.7
"610323",2023,"HS","SAT","reading",42.0,0.0
"610323",2023,"HS","SAT","math",42.0,0.0
"610334",2023,"HS","SAT","reading",18.0,0.0
"610334",2023,"HS","SAT","math",18.0,0.0
"610340",2023,"HS","SAT","reading",133.0,18.8
"610340",2023,"HS","SAT","math",133.0,15.8
"610357",2023,"HS","SAT","reading",13.0,0.0
"610357",2023,"HS","SAT","math",13.0,0.0
"610380",2023,"HS","SAT","reading",17.0,5.9
"610380",2023,"HS","SAT","math",17.0,5.9
"610381",2023,"HS","SAT","reading",8.0," "
"610381",2023,"HS","SAT","math",8.0," "
"610383",2023,"HS","SAT","reading",67.0,3.0
"610383",2023,"HS","SAT","math",66.0,0.0
"610384",2023,"HS","SAT","reading",100.0,17.0
"610384",2023,"HS","SAT","math",100.0,16.0
"610385",2023,"HS","SAT","reading",43.0,7.0
"610385",2023,"HS","SAT","math",43.0,0.0
"610386",2023,"HS","SAT","reading",36.0,2.8
"610386",2023,"HS","SAT","math",36.0,0.0
"610389",2023,"HS","SAT","reading",38.0,7.9
"610389",2023,"HS","SAT","math",38.0,0.0
"610390",2023,"HS","SAT","reading",128.0,19.5
"610390",2023,"HS","SAT","math",128.0,15.6
"610391",2023,"HS","SAT","reading",320.0,46.6
"610391",2023,"HS","SAT","math",320.0,33.4
"610392",2023,"HS","SAT","reading",71.0,12.7
"610392",2023,"HS","SAT","math",69.0,5.8
"610394",2023,"HS","SAT","reading",13.0,0.0
"610394",2023,"HS","SAT","math",13.0,0.0
"610402",2023,"HS","SAT","reading",53.0,37.7
"610402",2023,"HS","SAT","math",53.0,30.2
"610499",2023,"HS","SAT","reading",54.0,0.0
"610499",2023,"HS","SAT","math",54.0,0.0
"610513",2023,"HS","SAT","reading",38.0,7.9
"610513",2023,"HS","SAT","math",38.0,2.6
"610518",2023,"HS","SAT","reading",52.0,0.0
"610518",2023,"HS","SAT","math",52.0,0.0
"610524",2023,"HS","SAT","reading",83.0,13.3
"610524",2023,"HS","SAT","math",83.0,9.6
"610529",2023,"HS","SAT","reading",136.0,23.5
"610529",2023,"HS","SAT","math",135.0,20.7
"610543",2023,"HS","SAT","reading",265.0,16.6
"610543",2023,"HS","SAT","math",265.0,17.0
"610547",2023,"HS","SAT","reading",96.0,17.7
"610547",2023,"HS","SAT","math",96.0,6.3
"610557",2023,"HS","SAT","reading",38.0,2.6
"610557",2023,"HS","SAT","math",38.0,2.6
"610558",2023,"HS","SAT","reading",214.0,3.7
"610558",2023,"HS","SAT","math",214.0,2.3
"610561",2023,"HS","SAT","reading",74.0,4.1
"610561",2023,"HS","SAT","math",73.0,0.0
"610563",2023,"HS","SAT","reading",239.0,19.2
"610563",2023,"HS","SAT","math",238.0,24.4
"610564",2023,"HS","SAT","reading",125.0,30.4
"610564",2023,"HS","SAT","math",125.0,13.6
"610565",2023,"HS","SAT","reading",48.0,0.0
"610565",2023,"HS","SAT","math",47.0,0.0
"610568",2023,"HS","SAT","reading",47.0,14.9
"610568",2023,"HS","SAT","math",47.0,8.5
"610569",2023,"HS","SAT","reading",89.0,4.5
"610569",2023,"HS","SAT","math",89.0,3.4
"610570",2023,"HS","SAT","reading",70.0,1.4
"610570",2023,"HS","SAT","math",70.0,1.4
"610571",2023,"HS","SAT","reading",47.0,2.1
"610571",2023,"HS","SAT","math",46.0,2.2
"610573",2023,"HS","SAT","reading",3.0," "
"610573",2023,"HS","SAT","math",3.0," "
"610587",2023,"HS","SAT","reading",129.0,4.7
"610587",2023,"HS","SAT","math",129.0,0.8
"610592",2023,"HS","SAT","reading",164.0,1.2
"610592",2023,"HS","SAT","math",164.0,0.6
"610593",2023,"HS","SAT","reading",51.0,3.9
"610593",2023,"HS","SAT","math",51.0,0.0
"610594",2023,"HS","SAT","reading",28.0,0.0
"610594",2023,"HS","SAT","math",28.0,0.0
"400013",2022,"HS","SAT","reading",89.0,5.6
"400013",2022,"HS","SAT","math",89.0,4.5
"400022",2022,"HS","SAT","reading",162.0,35.2
"400022",2022,"HS","SAT","math",162.0,14.2
"400032",2022,"HS","SAT","reading",32.0,0.0
"400032",2022,"HS","SAT","math",32.0,0.0
"400033",2022,"HS","SAT","reading",83.0,3.6
"400033",2022,"HS","SAT","math",83.0,1.2
"400034",2022,"HS","SAT","reading",221.0,15.8
"400034",2022,"HS","SAT","math",220.0,14.1
"400035",2022,"HS","SAT","reading",79.0,15.2
"400035",2022,"HS","SAT","math",79.0,32.9
"400051",2022,"HS","SAT","reading",160.0,12.5
"400051",2022,"HS","SAT","math",160.0,11.3
"400052",2022,"HS","SAT","reading",191.0,6.3
"400052",2022,"HS","SAT","math",189.0,5.8
"400053",2022,"HS","SAT","reading",156.0,17.3
"400053",2022,"HS","SAT","math",155.0,6.5
"400054",2022,"HS","SAT","reading",253.0,9.1
"400054",2022,"HS","SAT","math",253.0,12.6
"400055",2022,"HS","SAT","reading",164.0,14.0
"400055",2022,"HS","SAT","math",165.0,10.9
"400056",2022,"HS","SAT","reading",91.0,4.4
"400056",2022,"HS","SAT","math",91.0,1.1
"400057",2022,"HS","SAT","reading",227.0,9.3
"400057",2022,"HS","SAT","math",227.0,15.4
"400058",2022,"HS","SAT","reading",73.0,1.4
"400058",2022,"HS","SAT","math",73.0,1.4
"400059",2022,"HS","SAT","reading",110.0,0.0
"400059",2022,"HS","SAT","math",110.0,0.0
"400061",2022,"HS","SAT","reading",92.0,5.4
"400061",2022,"HS","SAT","math",92.0,2.2
"400062",2022,"HS","SAT","reading",67.0,4.5
"400062",2022,"HS","SAT","math",67.0,0.0
"400064",2022,"HS","SAT","reading",64.0,6.3
"400064",2022,"HS","SAT","math",64.0,0.0
"400066",2022,"HS","SAT","reading",71.0,1.4
"400066",2022,"HS","SAT","math",72.0,2.8
"400077",2022,"HS","SAT","reading",63.0,3.2
"400077",2022,"HS","SAT","math",63.0,4.8
"400085",2022,"HS","SAT","reading",158.0,5.1
"400085",2022,"HS","SAT","math",158.0,3.8
"400086",2022,"HS","SAT","reading",62.0,0.0
"400086",2022,"HS","SAT","math",62.0,1.6
"400091",2022,"HS","SAT","reading",143.0,3.5
"400091",2022,"HS","SAT","math",143.0,1.4
"400094",2022,"HS","SAT","reading",126.0,3.2
"400094",2022,"HS","SAT","math",125.0,0.8
"400097",2022,"HS","SAT","reading",311.0,11.6
"400097",2022,"HS","SAT","math",311.0,15.8
"400098",2022,"HS","SAT","reading",220.0,15.0
"400098",2022,"HS","SAT","math",220.0,15.0
"400104",2022,"HS","SAT","reading",120.0,5.0
"400104",2022,"HS","SAT","math",120.0,0.8
"400105",2022,"HS","SAT","reading",65.0,0.0
"400105",2022,"HS","SAT","math",65.0,1.5
"400106",2022,"HS","SAT","reading",127.0,5.5
"400106",2022,"HS","SAT","math",127.0,3.1
"400117",2022,"HS","SAT","reading",111.0,10.8
"400117",2022,"HS","SAT","math",110.0,13.6
"400118",2022,"HS","SAT","reading",73.0,2.7
"400118",2022,"HS","SAT","math",73.0,2.7
"400119",2022,"HS","SAT","reading",74.0,1.4
"400119",2022,"HS","SAT","math",74.0,0.0
"400121",2022,"HS","SAT","reading",24.0,8.3
"400121",2022,"HS","SAT","math",24.0,0.0
"400123",2022,"HS","SAT","reading",37.0,0.0
"400123",2022,"HS","SAT","math",37.0,0.0
"400124",2022,"HS","SAT","reading",38.0,0.0
"400124",2022,"HS","SAT","math",38.0,0.0
"400125",2022,"HS","SAT","reading",72.0,0.0
"400125",2022,"HS","SAT","math",72.0,0.0
"400126",2022,"HS","SAT","reading",11.0,0.0
"400126",2022,"HS","SAT","math",11.0,0.0
"400127",2022,"HS","SAT","reading",32.0,0.0
"400127",2022,"HS","SAT","math",32.0,0.0
"400128",2022,"HS","SAT","reading",49.0,2.0
"400128",2022,"HS","SAT","math",49.0,0.0
"400129",2022,"HS","SAT","reading",81.0,1.2
"400129",2022,"HS","SAT","math",81.0,0.0
"400130",2022,"HS","SAT","reading",30.0,0.0
"400130",2022,"HS","SAT","math",30.0,0.0
"400131",2022,"HS","SAT","reading",52.0,1.9
"400131",2022,"HS","SAT","math",52.0,0.0
"400133",2022,"HS","SAT","reading",151.0,0.0
"400133",2022,"HS","SAT","math",150.0,0.0
"400134",2022,"HS","SAT","reading",37.0,5.4
"400134",2022,"HS","SAT","math",37.0,2.7
"400135",2022,"HS","SAT","reading",46.0,2.2
"400135",2022,"HS","SAT","math",45.0,2.2
"400136",2022,"HS","SAT","reading",24.0,0.0
"400136",2022,"HS","SAT","math",24.0,0.0
"400137",2022,"HS","SAT","reading",24.0,8.3
"400137",2022,"HS","SAT","math",24.0,0.0
"400139",2022,"HS","SAT","reading",33.0,0.0
"400139",2022,"HS","SAT","math",33.0,0.0
"400141",2022,"HS","SAT","reading",78.0,9.0
"400141",2022,"HS","SAT","math",78.0,6.4
"400143",2022,"HS","SAT","reading",28.0,0.0
"400143",2022,"HS","SAT","math",28.0,0.0
"400144",2022,"HS","SAT","reading",25.0,0.0
"400144",2022,"HS","SAT","math",25.0,0.0
"400145",2022,"HS","SAT","reading",47.0,0.0
"400145",2022,"HS","SAT","math",46.0,0.0
"400147",2022,"HS","SAT","reading",40.0,0.0
"400147",2022,"HS","SAT","math",40.0,0.0
"400149",2022,"HS","SAT","reading",142.0,3.5
"400149",2022,"HS","SAT","math",142.0,3.5
"400150",2022,"HS","SAT","reading",38.0,0.0
"400150",2022,"HS","SAT","math",38.0,0.0
"400156",2022,"HS","SAT","reading",158.0,7.0
"400156",2022,"HS","SAT","math",158.0,3.8
"400157",2022,"HS","SAT","reading",68.0,13.2
"400157",2022,"HS","SAT","math",68.0,11.8
"400161",2022,"HS","SAT","reading",27.0,7.4
"400161",2022,"HS","SAT","math",27.0,3.7
"400162",2022,"HS","SAT","reading",176.0,14.8
"400162",2022,"HS","SAT","math",173.0,19.1
"400164",2022,"HS","SAT","reading",25.0,16.0
"400164",2022,"HS","SAT","math",25.0,4.0
"400167",2022,"HS","SAT","reading",33.0,9.1
"400167",2022,"HS","SAT","math",33.0,6.1
"400169",2022,"HS","SAT","reading",301.0,13.3
"400169",2022,"HS","SAT","math",297.0,13.1
"400170",2022,"HS","SAT","reading",132.0,22.7
"400170",2022,"HS","SAT","math",132.0,13.6
"400172",2022,"HS","SAT","reading",150.0,4.7
"400172",2022,"HS","SAT","math",150.0,5.3
"400173",2022,"HS","SAT","reading",75.0,0.0
"400173",2022,"HS","SAT","math",74.0,0.0
"400175",2022,"HS","SAT","reading",44.0,2.3
"400175",2022,"HS","SAT","math",44.0,0.0
"400176",2022,"HS","SAT","reading",28.0,0.0
"400176",2022,"HS","SAT","math",28.0,3.6
"400179",2022,"HS","SAT","reading",268.0,8.6
"400179",2022,"HS","SAT","math",267.0,13.5
"400182",2022,"HS","SAT","reading",113.0,6.2
"400182",2022,"HS","SAT","math",113.0,9.7
"609674",2022,"HS","SAT","reading",115.0,1.7
"609674",2022,"HS","SAT","math",115.0,0.0
"609676",2022,"HS","SAT","reading",102.0,0.0
"609676",2022,"HS","SAT","math",102.0,0.0
"609678",2022,"HS","SAT","reading",480.0,91.0
"609678",2022,"HS","SAT","math",480.0,90.4
"609679",2022,"HS","SAT","reading",251.0,13.1
"609679",2022,"HS","SAT","math",251.0,14.7
"609680",2022,"HS","SAT","reading",285.0,94.4
"609680",2022,"HS","SAT","math",284.0,94.4
"609682",2022,"HS","SAT","reading",52.0,0.0
"609682",2022,"HS","SAT","math",52.0,1.9
"609691",2022,"HS","SAT","reading",295.0,2.4
"609691",2022,"HS","SAT","math",295.0,6.8
"609692",2022,"HS","SAT","reading",281.0,1.1
"609692",2022,"HS","SAT","math",280.0,1.8
"609693",2022,"HS","SAT","reading",299.0,26.1
"609693",2022,"HS","SAT","math",299.0,33.8
"609694",2022,"HS","SAT","reading",234.0,50.0
"609694",2022,"HS","SAT","math",233.0,41.2
"609695",2022,"HS","SAT","reading",398.0,32.7
"609695",2022,"HS","SAT","math",398.0,31.9
"609698",2022,"HS","SAT","reading",136.0,8.1
"609698",2022,"HS","SAT","math",136.0,0.7
"609704",2022,"HS","SAT","reading",92.0,4.3
"609704",2022,"HS","SAT","math",92.0,7.6
"609705",2022,"HS","SAT","reading",73.0,1.4
"609705",2022,"HS","SAT","math",73.0,0.0
"609708",2022,"HS","SAT","reading",93.0,6.5
"609708",2022,"HS","SAT","math",93.0,5.4
"609709",2022,"HS","SAT","reading",58.0,1.7
"609709",2022,"HS","SAT","math",58.0,1.7
"609710",2022,"HS","SAT","reading",61.0,3.3
"609710",2022,"HS","SAT","math",62.0,0.0
"609712",2022,"HS","SAT","reading",21.0,0.0
"609712",2022,"HS","SAT","math",21.0,0.0
"609713",2022,"HS","SAT","reading",148.0,2.0
"609713",2022,"HS","SAT","math",148.0,2.7
"609715",2022,"HS","SAT","reading",343.0,9.3
"609715",2022,"HS","SAT","math",342.0,12.3
"609716",2022,"HS","SAT","reading",96.0,0.0
"609716",2022,"HS","SAT","math",94.0,0.0
"609718",2022,"HS","SAT","reading",334.0,15.0
"609718",2022,"HS","SAT","math",335.0,9.9
"609719",2022,"HS","SAT","reading",248.0,14.9
"609719",2022,"HS","SAT","math",248.0,14.1
"609720",2022,"HS","SAT","reading",1042.0,87.3
"609720",2022,"HS","SAT","math",1042.0,88.1
"609722",2022,"HS","SAT","reading",12.0,0.0
"609722",2022,"HS","SAT","math",12.0,0.0
"609723",2022,"HS","SAT","reading",46.0,0.0
"609723",2022,"HS","SAT","math",46.0,0.0
"609724",2022,"HS","SAT","reading",396.0,10.1
"609724",2022,"HS","SAT","math",396.0,15.7
"609725",2022,"HS","SAT","reading",193.0,2.6
"609725",2022,"HS","SAT","math",193.0,1.6
"609726",2022,"HS","SAT","reading",228.0,57.9
"609726",2022,"HS","SAT","math",228.0,41.7
"609727",2022,"HS","SAT","reading",102.0,0.0
"609727",2022,"HS","SAT","math",102.0,0.0
"609728",2022,"HS","SAT","reading",230.0,5.7
"609728",2022,"HS","SAT","math",226.0,4.9
"609729",2022,"HS","SAT","reading",302.0,6.6
"609729",2022,"HS","SAT","math",301.0,4.7
"609730",2022,"HS","SAT","reading",395.0,25.8
"609730",2022,"HS","SAT","math",395.0,22.0
"609732",2022,"HS","SAT","reading",221.0,3.2
"609732",2022,"HS","SAT","math",221.0,3.2
"609733",2022,"HS","SAT","reading",177.0,4.5
"609733",2022,"HS","SAT","math",176.0,4.0
"609734",2022,"HS","SAT","reading",1015.0,27.2
"609734",2022,"HS","SAT","math",1013.0,28.3
"609735",2022,"HS","SAT","reading",39.0,0.0
"609735",2022,"HS","SAT","math",39.0,0.0
"609737",2022,"HS","SAT","reading",379.0,32.2
"609737",2022,"HS","SAT","math",378.0,34.7
"609738",2022,"HS","SAT","reading",489.0,48.1
"609738",2022,"HS","SAT","math",488.0,45.3
"609739",2022,"HS","SAT","reading",394.0,8.4
"609739",2022,"HS","SAT","math",394.0,7.1
"609740",2022,"HS","SAT","reading",72.0,2.8
"609740",2022,"HS","SAT","math",72.0,2.8
"609741",2022,"HS","SAT","reading",381.0,9.2
"609741",2022,"HS","SAT","math",381.0,8.7
"609746",2022,"HS","SAT","reading",534.0,30.9
"609746",2022,"HS","SAT","math",533.0,23.5
"609748",2022,"HS","SAT","reading",4.0," "
"609748",2022,"HS","SAT","math",4.0," "
"609749",2022,"HS","SAT","reading",264.0,90.5
"609749",2022,"HS","SAT","math",264.0,92.4
"609750",2022,"HS","SAT","reading",6.0," "
"609750",2022,"HS","SAT","math",5.0," "
"609751",2022,"HS","SAT","reading",103.0,12.6
"609751",2022,"HS","SAT","math",103.0,19.4
"609753",2022,"HS","SAT","reading",178.0,24.2
"609753",2022,"HS","SAT","math",178.0,18.0
"609754",2022,"HS","SAT","reading",61.0,3.3
"609754",2022,"HS","SAT","math",61.0,3.3
"609755",2022,"HS","SAT","reading",442.0,86.9
"609755",2022,"HS","SAT","math",442.0,90.0
"609756",2022,"HS","SAT","reading",768.0,10.0
"609756",2022,"HS","SAT","math",767.0,13.3
"609759",2022,"HS","SAT","reading",141.0,3.5
"609759",2022,"HS","SAT","math",140.0,1.4
"609760",2022,"HS","SAT","reading",111.0,9.0
"609760",2022,"HS","SAT","math",111.0,7.2
"609761",2022,"HS","SAT","reading",73.0,2.7
"609761",2022,"HS","SAT","math",73.0,2.7
"609762",2022,"HS","SAT","reading",87.0,1.1
"609762",2022,"HS","SAT","math",87.0,0.0
"609764",2022,"HS","SAT","reading",426.0,4.0
"609764",2022,"HS","SAT","math",426.0,2.6
"609780",2022,"HS","SAT","reading",125.0,11.2
"609780",2022,"HS","SAT","math",125.0,8.0
"609783",2022,"HS","SAT","reading",9.0," "
"609783",2022,"HS","SAT","math",9.0," "
"610244",2022,"HS","SAT","reading",129.0,0.0
"610244",2022,"HS","SAT","math",129.0,0.8
"610245",2022,"HS","SAT","reading",14.0,0.0
"610245",2022,"HS","SAT","math",14.0,0.0
"610304",2022,"HS","SAT","reading",139.0,15.8
"610304",2022,"HS","SAT","math",139.0,12.9
"610323",2022,"HS","SAT","reading",47.0,0.0
"610323",2022,"HS","SAT","math",47.0,0.0
"610334",2022,"HS","SAT","reading",46.0,2.2
"610334",2022,"HS","SAT","math",46.0,0.0
"610340",2022,"HS","SAT","reading",142.0,16.9
"610340",2022,"HS","SAT","math",142.0,19.0
"610357",2022,"HS","SAT","reading",22.0,0.0
"610357",2022,"HS","SAT","math",22.0,0.0
"610380",2022,"HS","SAT","reading",18.0,5.6
"610380",2022,"HS","SAT","math",18.0,0.0
"610381",2022,"HS","SAT","reading",6.0," "
"610381",2022,"HS","SAT","math",6.0," "
"610383",2022,"HS","SAT","reading",79.0,3.8
"610383",2022,"HS","SAT","math",79.0,5.1
"610384",2022,"HS","SAT","reading",97.0,9.3
"610384",2022,"HS","SAT","math",97.0,20.6
"610385",2022,"HS","SAT","reading",60.0,3.3
"610385",2022,"HS","SAT","math",60.0,1.7
"610386",2022,"HS","SAT","reading",33.0,3.0
"610386",2022,"HS","SAT","math",33.0,0.0
"610389",2022,"HS","SAT","reading",55.0,1.8
"610389",2022,"HS","SAT","math",55.0,1.8
"610390",2022,"HS","SAT","reading",96.0,10.4
"610390",2022,"HS","SAT","math",96.0,11.5
"610391",2022,"HS","SAT","reading",282.0,42.9
"610391",2022,"HS","SAT","math",282.0,40.8
"610392",2022,"HS","SAT","reading",81.0,8.6
"610392",2022,"HS","SAT","math",81.0,4.9
"610394",2022,"HS","SAT","reading",14.0,7.1
"610394",2022,"HS","SAT","math",14.0,7.1
"610402",2022,"HS","SAT","reading",80.0,41.3
"610402",2022,"HS","SAT","math",80.0,43.8
"610499",2022,"HS","SAT","reading",57.0,1.8
"610499",2022,"HS","SAT","math",57.0,1.8
"610513",2022,"HS","SAT","reading",44.0,13.6
"610513",2022,"HS","SAT","math",44.0,9.1
"610518",2022,"HS","SAT","reading",31.0,3.2
"610518",2022,"HS","SAT","math",31.0,0.0
"610524",2022,"HS","SAT","reading",51.0,5.9
"610524",2022,"HS","SAT","math",51.0,11.8
"610529",2022,"HS","SAT","reading",140.0,15.0
"610529",2022,"HS","SAT","math",140.0,15.7
"610543",2022,"HS","SAT","reading",299.0,15.7
"610543",2022,"HS","SAT","math",299.0,18.7
"610547",2022,"HS","SAT","reading",84.0,11.9
"610547",2022,"HS","SAT","math",84.0,3.6
"610557",2022,"HS","SAT","reading",48.0,2.1
"610557",2022,"HS","SAT","math",48.0,0.0
"610558",2022,"HS","SAT","reading",225.0,3.6
"610558",2022,"HS","SAT","math",225.0,4.9
"610561",2022,"HS","SAT","reading",103.0,1.9
"610561",2022,"HS","SAT","math",103.0,3.9
"610563",2022,"HS","SAT","reading",247.0,19.4
"610563",2022,"HS","SAT","math",247.0,25.1
"610564",2022,"HS","SAT","reading",159.0,22.6
"610564",2022,"HS","SAT","math",159.0,11.3
"610565",2022,"HS","SAT","reading",40.0,2.5
"610565",2022,"HS","SAT","math",40.0,2.5
"610568",2022,"HS","SAT","reading",73.0,16.4
"610568",2022,"HS","SAT","math",73.0,8.2
"610569",2022,"HS","SAT","reading",80.0,3.8
"610569",2022,"HS","SAT","math",80.0,5.0
"610570",2022,"HS","SAT","reading",102.0,5.9
"610570",2022,"HS","SAT","math",102.0,0.0
"610571",2022,"HS","SAT","reading",36.0,5.6
"610571",2022,"HS","SAT","math",35.0,0.0
"610573",2022,"HS","SAT","reading",3.0," "
"610573",2022,"HS","SAT","math",3.0," "
"610587",2022,"HS","SAT","reading",138.0,3.6
"610587",2022,"HS","SAT","math",138.0,0.0
"610592",2022,"HS","SAT","reading",302.0,2.0
"610592",2022,"HS","SAT","math",302.0,1.3
"610593",2022,"HS","SAT","reading",52.0,3.8
"610593",2022,"HS","SAT","math",53.0,1.9
"610594",2022,"HS","SAT","reading",35.0,5.7
"610594",2022,"HS","SAT","math",34.0,5.9
"400013",2021,"HS","SAT","reading",86.0,4.7
"400013",2021,"HS","SAT","math",86.0,4.7
"400022",2021,"HS","SAT","reading",131.0,29.8
"400022",2021,"HS","SAT","math",131.0,16.0
"400032",2021,"HS","SAT","reading",48.0,4.2
"400032",2021,"HS","SAT","math",48.0,4.2
"400033",2021,"HS","SAT","reading",86.0,0.0
"400033",2021,"HS","SAT","math",86.0,0.0
"400034",2021,"HS","SAT","reading",236.0,13.6
"400034",2021,"HS","SAT","math",236.0,13.6
"400035",2021,"HS","SAT","reading",81.0,28.4
"400035",2021,"HS","SAT","math",81.0,42.0
"400051",2021,"HS","SAT","reading",160.0,18.1
"400051",2021,"HS","SAT","math",160.0,14.4
"400052",2021,"HS","SAT","reading",192.0,8.3
"400052",2021,"HS","SAT","math",191.0,11.5
"400053",2021,"HS","SAT","reading",171.0,10.5
"400053",2021,"HS","SAT","math",171.0,8.2
"400054",2021,"HS","SAT","reading",212.0,23.1
"400054",2021,"HS","SAT","math",212.0,20.3
"400055",2021,"HS","SAT","reading",130.0,16.2
"400055",2021,"HS","SAT","math",130.0,15.4
"400056",2021,"HS","SAT","reading",105.0,8.6
"400056",2021,"HS","SAT","math",105.0,5.7
"400057",2021,"HS","SAT","reading",240.0,15.4
"400057",2021,"HS","SAT","math",238.0,13.0
"400058",2021,"HS","SAT","reading",81.0,1.2
"400058",2021,"HS","SAT","math",81.0,0.0
"400059",2021,"HS","SAT","reading",97.0,2.1
"400059",2021,"HS","SAT","math",97.0,1.0
"400061",2021,"HS","SAT","reading",89.0,4.5
"400061",2021,"HS","SAT","math",89.0,0.0
"400062",2021,"HS","SAT","reading",81.0,3.7
"400062",2021,"HS","SAT","math",81.0,2.5
"400064",2021,"HS","SAT","reading",75.0,2.7
"400064",2021,"HS","SAT","math",75.0,2.7
"400066",2021,"HS","SAT","reading",118.0,1.7
"400066",2021,"HS","SAT","math",118.0,0.0
"400077",2021,"HS","SAT","reading",93.0,8.6
"400077",2021,"HS","SAT","math",93.0,4.3
"400085",2021,"HS","SAT","reading",149.0,8.1
"400085",2021,"HS","SAT","math",149.0,6.7
"400086",2021,"HS","SAT","reading",57.0,5.3
"400086",2021,"HS","SAT","math",57.0,3.5
"400091",2021,"HS","SAT","reading",53.0,3.8
"400091",2021,"HS","SAT","math",52.0,1.9
"400094",2021,"HS","SAT","reading",117.0,6.0
"400094",2021,"HS","SAT","math",114.0,2.6
"400097",2021,"HS","SAT","reading",243.0,14.8
"400097",2021,"HS","SAT","math",243.0,16.0
"400098",2021,"HS","SAT","reading",254.0,16.9
"400098",2021,"HS","SAT","math",254.0,15.4
"400104",2021,"HS","SAT","reading",150.0,2.0
"400104",2021,"HS","SAT","math",150.0,1.3
"400105",2021,"HS","SAT","reading",94.0,5.3
"400105",2021,"HS","SAT","math",94.0,2.1
"400106",2021,"HS","SAT","reading",154.0,1.9
"400106",2021,"HS","SAT","math",153.0,2.0
"400113",2021,"HS","SAT","reading",27.0,0.0
"400113",2021,"HS","SAT","math",27.0,0.0
"400115",2021,"HS","SAT","reading",137.0,7.3
"400115",2021,"HS","SAT","math",137.0,1.5
"400117",2021,"HS","SAT","reading",121.0,9.9
"400117",2021,"HS","SAT","math",121.0,1.7
"400118",2021,"HS","SAT","reading",54.0,3.7
"400118",2021,"HS","SAT","math",54.0,3.7
"400119",2021,"HS","SAT","reading",46.0,0.0
"400119",2021,"HS","SAT","math",45.0,0.0
"400121",2021,"HS","SAT","reading",25.0,4.0
"400121",2021,"HS","SAT","math",25.0,4.0
"400123",2021,"HS","SAT","reading",12.0,0.0
"400123",2021,"HS","SAT","math",12.0,0.0
"400124",2021,"HS","SAT","reading",8.0," "
"400124",2021,"HS","SAT","math",8.0," "
"400125",2021,"HS","SAT","reading",57.0,3.5
"400125",2021,"HS","SAT","math",57.0,0.0
"400126",2021,"HS","SAT","reading",3.0," "
"400126",2021,"HS","SAT","math",3.0," "
"400127",2021,"HS","SAT","reading",12.0,0.0
"400127",2021,"HS","SAT","math",12.0,0.0
"400128",2021,"HS","SAT","reading",17.0,0.0
"400128",2021,"HS","SAT","math",17.0,0.0
"400129",2021,"HS","SAT","reading",21.0,9.5
"400129",2021,"HS","SAT","math",21.0,4.8
"400130",2021,"HS","SAT","reading",13.0,7.7
"400130",2021,"HS","SAT","math",13.0,0.0
"400131",2021,"HS","SAT","reading",26.0,0.0
"400131",2021,"HS","SAT","math",26.0,0.0
"400133",2021,"HS","SAT","reading",13.0,7.7
"400133",2021,"HS","SAT","math",13.0,0.0
"400134",2021,"HS","SAT","reading",34.0,2.9
"400134",2021,"HS","SAT","math",34.0,0.0
"400135",2021,"HS","SAT","reading",56.0,5.4
"400135",2021,"HS","SAT","math",56.0,1.8
"400136",2021,"HS","SAT","reading",17.0,0.0
"400136",2021,"HS","SAT","math",17.0,0.0
"400137",2021,"HS","SAT","reading",60.0,6.7
"400137",2021,"HS","SAT","math",60.0,5.0
"400139",2021,"HS","SAT","reading",4.0," "
"400139",2021,"HS","SAT","math",4.0," "
"400141",2021,"HS","SAT","reading",6.0," "
"400141",2021,"HS","SAT","math",6.0," "
"400143",2021,"HS","SAT","reading",49.0,4.1
"400143",2021,"HS","SAT","math",48.0,2.1
"400144",2021,"HS","SAT","reading",9.0," "
"400144",2021,"HS","SAT","math",9.0," "
"400145",2021,"HS","SAT","reading",4.0," "
"400145",2021,"HS","SAT","math",4.0," "
"400147",2021,"HS","SAT","reading",70.0,2.9
"400147",2021,"HS","SAT","math",70.0,0.0
"400149",2021,"HS","SAT","reading",115.0,6.1
"400149",2021,"HS","SAT","math",115.0,2.6
"400150",2021,"HS","SAT","reading",4.0," "
"400150",2021,"HS","SAT","math",5.0," "
"400156",2021,"HS","SAT","reading",151.0,2.0
"400156",2021,"HS","SAT","math",151.0,0.7
"400157",2021,"HS","SAT","reading",41.0,7.3
"400157",2021,"HS","SAT","math",41.0,4.9
"400161",2021,"HS","SAT","reading",27.0,7.4
"400161",2021,"HS","SAT","math",27.0,3.7
"400162",2021,"HS","SAT","reading",155.0,12.3
"400162",2021,"HS","SAT","math",153.0,15.0
"400167",2021,"HS","SAT","reading",24.0,12.5
"400167",2021,"HS","SAT","math",24.0,8.3
"400169",2021,"HS","SAT","reading",267.0,13.9
"400169",2021,"HS","SAT","math",267.0,12.7
"400170",2021,"HS","SAT","reading",118.0,18.6
"400170",2021,"HS","SAT","math",118.0,10.2
"400172",2021,"HS","SAT","reading",139.0,2.9
"400172",2021,"HS","SAT","math",136.0,2.9
"400173",2021,"HS","SAT","reading",30.0,3.3
"400173",2021,"HS","SAT","math",30.0,6.7
"400175",2021,"HS","SAT","reading",21.0,0.0
"400175",2021,"HS","SAT","math",21.0,0.0
"400176",2021,"HS","SAT","reading",18.0,0.0
"400176",2021,"HS","SAT","math",18.0,0.0
"400179",2021,"HS","SAT","reading",292.0,13.4
"400179",2021,"HS","SAT","math",292.0,12.3
"609674",2021,"HS","SAT","reading",221.0,0.5
"609674",2021,"HS","SAT","math",221.0,0.0
"609676",2021,"HS","SAT","reading",54.0,0.0
"609676",2021,"HS","SAT","math",54.0,0.0
"609678",2021,"HS","SAT","reading",495.0,91.5
"609678",2021,"HS","SAT","math",495.0,90.3
"609679",2021,"HS","SAT","reading",239.0,17.2
"609679",2021,"HS","SAT","math",239.0,9.2
"609680",2021,"HS","SAT","reading",293.0,93.9
"609680",2021,"HS","SAT","math",293.0,95.6
"609682",2021,"HS","SAT","reading",51.0,0.0
"609682",2021,"HS","SAT","math",50.0,0.0
"609691",2021,"HS","SAT","reading",183.0,3.3
"609691",2021,"HS","SAT","math",183.0,1.6
"609692",2021,"HS","SAT","reading",315.0,2.2
"609692",2021,"HS","SAT","math",315.0,1.3
"609693",2021,"HS","SAT","reading",266.0,31.2
"609693",2021,"HS","SAT","math",266.0,22.9
"609694",2021,"HS","SAT","reading",255.0,40.8
"609694",2021,"HS","SAT","math",255.0,38.4
"609695",2021,"HS","SAT","reading",312.0,26.0
"609695",2021,"HS","SAT","math",312.0,23.7
"609698",2021,"HS","SAT","reading",159.0,1.9
"609698",2021,"HS","SAT","math",159.0,0.6
"609704",2021,"HS","SAT","reading",121.0,0.8
"609704",2021,"HS","SAT","math",117.0,0.9
"609705",2021,"HS","SAT","reading",56.0,1.8
"609705",2021,"HS","SAT","math",56.0,0.0
"609708",2021,"HS","SAT","reading",118.0,1.7
"609708",2021,"HS","SAT","math",118.0,3.4
"609709",2021,"HS","SAT","reading",80.0,3.8
"609709",2021,"HS","SAT","math",79.0,1.3
"609710",2021,"HS","SAT","reading",75.0,5.3
"609710",2021,"HS","SAT","math",75.0,2.7
"609712",2021,"HS","SAT","reading",18.0,0.0
"609712",2021,"HS","SAT","math",18.0,0.0
"609713",2021,"HS","SAT","reading",168.0,1.2
"609713",2021,"HS","SAT","math",168.0,0.0
"609715",2021,"HS","SAT","reading",420.0,9.5
"609715",2021,"HS","SAT","math",421.0,10.5
"609716",2021,"HS","SAT","reading",61.0,0.0
"609716",2021,"HS","SAT","math",61.0,1.6
"609718",2021,"HS","SAT","reading",326.0,16.6
"609718",2021,"HS","SAT","math",327.0,13.1
"609719",2021,"HS","SAT","reading",364.0,8.5
"609719",2021,"HS","SAT","math",364.0,9.1
"609720",2021,"HS","SAT","reading",1091.0,84.5
"609720",2021,"HS","SAT","math",1091.0,80.9
"609722",2021,"HS","SAT","reading",9.0," "
"609722",2021,"HS","SAT","math",9.0," "
"609723",2021,"HS","SAT","reading",61.0,0.0
"609723",2021,"HS","SAT","math",60.0,1.7
"609724",2021,"HS","SAT","reading",398.0,13.8
"609724",2021,"HS","SAT","math",398.0,13.6
"609725",2021,"HS","SAT","reading",224.0,5.8
"609725",2021,"HS","SAT","math",224.0,0.9
"609726",2021,"HS","SAT","reading",202.0,59.9
"609726",2021,"HS","SAT","math",202.0,42.1
"609727",2021,"HS","SAT","reading",153.0,2.0
"609727",2021,"HS","SAT","math",151.0,2.6
"609728",2021,"HS","SAT","reading",204.0,3.9
"609728",2021,"HS","SAT","math",203.0,2.0
"609729",2021,"HS","SAT","reading",329.0,6.4
"609729",2021,"HS","SAT","math",329.0,4.9
"609730",2021,"HS","SAT","reading",331.0,23.0
"609730",2021,"HS","SAT","math",331.0,17.2
"609732",2021,"HS","SAT","reading",305.0,6.6
"609732",2021,"HS","SAT","math",305.0,3.6
"609733",2021,"HS","SAT","reading",72.0,9.7
"609733",2021,"HS","SAT","math",72.0,8.3
"609734",2021,"HS","SAT","reading",843.0,28.2
"609734",2021,"HS","SAT","math",843.0,22.7
"609735",2021,"HS","SAT","reading",50.0,2.0
"609735",2021,"HS","SAT","math",45.0,0.0
"609737",2021,"HS","SAT","reading",413.0,37.5
"609737",2021,"HS","SAT","math",413.0,39.0
"609738",2021,"HS","SAT","reading",521.0,50.1
"609738",2021,"HS","SAT","math",521.0,45.3
"609739",2021,"HS","SAT","reading",311.0,10.9
"609739",2021,"HS","SAT","math",311.0,4.8
"609740",2021,"HS","SAT","reading",70.0,1.4
"609740",2021,"HS","SAT","math",70.0,0.0
"609741",2021,"HS","SAT","reading",436.0,9.6
"609741",2021,"HS","SAT","math",435.0,6.0
"609746",2021,"HS","SAT","reading",401.0,36.2
"609746",2021,"HS","SAT","math",401.0,24.7
"609748",2021,"HS","SAT","reading",33.0,0.0
"609748",2021,"HS","SAT","math",33.0,0.0
"609749",2021,"HS","SAT","reading",266.0,94.7
"609749",2021,"HS","SAT","math",266.0,94.4
"609750",2021,"HS","SAT","reading",5.0," "
"609750",2021,"HS","SAT","math",5.0," "
"609751",2021,"HS","SAT","reading",115.0,21.7
"609751",2021,"HS","SAT","math",115.0,14.8
"609753",2021,"HS","SAT","reading",172.0,26.2
"609753",2021,"HS","SAT","math",172.0,14.0
"609754",2021,"HS","SAT","reading",63.0,4.8
"609754",2021,"HS","SAT","math",63.0,6.3
"609755",2021,"HS","SAT","reading",479.0,88.3
"609755",2021,"HS","SAT","math",479.0,85.4
"609756",2021,"HS","SAT","reading",624.0,10.3
"609756",2021,"HS","SAT","math",624.0,8.7
"609759",2021,"HS","SAT","reading",120.0,2.5
"609759",2021,"HS","SAT","math",120.0,3.3
"609760",2021,"HS","SAT","reading",101.0,11.9
"609760",2021,"HS","SAT","math",101.0,5.0
"609761",2021,"HS","SAT","reading",68.0,2.9
"609761",2021,"HS","SAT","math",68.0,0.0
"609762",2021,"HS","SAT","reading",93.0,2.2
"609762",2021,"HS","SAT","math",93.0,1.1
"609764",2021,"HS","SAT","reading",378.0,6.9
"609764",2021,"HS","SAT","math",378.0,4.0
"609780",2021,"HS","SAT","reading",126.0,16.7
"609780",2021,"HS","SAT","math",126.0,11.9
"609783",2021,"HS","SAT","reading",12.0,0.0
"609783",2021,"HS","SAT","math",12.0,0.0
"610244",2021,"HS","SAT","reading",101.0,1.0
"610244",2021,"HS","SAT","math",101.0,0.0
"610245",2021,"HS","SAT","reading",9.0," "
"610245",2021,"HS","SAT","math",9.0," "
"610304",2021,"HS","SAT","reading",126.0,12.7
"610304",2021,"HS","SAT","math",126.0,8.7
"610323",2021,"HS","SAT","reading",47.0,6.4
"610323",2021,"HS","SAT","math",47.0,0.0
"610334",2021,"HS","SAT","reading",44.0,0.0
"610334",2021,"HS","SAT","math",44.0,0.0
"610340",2021,"HS","SAT","reading",144.0,18.8
"610340",2021,"HS","SAT","math",144.0,15.3
"610357",2021,"HS","SAT","reading",31.0,0.0
"610357",2021,"HS","SAT","math",31.0,0.0
"610380",2021,"HS","SAT","reading",22.0,0.0
"610380",2021,"HS","SAT","math",22.0,0.0
"610381",2021,"HS","SAT","reading",16.0,6.3
"610381",2021,"HS","SAT","math",16.0,0.0
"610383",2021,"HS","SAT","reading",78.0,3.8
"610383",2021,"HS","SAT","math",78.0,1.3
"610384",2021,"HS","SAT","reading",84.0,16.7
"610384",2021,"HS","SAT","math",84.0,17.9
"610385",2021,"HS","SAT","reading",45.0,0.0
"610385",2021,"HS","SAT","math",45.0,2.2
"610386",2021,"HS","SAT","reading",32.0,0.0
"610386",2021,"HS","SAT","math",32.0,3.1
"610389",2021,"HS","SAT","reading",66.0,3.0
"610389",2021,"HS","SAT","math",66.0,3.0
"610390",2021,"HS","SAT","reading",91.0,8.8
"610390",2021,"HS","SAT","math",91.0,5.5
"610391",2021,"HS","SAT","reading",225.0,45.8
"610391",2021,"HS","SAT","math",225.0,41.3
"610392",2021,"HS","SAT","reading",74.0,8.1
"610392",2021,"HS","SAT","math",74.0,8.1
"610394",2021,"HS","SAT","reading",14.0,7.1
"610394",2021,"HS","SAT","math",14.0,0.0
"610402",2021,"HS","SAT","reading",84.0,36.9
"610402",2021,"HS","SAT","math",84.0,27.4
"610499",2021,"HS","SAT","reading",31.0,3.2
"610499",2021,"HS","SAT","math",31.0,0.0
"610513",2021,"HS","SAT","reading",57.0,10.5
"610513",2021,"HS","SAT","math",57.0,10.5
"610518",2021,"HS","SAT","reading",70.0,0.0
"610518",2021,"HS","SAT","math",70.0,0.0
"610524",2021,"HS","SAT","reading",85.0,11.8
"610524",2021,"HS","SAT","math",85.0,10.6
"610529",2021,"HS","SAT","reading",157.0,14.0
"610529",2021,"HS","SAT","math",157.0,10.8
"610543",2021,"HS","SAT","reading",284.0,19.7
"610543",2021,"HS","SAT","math",282.0,20.2
"610547",2021,"HS","SAT","reading",140.0,10.7
"610547",2021,"HS","SAT","math",139.0,2.9
"610557",2021,"HS","SAT","reading",28.0,10.7
"610557",2021,"HS","SAT","math",28.0,7.1
"610558",2021,"HS","SAT","reading",213.0,5.6
"610558",2021,"HS","SAT","math",213.0,5.2
"610561",2021,"HS","SAT","reading",92.0,4.3
"610561",2021,"HS","SAT","math",92.0,3.3
"610563",2021,"HS","SAT","reading",271.0,17.0
"610563",2021,"HS","SAT","math",271.0,21.0
"610564",2021,"HS","SAT","reading",114.0,23.7
"610564",2021,"HS","SAT","math",114.0,19.3
"610565",2021,"HS","SAT","reading",13.0,0.0
"610565",2021,"HS","SAT","math",13.0,0.0
"610568",2021,"HS","SAT","reading",52.0,15.4
"610568",2021,"HS","SAT","math",52.0,7.7
"610569",2021,"HS","SAT","reading",35.0,5.7
"610569",2021,"HS","SAT","math",35.0,0.0
"610570",2021,"HS","SAT","reading",57.0,3.5
"610570",2021,"HS","SAT","math",57.0,1.8
"610571",2021,"HS","SAT","reading",32.0,12.5
"610571",2021,"HS","SAT","math",32.0,6.3
"610573",2021,"HS","SAT","reading",2.0," "
"610573",2021,"HS","SAT","math",2.0," "
"610587",2021,"HS","SAT","reading",134.0,3.0
"610587",2021,"HS","SAT","math",134.0,2.2
"610593",2021,"HS","SAT","reading",30.0,0.0
"610593",2021,"HS","SAT","math",30.0,0.0
"610594",2021,"HS","SAT","reading",12.0,8.3
"610594",2021,"HS","SAT","math",12.0,0.0
"400013",2019,"HS","SAT","reading",85.0,10.6
"400013",2019,"HS","SAT","math",85.0,11.8
"400022",2019,"HS","SAT","reading",143.0,37.8
"400022",2019,"HS","SAT","math",143.0,18.9
"400032",2019,"HS","SAT","reading",76.0,1.3
"400032",2019,"HS","SAT","math",76.0,1.3
"400033",2019,"HS","SAT","reading",115.0,1.7
"400033",2019,"HS","SAT","math",115.0,2.6
"400034",2019,"HS","SAT","reading",218.0,13.3
"400034",2019,"HS","SAT","math",218.0,20.2
"400035",2019,"HS","SAT","reading",76.0,28.9
"400035",2019,"HS","SAT","math",76.0,55.3
"400036",2019,"HS","SAT","reading",50.0,32.0
"400036",2019,"HS","SAT","math",50.0,18.0
"400051",2019,"HS","SAT","reading",169.0,37.9
"400051",2019,"HS","SAT","math",169.0,49.7
"400052",2019,"HS","SAT","reading",192.0,14.6
"400052",2019,"HS","SAT","math",192.0,9.9
"400053",2019,"HS","SAT","reading",144.0,25.0
"400053",2019,"HS","SAT","math",144.0,36.8
"400054",2019,"HS","SAT","reading",251.0,38.2
"400054",2019,"HS","SAT","math",251.0,55.8
"400055",2019,"HS","SAT","reading",140.0,32.1
"400055",2019,"HS","SAT","math",140.0,45.0
"400056",2019,"HS","SAT","reading",88.0,15.9
"400056",2019,"HS","SAT","math",88.0,28.4
"400057",2019,"HS","SAT","reading",223.0,42.6
"400057",2019,"HS","SAT","math",223.0,57.4
"400058",2019,"HS","SAT","reading",82.0,2.4
"400058",2019,"HS","SAT","math",82.0,7.3
"400059",2019,"HS","SAT","reading",78.0,7.7
"400059",2019,"HS","SAT","math",78.0,0.0
"400061",2019,"HS","SAT","reading",51.0,0.0
"400061",2019,"HS","SAT","math",51.0,2.0
"400062",2019,"HS","SAT","reading",65.0,4.6
"400062",2019,"HS","SAT","math",65.0,1.5
"400064",2019,"HS","SAT","reading",56.0,7.1
"400064",2019,"HS","SAT","math",56.0,5.4
"400066",2019,"HS","SAT","reading",107.0,7.5
"400066",2019,"HS","SAT","math",107.0,3.7
"400077",2019,"HS","SAT","reading",91.0,4.4
"400077",2019,"HS","SAT","math",91.0,2.2
"400085",2019,"HS","SAT","reading",153.0,11.8
"400085",2019,"HS","SAT","math",153.0,11.1
"400086",2019,"HS","SAT","reading",51.0,2.0
"400086",2019,"HS","SAT","math",51.0,2.0
"400087",2019,"HS","SAT","reading",28.0,3.6
"400087",2019,"HS","SAT","math",28.0,3.6
"400091",2019,"HS","SAT","reading",47.0,4.3
"400091",2019,"HS","SAT","math",47.0,0.0
"400094",2019,"HS","SAT","reading",110.0,11.8
"400094",2019,"HS","SAT","math",110.0,7.3
"400097",2019,"HS","SAT","reading",242.0,28.1
"400097",2019,"HS","SAT","math",242.0,47.5
"400098",2019,"HS","SAT","reading",232.0,31.0
"400098",2019,"HS","SAT","math",232.0,41.8
"400102",2019,"HS","SAT","reading",39.0,0.0
"400102",2019,"HS","SAT","math",39.0,2.6
"400104",2019,"HS","SAT","reading",158.0,5.7
"400104",2019,"HS","SAT","math",158.0,5.1
"400105",2019,"HS","SAT","reading",62.0,8.1
"400105",2019,"HS","SAT","math",62.0,1.6
"400106",2019,"HS","SAT","reading",166.0,9.0
"400106",2019,"HS","SAT","math",166.0,18.1
"400113",2019,"HS","SAT","reading",64.0,6.3
"400113",2019,"HS","SAT","math",64.0,0.0
"400115",2019,"HS","SAT","reading",110.0,10.9
"400115",2019,"HS","SAT","math",110.0,6.4
"400117",2019,"HS","SAT","reading",115.0,20.0
"400117",2019,"HS","SAT","math",115.0,21.7
"400118",2019,"HS","SAT","reading",77.0,6.5
"400118",2019,"HS","SAT","math",77.0,7.8
"400119",2019,"HS","SAT","reading",80.0,1.3
"400119",2019,"HS","SAT","math",80.0,5.0
"400121",2019,"HS","SAT","reading",25.0,12.0
"400121",2019,"HS","SAT","math",25.0,20.0
"400123",2019,"HS","SAT","reading",63.0,0.0
"400123",2019,"HS","SAT","math",63.0,1.6
"400124",2019,"HS","SAT","reading",63.0,0.0
"400124",2019,"HS","SAT","math",63.0,0.0
"400125",2019,"HS","SAT","reading",63.0,3.2
"400125",2019,"HS","SAT","math",63.0,0.0
"400126",2019,"HS","SAT","reading",55.0,3.6
"400126",2019,"HS","SAT","math",55.0,1.8
"400127",2019,"HS","SAT","reading",39.0,0.0
"400127",2019,"HS","SAT","math",39.0,0.0
"400128",2019,"HS","SAT","reading",60.0,0.0
"400128",2019,"HS","SAT","math",60.0,0.0
"400129",2019,"HS","SAT","reading",71.0,0.0
"400129",2019,"HS","SAT","math",71.0,0.0
"400130",2019,"HS","SAT","reading",37.0,0.0
"400130",2019,"HS","SAT","math",37.0,0.0
"400131",2019,"HS","SAT","reading",57.0,0.0
"400131",2019,"HS","SAT","math",57.0,0.0
"400133",2019,"HS","SAT","reading",116.0,0.0
"400133",2019,"HS","SAT","math",116.0,0.0
"400134",2019,"HS","SAT","reading",42.0,9.5
"400134",2019,"HS","SAT","math",42.0,2.4
"400135",2019,"HS","SAT","reading",67.0,0.0
"400135",2019,"HS","SAT","math",67.0,1.5
"400136",2019,"HS","SAT","reading",44.0,2.3
"400136",2019,"HS","SAT","math",44.0,0.0
"400137",2019,"HS","SAT","reading",23.0,4.3
"400137",2019,"HS","SAT","math",23.0,4.3
"400139",2019,"HS","SAT","reading",96.0,1.0
"400139",2019,"HS","SAT","math",96.0,0.0
"400141",2019,"HS","SAT","reading",76.0,7.9
"400141",2019,"HS","SAT","math",76.0,3.9
"400143",2019,"HS","SAT","reading",56.0,0.0
"400143",2019,"HS","SAT","math",56.0,0.0
"400144",2019,"HS","SAT","reading",49.0,0.0
"400144",2019,"HS","SAT","math",49.0,0.0
"400145",2019,"HS","SAT","reading",75.0,2.7
"400145",2019,"HS","SAT","math",75.0,1.3
"400147",2019,"HS","SAT","reading",63.0,0.0
"400147",2019,"HS","SAT","math",63.0,0.0
"400149",2019,"HS","SAT","reading",142.0,8.5
"400149",2019,"HS","SAT","math",142.0,3.5
"400150",2019,"HS","SAT","reading",74.0,0.0
"400150",2019,"HS","SAT","math",74.0,0.0
"400156",2019,"HS","SAT","reading",149.0,7.4
"400156",2019,"HS","SAT","math",149.0,11.4
"400157",2019,"HS","SAT","reading",44.0,15.9
"400157",2019,"HS","SAT","math",44.0,22.7
"400162",2019,"HS","SAT","reading",167.0,22.2
"400162",2019,"HS","SAT","math",167.0,25.1
"400164",2019,"HS","SAT","reading",40.0,2.5
"400164",2019,"HS","SAT","math",40.0,0.0
"400167",2019,"HS","SAT","reading",30.0,10.0
"400167",2019,"HS","SAT","math",30.0,10.0
"400169",2019,"HS","SAT","reading",138.0,35.5
"400169",2019,"HS","SAT","math",138.0,58.0
"400170",2019,"HS","SAT","reading",92.0,37.0
"400170",2019,"HS","SAT","math",92.0,39.1
"400171",2019,"HS","SAT","reading",47.0,0.0
"400171",2019,"HS","SAT","math",47.0,0.0
"400172",2019,"HS","SAT","reading",163.0,7.4
"400172",2019,"HS","SAT","math",163.0,4.3
"400173",2019,"HS","SAT","reading",116.0,1.7
"400173",2019,"HS","SAT","math",116.0,0.0
"400175",2019,"HS","SAT","reading",49.0,0.0
"400175",2019,"HS","SAT","math",49.0,0.0
"400176",2019,"HS","SAT","reading",27.0,0.0
"400176",2019,"HS","SAT","math",27.0,0.0
"400179",2019,"HS","SAT","reading",145.0,33.8
"400179",2019,"HS","SAT","math",145.0,41.4
"609674",2019,"HS","SAT","reading",137.0,0.7
"609674",2019,"HS","SAT","math",137.0,1.5
"609676",2019,"HS","SAT","reading",76.0,3.9
"609676",2019,"HS","SAT","math",76.0,1.3
"609678",2019,"HS","SAT","reading",448.0,95.5
"609678",2019,"HS","SAT","math",448.0,92.9
"609679",2019,"HS","SAT","reading",314.0,21.7
"609679",2019,"HS","SAT","math",314.0,18.5
"609680",2019,"HS","SAT","reading",282.0,97.2
"609680",2019,"HS","SAT","math",282.0,93.3
"609682",2019,"HS","SAT","reading",49.0,2.0
"609682",2019,"HS","SAT","math",49.0,0.0
"609691",2019,"HS","SAT","reading",198.0,10.1
"609691",2019,"HS","SAT","math",198.0,8.6
"609692",2019,"HS","SAT","reading",268.0,4.1
"609692",2019,"HS","SAT","math",268.0,3.0
"609693",2019,"HS","SAT","reading",271.0,39.9
"609693",2019,"HS","SAT","math",271.0,41.3
"609694",2019,"HS","SAT","reading",231.0,60.6
"609694",2019,"HS","SAT","math",231.0,60.2
"609695",2019,"HS","SAT","reading",287.0,26.1
"609695",2019,"HS","SAT","math",287.0,32.1
"609698",2019,"HS","SAT","reading",169.0,4.7
"609698",2019,"HS","SAT","math",169.0,1.8
"609704",2019,"HS","SAT","reading",143.0,6.3
"609704",2019,"HS","SAT","math",143.0,6.3
"609705",2019,"HS","SAT","reading",59.0,1.7
"609705",2019,"HS","SAT","math",59.0,0.0
"609708",2019,"HS","SAT","reading",190.0,3.7
"609708",2019,"HS","SAT","math",190.0,2.1
"609709",2019,"HS","SAT","reading",60.0,5.0
"609709",2019,"HS","SAT","math",60.0,3.3
"609710",2019,"HS","SAT","reading",77.0,0.0
"609710",2019,"HS","SAT","math",77.0,0.0
"609711",2019,"HS","SAT","reading",26.0,0.0
"609711",2019,"HS","SAT","math",26.0,0.0
"609712",2019,"HS","SAT","reading",21.0,0.0
"609712",2019,"HS","SAT","math",21.0,0.0
"609713",2019,"HS","SAT","reading",144.0,3.5
"609713",2019,"HS","SAT","math",144.0,2.8
"609715",2019,"HS","SAT","reading",444.0,9.7
"609715",2019,"HS","SAT","math",444.0,14.0
"609716",2019,"HS","SAT","reading",63.0,7.9
"609716",2019,"HS","SAT","math",63.0,4.8
"609718",2019,"HS","SAT","reading",375.0,30.1
"609718",2019,"HS","SAT","math",375.0,21.6
"609719",2019,"HS","SAT","reading",344.0,18.6
"609719",2019,"HS","SAT","math",344.0,16.6
"609720",2019,"HS","SAT","reading",904.0,87.7
"609720",2019,"HS","SAT","math",904.0,89.7
"609722",2019,"HS","SAT","reading",18.0,0.0
"609722",2019,"HS","SAT","math",18.0,0.0
"609723",2019,"HS","SAT","reading",57.0,1.8
"609723",2019,"HS","SAT","math",57.0,1.8
"609724",2019,"HS","SAT","reading",313.0,20.1
"609724",2019,"HS","SAT","math",313.0,23.0
"609725",2019,"HS","SAT","reading",270.0,7.4
"609725",2019,"HS","SAT","math",270.0,4.4
"609726",2019,"HS","SAT","reading",209.0,69.4
"609726",2019,"HS","SAT","math",209.0,65.6
"609727",2019,"HS","SAT","reading",164.0,1.2
"609727",2019,"HS","SAT","math",164.0,2.4
"609728",2019,"HS","SAT","reading",214.0,7.5
"609728",2019,"HS","SAT","math",214.0,8.4
"609729",2019,"HS","SAT","reading",330.0,13.3
"609729",2019,"HS","SAT","math",330.0,11.5
"609730",2019,"HS","SAT","reading",325.0,35.1
"609730",2019,"HS","SAT","math",325.0,29.8
"609732",2019,"HS","SAT","reading",290.0,11.0
"609732",2019,"HS","SAT","math",290.0,8.6
"609733",2019,"HS","SAT","reading",174.0,5.7
"609733",2019,"HS","SAT","math",174.0,10.3
"609734",2019,"HS","SAT","reading",704.0,38.4
"609734",2019,"HS","SAT","math",704.0,33.7
"609735",2019,"HS","SAT","reading",49.0,4.1
"609735",2019,"HS","SAT","math",49.0,2.0
"609737",2019,"HS","SAT","reading",454.0,42.5
"609737",2019,"HS","SAT","math",454.0,50.4
"609738",2019,"HS","SAT","reading",479.0,52.6
"609738",2019,"HS","SAT","math",479.0,52.4
"609739",2019,"HS","SAT","reading",307.0,16.9
"609739",2019,"HS","SAT","math",307.0,9.8
"609740",2019,"HS","SAT","reading",80.0,3.8
"609740",2019,"HS","SAT","math",80.0,2.5
"609741",2019,"HS","SAT","reading",376.0,16.2
"609741",2019,"HS","SAT","math",376.0,12.0
"609746",2019,"HS","SAT","reading",397.0,36.8
"609746",2019,"HS","SAT","math",397.0,35.8
"609748",2019,"HS","SAT","reading",38.0,0.0
"609748",2019,"HS","SAT","math",38.0,0.0
"609749",2019,"HS","SAT","reading",269.0,97.8
"609749",2019,"HS","SAT","math",269.0,94.8
"609750",2019,"HS","SAT","reading",9.0," "
"609750",2019,"HS","SAT","math",9.0," "
"609751",2019,"HS","SAT","reading",103.0,38.8
"609751",2019,"HS","SAT","math",103.0,26.2
"609753",2019,"HS","SAT","reading",153.0,32.0
"609753",2019,"HS","SAT","math",153.0,25.5
"609754",2019,"HS","SAT","reading",86.0,12.8
"609754",2019,"HS","SAT","math",86.0,2.3
"609755",2019,"HS","SAT","reading",474.0,91.1
"609755",2019,"HS","SAT","math",474.0,91.6
"609756",2019,"HS","SAT","reading",560.0,10.7
"609756",2019,"HS","SAT","math",560.0,14.3
"609759",2019,"HS","SAT","reading",151.0,8.6
"609759",2019,"HS","SAT","math",151.0,2.6
"609760",2019,"HS","SAT","reading",129.0,8.5
"609760",2019,"HS","SAT","math",129.0,18.6
"609761",2019,"HS","SAT","reading",57.0,1.8
"609761",2019,"HS","SAT","math",57.0,3.5
"609762",2019,"HS","SAT","reading",114.0,1.8
"609762",2019,"HS","SAT","math",114.0,0.0
"609764",2019,"HS","SAT","reading",365.0,8.8
"609764",2019,"HS","SAT","math",365.0,2.5
"609780",2019,"HS","SAT","reading",145.0,11.7
"609780",2019,"HS","SAT","math",145.0,11.7
"609783",2019,"HS","SAT","reading",32.0,3.1
"609783",2019,"HS","SAT","math",32.0,6.3
"610244",2019,"HS","SAT","reading",117.0,2.6
"610244",2019,"HS","SAT","math",117.0,0.9
"610245",2019,"HS","SAT","reading",15.0,0.0
"610245",2019,"HS","SAT","math",15.0,0.0
"610304",2019,"HS","SAT","reading",119.0,23.5
"610304",2019,"HS","SAT","math",119.0,24.4
"610323",2019,"HS","SAT","reading",49.0,4.1
"610323",2019,"HS","SAT","math",49.0,2.0
"610334",2019,"HS","SAT","reading",62.0,0.0
"610334",2019,"HS","SAT","math",62.0,1.6
"610340",2019,"HS","SAT","reading",141.0,22.7
"610340",2019,"HS","SAT","math",141.0,17.7
"610357",2019,"HS","SAT","reading",32.0,6.3
"610357",2019,"HS","SAT","math",32.0,0.0
"610380",2019,"HS","SAT","reading",29.0,10.3
"610380",2019,"HS","SAT","math",29.0,0.0
"610381",2019,"HS","SAT","reading",34.0,2.9
"610381",2019,"HS","SAT","math",34.0,0.0
"610383",2019,"HS","SAT","reading",61.0,3.3
"610383",2019,"HS","SAT","math",61.0,1.6
"610384",2019,"HS","SAT","reading",96.0,10.4
"610384",2019,"HS","SAT","math",96.0,22.9
"610385",2019,"HS","SAT","reading",41.0,2.4
"610385",2019,"HS","SAT","math",41.0,4.9
"610386",2019,"HS","SAT","reading",44.0,0.0
"610386",2019,"HS","SAT","math",44.0,0.0
"610389",2019,"HS","SAT","reading",56.0,3.6
"610389",2019,"HS","SAT","math",56.0,1.8
"610390",2019,"HS","SAT","reading",123.0,23.6
"610390",2019,"HS","SAT","math",123.0,19.5
"610391",2019,"HS","SAT","reading",266.0,54.1
"610391",2019,"HS","SAT","math",266.0,54.9
"610392",2019,"HS","SAT","reading",96.0,8.3
"610392",2019,"HS","SAT","math",96.0,6.3
"610394",2019,"HS","SAT","reading",32.0,3.1
"610394",2019,"HS","SAT","math",32.0,0.0
"610402",2019,"HS","SAT","reading",69.0,49.3
"610402",2019,"HS","SAT","math",69.0,62.3
"610497",2019,"HS","SAT","reading",11.0,27.3
"610497",2019,"HS","SAT","math",11.0,9.1
"610499",2019,"HS","SAT","reading",55.0,1.8
"610499",2019,"HS","SAT","math",55.0,0.0
"610513",2019,"HS","SAT","reading",53.0,5.7
"610513",2019,"HS","SAT","math",53.0,7.5
"610518",2019,"HS","SAT","reading",46.0,4.3
"610518",2019,"HS","SAT","math",46.0,2.2
"610524",2019,"HS","SAT","reading",75.0,18.7
"610524",2019,"HS","SAT","math",75.0,20.0
"610529",2019,"HS","SAT","reading",129.0,28.7
"610529",2019,"HS","SAT","math",129.0,20.2
"610543",2019,"HS","SAT","reading",252.0,27.8
"610543",2019,"HS","SAT","math",252.0,38.9
"610547",2019,"HS","SAT","reading",136.0,14.0
"610547",2019,"HS","SAT","math",136.0,6.6
"610557",2019,"HS","SAT","reading",75.0,2.7
"610557",2019,"HS","SAT","math",75.0,0.0
"610558",2019,"HS","SAT","reading",220.0,6.4
"610558",2019,"HS","SAT","math",220.0,10.5
"610561",2019,"HS","SAT","reading",115.0,14.8
"610561",2019,"HS","SAT","math",115.0,11.3
"610563",2019,"HS","SAT","reading",270.0,22.2
"610563",2019,"HS","SAT","math",270.0,27.8
"610564",2019,"HS","SAT","reading",120.0,46.7
"610564",2019,"HS","SAT","math",120.0,21.7
"610565",2019,"HS","SAT","reading",73.0,1.4
"610565",2019,"HS","SAT","math",73.0,0.0
"610566",2019,"HS","SAT","reading",27.0,0.0
"610566",2019,"HS","SAT","math",27.0,0.0
"610567",2019,"HS","SAT","reading",21.0,9.5
"610567",2019,"HS","SAT","math",21.0,0.0
"610568",2019,"HS","SAT","reading",70.0,15.7
"610568",2019,"HS","SAT","math",70.0,2.9
"610569",2019,"HS","SAT","reading",58.0,3.4
"610569",2019,"HS","SAT","math",58.0,3.4
"610570",2019,"HS","SAT","reading",69.0,2.9
"610570",2019,"HS","SAT","math",69.0,1.4
"610571",2019,"HS","SAT","reading",40.0,7.5
"610571",2019,"HS","SAT","math",40.0,5.0
"610573",2019,"HS","SAT","reading",3.0," "
"610573",2019,"HS","SAT","math",3.0," "
"610580",2019,"HS","SAT","reading",52.0,7.7
"610580",2019,"HS","SAT","math",52.0,5.8
"610581",2019,"HS","SAT","reading",27.0,3.7
"610581",2019,"HS","SAT","math",27.0,3.7
"610587",2019,"HS","SAT","reading",134.0,9.0
"610587",2019,"HS","SAT","math",134.0,3.0
"400010",2018,"HS","SAT","reading",61.0,1.6
"400010",2018,"HS","SAT","math",61.0,3.3
"400013",2018,"HS","SAT","reading",87.0,9.2
"400013",2018,"HS","SAT","math",87.0,4.6
"400022",2018,"HS","SAT","reading",137.0,40.1
"400022",2018,"HS","SAT","math",137.0,16.1
"400032",2018,"HS","SAT","reading",109.0,4.6
"400032",2018,"HS","SAT","math",109.0,0.9
"400033",2018,"HS","SAT","reading",106.0,2.8
"400033",2018,"HS","SAT","math",106.0,0.9
"400034",2018,"HS","SAT","reading",207.0,23.7
"400034",2018,"HS","SAT","math",207.0,19.8
"400035",2018,"HS","SAT","reading",82.0,32.9
"400035",2018,"HS","SAT","math",83.0,44.6
"400036",2018,"HS","SAT","reading",27.0,33.3
"400036",2018,"HS","SAT","math",27.0,14.8
"400051",2018,"HS","SAT","reading",146.0,37.0
"400051",2018,"HS","SAT","math",146.0,52.1
"400052",2018,"HS","SAT","reading",165.0,21.2
"400052",2018,"HS","SAT","math",165.0,21.2
"400053",2018,"HS","SAT","reading",149.0,31.5
"400053",2018,"HS","SAT","math",149.0,42.3
"400054",2018,"HS","SAT","reading",203.0,46.3
"400054",2018,"HS","SAT","math",203.0,56.2
"400055",2018,"HS","SAT","reading",157.0,35.0
"400055",2018,"HS","SAT","math",157.0,36.3
"400056",2018,"HS","SAT","reading",85.0,20.0
"400056",2018,"HS","SAT","math",85.0,16.5
"400057",2018,"HS","SAT","reading",207.0,36.7
"400057",2018,"HS","SAT","math",207.0,47.3
"400058",2018,"HS","SAT","reading",85.0,2.4
"400058",2018,"HS","SAT","math",85.0,1.2
"400059",2018,"HS","SAT","reading",82.0,2.4
"400059",2018,"HS","SAT","math",82.0,1.2
"400061",2018,"HS","SAT","reading",94.0,7.4
"400061",2018,"HS","SAT","math",94.0,1.1
"400062",2018,"HS","SAT","reading",78.0,1.3
"400062",2018,"HS","SAT","math",78.0,0.0
"400064",2018,"HS","SAT","reading",59.0,10.2
"400064",2018,"HS","SAT","math",59.0,5.1
"400066",2018,"HS","SAT","reading",112.0,12.5
"400066",2018,"HS","SAT","math",112.0,8.9
"400077",2018,"HS","SAT","reading",93.0,11.8
"400077",2018,"HS","SAT","math",93.0,5.4
"400085",2018,"HS","SAT","reading",174.0,16.7
"400085",2018,"HS","SAT","math",175.0,15.4
"400086",2018,"HS","SAT","reading",58.0,5.2
"400086",2018,"HS","SAT","math",58.0,13.8
"400087",2018,"HS","SAT","reading",57.0,5.3
"400087",2018,"HS","SAT","math",57.0,1.8
"400091",2018,"HS","SAT","reading",44.0,11.4
"400091",2018,"HS","SAT","math",44.0,6.8
"400094",2018,"HS","SAT","reading",134.0,14.2
"400094",2018,"HS","SAT","math",137.0,7.3
"400097",2018,"HS","SAT","reading",247.0,29.1
"400097",2018,"HS","SAT","math",247.0,43.7
"400098",2018,"HS","SAT","reading",200.0,40.0
"400098",2018,"HS","SAT","math",200.0,47.0
"400102",2018,"HS","SAT","reading",49.0,6.1
"400102",2018,"HS","SAT","math",49.0,2.0
"400104",2018,"HS","SAT","reading",175.0,3.4
"400104",2018,"HS","SAT","math",175.0,5.1
"400105",2018,"HS","SAT","reading",56.0,0.0
"400105",2018,"HS","SAT","math",56.0,1.8
"400106",2018,"HS","SAT","reading",200.0,8.5
"400106",2018,"HS","SAT","math",200.0,10.0
"400113",2018,"HS","SAT","reading",57.0,8.8
"400113",2018,"HS","SAT","math",57.0,7.0
"400115",2018,"HS","SAT","reading",124.0,5.6
"400115",2018,"HS","SAT","math",125.0,4.0
"400117",2018,"HS","SAT","reading",115.0,21.7
"400117",2018,"HS","SAT","math",115.0,12.2
"400118",2018,"HS","SAT","reading",121.0,12.4
"400118",2018,"HS","SAT","math",121.0,13.2
"400119",2018,"HS","SAT","reading",58.0,3.4
"400119",2018,"HS","SAT","math",58.0,3.4
"400121",2018,"HS","SAT","reading",39.0,7.7
"400121",2018,"HS","SAT","math",41.0,7.3
"400123",2018,"HS","SAT","reading",73.0,0.0
"400123",2018,"HS","SAT","math",73.0,0.0
"400124",2018,"HS","SAT","reading",45.0,0.0
"400124",2018,"HS","SAT","math",45.0,0.0
"400125",2018,"HS","SAT","reading",50.0,2.0
"400125",2018,"HS","SAT","math",50.0,0.0
"400126",2018,"HS","SAT","reading",43.0,2.3
"400126",2018,"HS","SAT","math",43.0,2.3
"400127",2018,"HS","SAT","reading",85.0,0.0
"400127",2018,"HS","SAT","math",85.0,0.0
"400128",2018,"HS","SAT","reading",55.0,1.8
"400128",2018,"HS","SAT","math",55.0,1.8
"400129",2018,"HS","SAT","reading",88.0,0.0
"400129",2018,"HS","SAT","math",88.0,0.0
"400130",2018,"HS","SAT","reading",66.0,0.0
"400130",2018,"HS","SAT","math",66.0,0.0
"400131",2018,"HS","SAT","reading",72.0,1.4
"400131",2018,"HS","SAT","math",72.0,5.6
"400133",2018,"HS","SAT","reading",67.0,0.0
"400133",2018,"HS","SAT","math",67.0,3.0
"400134",2018,"HS","SAT","reading",49.0,6.1
"400134",2018,"HS","SAT","math",49.0,10.2
"400135",2018,"HS","SAT","reading",88.0,3.4
"400135",2018,"HS","SAT","math",88.0,1.1
"400136",2018,"HS","SAT","reading",29.0,0.0
"400136",2018,"HS","SAT","math",29.0,0.0
"400137",2018,"HS","SAT","reading",39.0,12.8
"400137",2018,"HS","SAT","math",39.0,2.6
"400139",2018,"HS","SAT","reading",104.0,1.9
"400139",2018,"HS","SAT","math",104.0,0.0
"400141",2018,"HS","SAT","reading",95.0,12.6
"400141",2018,"HS","SAT","math",98.0,5.1
"400143",2018,"HS","SAT","reading",45.0,2.2
"400143",2018,"HS","SAT","math",45.0,0.0
"400144",2018,"HS","SAT","reading",65.0,4.6
"400144",2018,"HS","SAT","math",65.0,3.1
"400145",2018,"HS","SAT","reading",55.0,0.0
"400145",2018,"HS","SAT","math",55.0,0.0
"400147",2018,"HS","SAT","reading",85.0,2.4
"400147",2018,"HS","SAT","math",85.0,0.0
"400149",2018,"HS","SAT","reading",152.0,10.5
"400149",2018,"HS","SAT","math",152.0,5.3
"400150",2018,"HS","SAT","reading",54.0,0.0
"400150",2018,"HS","SAT","math",54.0,0.0
"400156",2018,"HS","SAT","reading",132.0,15.9
"400156",2018,"HS","SAT","math",132.0,15.9
"400157",2018,"HS","SAT","reading",96.0,16.7
"400157",2018,"HS","SAT","math",96.0,29.2
"400162",2018,"HS","SAT","reading",154.0,22.7
"400162",2018,"HS","SAT","math",154.0,29.2
"400164",2018,"HS","SAT","reading",22.0,4.5
"400164",2018,"HS","SAT","math",22.0,0.0
"400167",2018,"HS","SAT","reading",38.0,2.6
"400167",2018,"HS","SAT","math",38.0,5.3
"400169",2018,"HS","SAT","reading",329.0,31.6
"400169",2018,"HS","SAT","math",329.0,52.3
"400170",2018,"HS","SAT","reading",84.0,42.9
"400170",2018,"HS","SAT","math",84.0,51.2
"400172",2018,"HS","SAT","reading",147.0,6.1
"400172",2018,"HS","SAT","math",147.0,5.4
"400173",2018,"HS","SAT","reading",57.0,7.0
"400173",2018,"HS","SAT","math",57.0,1.8
"400175",2018,"HS","SAT","reading",26.0,3.8
"400175",2018,"HS","SAT","math",26.0,0.0
"400176",2018,"HS","SAT","reading",43.0,0.0
"400176",2018,"HS","SAT","math",43.0,0.0
"609674",2018,"HS","SAT","reading",210.0,4.3
"609674",2018,"HS","SAT","math",211.0,2.4
"609676",2018,"HS","SAT","reading",89.0,2.2
"609676",2018,"HS","SAT","math",89.0,0.0
"609678",2018,"HS","SAT","reading",435.0,91.3
"609678",2018,"HS","SAT","math",436.0,91.3
"609679",2018,"HS","SAT","reading",312.0,17.0
"609679",2018,"HS","SAT","math",312.0,17.6
"609680",2018,"HS","SAT","reading",217.0,99.1
"609680",2018,"HS","SAT","math",217.0,97.7
"609682",2018,"HS","SAT","reading",65.0,4.6
"609682",2018,"HS","SAT","math",65.0,1.5
"609691",2018,"HS","SAT","reading",246.0,5.7
"609691",2018,"HS","SAT","math",247.0,10.9
"609692",2018,"HS","SAT","reading",243.0,6.2
"609692",2018,"HS","SAT","math",243.0,2.5
"609693",2018,"HS","SAT","reading",263.0,41.4
"609693",2018,"HS","SAT","math",263.0,44.9
"609694",2018,"HS","SAT","reading",213.0,50.2
"609694",2018,"HS","SAT","math",213.0,52.1
"609695",2018,"HS","SAT","reading",289.0,33.2
"609695",2018,"HS","SAT","math",290.0,33.1
"609698",2018,"HS","SAT","reading",187.0,4.8
"609698",2018,"HS","SAT","math",187.0,3.2
"609704",2018,"HS","SAT","reading",178.0,5.6
"609704",2018,"HS","SAT","math",179.0,8.9
"609705",2018,"HS","SAT","reading",58.0,5.2
"609705",2018,"HS","SAT","math",58.0,1.7
"609707",2018,"HS","SAT","reading",30.0,3.3
"609707",2018,"HS","SAT","math",30.0,3.3
"609708",2018,"HS","SAT","reading",173.0,4.0
"609708",2018,"HS","SAT","math",175.0,5.7
"609709",2018,"HS","SAT","reading",62.0,0.0
"609709",2018,"HS","SAT","math",63.0,0.0
"609710",2018,"HS","SAT","reading",73.0,4.1
"609710",2018,"HS","SAT","math",73.0,1.4
"609711",2018,"HS","SAT","reading",34.0,2.9
"609711",2018,"HS","SAT","math",34.0,0.0
"609712",2018,"HS","SAT","reading",35.0,2.9
"609712",2018,"HS","SAT","math",35.0,2.9
"609713",2018,"HS","SAT","reading",186.0,2.7
"609713",2018,"HS","SAT","math",186.0,2.2
"609715",2018,"HS","SAT","reading",488.0,13.3
"609715",2018,"HS","SAT","math",497.0,15.9
"609716",2018,"HS","SAT","reading",64.0,4.7
"609716",2018,"HS","SAT","math",65.0,6.2
"609718",2018,"HS","SAT","reading",378.0,27.5
"609718",2018,"HS","SAT","math",381.0,20.2
"609719",2018,"HS","SAT","reading",307.0,19.9
"609719",2018,"HS","SAT","math",308.0,19.5
"609720",2018,"HS","SAT","reading",1072.0,86.8
"609720",2018,"HS","SAT","math",1074.0,85.8
"609722",2018,"HS","SAT","reading",26.0,0.0
"609722",2018,"HS","SAT","math",26.0,0.0
"609723",2018,"HS","SAT","reading",80.0,1.3
"609723",2018,"HS","SAT","math",80.0,1.3
"609724",2018,"HS","SAT","reading",356.0,14.3
"609724",2018,"HS","SAT","math",360.0,24.2
"609725",2018,"HS","SAT","reading",279.0,7.2
"609725",2018,"HS","SAT","math",279.0,7.2
"609726",2018,"HS","SAT","reading",218.0,63.3
"609726",2018,"HS","SAT","math",218.0,54.6
"609727",2018,"HS","SAT","reading",134.0,4.5
"609727",2018,"HS","SAT","math",134.0,7.5
"609728",2018,"HS","SAT","reading",194.0,6.7
"609728",2018,"HS","SAT","math",200.0,5.5
"609729",2018,"HS","SAT","reading",333.0,10.2
"609729",2018,"HS","SAT","math",336.0,7.1
"609730",2018,"HS","SAT","reading",303.0,19.8
"609730",2018,"HS","SAT","math",308.0,24.0
"609732",2018,"HS","SAT","reading",244.0,8.2
"609732",2018,"HS","SAT","math",250.0,9.2
"609733",2018,"HS","SAT","reading",134.0,3.7
"609733",2018,"HS","SAT","math",138.0,3.6
"609734",2018,"HS","SAT","reading",713.0,32.4
"609734",2018,"HS","SAT","math",721.0,23.4
"609735",2018,"HS","SAT","reading",61.0,3.3
"609735",2018,"HS","SAT","math",61.0,4.9
"609737",2018,"HS","SAT","reading",404.0,32.4
"609737",2018,"HS","SAT","math",404.0,41.3
"609738",2018,"HS","SAT","reading",424.0,53.1
"609738",2018,"HS","SAT","math",427.0,53.4
"609739",2018,"HS","SAT","reading",341.0,18.5
"609739",2018,"HS","SAT","math",343.0,14.6
"609740",2018,"HS","SAT","reading",55.0,3.6
"609740",2018,"HS","SAT","math",57.0,8.8
"609741",2018,"HS","SAT","reading",464.0,15.1
"609741",2018,"HS","SAT","math",465.0,12.5
"609746",2018,"HS","SAT","reading",372.0,40.6
"609746",2018,"HS","SAT","math",373.0,37.3
"609748",2018,"HS","SAT","reading",30.0,0.0
"609748",2018,"HS","SAT","math",30.0,0.0
"609749",2018,"HS","SAT","reading",270.0,97.8
"609749",2018,"HS","SAT","math",270.0,93.7
"609750",2018,"HS","SAT","reading",9.0," "
"609750",2018,"HS","SAT","math",9.0," "
"609751",2018,"HS","SAT","reading",148.0,33.8
"609751",2018,"HS","SAT","math",148.0,30.4
"609753",2018,"HS","SAT","reading",148.0,48.6
"609753",2018,"HS","SAT","math",148.0,32.4
"609754",2018,"HS","SAT","reading",46.0,10.9
"609754",2018,"HS","SAT","math",46.0,2.2
"609755",2018,"HS","SAT","reading",434.0,89.6
"609755",2018,"HS","SAT","math",434.0,88.7
"609756",2018,"HS","SAT","reading",646.0,12.5
"609756",2018,"HS","SAT","math",647.0,16.5
"609759",2018,"HS","SAT","reading",181.0,8.8
"609759",2018,"HS","SAT","math",181.0,1.1
"609760",2018,"HS","SAT","reading",99.0,17.2
"609760",2018,"HS","SAT","math",99.0,11.1
"609761",2018,"HS","SAT","reading",86.0,1.2
"609761",2018,"HS","SAT","math",86.0,0.0
"609762",2018,"HS","SAT","reading",146.0,2.7
"609762",2018,"HS","SAT","math",146.0,0.7
"609764",2018,"HS","SAT","reading",395.0,6.3
"609764",2018,"HS","SAT","math",395.0,4.8
"609766",2018,"HS","SAT","reading",1.0," "
"609766",2018,"HS","SAT","math",1.0," "
"609768",2018,"HS","SAT","reading",13.0,0.0
"609768",2018,"HS","SAT","math",13.0,0.0
"609769",2018,"HS","SAT","reading",1.0," "
"609769",2018,"HS","SAT","math",1.0," "
"609780",2018,"HS","SAT","reading",170.0,8.2
"609780",2018,"HS","SAT","math",170.0,13.5
"609783",2018,"HS","SAT","reading",19.0,5.3
"609783",2018,"HS","SAT","math",19.0,5.3
"610244",2018,"HS","SAT","reading",114.0,4.4
"610244",2018,"HS","SAT","math",114.0,3.5
"610245",2018,"HS","SAT","reading",26.0,0.0
"610245",2018,"HS","SAT","math",26.0,0.0
"610304",2018,"HS","SAT","reading",120.0,25.0
"610304",2018,"HS","SAT","math",120.0,27.5
"610323",2018,"HS","SAT","reading",79.0,5.1
"610323",2018,"HS","SAT","math",79.0,1.3
"610334",2018,"HS","SAT","reading",84.0,2.4
"610334",2018,"HS","SAT","math",84.0,0.0
"610340",2018,"HS","SAT","reading",134.0,22.4
"610340",2018,"HS","SAT","math",135.0,13.3
"610357",2018,"HS","SAT","reading",38.0,2.6
"610357",2018,"HS","SAT","math",38.0,5.3
"610380",2018,"HS","SAT","reading",49.0,8.2
"610380",2018,"HS","SAT","math",49.0,0.0
"610381",2018,"HS","SAT","reading",83.0,1.2
"610381",2018,"HS","SAT","math",83.0,1.2
"610383",2018,"HS","SAT","reading",90.0,7.8
"610383",2018,"HS","SAT","math",90.0,6.7
"610384",2018,"HS","SAT","reading",113.0,15.9
"610384",2018,"HS","SAT","math",113.0,24.8
"610385",2018,"HS","SAT","reading",66.0,4.5
"610385",2018,"HS","SAT","math",66.0,7.6
"610386",2018,"HS","SAT","reading",37.0,0.0
"610386",2018,"HS","SAT","math",37.0,0.0
"610389",2018,"HS","SAT","reading",48.0,0.0
"610389",2018,"HS","SAT","math",48.0,0.0
"610390",2018,"HS","SAT","reading",121.0,17.4
"610390",2018,"HS","SAT","math",121.0,14.9
"610391",2018,"HS","SAT","reading",279.0,57.0
"610391",2018,"HS","SAT","math",279.0,52.0
"610392",2018,"HS","SAT","reading",74.0,17.6
"610392",2018,"HS","SAT","math",74.0,16.2
"610394",2018,"HS","SAT","reading",50.0,10.0
"610394",2018,"HS","SAT","math",50.0,8.0
"610402",2018,"HS","SAT","reading",103.0,35.9
"610402",2018,"HS","SAT","math",103.0,35.0
"610497",2018,"HS","SAT","reading",15.0,6.7
"610497",2018,"HS","SAT","math",15.0,6.7
"610499",2018,"HS","SAT","reading",52.0,3.8
"610499",2018,"HS","SAT","math",52.0,3.8
"610506",2018,"HS","SAT","reading",24.0,8.3
"610506",2018,"HS","SAT","math",24.0,4.2
"610513",2018,"HS","SAT","reading",66.0,4.5
"610513",2018,"HS","SAT","math",66.0,10.6
"610518",2018,"HS","SAT","reading",47.0,2.1
"610518",2018,"HS","SAT","math",47.0,2.1
"610524",2018,"HS","SAT","reading",62.0,6.5
"610524",2018,"HS","SAT","math",62.0,14.5
"610529",2018,"HS","SAT","reading",78.0,33.3
"610529",2018,"HS","SAT","math",78.0,21.8
"610543",2018,"HS","SAT","reading",257.0,25.3
"610543",2018,"HS","SAT","math",258.0,34.1
"610547",2018,"HS","SAT","reading",130.0,13.1
"610547",2018,"HS","SAT","math",130.0,6.9
"610557",2018,"HS","SAT","reading",60.0,5.0
"610557",2018,"HS","SAT","math",60.0,0.0
"610558",2018,"HS","SAT","reading",212.0,11.3
"610558",2018,"HS","SAT","math",212.0,13.7
"610561",2018,"HS","SAT","reading",131.0,12.2
"610561",2018,"HS","SAT","math",131.0,16.0
"610563",2018,"HS","SAT","reading",244.0,22.5
"610563",2018,"HS","SAT","math",244.0,31.6
"610564",2018,"HS","SAT","reading",94.0,45.7
"610564",2018,"HS","SAT","math",94.0,17.0
"610565",2018,"HS","SAT","reading",53.0,3.8
"610565",2018,"HS","SAT","math",53.0,0.0
"610566",2018,"HS","SAT","reading",48.0,0.0
"610566",2018,"HS","SAT","math",48.0,0.0
"610567",2018,"HS","SAT","reading",31.0,6.5
"610567",2018,"HS","SAT","math",31.0,3.2
"610568",2018,"HS","SAT","reading",77.0,6.5
"610568",2018,"HS","SAT","math",77.0,3.9
"610569",2018,"HS","SAT","reading",67.0,9.0
"610569",2018,"HS","SAT","math",67.0,4.5
"610570",2018,"HS","SAT","reading",57.0,3.5
"610570",2018,"HS","SAT","math",57.0,0.0
"610571",2018,"HS","SAT","reading",48.0,4.2
"610571",2018,"HS","SAT","math",48.0,0.0
"610580",2018,"HS","SAT","reading",48.0,14.6
"610580",2018,"HS","SAT","math",48.0,2.1
"610581",2018,"HS","SAT","reading",30.0,3.3
"610581",2018,"HS","SAT","math",30.0,0.0
