StateAssignedSchID,Subject,GradeLevel,StudentSubGroup_TotalTested,ProficientOrAbove_percent
010010010260001,ela,G07,41,.147
010010010260001,ela,G08,37,.27
010010010260001,math,G07,41,.097
010010010260001,math,G08,37,.243
010010010262002,ela,G03,29,0
010010010262002,ela,G04,28,.428
010010010262002,ela,G05,27,.63
010010010262002,ela,G06,32,.375
010010010262002,math,G03,29,.069
010010010262002,math,G04,28,.322
010010010262002,math,G05,27,.37
010010010262002,math,G06,32,.156
010010020260001,ela,G07,38,.605
010010020260001,ela,G08,37,.567
010010020260001,math,G07,38,.5
010010020260001,math,G08,36,.167
010010020262002,ela,G03,39,.385
010010020262002,ela,G04,57,.333
010010020262002,ela,G05,45,.4
010010020262002,ela,G06,43,.605
010010020262002,math,G03,39,.308
010010020262002,math,G04,57,.316
010010020262002,math,G05,45,.333
010010020262002,math,G06,43,.233
010010030261001,ela,G05,40,.4
010010030261001,ela,G06,54,.5
010010030261001,ela,G07,58,.345
010010030261001,ela,G08,59,.508
010010030261001,math,G05,40,.2
010010030261001,math,G06,54,.241
010010030261001,math,G07,58,.276
010010030261001,math,G08,59,.22
010010030262008,ela,G03,56,.268
010010030262008,ela,G04,59,.39
010010030262008,math,G03,56,.358
010010030262008,math,G04,59,.237
010010040262006,ela,G03,49,.347
010010040262006,ela,G04,52,.173
010010040262006,math,G03,49,.388
010010040262006,math,G04,52,.173
010010040262007,ela,G05,54,.463
010010040262007,ela,G06,40,.65
010010040262007,ela,G07,52,.596
010010040262007,ela,G08,47,.745
010010040262007,math,G05,54,.667
010010040262007,math,G06,40,.225
010010040262007,math,G07,52,.173
010010040262007,math,G08,47,.17
010011720221003,ela,G06,401,.319
010011720221003,ela,G07,417,.206
010011720221003,ela,G08,403,.245
010011720221003,math,G06,398,.194
010011720221003,math,G07,412,.167
010011720221003,math,G08,404,.158
010011720222004,ela,G03,84,.202
010011720222004,ela,G04,91,.286
010011720222004,ela,G05,90,.366
010011720222004,math,G03,83,.181
010011720222004,math,G04,91,.22
010011720222004,math,G05,89,.247
010011720222006,ela,G03,76,.302
010011720222006,ela,G04,99,.334
010011720222006,ela,G05,67,.358
010011720222006,math,G03,76,.21
010011720222006,math,G04,99,.222
010011720222006,math,G05,66,.242
010011720222009,ela,G03,86,.209
010011720222009,ela,G04,96,.271
010011720222009,ela,G05,86,.221
010011720222009,math,G03,86,.279
010011720222009,math,G04,96,.219
010011720222009,math,G05,86,.221
010011720222016,ela,G03,90,.267
010011720222016,ela,G04,100,.39
010011720222016,ela,G05,101,.584
010011720222016,math,G03,90,.267
010011720222016,math,G04,100,.3
010011720222016,math,G05,101,.307
010011720222017,ela,G03,92,.174
010011720222017,ela,G04,68,.264
010011720222017,ela,G05,83,.361
010011720222017,math,G03,92,.12
010011720222017,math,G04,68,.235
010011720222017,math,G05,83,.241
010050010261002,ela,G05,40,.125
010050010261002,ela,G06,52,.48
010050010261002,ela,G07,41,.195
010050010261002,ela,G08,48,.208
010050010261002,math,G05,40,.3
010050010261002,math,G06,52,.346
010050010261002,math,G07,41,.293
010050010261002,math,G08,48,.188
010050010262002,ela,G03,32,.313
010050010262002,ela,G04,42,.5
010050010262002,math,G03,32,.313
010050010262002,math,G04,42,.214
010090150260007,ela,G05,100,.065
010090150260007,ela,G06,97,.106
010090150260007,ela,G07,95,.154
010090150260007,ela,G08,98,.193
010090150260007,math,G05,100,.022
010090150260007,math,G06,97,.011
010090150260007,math,G07,95,.033
010090150260007,math,G08,98,.068
010090150262003,ela,G03,103,.032
010090150262003,ela,G04,66,.136
010090150262003,math,G03,103,.053
010090150262003,math,G04,66,.068
010090640260003,ela,G06,23,.608
010090640260003,ela,G07,25,.72
010090640260003,ela,G08,19,.684
010090640260003,math,G06,23,.26
010090640260003,math,G07,25,.52
010090640260003,math,G08,19,.316
010090640262001,ela,G03,21,.333
010090640262001,ela,G04,38,.421
010090640262001,ela,G05,22,.5
010090640262001,math,G03,21,.572
010090640262001,math,G04,38,.289
010090640262001,math,G05,22,.409
010092620261002,ela,G05,23,.609
010092620261002,ela,G06,25,.24
010092620261002,ela,G07,23,.13
010092620261002,ela,G08,22,.227
010092620261002,math,G05,23,.391
010092620261002,math,G06,25,.04
010092620261002,math,G07,23,0
010092620261002,math,G08,22,.136
010092620262001,ela,G03,26,.154
010092620262001,ela,G04,26,.5
010092620262001,math,G03,26,.192
010092620262001,math,G04,26,.269
010690010260001,ela,G06,13,.308
010690010260001,ela,G07,16,.063
010690010260001,ela,G08,18,.333
010690010260001,math,G06,13,.462
010690010260001,math,G07,16,.188
010690010260001,math,G08,18,.111
010690010262006,ela,G03,19,.474
010690010262006,ela,G04,11,.364
010690010262006,ela,G05,30,.6
010690010262006,math,G03,19,.474
010690010262006,math,G04,11,.273
010690010262006,math,G05,30,.3
010690060260001,ela,G07,20,.2
010690060260001,ela,G08,18,.389
010690060260001,math,G07,20,.15
010690060260001,math,G08,18,.167
010690060262002,ela,G03,23,.174
010690060262002,ela,G04,24,.167
010690060262002,ela,G05,34,.118
010690060262002,ela,G06,35,.171
010690060262002,math,G03,23,0
010690060262002,math,G04,24,.083
010690060262002,math,G05,34,.088
010690060262002,math,G06,35,.143
010690110261001,ela,G06,19,0
010690110261001,ela,G07,13,.231
010690110261001,ela,G08,16,.188
010690110261001,math,G06,19,0
010690110261001,math,G07,13,0
010690110261001,math,G08,17,0
010690110262003,ela,G03,13,.077
010690110262003,ela,G04,14,.214
010690110262003,ela,G05,16,.125
010690110262003,math,G03,13,.077
010690110262003,math,G04,14,.071
010690110262003,math,G05,16,.125
010690270260001,ela,G07,33,.303
010690270260001,ela,G08,28,.321
010690270260001,math,G07,33,.242
010690270260001,math,G08,28,.214
010690270262002,ela,G03,21,.667
010690270262002,ela,G04,15,.734
010690270262002,ela,G05,36,.528
010690270262002,ela,G06,29,.69
010690270262002,math,G03,21,.428
010690270262002,math,G04,15,.8
010690270262002,math,G05,36,.527
010690270262002,math,G06,29,.62
010691170221013,ela,G06,218,.441
010691170221013,ela,G07,223,.287
010691170221013,ela,G08,197,.326
010691170221013,math,G06,217,.138
010691170221013,math,G07,222,.189
010691170221013,math,G08,196,.205
010691170222001,ela,G03,56,.339
010691170222001,ela,G04,63,.333
010691170222001,ela,G05,50,.42
010691170222001,math,G03,56,.553
010691170222001,math,G04,63,.333
010691170222001,math,G05,50,.4
010691170222005,ela,G03,37,.139
010691170222005,ela,G04,47,.404
010691170222005,ela,G05,40,.15
010691170222005,math,G03,37,.111
010691170222005,math,G04,47,.255
010691170222005,math,G05,40,.05
010691170222006,ela,G03,53,.189
010691170222006,ela,G04,38,.289
010691170222006,ela,G05,41,.244
010691170222006,math,G03,53,.094
010691170222006,math,G04,38,.132
010691170222006,math,G05,41,.024
010691170222007,ela,G03,50,.14
010691170222007,ela,G04,51,.24
010691170222007,ela,G05,44,.273
010691170222007,math,G03,50,.06
010691170222007,math,G04,51,.12
010691170222007,math,G05,43,.325
010691170222008,ela,G03,31,.194
010691170222008,ela,G04,16,.188
010691170222008,ela,G05,28,.179
010691170222008,math,G03,31,.226
010691170222008,math,G04,16,.25
010691170222008,math,G05,28,.179
010691170222009,ela,G03,12,.083
010691170222009,ela,G04,15,.267
010691170222009,ela,G05,19,.684
010691170222009,math,G03,12,.25
010691170222009,math,G04,15,.133
010691170222009,math,G05,19,.263
010750030262001,ela,G03,19,.053
010750030262001,ela,G04,24,.083
010750030262001,ela,G05,14,.142
010750030262001,ela,G06,26,.192
010750030262001,ela,G07,16,0
010750030262001,ela,G08,29,.172
010750030262001,math,G03,19,.053
010750030262001,math,G04,24,.042
010750030262001,math,G05,14,0
010750030262001,math,G06,26,0
010750030262001,math,G07,16,0
010750030262001,math,G08,29,.034
010750040261002,ela,G05,23,.478
010750040261002,ela,G06,27,.556
010750040261002,ela,G07,23,.434
010750040261002,ela,G08,17,.353
010750040261002,math,G05,23,.304
010750040261002,math,G06,27,.148
010750040261002,math,G07,23,.391
010750040261002,math,G08,17,.294
010750040262001,ela,G03,22,.364
010750040262001,ela,G04,26,.423
010750040262001,math,G03,22,.5
010750040262001,math,G04,26,.269
010750100262010,ela,G03,80,.075
010750100262010,ela,G04,68,.308
010750100262010,ela,G05,76,.184
010750100262010,ela,G06,69,.217
010750100262010,ela,G07,100,.09
010750100262010,ela,G08,90,.333
010750100262010,math,G03,81,.086
010750100262010,math,G04,68,.074
010750100262010,math,G05,76,.105
010750100262010,math,G06,69,.087
010750100262010,math,G07,100,.08
010750100262010,math,G08,90,.089
010750120261001,ela,G06,27,.518
010750120261001,ela,G07,27,.444
010750120261001,ela,G08,36,.5
010750120261001,math,G06,27,.148
010750120261001,math,G07,26,.308
010750120261001,math,G08,36,.194
010750120262001,ela,G03,37,.297
010750120262001,ela,G04,29,.275
010750120262001,ela,G05,38,.474
010750120262001,math,G03,37,.405
010750120262001,math,G04,29,.207
010750120262001,math,G05,38,.237
010860010262002,ela,G03,49,.184
010860010262002,ela,G04,31,.549
010860010262002,ela,G05,32,.469
010860010262002,ela,G06,44,.364
010860010262002,ela,G07,43,.349
010860010262002,ela,G08,38,.368
010860010262002,math,G03,49,.204
010860010262002,math,G04,31,.645
010860010262002,math,G05,32,.344
010860010262002,math,G06,44,.182
010860010262002,math,G07,43,.07
010860010262002,math,G08,38,.026
010860020261001,ela,G06,14,.357
010860020261001,ela,G07,13,.769
010860020261001,ela,G08,14,.857
010860020261001,math,G06,14,.071
010860020261001,math,G07,13,.077
010860020261001,math,G08,14,.143
010860020262001,ela,G03,*,--
010860020262001,ela,G04,*,--
010860020262001,ela,G05,10,.5
010860020262001,math,G03,*,--
010860020262001,math,G04,*,--
010860020262001,math,G05,10,.1
030030010261001,ela,G06,24,.417
030030010261001,ela,G07,17,.235
030030010261001,ela,G08,30,.4
030030010261001,math,G06,24,.167
030030010261001,math,G07,17,.059
030030010261001,math,G08,30,.267
030030010262001,ela,G03,24,.25
030030010262001,ela,G04,18,.278
030030010262001,ela,G05,24,.417
030030010262001,math,G03,24,.25
030030010262001,math,G04,18,.278
030030010262001,math,G05,24,.208
030030020261002,ela,G06,102,.706
030030020261002,ela,G07,80,.5
030030020261002,ela,G08,105,.524
030030020261002,math,G06,102,.264
030030020261002,math,G07,80,.15
030030020261002,math,G08,104,.26
030030020262003,ela,G03,89,.326
030030020262003,ela,G04,93,.301
030030020262003,ela,G05,92,.554
030030020262003,math,G03,89,.505
030030020262003,math,G04,92,.163
030030020262003,math,G05,92,.304
030030020262004,ela,G03,22,.455
030030020262004,ela,G04,15,.867
030030020262004,ela,G05,13,.385
030030020262004,ela,G06,19,.631
030030020262004,ela,G07,22,.545
030030020262004,ela,G08,26,.769
030030020262004,math,G03,22,.636
030030020262004,math,G04,15,.667
030030020262004,math,G05,13,.154
030030020262004,math,G06,19,0
030030020262004,math,G07,22,.363
030030020262004,math,G08,26,.192
030110010261001,ela,G07,27,.481
030110010261001,ela,G08,15,.467
030110010261001,math,G07,26,.231
030110010261001,math,G08,15,.333
030110010262001,ela,G03,13,.308
030110010262001,ela,G04,18,.278
030110010262001,ela,G05,14,.429
030110010262001,ela,G06,20,.4
030110010262001,math,G03,13,.615
030110010262001,math,G04,18,.278
030110010262001,math,G05,14,.286
030110010262001,math,G06,20,.1
030110030261005,ela,G05,139,.403
030110030261005,ela,G06,152,.638
030110030261005,ela,G07,166,.663
030110030261005,ela,G08,167,.73
030110030261005,math,G05,139,.172
030110030261005,math,G06,152,.283
030110030261005,math,G07,166,.343
030110030261005,math,G08,167,.18
030110030262001,ela,G03,140,.221
030110030262001,ela,G04,118,.288
030110030262001,math,G03,140,.265
030110030262001,math,G04,117,.171
030110040261001,ela,G06,19,.263
030110040261001,ela,G07,17,.235
030110040261001,ela,G08,21,.19
030110040261001,math,G06,19,.053
030110040261001,math,G07,17,.294
030110040261001,math,G08,21,0
030110040262001,ela,G03,17,.177
030110040262001,ela,G04,12,.25
030110040262001,ela,G05,16,0
030110040262001,math,G03,17,.235
030110040262001,math,G04,12,.083
030110040262001,math,G05,16,0
030110080261005,ela,G06,86,.511
030110080261005,ela,G07,71,.479
030110080261005,ela,G08,96,.687
030110080261005,math,G06,86,.36
030110080261005,math,G07,71,.338
030110080261005,math,G08,96,.375
030110080262001,ela,G03,63,.46
030110080262001,ela,G04,62,.354
030110080262001,ela,G05,81,.457
030110080262001,math,G03,63,.587
030110080262001,math,G04,62,.145
030110080262001,math,G05,81,.284
030110140240001,ela,G06,20,.25
030110140240001,ela,G07,21,.333
030110140240001,ela,G08,19,.474
030110140240001,math,G06,20,0
030110140240001,math,G07,21,.143
030110140240001,math,G08,19,.053
030110140242001,ela,G03,18,.056
030110140242001,ela,G04,25,.28
030110140242001,ela,G05,21,.143
030110140242001,math,G03,17,.059
030110140242001,math,G04,25,.04
030110140242001,math,G05,21,0
030250100262002,ela,G03,48,.146
030250100262002,ela,G04,45,.454
030250100262002,ela,G05,43,.744
030250100262002,ela,G06,56,.732
030250100262002,ela,G07,38,.553
030250100262002,ela,G08,49,.694
030250100262002,math,G03,48,.438
030250100262002,math,G04,45,.273
030250100262002,math,G05,43,.349
030250100262002,math,G06,56,.286
030250100262002,math,G07,38,.211
030250100262002,math,G08,49,.245
030250200260001,ela,G06,22,.727
030250200260001,ela,G07,22,.182
030250200260001,ela,G08,30,.366
030250200260001,math,G06,22,.273
030250200260001,math,G07,22,.091
030250200260001,math,G08,30,.267
030250200262003,ela,G03,25,.4
030250200262003,ela,G04,27,.481
030250200262003,ela,G05,29,.482
030250200262003,math,G03,25,.72
030250200262003,math,G04,27,.333
030250200262003,math,G05,29,.379
030250300260001,ela,G07,37,.459
030250300260001,ela,G08,63,.541
030250300260001,math,G07,37,.378
030250300260001,math,G08,63,.148
030250300262002,ela,G03,44,.318
030250300262002,ela,G04,42,.714
030250300262002,ela,G05,40,.75
030250300262002,ela,G06,42,.714
030250300262002,math,G03,44,.273
030250300262002,math,G04,42,.666
030250300262002,math,G05,40,.55
030250300262002,math,G06,42,.5
030250400261001,ela,G06,148,.35
030250400261001,ela,G07,156,.308
030250400261001,ela,G08,168,.448
030250400261001,math,G06,149,.194
030250400261001,math,G07,156,.282
030250400261001,math,G08,168,.309
030250400262002,ela,G03,156,.346
030250400262002,ela,G04,166,.297
030250400262002,ela,G05,140,.566
030250400262002,math,G03,156,.366
030250400262002,math,G04,166,.228
030250400262002,math,G05,140,.184
030250500261001,ela,G07,93,.785
030250500261001,ela,G08,82,.878
030250500261001,math,G07,92,.522
030250500261001,math,G08,82,.549
030250500262002,ela,G03,73,.809
030250500262002,ela,G04,78,.539
030250500262002,ela,G05,85,.741
030250500262002,ela,G06,72,.638
030250500262002,math,G03,73,.685
030250500262002,math,G04,78,.628
030250500262002,math,G05,85,.706
030250500262002,math,G06,72,.528
030262010261001,ela,G07,29,.517
030262010261001,ela,G08,29,.655
030262010261001,math,G07,29,.138
030262010261001,math,G08,29,.207
030262010262001,ela,G03,34,.176
030262010262001,ela,G04,39,.359
030262010262001,ela,G05,22,.227
030262010262001,ela,G06,27,.63
030262010262001,math,G03,34,.235
030262010262001,math,G04,39,.128
030262010262001,math,G05,22,.091
030262010262001,math,G06,27,.148
030262020261001,ela,G07,29,.103
030262020261001,ela,G08,25,.4
030262020261001,math,G07,29,.069
030262020261001,math,G08,25,.08
030262020262001,ela,G03,36,.306
030262020262001,ela,G04,31,.581
030262020262001,ela,G05,29,.31
030262020262001,ela,G06,24,.334
030262020262001,math,G03,36,.083
030262020262001,math,G04,31,.29
030262020262001,math,G05,29,.172
030262020262001,math,G06,24,.083
030262030262008,ela,G03,109,.284
030262030262008,math,G03,109,.293
030262030262009,ela,G04,100,.33
030262030262009,ela,G05,94,.362
030262030262009,ela,G06,113,.584
030262030262009,ela,G07,97,.196
030262030262009,ela,G08,108,.408
030262030262009,math,G04,100,.3
030262030262009,math,G05,94,.064
030262030262009,math,G06,113,.195
030262030262009,math,G07,97,.072
030262030262009,math,G08,108,.167
030262040260002,ela,G06,22,.727
030262040260002,ela,G07,32,.677
030262040260002,ela,G08,19,.579
030262040260002,math,G06,22,.318
030262040260002,math,G07,32,.387
030262040260002,math,G08,19,.369
030262040262001,ela,G03,22,.545
030262040262001,ela,G04,25,.88
030262040262001,ela,G05,27,.593
030262040262001,math,G03,22,.409
030262040262001,math,G04,25,.44
030262040262001,math,G05,27,.333
030680020261002,ela,G06,26,.577
030680020261002,ela,G07,33,.091
030680020261002,ela,G08,17,.588
030680020261002,math,G06,26,.231
030680020261002,math,G07,33,.152
030680020261002,math,G08,17,.353
030680020262005,ela,G03,21,.238
030680020262005,ela,G04,26,.461
030680020262005,ela,G05,35,.543
030680020262005,math,G03,21,.238
030680020262005,math,G04,26,.192
030680020262005,math,G05,35,.4
030680030261002,ela,G06,95,.705
030680030261002,ela,G07,124,.693
030680030261002,ela,G08,98,.724
030680030261002,math,G06,95,.232
030680030261002,math,G07,124,.298
030680030261002,math,G08,98,.214
030680030262003,ela,G03,111,.378
030680030262003,ela,G04,111,.486
030680030262003,ela,G05,92,.598
030680030262003,math,G03,111,.378
030680030262003,math,G04,111,.297
030680030262003,math,G05,92,.326
030680120261002,ela,G06,102,.677
030680120261002,ela,G07,82,.67
030680120261002,ela,G08,79,.785
030680120261002,math,G06,102,.294
030680120261002,math,G07,82,.378
030680120261002,math,G08,79,.303
030680120262006,ela,G03,78,.294
030680120262006,ela,G04,95,.263
030680120262006,ela,G05,93,.344
030680120262006,math,G03,78,.269
030680120262006,math,G04,95,.147
030680120262006,math,G05,93,.237
030680220260001,ela,G06,32,.625
030680220260001,ela,G07,37,.54
030680220260001,ela,G08,46,.63
030680220260001,math,G06,32,.219
030680220260001,math,G07,37,.351
030680220260001,math,G08,46,.326
030680220262003,ela,G03,37,.108
030680220262003,ela,G04,38,.421
030680220262003,ela,G05,43,.605
030680220262003,math,G03,37,.243
030680220262003,math,G04,38,.263
030680220262003,math,G05,43,.442
040041000261002,ela,G06,229,.345
040041000261002,ela,G07,256,.164
040041000261002,ela,G08,272,.392
040041000261002,math,G06,229,.074
040041000261002,math,G07,255,.1
040041000261002,math,G08,272,.149
040041000261003,ela,G06,281,.351
040041000261003,ela,G07,302,.275
040041000261003,ela,G08,270,.387
040041000261003,math,G06,281,.12
040041000261003,math,G07,302,.181
040041000261003,math,G08,270,.167
040041000262003,ela,G03,69,.29
040041000262003,ela,G04,65,.385
040041000262003,ela,G05,68,.299
040041000262003,math,G03,68,.206
040041000262003,math,G04,65,.277
040041000262003,math,G05,68,.269
040041000262005,ela,G03,82,.143
040041000262005,ela,G04,84,.108
040041000262005,ela,G05,90,.207
040041000262005,math,G03,82,.26
040041000262005,math,G04,84,.133
040041000262005,math,G05,90,.126
040041000262007,ela,G03,50,.143
040041000262007,ela,G04,38,.297
040041000262007,ela,G05,48,.188
040041000262007,math,G03,50,.122
040041000262007,math,G04,38,.162
040041000262007,math,G05,48,.188
040041000262008,ela,G03,89,.138
040041000262008,ela,G04,112,.195
040041000262008,ela,G05,106,.145
040041000262008,math,G03,89,.161
040041000262008,math,G04,112,.065
040041000262008,math,G05,106,.068
040041000262009,ela,G03,100,.09
040041000262009,ela,G04,95,.158
040041000262009,ela,G05,112,.197
040041000262009,math,G03,100,.1
040041000262009,math,G04,95,.074
040041000262009,math,G05,112,.107
040041000262010,ela,G03,88,.346
040041000262010,ela,G04,101,.307
040041000262010,ela,G05,110,.365
040041000262010,math,G03,88,.286
040041000262010,math,G04,101,.356
040041000262010,math,G05,110,.261
040042000261001,ela,G07,114,.469
040042000261001,ela,G08,129,.547
040042000261001,math,G07,114,.177
040042000261001,math,G08,129,.242
040042000262001,ela,G03,20,.421
040042000262001,ela,G04,24,.217
040042000262001,math,G03,20,.211
040042000262001,math,G04,24,.217
040042000262002,ela,G03,33,.394
040042000262002,ela,G04,27,.519
040042000262002,math,G03,33,.363
040042000262002,math,G04,27,.519
040042000262004,ela,G03,52,.471
040042000262004,ela,G04,39,.359
040042000262004,math,G03,52,.509
040042000262004,math,G04,38,.421
040042000262005,ela,G05,94,.532
040042000262005,ela,G06,104,.398
040042000262005,math,G05,94,.277
040042000262005,math,G06,105,.164
041011220221005,ela,G07,436,.266
041011220221005,ela,G08,456,.351
041011220221005,math,G07,435,.203
041011220221005,math,G08,453,.212
041011220222005,ela,G03,58,.172
041011220222005,ela,G04,33,.303
041011220222005,ela,G05,63,.238
041011220222005,ela,G06,43,.14
041011220222005,math,G03,58,.189
041011220222005,math,G04,33,.394
041011220222005,math,G05,63,.19
041011220222005,math,G06,43,.047
041011220222006,ela,G03,50,.1
041011220222006,ela,G04,41,.195
041011220222006,ela,G05,44,.387
041011220222006,ela,G06,46,.217
041011220222006,math,G03,50,.12
041011220222006,math,G04,41,.195
041011220222006,math,G05,44,.182
041011220222006,math,G06,46,.065
041011220222007,ela,G03,90,.2
041011220222007,math,G03,90,.256
041011220222008,ela,G03,72,.239
041011220222008,ela,G04,77,.184
041011220222008,ela,G05,60,.167
041011220222008,ela,G06,72,.253
041011220222008,math,G03,72,.211
041011220222008,math,G04,77,.25
041011220222008,math,G05,60,.066
041011220222008,math,G06,72,.127
041011220222010,ela,G03,50,.32
041011220222010,ela,G04,38,.158
041011220222010,ela,G05,50,.28
041011220222010,ela,G06,50,.52
041011220222010,math,G03,50,.22
041011220222010,math,G04,38,.368
041011220222010,math,G05,50,.2
041011220222010,math,G06,50,.26
041011220222011,ela,G03,66,.167
041011220222011,ela,G04,41,.171
041011220222011,ela,G05,40,.2
041011220222011,ela,G06,63,.206
041011220222011,math,G03,65,.169
041011220222011,math,G04,41,.098
041011220222011,math,G05,40,0
041011220222011,math,G06,62,.081
041011220222013,ela,G03,*,--
041011220222013,ela,G04,93,.302
041011220222013,ela,G05,102,.186
041011220222013,ela,G06,101,.327
041011220222013,math,G03,*,--
041011220222013,math,G04,93,.183
041011220222013,math,G05,102,.137
041011220222013,math,G06,101,.139
041011220222014,ela,G03,47,.191
041011220222014,ela,G04,75,.413
041011220222014,ela,G05,63,.429
041011220222014,ela,G06,71,.606
041011220222014,math,G03,47,.425
041011220222014,math,G04,75,.36
041011220222014,math,G05,63,.3
041011220222014,math,G06,71,.409
041011310041002,ela,G06,170,.588
041011310041002,ela,G07,206,.703
041011310041002,ela,G08,178,.77
041011310041002,math,G06,170,.394
041011310041002,math,G07,207,.425
041011310041002,math,G08,178,.517
041011310042001,ela,G04,178,.522
041011310042001,ela,G05,203,.491
041011310042001,math,G04,178,.483
041011310042001,math,G05,203,.435
041011310042003,ela,G03,161,.485
041011310042003,math,G03,161,.453
041011330041001,ela,G05,92,.663
041011330041001,ela,G06,79,.721
041011330041001,ela,G07,88,.853
041011330041001,ela,G08,57,.807
041011330041001,math,G05,92,.5
041011330041001,math,G06,79,.481
041011330041001,math,G07,88,.602
041011330041001,math,G08,57,.457
041011330042001,ela,G03,82,.683
041011330042001,ela,G04,78,.808
041011330042001,math,G03,82,.78
041011330042001,math,G04,78,.564
041011340042001,ela,G03,18,.278
041011340042001,ela,G04,*,--
041011340042001,ela,G05,12,.167
041011340042001,ela,G06,*,--
041011340042001,ela,G07,12,.917
041011340042001,ela,G08,*,--
041011340042001,math,G03,18,.723
041011340042001,math,G04,*,--
041011340042001,math,G05,12,.25
041011340042001,math,G06,*,--
041011340042001,math,G07,12,.584
041011340042001,math,G08,*,--
041011400041001,ela,G06,159,.761
041011400041001,ela,G07,184,.723
041011400041001,ela,G08,178,.82
041011400041001,math,G06,159,.302
041011400041001,math,G07,185,.362
041011400041001,math,G08,178,.404
041011400042002,ela,G03,165,.339
041011400042002,ela,G04,161,.546
041011400042002,ela,G05,196,.622
041011400042002,math,G03,163,.546
041011400042002,math,G04,161,.484
041011400042002,math,G05,197,.523
041012050251001,ela,G06,254,.213
041012050251001,ela,G07,251,.195
041012050251001,ela,G08,256,.196
041012050251001,math,G06,252,.024
041012050251001,math,G07,251,.044
041012050251001,math,G08,253,.051
041012050251006,ela,G06,306,.223
041012050251006,ela,G07,322,.176
041012050251006,ela,G08,309,.25
041012050251006,math,G06,304,.087
041012050251006,math,G07,321,.05
041012050251006,math,G08,308,.062
041012050251008,ela,G06,265,.153
041012050251008,ela,G07,265,.185
041012050251008,ela,G08,254,.336
041012050251008,math,G06,264,.027
041012050251008,math,G07,264,.091
041012050251008,math,G08,252,.056
041012050251009,ela,G06,217,.244
041012050251009,ela,G07,241,.073
041012050251009,ela,G08,237,.234
041012050251009,math,G06,214,.04
041012050251009,math,G07,239,.03
041012050251009,math,G08,237,.018
041012050251010,ela,G06,106,.075
041012050251010,ela,G07,99,.091
041012050251010,ela,G08,115,.078
041012050251010,math,G06,106,0
041012050251010,math,G07,98,0
041012050251010,math,G08,112,.009
041012050252014,ela,G03,64,.047
041012050252014,ela,G04,69,.13
041012050252014,ela,G05,70,.171
041012050252014,ela,G06,62,.306
041012050252014,ela,G07,78,.398
041012050252014,ela,G08,67,.239
041012050252014,math,G03,64,.141
041012050252014,math,G04,69,.072
041012050252014,math,G05,70,.128
041012050252014,math,G06,62,.016
041012050252014,math,G07,78,.077
041012050252014,math,G08,67,.03
041012050252017,ela,G03,83,.084
041012050252017,ela,G04,60,.15
041012050252017,ela,G05,57,.214
041012050252017,math,G03,83,.048
041012050252017,math,G04,60,0
041012050252017,math,G05,57,.143
041012050252018,ela,G03,66,.393
041012050252018,ela,G04,73,.334
041012050252018,ela,G05,73,.452
041012050252018,math,G03,66,.394
041012050252018,math,G04,73,.097
041012050252018,math,G05,73,.261
041012050252019,ela,G03,51,.314
041012050252019,ela,G04,44,.431
041012050252019,ela,G05,61,.361
041012050252019,math,G03,49,.244
041012050252019,math,G04,44,.25
041012050252019,math,G05,60,.083
04101205025201C,ela,G03,29,.138
04101205025201C,ela,G04,25,.24
04101205025201C,ela,G05,25,.08
04101205025201C,ela,G06,27,.185
04101205025201C,ela,G07,27,.074
04101205025201C,ela,G08,27,.259
04101205025201C,math,G03,29,.103
04101205025201C,math,G04,25,.08
04101205025201C,math,G05,25,.12
04101205025201C,math,G06,27,0
04101205025201C,math,G07,27,.074
04101205025201C,math,G08,27,.074
041012050252022,ela,G03,66,0
041012050252022,ela,G04,40,.05
041012050252022,ela,G05,42,.143
041012050252022,math,G03,65,.015
041012050252022,math,G04,40,.025
041012050252022,math,G05,42,.024
041012050252024,ela,G03,81,.062
041012050252024,ela,G04,73,.042
041012050252024,ela,G05,59,.034
041012050252024,math,G03,81,.037
041012050252024,math,G04,74,.027
041012050252024,math,G05,59,0
041012050252027,ela,G03,82,.171
041012050252027,ela,G04,66,.469
041012050252027,ela,G05,60,.35
041012050252027,math,G03,82,.122
041012050252027,math,G04,65,.215
041012050252027,math,G05,60,0
041012050252029,ela,G03,77,.092
041012050252029,ela,G04,67,.062
041012050252029,ela,G05,73,.271
041012050252029,math,G03,77,.079
041012050252029,math,G04,67,.015
041012050252029,math,G05,73,.1
04101205025202C,ela,G03,43,.302
04101205025202C,ela,G04,41,.075
04101205025202C,ela,G05,36,.194
04101205025202C,ela,G06,38,0
04101205025202C,ela,G07,39,.205
04101205025202C,ela,G08,37,.378
04101205025202C,math,G03,43,.279
04101205025202C,math,G04,41,.025
04101205025202C,math,G05,36,.084
04101205025202C,math,G06,38,0
04101205025202C,math,G07,39,.103
04101205025202C,math,G08,37,.081
041012050252034,ela,G03,51,.431
041012050252034,ela,G04,47,.447
041012050252034,ela,G05,41,.414
041012050252034,math,G03,50,.38
041012050252034,math,G04,47,.383
041012050252034,math,G05,41,.39
041012050252037,ela,G03,101,.109
041012050252037,ela,G04,98,.165
041012050252037,ela,G05,94,.314
041012050252037,math,G03,101,.12
041012050252037,math,G04,98,.033
041012050252037,math,G05,94,.163
041012050252039,ela,G03,60,.316
041012050252039,ela,G04,59,.237
041012050252039,ela,G05,63,.333
041012050252039,math,G03,60,.266
041012050252039,math,G04,59,.119
041012050252039,math,G05,63,.048
04101205025203C,ela,G03,40,.05
04101205025203C,ela,G04,33,.091
04101205025203C,ela,G05,46,.109
04101205025203C,math,G03,40,0
04101205025203C,math,G04,33,.03
04101205025203C,math,G05,46,.043
041012050252040,ela,G03,103,.04
041012050252040,ela,G04,109,.048
041012050252040,ela,G05,96,.077
041012050252040,math,G03,103,.02
041012050252040,math,G04,108,0
041012050252040,math,G05,95,0
041012050252041,ela,G03,51,.106
041012050252041,ela,G04,57,.077
041012050252041,ela,G05,55,.061
041012050252041,math,G03,51,.17
041012050252041,math,G04,57,0
041012050252041,math,G05,55,0
041012050252043,ela,G03,70,.014
041012050252043,ela,G04,66,.061
041012050252043,ela,G05,52,0
041012050252043,math,G03,70,.029
041012050252043,math,G04,66,0
041012050252043,math,G05,52,0
041012050252051,ela,G03,79,.051
041012050252051,ela,G04,89,.045
041012050252051,ela,G05,83,.132
041012050252051,math,G03,79,.051
041012050252051,math,G04,89,0
041012050252051,math,G05,83,.012
041012050252054,ela,G03,85,.123
041012050252054,ela,G04,86,.234
041012050252054,ela,G05,75,.257
041012050252054,math,G03,85,.086
041012050252054,math,G04,86,.148
041012050252054,math,G05,74,.123
041012050252056,ela,G03,100,.222
041012050252056,ela,G04,92,.286
041012050252056,ela,G05,74,.27
041012050252056,math,G03,101,.24
041012050252056,math,G04,92,.198
041012050252056,math,G05,74,.136
041012050252063,ela,G03,82,.146
041012050252063,ela,G04,80,.215
041012050252063,ela,G05,81,.111
041012050252063,math,G03,82,.085
041012050252063,math,G04,79,.051
041012050252063,math,G05,82,.012
041012050252064,ela,G03,84,.167
041012050252064,ela,G04,64,.157
041012050252064,ela,G05,70,.372
041012050252064,math,G03,84,.143
041012050252064,math,G04,64,.125
041012050252064,math,G05,70,.086
041012050252066,ela,G03,114,.085
041012050252066,ela,G04,118,.18
041012050252066,ela,G05,110,.157
041012050252066,math,G03,114,.104
041012050252066,math,G04,118,.081
041012050252066,math,G05,109,.069
041012050252067,ela,G03,111,.239
041012050252067,ela,G04,124,.242
041012050252067,ela,G05,91,.411
041012050252067,math,G03,111,.174
041012050252067,math,G04,123,.163
041012050252067,math,G05,91,.278
041012050252078,ela,G03,91,.934
041012050252078,ela,G04,111,.981
041012050252078,math,G03,91,.956
041012050252078,math,G04,111,.982
041012050252080,ela,G03,91,.024
041012050252080,ela,G04,87,.077
041012050252080,ela,G05,95,.078
041012050252080,math,G03,91,.036
041012050252080,math,G04,86,.039
041012050252080,math,G05,94,.034
041012050252084,ela,G03,49,.042
041012050252084,ela,G04,48,.083
041012050252084,ela,G05,46,.022
041012050252084,math,G03,49,.021
041012050252084,math,G04,48,.042
041012050252084,math,G05,46,0
041012050252085,ela,G03,67,.239
041012050252085,ela,G04,67,.344
041012050252085,ela,G05,60,.5
041012050252085,ela,G06,58,.535
041012050252085,ela,G07,53,.491
041012050252085,ela,G08,51,.491
041012050252085,math,G03,67,.284
041012050252085,math,G04,67,.179
041012050252085,math,G05,60,.15
041012050252085,math,G06,58,.155
041012050252085,math,G07,53,.528
041012050252085,math,G08,51,.412
041012050252086,ela,G06,331,.071
041012050252086,ela,G07,407,.081
041012050252086,ela,G08,314,.09
041012050252086,math,G06,313,.02
041012050252086,math,G07,391,.014
041012050252086,math,G08,299,.011
041012050252087,ela,G05,114,.939
041012050252087,ela,G06,111,.937
041012050252087,ela,G07,128,.953
041012050252087,ela,G08,123,.902
041012050252087,math,G05,114,.816
041012050252087,math,G06,111,.793
041012050252087,math,G07,128,.899
041012050252087,math,G08,123,.853
041013200261002,ela,G07,66,.349
041013200261002,ela,G08,67,.478
041013200261002,math,G07,66,.136
041013200261002,math,G08,68,.059
041013200262004,ela,G03,70,.286
041013200262004,ela,G04,68,.176
041013200262004,math,G03,70,.215
041013200262004,math,G04,68,.029
041013200262005,ela,G05,71,.127
041013200262005,ela,G06,59,.186
041013200262005,math,G05,71,.07
041013200262005,math,G06,59,.034
041013210261001,ela,G05,47,.426
041013210261001,ela,G06,61,.41
041013210261001,ela,G07,68,.471
041013210261001,ela,G08,75,.426
041013210261001,math,G05,47,.234
041013210261001,math,G06,61,.164
041013210261001,math,G07,68,.353
041013210261001,math,G08,75,.266
041013210262002,ela,G03,51,.392
041013210262002,ela,G04,74,.433
041013210262002,math,G03,51,.568
041013210262002,math,G04,74,.432
041013220261001,ela,G07,26,.538
041013220261001,ela,G08,33,.758
041013220261001,math,G07,26,.269
041013220261001,math,G08,33,.303
041013220262001,ela,G03,30,.467
041013220262001,ela,G04,45,.511
041013220262001,ela,G05,32,.375
041013220262001,ela,G06,30,.433
041013220262001,math,G03,30,.666
041013220262001,math,G04,45,.266
041013220262001,math,G05,32,.438
041013220262001,math,G06,30,.266
041013230261002,ela,G06,102,.461
041013230261002,ela,G07,99,.394
041013230261002,ela,G08,97,.453
041013230261002,math,G06,102,.275
041013230261002,math,G07,99,.344
041013230261002,math,G08,97,.299
041013230262003,ela,G04,*,--
041013230262003,math,G04,*,--
041013230262005,ela,G03,79,.253
041013230262005,ela,G04,77,.208
041013230262005,ela,G05,87,.402
041013230262005,math,G03,79,.303
041013230262005,math,G04,77,.299
041013230262005,math,G05,87,.195
050160150041011,ela,G07,433,.594
050160150041011,ela,G08,392,.678
050160150041011,math,G07,433,.583
050160150041011,math,G08,391,.52
050160150041014,ela,G07,223,.413
050160150041014,ela,G08,223,.516
050160150041014,math,G07,223,.286
050160150041014,math,G08,223,.228
050160150041016,ela,G07,284,.241
050160150041016,ela,G08,303,.334
050160150041016,math,G07,281,.199
050160150041016,math,G08,300,.123
050160150041018,ela,G07,307,.433
050160150041018,ela,G08,296,.513
050160150041018,math,G07,307,.456
050160150041018,math,G08,294,.313
050160150042001,ela,G03,60,.088
050160150042001,ela,G04,57,.111
050160150042001,ela,G05,59,.158
050160150042001,ela,G06,48,.447
050160150042001,math,G03,60,.123
050160150042001,math,G04,57,.111
050160150042001,math,G05,59,.035
050160150042001,math,G06,48,.277
050160150042003,ela,G03,54,.315
050160150042003,ela,G04,50,.326
050160150042003,ela,G05,67,.515
050160150042003,ela,G06,41,.575
050160150042003,ela,G08,*,--
050160150042003,math,G03,54,.408
050160150042003,math,G04,50,.225
050160150042003,math,G05,67,.242
050160150042003,math,G06,41,.35
050160150042003,math,G08,*,--
050160150042004,ela,G03,71,.465
050160150042004,ela,G04,80,.367
050160150042004,ela,G05,71,.414
050160150042004,ela,G06,64,.734
050160150042004,math,G03,70,.714
050160150042004,math,G04,80,.443
050160150042004,math,G05,71,.515
050160150042004,math,G06,64,.687
050160150042005,ela,G03,60,.224
050160150042005,ela,G04,57,.196
050160150042005,ela,G05,56,.393
050160150042005,ela,G06,72,.478
050160150042005,math,G03,60,.258
050160150042005,math,G04,57,.196
050160150042005,math,G05,56,.143
050160150042005,math,G06,72,.203
050160150042006,ela,G03,128,.32
050160150042006,ela,G04,100,.533
050160150042006,ela,G05,114,.608
050160150042006,ela,G06,125,.664
050160150042006,math,G03,128,.418
050160150042006,math,G04,100,.5
050160150042006,math,G05,114,.545
050160150042006,math,G06,125,.535
050160150042007,ela,G03,136,.076
050160150042007,ela,G04,144,.129
050160150042007,ela,G05,121,.119
050160150042007,ela,G06,130,.152
050160150042007,ela,G07,*,--
050160150042007,math,G03,135,.159
050160150042007,math,G04,144,.086
050160150042007,math,G05,122,.042
050160150042007,math,G06,130,.104
050160150042007,math,G07,*,--
050160150042008,ela,G03,96,.191
050160150042008,ela,G04,99,.242
050160150042008,ela,G05,101,.275
050160150042008,ela,G06,108,.375
050160150042008,ela,G07,*,--
050160150042008,math,G03,96,.181
050160150042008,math,G04,99,.19
050160150042008,math,G05,100,.206
050160150042008,math,G06,107,.223
050160150042008,math,G07,*,--
050160150042009,ela,G03,86,.412
050160150042009,ela,G04,77,.373
050160150042009,ela,G05,82,.351
050160150042009,ela,G06,91,.337
050160150042009,math,G03,85,.44
050160150042009,math,G04,77,.4
050160150042009,math,G05,82,.351
050160150042009,math,G06,91,.224
050160150042010,ela,G03,75,.394
050160150042010,ela,G04,71,.471
050160150042010,ela,G05,107,.452
050160150042010,ela,G06,86,.691
050160150042010,ela,G07,*,--
050160150042010,math,G03,75,.62
050160150042010,math,G04,71,.572
050160150042010,math,G05,107,.528
050160150042010,math,G06,86,.702
050160150042010,math,G07,*,--
050160150042013,ela,G03,68,.129
050160150042013,ela,G04,56,.268
050160150042013,ela,G05,64,.207
050160150042013,ela,G06,61,.3
050160150042013,math,G03,68,.242
050160150042013,math,G04,56,.268
050160150042013,math,G05,64,.155
050160150042013,math,G06,61,.234
050160150042015,ela,G03,94,.169
050160150042015,ela,G04,89,.337
050160150042015,ela,G05,88,.26
050160150042015,ela,G06,81,.46
050160150042015,math,G03,94,.265
050160150042015,math,G04,89,.301
050160150042015,math,G05,87,.176
050160150042015,math,G06,81,.356
050160150042018,ela,G03,123,.233
050160150042018,ela,G04,122,.377
050160150042018,ela,G05,137,.346
050160150042018,ela,G06,115,.549
050160150042018,ela,G07,*,--
050160150042018,math,G03,122,.331
050160150042018,math,G04,122,.308
050160150042018,math,G05,137,.211
050160150042018,math,G06,115,.283
050160150042018,math,G07,*,--
050160150042019,ela,G03,34,.323
050160150042019,ela,G04,36,.361
050160150042019,ela,G05,36,.389
050160150042019,ela,G06,25,.459
050160150042019,ela,G07,*,--
050160150042019,math,G03,34,.353
050160150042019,math,G04,36,.222
050160150042019,math,G05,36,.278
050160150042019,math,G06,25,.459
050160150042019,math,G07,*,--
050160150042020,ela,G03,54,.463
050160150042020,ela,G04,46,.63
050160150042020,ela,G05,66,.546
050160150042020,ela,G06,42,.809
050160150042020,math,G03,54,.611
050160150042020,math,G04,46,.522
050160150042020,math,G05,66,.53
050160150042020,math,G06,42,.619
050160150042023,ela,G03,88,.232
050160150042023,ela,G04,80,.507
050160150042023,ela,G05,95,.522
050160150042023,ela,G06,68,.477
050160150042023,math,G03,88,.487
050160150042023,math,G04,80,.443
050160150042023,math,G05,95,.467
050160150042023,math,G06,67,.563
050160210041002,ela,G06,255,.425
050160210041002,ela,G07,220,.442
050160210041002,ela,G08,227,.543
050160210041002,math,G06,255,.255
050160210041002,math,G07,220,.413
050160210041002,math,G08,227,.378
050160210041006,ela,G06,196,.171
050160210041006,ela,G07,209,.164
050160210041006,ela,G08,207,.317
050160210041006,math,G06,196,.077
050160210041006,math,G07,209,.119
050160210041006,math,G08,204,.141
050160210041007,ela,G06,227,.325
050160210041007,ela,G07,195,.355
050160210041007,ela,G08,190,.481
050160210041007,math,G06,227,.158
050160210041007,math,G07,195,.297
050160210041007,math,G08,191,.269
050160210042003,ela,G03,78,.079
050160210042003,ela,G04,117,.137
050160210042003,ela,G05,83,.123
050160210042003,math,G03,78,.171
050160210042003,math,G04,117,.138
050160210042003,math,G05,83,.111
050160210042004,ela,G03,73,.119
050160210042004,ela,G04,69,.157
050160210042004,ela,G05,90,.126
050160210042004,ela,G07,*,--
050160210042004,math,G03,73,.164
050160210042004,math,G04,69,.109
050160210042004,math,G05,90,.08
050160210042004,math,G07,*,--
050160210042007,ela,G03,88,.088
050160210042007,ela,G04,85,.32
050160210042007,ela,G05,92,.353
050160210042007,math,G03,88,.213
050160210042007,math,G04,84,.352
050160210042007,math,G05,92,.329
050160210042009,ela,G03,78,.156
050160210042009,ela,G04,81,.413
050160210042009,ela,G05,69,.382
050160210042009,math,G03,78,.377
050160210042009,math,G04,81,.551
050160210042009,math,G05,67,.56
050160210042010,ela,G03,53,.12
050160210042010,ela,G04,30,.286
050160210042010,ela,G05,55,.419
050160210042010,math,G03,53,.34
050160210042010,math,G04,30,.357
050160210042010,math,G05,54,.537
050160210042011,ela,G03,40,.289
050160210042011,ela,G04,50,.326
050160210042011,ela,G05,43,.488
050160210042011,math,G03,40,.5
050160210042011,math,G04,50,.261
050160210042011,math,G05,43,.366
050160210042013,ela,G03,80,.156
050160210042013,ela,G04,84,.31
050160210042013,ela,G05,68,.194
050160210042013,math,G03,80,.325
050160210042013,math,G04,84,.321
050160210042013,math,G05,68,.284
050160210042014,ela,G03,67,.109
050160210042014,ela,G04,67,.154
050160210042014,ela,G05,65,.262
050160210042014,math,G03,67,.141
050160210042014,math,G04,67,.092
050160210042014,math,G05,65,.246
050160210042015,ela,G03,65,.097
050160210042015,ela,G04,55,.091
050160210042015,ela,G05,62,.115
050160210042015,ela,G06,*,--
050160210042015,math,G03,65,.065
050160210042015,math,G04,55,.091
050160210042015,math,G05,62,.016
050160210042015,math,G06,*,--
050160230021002,ela,G06,143,.542
050160230021002,ela,G07,157,.573
050160230021002,ela,G08,167,.65
050160230021002,math,G06,143,.514
050160230021002,math,G07,157,.507
050160230021002,math,G08,169,.537
050160230022004,ela,G03,156,.394
050160230022004,math,G03,156,.427
050160230022005,ela,G04,166,.553
050160230022005,ela,G05,159,.454
050160230022005,math,G04,166,.516
050160230022005,math,G05,159,.434
050160250021014,ela,G06,259,.612
050160250021014,ela,G07,255,.763
050160250021014,ela,G08,286,.788
050160250021014,math,G06,257,.384
050160250021014,math,G07,254,.5
050160250021014,math,G08,284,.539
050160250021015,ela,G05,*,--
050160250021015,ela,G06,344,.5
050160250021015,ela,G07,330,.612
050160250021015,ela,G08,305,.669
050160250021015,math,G05,*,--
050160250021015,math,G06,343,.416
050160250021015,math,G07,330,.584
050160250021015,math,G08,305,.441
050160250022002,ela,G03,94,.6
050160250022002,ela,G04,79,.685
050160250022002,ela,G05,87,.694
050160250022002,math,G03,94,.444
050160250022002,math,G04,79,.461
050160250022002,math,G05,87,.495
050160250022004,ela,G03,44,.405
050160250022004,ela,G04,47,.695
050160250022004,ela,G05,55,.852
050160250022004,math,G03,44,.572
050160250022004,math,G04,47,.543
050160250022004,math,G05,55,.629
050160250022005,ela,G03,85,.416
050160250022005,ela,G04,95,.67
050160250022005,ela,G05,94,.812
050160250022005,math,G03,85,.585
050160250022005,math,G04,96,.591
050160250022005,math,G05,94,.576
050160250022009,ela,G03,112,.5
050160250022009,ela,G04,106,.604
050160250022009,ela,G05,95,.606
050160250022009,ela,G06,*,--
050160250022009,math,G03,112,.59
050160250022009,math,G04,106,.475
050160250022009,math,G05,95,.479
050160250022009,math,G06,*,--
050160250022011,ela,G03,77,.688
050160250022011,ela,G04,61,.517
050160250022011,ela,G05,74,.699
050160250022011,math,G03,77,.662
050160250022011,math,G04,61,.6
050160250022011,math,G05,73,.611
050160250022016,ela,G03,114,.482
050160250022016,ela,G04,104,.539
050160250022016,ela,G05,94,.756
050160250022016,math,G03,115,.495
050160250022016,math,G04,103,.475
050160250022016,math,G05,94,.531
050160250022018,ela,G03,74,.528
050160250022018,ela,G04,69,.633
050160250022018,ela,G05,79,.608
050160250022018,math,G03,74,.556
050160250022018,math,G04,69,.573
050160250022018,math,G05,79,.583
050160260021006,ela,G06,159,.484
050160260021006,ela,G07,157,.395
050160260021006,ela,G08,165,.553
050160260021006,math,G06,158,.335
050160260021006,math,G07,158,.424
050160260021006,math,G08,165,.46
050160260022001,ela,G03,59,.19
050160260022001,ela,G04,63,.27
050160260022001,ela,G05,78,.359
050160260022001,ela,G06,*,--
050160260022001,math,G03,59,.311
050160260022001,math,G04,63,.189
050160260022001,math,G05,78,.321
050160260022001,math,G06,*,--
050160260022003,ela,G03,89,.402
050160260022003,ela,G04,108,.479
050160260022003,ela,G05,90,.544
050160260022003,math,G03,89,.506
050160260022003,math,G04,108,.381
050160260022003,math,G05,90,.367
050160270021005,ela,G06,138,.876
050160270021005,ela,G07,146,.815
050160270021005,ela,G08,155,.851
050160270021005,math,G06,138,.79
050160270021005,math,G07,146,.754
050160270021005,math,G08,156,.755
050160270022004,ela,G03,143,.773
050160270022004,ela,G04,143,.798
050160270022004,ela,G05,149,.784
050160270022004,ela,G07,*,--
050160270022004,ela,G08,*,--
050160270022004,math,G03,143,.787
050160270022004,math,G04,143,.609
050160270022004,math,G05,149,.676
050160270022004,math,G07,*,--
050160270022004,math,G08,*,--
050160280021004,ela,G06,210,.809
050160280021004,ela,G07,200,.818
050160280021004,ela,G08,210,.871
050160280021004,math,G06,206,.683
050160280021004,math,G07,201,.734
050160280021004,math,G08,210,.746
050160280022002,ela,G03,57,.679
050160280022002,ela,G04,61,.817
050160280022002,ela,G05,59,.831
050160280022002,math,G03,57,.696
050160280022002,math,G04,62,.721
050160280022002,math,G05,59,.611
050160280022003,ela,G03,62,.732
050160280022003,ela,G04,83,.738
050160280022003,ela,G05,63,.754
050160280022003,math,G03,62,.857
050160280022003,math,G04,83,.825
050160280022003,math,G05,63,.82
050160280022006,ela,G03,53,.75
050160280022006,ela,G04,62,.806
050160280022006,ela,G05,57,.878
050160280022006,math,G03,52,.789
050160280022006,math,G04,62,.806
050160280022006,math,G05,57,.772
050160290022001,ela,G03,64,.532
050160290022001,math,G03,64,.657
050160290022002,ela,G04,51,.804
050160290022002,ela,G05,49,.817
050160290022002,ela,G06,47,.894
050160290022002,ela,G07,45,.933
050160290022002,ela,G08,50,.98
050160290022002,math,G04,51,.706
050160290022002,math,G05,49,.735
050160290022002,math,G06,47,.766
050160290022002,math,G07,46,.761
050160290022002,math,G08,50,.88
050160300021001,ela,G06,145,.91
050160300021001,ela,G07,161,.875
050160300021001,ela,G08,122,.86
050160300021001,math,G06,145,.862
050160300021001,math,G07,160,.831
050160300021001,math,G08,121,.776
050160300022002,ela,G03,47,.639
050160300022002,ela,G04,65,.61
050160300022002,ela,G05,54,.83
050160300022002,math,G03,47,.851
050160300022002,math,G04,65,.656
050160300022002,math,G05,54,.83
050160300022003,ela,G03,105,.728
050160300022003,ela,G04,72,.747
050160300022003,ela,G05,85,.893
050160300022003,math,G03,105,.884
050160300022003,math,G04,72,.817
050160300022003,math,G05,85,.774
050160310021001,ela,G05,*,--
050160310021001,ela,G06,95,.699
050160310021001,ela,G07,119,.698
050160310021001,ela,G08,104,.778
050160310021001,math,G05,*,--
050160310021001,math,G06,95,.56
050160310021001,math,G07,119,.543
050160310021001,math,G08,104,.616
050160310022002,ela,G03,110,.457
050160310022002,ela,G04,109,.589
050160310022002,ela,G05,102,.67
050160310022002,math,G03,110,.552
050160310022002,math,G04,108,.559
050160310022002,math,G05,102,.554
050160340041006,ela,G06,223,.744
050160340041006,ela,G07,249,.687
050160340041006,ela,G08,260,.598
050160340041006,math,G06,223,.576
050160340041006,math,G07,250,.587
050160340041006,math,G08,260,.574
050160340041007,ela,G06,281,.646
050160340041007,ela,G07,250,.677
050160340041007,ela,G08,241,.669
050160340041007,math,G06,282,.504
050160340041007,math,G07,252,.627
050160340041007,math,G08,240,.655
050160340042001,ela,G03,133,.602
050160340042001,ela,G04,136,.721
050160340042001,ela,G05,153,.788
050160340042001,math,G03,133,.695
050160340042001,math,G04,135,.578
050160340042001,math,G05,153,.63
050160340042003,ela,G03,151,.543
050160340042003,ela,G04,153,.593
050160340042003,ela,G05,167,.574
050160340042003,math,G03,152,.513
050160340042003,math,G04,153,.496
050160340042003,math,G05,167,.407
050160340042005,ela,G03,133,.639
050160340042005,ela,G04,173,.564
050160340042005,ela,G05,154,.591
050160340042005,math,G03,133,.601
050160340042005,math,G04,173,.674
050160340042005,math,G05,154,.546
050160350021001,ela,G05,135,.666
050160350021001,ela,G06,143,.832
050160350021001,ela,G07,164,.744
050160350021001,ela,G08,134,.843
050160350021001,math,G05,135,.74
050160350021001,math,G06,143,.769
050160350021001,math,G07,164,.781
050160350021001,math,G08,133,.736
050160350022001,ela,G03,133,.655
050160350022001,ela,G04,114,.693
050160350022001,math,G03,133,.744
050160350022001,math,G04,114,.658
050160360021005,ela,G07,175,.663
050160360021005,ela,G08,179,.757
050160360021005,math,G07,175,.76
050160360021005,math,G08,176,.684
050160360022001,ela,G03,75,.72
050160360022001,ela,G04,51,.62
050160360022001,math,G03,75,.787
050160360022001,math,G04,51,.76
050160360022002,ela,G03,62,.709
050160360022002,ela,G04,64,.661
050160360022002,math,G03,62,.758
050160360022002,math,G04,64,.742
050160360022003,ela,G03,66,.656
050160360022003,ela,G04,68,.838
050160360022003,math,G03,67,.769
050160360022003,math,G04,68,.691
050160360022004,ela,G05,176,.708
050160360022004,ela,G06,184,.787
050160360022004,math,G05,176,.686
050160360022004,math,G06,184,.683
050160370021001,ela,G06,77,.818
050160370021001,ela,G07,80,.901
050160370021001,ela,G08,83,.753
050160370021001,math,G06,77,.455
050160370021001,math,G07,78,.821
050160370021001,math,G08,82,.713
050160370022003,ela,G03,75,.569
050160370022003,ela,G04,62,.7
050160370022003,ela,G05,77,.831
050160370022003,math,G03,75,.68
050160370022003,math,G04,61,.61
050160370022003,math,G05,77,.663
050160380022001,ela,G03,58,.614
050160380022001,ela,G04,50,.74
050160380022001,ela,G05,53,.717
050160380022001,ela,G06,44,.818
050160380022001,ela,G07,44,.795
050160380022001,ela,G08,38,.895
050160380022001,math,G03,57,.75
050160380022001,math,G04,49,.694
050160380022001,math,G05,52,.597
050160380022001,math,G06,44,.682
050160380022001,math,G07,44,.659
050160380022001,math,G08,39,.641
050160390021008,ela,G07,371,.819
050160390021008,ela,G08,364,.804
050160390021008,math,G07,371,.714
050160390021008,math,G08,363,.536
050160390022002,ela,G03,100,.64
050160390022002,ela,G04,83,.747
050160390022002,math,G03,100,.67
050160390022002,math,G04,83,.687
050160390022003,ela,G03,93,.753
050160390022003,ela,G04,80,.763
050160390022003,math,G03,93,.634
050160390022003,math,G04,80,.55
050160390022005,ela,G03,94,.702
050160390022005,ela,G04,99,.755
050160390022005,math,G03,92,.641
050160390022005,math,G04,99,.663
050160390022006,ela,G03,89,.663
050160390022006,ela,G04,98,.806
050160390022006,math,G03,89,.685
050160390022006,math,G04,98,.714
050160390022007,ela,G05,353,.742
050160390022007,ela,G06,363,.859
050160390022007,math,G05,356,.671
050160390022007,math,G06,362,.617
050160540041001,ela,G05,*,--
050160540041001,ela,G06,*,--
050160540041001,ela,G07,303,.607
050160540041001,ela,G08,366,.819
050160540041001,math,G05,*,--
050160540041001,math,G06,*,--
050160540041001,math,G07,303,.453
050160540041001,math,G08,366,.508
050160540041012,ela,G07,351,.592
050160540041012,ela,G08,337,.697
050160540041012,math,G07,353,.445
050160540041012,math,G08,337,.553
050160540041018,ela,G07,325,.72
050160540041018,ela,G08,340,.587
050160540041018,math,G07,325,.347
050160540041018,math,G08,339,.377
050160540041019,ela,G07,334,.721
050160540041019,ela,G08,314,.792
050160540041019,math,G07,334,.488
050160540041019,math,G08,313,.564
050160540041020,ela,G07,295,.55
050160540041020,ela,G08,271,.709
050160540041020,math,G06,*,--
050160540041020,math,G07,295,.472
050160540041020,math,G08,271,.408
050160540042002,ela,G03,97,.447
050160540042002,ela,G04,72,.462
050160540042002,ela,G05,71,.515
050160540042002,ela,G06,63,.541
050160540042002,math,G03,97,.468
050160540042002,math,G04,73,.25
050160540042002,math,G05,71,.409
050160540042002,math,G06,63,.426
050160540042003,ela,G03,76,.386
050160540042003,ela,G04,71,.409
050160540042003,ela,G05,68,.515
050160540042003,ela,G06,65,.641
050160540042003,math,G03,76,.547
050160540042003,math,G04,71,.363
050160540042003,math,G05,68,.456
050160540042003,math,G06,65,.484
050160540042005,ela,G03,67,.5
050160540042005,ela,G04,74,.561
050160540042005,ela,G05,93,.659
050160540042005,ela,G06,85,.824
050160540042005,math,G03,67,.53
050160540042005,math,G04,74,.493
050160540042005,math,G05,93,.616
050160540042005,math,G06,85,.6
050160540042006,ela,G03,78,.422
050160540042006,ela,G04,94,.337
050160540042006,ela,G05,83,.55
050160540042006,ela,G06,91,.483
050160540042006,math,G03,78,.367
050160540042006,math,G04,93,.333
050160540042006,math,G05,82,.338
050160540042006,math,G06,91,.402
050160540042007,ela,G03,135,.443
050160540042007,ela,G04,110,.452
050160540042007,ela,G05,113,.558
050160540042007,ela,G06,118,.837
050160540042007,math,G03,135,.58
050160540042007,math,G04,110,.528
050160540042007,math,G05,113,.451
050160540042007,math,G06,118,.641
050160540042008,ela,G03,79,.346
050160540042008,ela,G04,93,.446
050160540042008,ela,G05,75,.465
050160540042008,ela,G06,90,.644
050160540042008,math,G03,80,.455
050160540042008,math,G04,94,.5
050160540042008,math,G05,74,.457
050160540042008,math,G06,92,.478
050160540042009,ela,G03,65,.657
050160540042009,ela,G04,62,.639
050160540042009,ela,G05,67,.77
050160540042009,ela,G06,68,.808
050160540042009,math,G03,65,.656
050160540042009,math,G04,62,.688
050160540042009,math,G05,67,.585
050160540042009,math,G06,67,.657
050160540042010,ela,G03,69,.369
050160540042010,ela,G04,81,.538
050160540042010,ela,G05,75,.703
050160540042010,ela,G06,72,.747
050160540042010,math,G03,69,.477
050160540042010,math,G04,81,.588
050160540042010,math,G05,75,.5
050160540042010,math,G06,72,.493
050160540042011,ela,G03,36,.6
050160540042011,ela,G04,40,.75
050160540042011,ela,G05,53,.48
050160540042011,ela,G06,49,.542
050160540042011,math,G03,36,.6
050160540042011,math,G04,40,.5
050160540042011,math,G05,53,.326
050160540042011,math,G06,49,.271
050160540042013,ela,G03,84,.28
050160540042013,ela,G04,80,.546
050160540042013,ela,G05,69,.469
050160540042013,ela,G06,90,.563
050160540042013,math,G03,84,.378
050160540042013,math,G04,80,.416
050160540042013,math,G05,69,.303
050160540042013,math,G06,90,.333
050160540042015,ela,G03,74,.465
050160540042015,ela,G04,73,.569
050160540042015,ela,G05,76,.566
050160540042015,ela,G06,67,.637
050160540042015,math,G03,74,.366
050160540042015,math,G04,74,.493
050160540042015,math,G05,76,.421
050160540042015,math,G06,67,.439
050160540042018,ela,G03,77,.459
050160540042018,ela,G04,83,.295
050160540042018,ela,G05,90,.546
050160540042018,ela,G06,85,.542
050160540042018,math,G03,76,.383
050160540042018,math,G04,83,.359
050160540042018,math,G05,90,.307
050160540042018,math,G06,84,.281
050160540042019,ela,G03,68,.227
050160540042019,ela,G04,61,.361
050160540042019,ela,G05,61,.433
050160540042019,ela,G06,57,.596
050160540042019,math,G03,68,.439
050160540042019,math,G04,61,.246
050160540042019,math,G05,61,.367
050160540042019,math,G06,57,.333
050160540042022,ela,G03,55,.4
050160540042022,ela,G04,61,.356
050160540042022,ela,G05,76,.398
050160540042022,ela,G06,67,.64
050160540042022,math,G03,55,.32
050160540042022,math,G04,61,.305
050160540042022,math,G05,76,.302
050160540042022,math,G06,67,.297
050160540042023,ela,G03,100,.464
050160540042023,ela,G04,81,.532
050160540042023,ela,G05,94,.591
050160540042023,ela,G06,93,.681
050160540042023,math,G03,99,.5
050160540042023,math,G04,81,.519
050160540042023,math,G05,94,.463
050160540042023,math,G06,93,.517
050160540042026,ela,G03,65,.262
050160540042026,ela,G04,68,.456
050160540042026,ela,G05,66,.484
050160540042026,ela,G06,62,.484
050160540042026,math,G03,65,.229
050160540042026,math,G04,68,.25
050160540042026,math,G05,66,.339
050160540042026,math,G06,62,.284
050160540042027,ela,G03,93,.511
050160540042027,ela,G04,107,.59
050160540042027,ela,G05,111,.673
050160540042027,ela,G06,97,.828
050160540042027,math,G03,93,.554
050160540042027,math,G04,107,.505
050160540042027,math,G05,110,.519
050160540042027,math,G06,96,.533
050160540042028,ela,G03,75,.279
050160540042028,ela,G04,71,.391
050160540042028,ela,G05,63,.426
050160540042028,ela,G06,81,.64
050160540042028,math,G03,75,.324
050160540042028,math,G04,71,.313
050160540042028,math,G05,63,.311
050160540042028,math,G06,81,.36
050160540042029,ela,G03,77,.307
050160540042029,ela,G04,84,.446
050160540042029,ela,G05,97,.613
050160540042029,ela,G06,111,.713
050160540042029,math,G03,77,.466
050160540042029,math,G04,83,.475
050160540042029,math,G05,94,.478
050160540042029,math,G06,111,.463
050160540042030,ela,G03,81,.373
050160540042030,ela,G04,71,.457
050160540042030,ela,G05,70,.582
050160540042030,ela,G06,68,.738
050160540042030,math,G03,81,.507
050160540042030,math,G04,71,.514
050160540042030,math,G05,70,.359
050160540042030,math,G06,67,.562
050160540042031,ela,G03,72,.25
050160540042031,ela,G04,61,.483
050160540042031,ela,G05,75,.513
050160540042031,ela,G06,66,.578
050160540042031,math,G03,71,.338
050160540042031,math,G04,61,.379
050160540042031,math,G05,74,.384
050160540042031,math,G06,66,.469
050160540042032,ela,G03,36,.306
050160540042032,ela,G04,41,.634
050160540042032,ela,G05,39,.59
050160540042032,ela,G06,40,.675
050160540042032,ela,G07,38,.448
050160540042032,ela,G08,40,.85
050160540042032,math,G03,36,.417
050160540042032,math,G04,41,.39
050160540042032,math,G05,39,.436
050160540042032,math,G06,40,.65
050160540042032,math,G07,38,.342
050160540042032,math,G08,40,.65
050160570021004,ela,G06,239,.432
050160570021004,ela,G07,278,.546
050160570021004,ela,G08,236,.629
050160570021004,math,G06,240,.342
050160570021004,math,G07,278,.55
050160570021004,math,G08,237,.52
050160570022002,ela,G03,111,.427
050160570022002,ela,G04,120,.538
050160570022002,ela,G05,114,.599
050160570022002,math,G03,111,.5
050160570022002,math,G04,120,.453
050160570022002,math,G05,114,.375
050160570022005,ela,G03,95,.478
050160570022005,ela,G04,129,.566
050160570022005,ela,G05,136,.757
050160570022005,math,G03,95,.5
050160570022005,math,G04,129,.504
050160570022005,math,G05,136,.493
050160590041010,ela,G06,265,.375
050160590041010,ela,G07,233,.312
050160590041010,ela,G08,268,.428
050160590041010,math,G06,264,.188
050160590041010,math,G07,234,.237
050160590041010,math,G08,268,.283
050160590041012,ela,G06,137,.423
050160590041012,ela,G07,180,.335
050160590041012,ela,G08,128,.405
050160590041012,math,G06,137,.346
050160590041012,math,G07,180,.243
050160590041012,math,G08,127,.266
050160590041016,ela,G06,190,.516
050160590041016,ela,G07,221,.389
050160590041016,ela,G08,206,.529
050160590041016,math,G06,190,.288
050160590041016,math,G07,221,.279
050160590041016,math,G08,206,.435
050160590042001,ela,G03,70,.257
050160590042001,ela,G04,74,.228
050160590042001,ela,G05,73,.414
050160590042001,math,G03,70,.379
050160590042001,math,G04,74,.171
050160590042001,math,G05,73,.3
050160590042002,ela,G03,58,.236
050160590042002,ela,G04,51,.24
050160590042002,ela,G05,52,.143
050160590042002,math,G03,57,.278
050160590042002,math,G04,52,.255
050160590042002,math,G05,52,.102
050160590042003,ela,G03,80,.291
050160590042003,ela,G04,72,.472
050160590042003,ela,G05,59,.465
050160590042003,math,G03,80,.455
050160590042003,math,G04,72,.417
050160590042003,math,G05,58,.439
050160590042006,ela,G03,54,.408
050160590042006,ela,G04,59,.458
050160590042006,ela,G05,54,.415
050160590042006,math,G03,54,.428
050160590042006,math,G04,59,.39
050160590042006,math,G05,54,.283
050160590042008,ela,G03,59,.363
050160590042008,ela,G04,47,.578
050160590042008,ela,G05,45,.6
050160590042008,math,G03,59,.364
050160590042008,math,G04,47,.445
050160590042008,math,G05,46,.522
050160590042009,ela,G03,48,.298
050160590042009,ela,G04,56,.321
050160590042009,ela,G05,66,.234
050160590042009,math,G03,48,.298
050160590042009,math,G04,56,.32
050160590042009,math,G05,66,.328
050160590042014,ela,G03,58,.111
050160590042014,ela,G04,66,.194
050160590042014,ela,G05,50,.17
050160590042014,math,G03,57,.208
050160590042014,math,G04,66,.113
050160590042014,math,G05,50,.106
050160590042016,ela,G03,43,.325
050160590042016,ela,G04,35,.205
050160590042016,ela,G05,48,.435
050160590042016,math,G03,43,.325
050160590042016,math,G04,35,.235
050160590042016,math,G05,48,.261
050160590042018,ela,G03,46,.087
050160590042018,ela,G04,35,.258
050160590042018,ela,G05,48,.191
050160590042018,math,G03,46,.196
050160590042018,math,G04,35,.2
050160590042018,math,G05,48,.171
050160590042019,ela,G03,71,.191
050160590042019,ela,G04,66,.431
050160590042019,ela,G05,76,.257
050160590042019,math,G03,71,.294
050160590042019,math,G04,66,.338
050160590042019,math,G05,76,.163
050160590042020,ela,G03,40,.525
050160590042020,ela,G04,34,.53
050160590042020,ela,G05,33,.636
050160590042020,math,G03,40,.75
050160590042020,math,G04,34,.5
050160590042020,math,G05,33,.455
050160620041001,ela,G06,180,.472
050160620041001,ela,G07,199,.48
050160620041001,ela,G08,173,.665
050160620041001,math,G06,179,.313
050160620041001,math,G07,199,.449
050160620041001,math,G08,173,.4
050160620041003,ela,G06,215,.538
050160620041003,ela,G07,213,.473
050160620041003,ela,G08,235,.604
050160620041003,math,G06,215,.274
050160620041003,math,G07,213,.35
050160620041003,math,G08,235,.313
050160620042001,ela,G03,51,.432
050160620042001,ela,G04,47,.702
050160620042001,ela,G05,49,.796
050160620042001,ela,G06,51,.647
050160620042001,ela,G07,49,.673
050160620042001,ela,G08,52,.847
050160620042001,math,G03,51,.451
050160620042001,math,G04,47,.532
050160620042001,math,G05,49,.551
050160620042001,math,G06,51,.431
050160620042001,math,G07,49,.572
050160620042001,math,G08,52,.462
050160620042002,ela,G03,54,.346
050160620042002,ela,G04,64,.434
050160620042002,ela,G05,46,.5
050160620042002,math,G03,54,.308
050160620042002,math,G04,64,.417
050160620042002,math,G05,46,.261
050160620042004,ela,G03,56,.66
050160620042004,ela,G04,40,.589
050160620042004,ela,G05,57,.709
050160620042004,math,G03,56,.566
050160620042004,math,G04,40,.487
050160620042004,math,G05,57,.582
050160620042005,ela,G03,44,.548
050160620042005,ela,G04,58,.75
050160620042005,ela,G05,59,.655
050160620042005,math,G03,44,.404
050160620042005,math,G04,57,.6
050160620042005,math,G05,59,.431
050160620042008,ela,G03,110,.255
050160620042008,ela,G04,90,.208
050160620042008,ela,G05,89,.253
050160620042008,ela,G06,*,--
050160620042008,math,G03,109,.288
050160620042008,math,G04,89,.161
050160620042008,math,G05,88,.167
050160620042008,math,G06,*,--
050160620042009,ela,G03,54,.167
050160620042009,ela,G04,35,.286
050160620042009,ela,G05,36,.139
050160620042009,math,G03,54,.352
050160620042009,math,G04,35,.171
050160620042009,math,G05,35,.143
050160620042010,ela,G03,44,.698
050160620042010,ela,G04,52,.432
050160620042010,ela,G05,62,.379
050160620042010,math,G03,41,.625
050160620042010,math,G04,52,.314
050160620042010,math,G05,61,.229
050160620042011,ela,G03,54,.288
050160620042011,ela,G04,39,.513
050160620042011,ela,G05,38,.553
050160620042011,ela,G06,*,--
050160620042011,math,G03,54,.27
050160620042011,math,G04,39,.41
050160620042011,math,G05,38,.474
050160620042011,math,G06,*,--
050160620042012,ela,G03,43,.535
050160620042012,ela,G04,37,.54
050160620042012,ela,G05,37,.703
050160620042012,math,G03,43,.651
050160620042012,math,G04,35,.486
050160620042012,math,G05,37,.459
050160630021003,ela,G06,354,.503
050160630021003,ela,G07,358,.498
050160630021003,ela,G08,408,.525
050160630021003,math,G06,353,.258
050160630021003,math,G07,358,.313
050160630021003,math,G08,405,.294
050160630022006,ela,G03,91,.148
050160630022006,ela,G04,72,.412
050160630022006,ela,G05,75,.203
050160630022006,math,G03,91,.284
050160630022006,math,G04,70,.254
050160630022006,math,G05,75,.135
050160630022009,ela,G03,71,.114
050160630022009,ela,G04,80,.295
050160630022009,ela,G05,69,.369
050160630022009,math,G03,71,.271
050160630022009,math,G04,80,.218
050160630022009,math,G05,69,.4
050160630022010,ela,G03,75,.257
050160630022010,ela,G04,60,.39
050160630022010,ela,G05,59,.586
050160630022010,math,G03,75,.244
050160630022010,math,G04,61,.2
050160630022010,math,G05,59,.224
050160630022011,ela,G03,65,.354
050160630022011,ela,G04,79,.393
050160630022011,ela,G05,64,.485
050160630022011,math,G03,65,.431
050160630022011,math,G04,79,.329
050160630022011,math,G05,62,.451
050160630022012,ela,G03,78,.233
050160630022012,ela,G04,74,.167
050160630022012,ela,G05,88,.272
050160630022012,math,G03,77,.278
050160630022012,math,G04,74,.106
050160630022012,math,G05,88,.235
050160640041006,ela,G06,288,.723
050160640041006,ela,G07,308,.592
050160640041006,ela,G08,267,.702
050160640041006,math,G06,288,.435
050160640041006,math,G07,308,.508
050160640041006,math,G08,267,.489
050160640041007,ela,G06,233,.722
050160640041007,ela,G07,270,.619
050160640041007,ela,G08,245,.638
050160640041007,math,G06,234,.401
050160640041007,math,G07,268,.563
050160640041007,math,G08,245,.477
050160640042001,ela,G03,76,.815
050160640042001,ela,G04,72,.68
050160640042001,ela,G05,69,.768
050160640042001,math,G03,76,.815
050160640042001,math,G04,72,.625
050160640042001,math,G05,69,.695
050160640042004,ela,G03,114,.522
050160640042004,ela,G04,115,.629
050160640042004,ela,G05,118,.793
050160640042004,math,G03,114,.69
050160640042004,math,G04,115,.469
050160640042004,math,G05,118,.612
050160640042005,ela,G03,83,.551
050160640042005,ela,G04,105,.529
050160640042005,ela,G05,86,.714
050160640042005,ela,G08,*,--
050160640042005,math,G03,83,.575
050160640042005,math,G04,105,.48
050160640042005,math,G05,86,.607
050160640042005,math,G08,*,--
050160640042011,ela,G03,115,.566
050160640042011,ela,G04,124,.548
050160640042011,ela,G05,123,.585
050160640042011,math,G03,116,.647
050160640042011,math,G04,124,.387
050160640042011,math,G05,123,.496
050160640042012,ela,G03,114,.69
050160640042012,ela,G04,101,.616
050160640042012,ela,G05,100,.657
050160640042012,math,G03,114,.7
050160640042012,math,G04,101,.485
050160640042012,math,G05,99,.428
050160650041002,ela,G06,218,.62
050160650041002,ela,G07,169,.563
050160650041002,ela,G08,188,.567
050160650041002,math,G06,219,.294
050160650041002,math,G07,169,.329
050160650041002,math,G08,189,.303
050160650041007,ela,G06,218,.679
050160650041007,ela,G07,211,.459
050160650041007,ela,G08,246,.65
050160650041007,math,G06,218,.454
050160650041007,math,G07,209,.388
050160650041007,math,G08,241,.51
050160650041012,ela,G06,198,.633
050160650041012,ela,G07,205,.529
050160650041012,ela,G08,211,.598
050160650041012,math,G06,198,.423
050160650041012,math,G07,205,.515
050160650041012,math,G08,208,.466
050160650042004,ela,G03,49,.572
050160650042004,ela,G04,55,.566
050160650042004,ela,G05,58,.491
050160650042004,math,G03,49,.489
050160650042004,math,G04,55,.49
050160650042004,math,G05,58,.327
050160650042005,ela,G03,66,.409
050160650042005,ela,G04,56,.6
050160650042005,ela,G05,46,.608
050160650042005,ela,G06,*,--
050160650042005,math,G03,65,.631
050160650042005,math,G04,57,.446
050160650042005,math,G05,46,.543
050160650042005,math,G06,*,--
050160650042009,ela,G03,67,.507
050160650042009,ela,G04,57,.574
050160650042009,ela,G05,70,.536
050160650042009,math,G03,67,.538
050160650042009,math,G04,56,.321
050160650042009,math,G05,70,.565
050160650042010,ela,G03,45,.489
050160650042010,ela,G04,47,.575
050160650042010,ela,G05,58,.552
050160650042010,ela,G06,*,--
050160650042010,math,G03,46,.631
050160650042010,math,G04,47,.553
050160650042010,math,G05,58,.517
050160650042010,math,G06,*,--
050160650042014,ela,G03,60,.375
050160650042014,ela,G04,73,.466
050160650042014,ela,G05,54,.189
050160650042014,math,G03,60,.357
050160650042014,math,G04,73,.219
050160650042014,math,G05,54,.283
050160650042015,ela,G03,34,.333
050160650042015,ela,G04,49,.653
050160650042015,ela,G05,51,.686
050160650042015,math,G03,34,.394
050160650042015,math,G04,49,.49
050160650042015,math,G05,51,.706
050160650042019,ela,G03,71,.478
050160650042019,ela,G04,71,.343
050160650042019,ela,G05,72,.611
050160650042019,ela,G06,*,--
050160650042019,math,G03,71,.579
050160650042019,math,G04,71,.271
050160650042019,math,G05,71,.592
050160650042019,math,G06,*,--
050160650042020,ela,G03,70,.357
050160650042020,ela,G04,72,.458
050160650042020,ela,G05,83,.561
050160650042020,math,G03,70,.471
050160650042020,math,G04,72,.375
050160650042020,math,G05,84,.494
050160650042021,ela,G03,53,.509
050160650042021,ela,G04,71,.465
050160650042021,ela,G05,68,.485
050160650042021,ela,G06,*,--
050160650042021,math,G03,53,.51
050160650042021,math,G04,71,.408
050160650042021,math,G05,68,.485
050160650042021,math,G06,*,--
050160650042022,ela,G03,32,.469
050160650042022,ela,G04,49,.286
050160650042022,ela,G05,43,.488
050160650042022,ela,G06,38,.605
050160650042022,ela,G07,35,.772
050160650042022,ela,G08,40,.5
050160650042022,math,G03,32,.406
050160650042022,math,G04,49,.347
050160650042022,math,G05,43,.373
050160650042022,math,G06,38,.237
050160650042022,math,G07,35,.572
050160650042022,math,G08,40,.125
050160650042023,ela,G03,54,.555
050160650042023,ela,G04,46,.63
050160650042023,ela,G05,54,.389
050160650042023,ela,G06,*,--
050160650042023,math,G03,54,.63
050160650042023,math,G04,46,.587
050160650042023,math,G05,54,.408
050160650042023,math,G06,*,--
050160650042024,ela,G03,31,.067
050160650042024,ela,G04,23,.26
050160650042024,ela,G05,25,.136
050160650042024,ela,G06,20,.4
050160650042024,ela,G07,24,.5
050160650042024,ela,G08,27,.629
050160650042024,math,G03,31,.233
050160650042024,math,G04,23,.13
050160650042024,math,G05,25,.136
050160650042024,math,G06,20,0
050160650042024,math,G07,24,.333
050160650042024,math,G08,27,.333
050160670021002,ela,G05,90,.489
050160670021002,ela,G06,82,.598
050160670021002,ela,G07,82,.593
050160670021002,ela,G08,68,.632
050160670021002,math,G05,90,.467
050160670021002,math,G06,83,.397
050160670021002,math,G07,82,.63
050160670021002,math,G08,68,.441
050160670022003,ela,G03,66,.477
050160670022003,ela,G04,52,.423
050160670022003,math,G03,66,.538
050160670022003,math,G04,52,.442
050160680021002,ela,G06,171,.324
050160680021002,ela,G07,212,.358
050160680021002,ela,G08,161,.446
050160680021002,math,G06,171,.218
050160680021002,math,G07,212,.28
050160680021002,math,G08,161,.337
050160680022001,ela,G03,65,.313
050160680022001,ela,G04,69,.353
050160680022001,ela,G05,52,.412
050160680022001,ela,G06,*,--
050160680022001,math,G03,65,.251
050160680022001,math,G04,69,.353
050160680022001,math,G05,52,.255
050160680022001,math,G06,*,--
050160680022004,ela,G03,57,.333
050160680022004,ela,G04,61,.396
050160680022004,ela,G05,63,.333
050160680022004,math,G03,57,.421
050160680022004,math,G04,61,.345
050160680022004,math,G05,63,.3
050160680022005,ela,G03,54,.296
050160680022005,ela,G04,50,.48
050160680022005,ela,G05,72,.445
050160680022005,ela,G06,*,--
050160680022005,math,G03,54,.389
050160680022005,math,G04,50,.34
050160680022005,math,G05,72,.278
050160680022005,math,G06,*,--
050160690021003,ela,G06,174,.363
050160690021003,ela,G07,174,.282
050160690021003,ela,G08,195,.334
050160690021003,math,G06,174,.257
050160690021003,math,G07,174,.259
050160690021003,math,G08,195,.26
050160690022001,ela,G03,183,.25
050160690022001,ela,G04,200,.248
050160690022001,ela,G05,202,.399
050160690022001,math,G03,183,.267
050160690022001,math,G04,200,.228
050160690022001,math,G05,201,.262
050160700022003,ela,G03,94,.63
050160700022003,ela,G04,96,.569
050160700022003,ela,G05,92,.7
050160700022003,ela,G06,96,.568
050160700022003,ela,G07,107,.585
050160700022003,ela,G08,87,.695
050160700022003,math,G03,94,.664
050160700022003,math,G04,96,.485
050160700022003,math,G05,92,.622
050160700022003,math,G06,96,.505
050160700022003,math,G07,106,.514
050160700022003,math,G08,87,.586
050160710022001,ela,G03,64,.235
050160710022001,ela,G04,83,.518
050160710022001,ela,G05,65,.563
050160710022001,ela,G06,79,.481
050160710022001,ela,G07,50,.78
050160710022001,ela,G08,50,.7
050160710022001,math,G03,64,.302
050160710022001,math,G04,83,.229
050160710022001,math,G05,65,.312
050160710022001,math,G06,79,.152
050160710022001,math,G07,50,.5
050160710022001,math,G08,50,.3
050160720022002,ela,G03,84,.5
050160720022002,ela,G04,77,.546
050160720022002,ela,G05,77,.766
050160720022002,ela,G06,84,.821
050160720022002,ela,G07,88,.659
050160720022002,ela,G08,78,.782
050160720022002,math,G03,84,.667
050160720022002,math,G04,77,.351
050160720022002,math,G05,77,.455
050160720022002,math,G06,84,.273
050160720022002,math,G07,87,.471
050160720022002,math,G08,77,.39
050160730022001,ela,G03,47,.532
050160730022001,ela,G04,63,.559
050160730022001,ela,G05,59,.603
050160730022001,ela,G06,57,.643
050160730022001,ela,G07,46,.733
050160730022001,ela,G08,49,.878
050160730022001,math,G03,47,.617
050160730022001,math,G04,64,.383
050160730022001,math,G05,59,.328
050160730022001,math,G06,57,.322
050160730022001,math,G07,46,.423
050160730022001,math,G08,49,.51
050160735021003,ela,G06,115,.713
050160735021003,ela,G07,109,.602
050160735021003,ela,G08,114,.841
050160735021003,math,G06,116,.225
050160735021003,math,G07,109,.334
050160735021003,math,G08,114,.354
050160735022002,ela,G03,104,.5
050160735022002,ela,G04,114,.509
050160735022002,ela,G05,98,.469
050160735022002,math,G03,104,.557
050160735022002,math,G04,114,.259
050160735022002,math,G05,98,.323
050160740021001,ela,G06,144,.711
050160740021001,ela,G07,117,.579
050160740021001,ela,G08,140,.674
050160740021001,math,G06,144,.295
050160740021001,math,G07,117,.307
050160740021001,math,G08,141,.331
050160740022003,ela,G03,111,.324
050160740022003,ela,G04,124,.616
050160740022003,ela,G05,131,.592
050160740022003,math,G03,111,.287
050160740022003,math,G04,124,.339
050160740022003,math,G05,131,.269
060160780022001,ela,G03,24,.334
060160780022001,ela,G04,20,.05
060160780022001,ela,G05,15,.714
060160780022001,ela,G06,24,.5
060160780022001,ela,G07,18,.5
060160780022001,ela,G08,17,.706
060160780022001,math,G03,24,.333
060160780022001,math,G04,20,.1
060160780022001,math,G05,15,.857
060160780022001,math,G06,24,.125
060160780022001,math,G07,18,.167
060160780022001,math,G08,17,.412
060160790022001,ela,G03,45,.228
060160790022001,ela,G04,43,.419
060160790022001,ela,G05,43,.233
060160790022001,ela,G06,55,.592
060160790022001,ela,G07,38,.447
060160790022001,ela,G08,60,.552
060160790022001,math,G03,45,.227
060160790022001,math,G04,43,.233
060160790022001,math,G05,43,.186
060160790022001,math,G06,55,.315
060160790022001,math,G07,38,.5
060160790022001,math,G08,60,.414
060160800021001,ela,G05,115,.543
060160800021001,ela,G06,121,.631
060160800021001,ela,G07,130,.539
060160800021001,ela,G08,130,.662
060160800021001,math,G05,115,.224
060160800021001,math,G06,121,.237
060160800021001,math,G07,130,.29
060160800021001,math,G08,130,.323
060160800022002,ela,G03,125,.483
060160800022002,ela,G04,110,.45
060160800022002,math,G03,125,.525
060160800022002,math,G04,110,.321
060160810021001,ela,G06,144,.376
060160810021001,ela,G07,164,.406
060160810021001,ela,G08,140,.593
060160810021001,math,G06,144,.184
060160810021001,math,G07,164,.347
060160810021001,math,G08,140,.259
060160810022001,ela,G03,124,.229
060160810022001,math,G03,124,.321
060160810022003,ela,G04,135,.438
060160810022003,ela,G05,156,.379
060160810022003,math,G04,135,.14
060160810022003,math,G05,156,.272
060160830021003,ela,G06,238,.38
060160830021003,ela,G07,273,.314
060160830021003,ela,G08,288,.403
060160830021003,math,G06,236,.126
060160830021003,math,G07,270,.14
060160830021003,math,G08,286,.13
060160830022002,ela,G03,58,.111
060160830022002,ela,G04,70,.191
060160830022002,ela,G05,84,.231
060160830022002,math,G03,58,.13
060160830022002,math,G04,70,.088
060160830022002,math,G05,84,.141
060160830022004,ela,G03,100,.24
060160830022004,ela,G04,97,.291
060160830022004,ela,G05,86,.317
060160830022004,math,G03,100,.2
060160830022004,math,G04,97,.114
060160830022004,math,G05,86,.061
060160830022005,ela,G03,71,.328
060160830022005,ela,G04,82,.251
060160830022005,ela,G05,70,.357
060160830022005,math,G03,71,.239
060160830022005,math,G04,82,.113
060160830022005,math,G05,70,.3
060160840021002,ela,G06,143,.626
060160840021002,ela,G07,141,.417
060160840021002,ela,G08,164,.558
060160840021002,math,G06,143,.246
060160840021002,math,G07,143,.219
060160840021002,math,G08,164,.221
060160840022003,ela,G03,38,.553
060160840022003,ela,G04,30,.667
060160840022003,ela,G05,31,.367
060160840022003,math,G03,38,.289
060160840022003,math,G04,30,.433
060160840022003,math,G05,31,.2
060160840022004,ela,G03,27,.462
060160840022004,ela,G04,37,.243
060160840022004,ela,G05,28,.577
060160840022004,math,G03,27,.269
060160840022004,math,G04,37,.135
060160840022004,math,G05,28,.462
060160840022005,ela,G03,69,.377
060160840022005,ela,G04,50,.479
060160840022005,ela,G05,70,.376
060160840022005,math,G03,69,.333
060160840022005,math,G04,50,.355
060160840022005,math,G05,70,.333
060160845022001,ela,G03,44,.303
060160845022001,ela,G04,54,.283
060160845022001,ela,G05,61,.237
060160845022001,ela,G06,49,.265
060160845022001,ela,G07,63,.183
060160845022001,ela,G08,53,.353
060160845022001,math,G03,43,.357
060160845022001,math,G04,54,.189
060160845022001,math,G05,60,.186
060160845022001,math,G06,49,.163
060160845022001,math,G07,64,.066
060160845022001,math,G08,53,.138
060160855022001,ela,G03,70,.235
060160855022001,ela,G04,95,.311
060160855022001,ela,G05,71,.686
060160855022001,ela,G06,72,.5
060160855022001,ela,G07,74,.581
060160855022001,ela,G08,83,.793
060160855022001,math,G03,70,.204
060160855022001,math,G04,95,.144
060160855022001,math,G05,71,.172
060160855022001,math,G06,72,.286
060160855022001,math,G07,74,.379
060160855022001,math,G08,82,.408
060160860022001,ela,G03,65,.569
060160860022001,ela,G04,70,.585
060160860022001,ela,G05,57,.612
060160860022001,ela,G06,89,.593
060160860022001,ela,G07,62,.633
060160860022001,ela,G08,60,.684
060160860022001,math,G03,65,.415
060160860022001,math,G04,70,.343
060160860022001,math,G05,57,.426
060160860022001,math,G06,89,.302
060160860022001,math,G07,62,.45
060160860022001,math,G08,60,.334
060160870021005,ela,G06,107,.283
060160870021005,ela,G07,128,.25
060160870021005,ela,G08,135,.229
060160870021005,math,G06,107,.066
060160870021005,math,G07,128,.18
060160870021005,math,G08,135,.089
060160870021006,ela,G06,124,.115
060160870021006,ela,G07,134,.128
060160870021006,ela,G08,104,.146
060160870021006,math,G06,125,.089
060160870021006,math,G07,134,.196
060160870021006,math,G08,104,.146
060160870022003,ela,G03,*,--
060160870022003,math,G03,*,--
060160870022007,ela,G03,106,.167
060160870022007,ela,G04,99,.112
060160870022007,ela,G05,114,.204
060160870022007,ela,G06,*,--
060160870022007,math,G03,106,.324
060160870022007,math,G04,99,.162
060160870022007,math,G05,114,.134
060160870022007,math,G06,*,--
060160870022008,ela,G03,107,.094
060160870022008,ela,G04,119,.084
060160870022008,ela,G05,118,.127
060160870022008,math,G03,106,.134
060160870022008,math,G04,119,.101
060160870022008,math,G05,118,.101
060160870022010,ela,G03,*,--
060160870022010,math,G03,*,--
060160880021007,ela,G06,188,.167
060160880021007,ela,G07,216,.123
060160880021007,ela,G08,220,.274
060160880021007,math,G06,186,.054
060160880021007,math,G07,216,.047
060160880021007,math,G08,220,.122
060160880022001,ela,G03,57,.089
060160880022001,ela,G04,69,.185
060160880022001,ela,G05,64,.214
060160880022001,math,G03,57,.197
060160880022001,math,G04,69,.169
060160880022001,math,G05,64,.089
060160880022003,ela,G03,42,.125
060160880022003,ela,G04,50,.245
060160880022003,ela,G05,54,.111
060160880022003,math,G03,42,.225
060160880022003,math,G04,50,.082
060160880022003,math,G05,54,.037
060160880022005,ela,G03,54,.196
060160880022005,ela,G04,64,.095
060160880022005,ela,G05,59,.22
060160880022005,math,G03,54,.137
060160880022005,math,G04,64,.016
060160880022005,math,G05,60,.017
060160880022006,ela,G03,40,.05
060160880022006,ela,G04,35,.229
060160880022006,ela,G05,38,.184
060160880022006,math,G03,40,.075
060160880022006,math,G04,35,.057
060160880022006,math,G05,38,.053
060160890021001,ela,G06,183,.316
060160890021001,ela,G07,174,.142
060160890021001,ela,G08,179,.216
060160890021001,math,G06,184,.109
060160890021001,math,G07,172,.048
060160890021001,math,G08,176,.058
060160890021002,ela,G06,211,.356
060160890021002,ela,G07,229,.282
060160890021002,ela,G08,214,.345
060160890021002,math,G06,211,.096
060160890021002,math,G07,229,.149
060160890021002,math,G08,215,.141
060160890022001,ela,G03,60,.208
060160890022001,ela,G04,55,.39
060160890022001,ela,G05,71,.529
060160890022001,ela,G06,18,.412
060160890022001,math,G03,60,.334
060160890022001,math,G04,55,.122
060160890022001,math,G05,71,.294
060160890022001,math,G06,18,.118
060160890022002,ela,G03,58,.306
060160890022002,ela,G04,54,.298
060160890022002,ela,G05,61,.241
060160890022002,ela,G08,*,--
060160890022002,math,G03,58,.02
060160890022002,math,G04,54,.043
060160890022002,math,G05,59,.054
060160890022002,math,G08,*,--
060160890022003,ela,G03,67,.278
060160890022003,ela,G04,58,.241
060160890022003,ela,G05,69,.148
060160890022003,ela,G06,*,--
060160890022003,math,G03,67,.074
060160890022003,math,G04,58,0
060160890022003,math,G05,69,.049
060160890022003,math,G06,*,--
060160890022006,ela,G03,62,.222
060160890022006,ela,G04,60,.384
060160890022006,ela,G05,58,.511
060160890022006,math,G03,62,.311
060160890022006,math,G04,60,.129
060160890022006,math,G05,58,.187
060160890022007,ela,G03,104,.318
060160890022007,ela,G04,86,.273
060160890022007,ela,G05,92,.373
060160890022007,ela,G07,*,--
060160890022007,math,G03,104,.121
060160890022007,math,G04,86,.127
060160890022007,math,G05,92,.051
060160890022007,math,G07,*,--
060160890022008,ela,G03,79,.347
060160890022008,ela,G04,44,.163
060160890022008,ela,G05,54,.358
060160890022008,ela,G06,*,--
060160890022008,math,G03,79,.222
060160890022008,math,G04,44,.093
060160890022008,math,G05,54,.604
060160890022012,ela,G03,39,.276
060160890022012,ela,G04,36,.272
060160890022012,ela,G05,32,.37
060160890022012,ela,G06,42,.387
060160890022012,ela,G07,35,.517
060160890022012,ela,G08,34,.577
060160890022012,math,G03,39,.345
060160890022012,math,G04,36,0
060160890022012,math,G05,32,.185
060160890022012,math,G06,42,.226
060160890022012,math,G07,35,.193
060160890022012,math,G08,34,.115
060160900021002,ela,G05,128,.797
060160900021002,ela,G06,178,.813
060160900021002,ela,G07,151,.682
060160900021002,ela,G08,162,.809
060160900021002,math,G05,128,.641
060160900021002,math,G06,178,.682
060160900021002,math,G07,151,.643
060160900021002,math,G08,162,.686
060160900022001,ela,G03,79,.861
060160900022001,ela,G04,73,.767
060160900022001,math,G03,79,.772
060160900022001,math,G04,73,.699
060160900022005,ela,G03,63,.555
060160900022005,ela,G04,80,.738
060160900022005,math,G03,63,.619
060160900022005,math,G04,80,.601
060160910021001,ela,G06,62,.491
060160910021001,ela,G07,68,.492
060160910021001,ela,G08,60,.5
060160910021001,math,G06,62,.148
060160910021001,math,G07,68,.299
060160910021001,math,G08,60,.2
060160910022001,ela,G03,*,--
060160910022001,math,G03,*,--
060160910022003,ela,G03,72,.371
060160910022003,ela,G04,66,.446
060160910022003,ela,G05,55,.218
060160910022003,math,G03,72,.314
060160910022003,math,G04,66,.23
060160910022003,math,G05,55,.091
060160920022001,ela,G03,26,.231
060160920022001,ela,G04,29,.345
060160920022001,ela,G05,33,.545
060160920022001,ela,G06,32,.469
060160920022001,ela,G07,31,.355
060160920022001,ela,G08,46,.5
060160920022001,math,G03,26,.115
060160920022001,math,G04,29,.069
060160920022001,math,G05,33,.091
060160920022001,math,G06,32,.063
060160920022001,math,G07,31,.065
060160920022001,math,G08,46,.065
060160925021001,ela,G06,113,.491
060160925021001,ela,G07,95,.41
060160925021001,ela,G08,139,.355
060160925021001,math,G06,113,.232
060160925021001,math,G07,97,.402
060160925021001,math,G08,139,.181
060160925022002,ela,G03,108,.141
060160925022002,ela,G04,116,.243
060160925022002,ela,G05,102,.327
060160925022002,math,G03,108,.302
060160925022002,math,G04,117,.242
060160925022002,math,G05,102,.238
060160930022001,ela,G03,45,.068
060160930022001,ela,G04,39,.526
060160930022001,ela,G05,38,.316
060160930022001,ela,G06,45,.489
060160930022001,ela,G07,44,.341
060160930022001,ela,G08,56,.472
060160930022001,math,G03,45,.159
060160930022001,math,G04,39,.184
060160930022001,math,G05,38,.053
060160930022001,math,G06,45,0
060160930022001,math,G07,44,.205
060160930022001,math,G08,59,.071
060160940022001,ela,G03,68,.463
060160940022001,ela,G04,54,.283
060160940022001,ela,G05,47,.364
060160940022001,ela,G06,62,.377
060160940022001,ela,G07,47,.333
060160940022001,ela,G08,63,.459
060160940022001,math,G03,68,.508
060160940022001,math,G04,54,.151
060160940022001,math,G05,47,.25
060160940022001,math,G06,61,.15
060160940022001,math,G07,47,.111
060160940022001,math,G08,64,.161
060160950021001,ela,G06,154,.76
060160950021001,ela,G07,144,.653
060160950021001,ela,G08,135,.778
060160950021001,math,G06,154,.298
060160950021001,math,G07,144,.215
060160950021001,math,G08,137,.336
060160950022002,ela,G03,161,.469
060160950022002,ela,G04,143,.483
060160950022002,ela,G05,139,.561
060160950022002,math,G03,161,.406
060160950022002,math,G04,143,.322
060160950022002,math,G05,139,.381
060160960021004,ela,G06,198,.706
060160960021004,ela,G07,187,.69
060160960021004,ela,G08,184,.785
060160960021004,math,G06,199,.445
060160960021004,math,G07,187,.511
060160960021004,math,G08,184,.616
060160960022001,ela,G03,67,.746
060160960022001,ela,G04,72,.774
060160960022001,ela,G05,66,.728
060160960022001,math,G03,67,.761
060160960022001,math,G04,72,.676
060160960022001,math,G05,66,.621
060160960022002,ela,G03,38,.579
060160960022002,ela,G04,34,.912
060160960022002,ela,G05,27,.704
060160960022002,math,G03,38,.553
060160960022002,math,G04,34,.618
060160960022002,math,G05,27,.592
060160960022003,ela,G03,65,.631
060160960022003,ela,G04,62,.672
060160960022003,ela,G05,63,.794
060160960022003,math,G03,64,.656
060160960022003,math,G04,62,.754
060160960022003,math,G05,63,.651
060160960022005,ela,G03,14,.785
060160960022005,ela,G04,24,.75
060160960022005,ela,G05,19,.632
060160960022005,math,G03,14,.786
060160960022005,math,G04,24,.791
060160960022005,math,G05,19,.526
060160970021003,ela,G06,298,.667
060160970021003,ela,G07,311,.551
060160970021003,ela,G08,356,.663
060160970021003,math,G06,298,.447
060160970021003,math,G07,310,.385
060160970021003,math,G08,354,.445
060160970021004,ela,G06,277,.541
060160970021004,ela,G07,299,.446
060160970021004,ela,G08,302,.538
060160970021004,math,G06,276,.31
060160970021004,math,G07,295,.368
060160970021004,math,G08,298,.421
060160970022001,ela,G03,61,.267
060160970022001,ela,G04,54,.704
060160970022001,ela,G05,65,.615
060160970022001,math,G03,61,.45
060160970022001,math,G04,54,.612
060160970022001,math,G05,66,.44
060160970022003,ela,G03,58,.344
060160970022003,ela,G04,67,.545
060160970022003,ela,G05,62,.484
060160970022003,math,G03,58,.483
060160970022003,math,G04,67,.576
060160970022003,math,G05,62,.258
060160970022005,ela,G03,100,.358
060160970022005,ela,G04,84,.638
060160970022005,ela,G05,92,.573
060160970022005,math,G03,100,.357
060160970022005,math,G04,85,.4
060160970022005,math,G05,92,.438
060160970022006,ela,G03,99,.387
060160970022006,ela,G04,90,.681
060160970022006,ela,G05,90,.472
060160970022006,math,G03,99,.551
060160970022006,math,G04,89,.563
060160970022006,math,G05,89,.523
060160970022007,ela,G03,106,.415
060160970022007,ela,G04,92,.565
060160970022007,ela,G05,89,.596
060160970022007,math,G03,106,.5
060160970022007,math,G04,92,.38
060160970022007,math,G05,89,.528
060160970022008,ela,G03,69,.478
060160970022008,ela,G04,87,.448
060160970022008,ela,G05,89,.652
060160970022008,math,G03,69,.493
060160970022008,math,G04,88,.375
060160970022008,math,G05,91,.5
060160970022009,ela,G03,65,.6
060160970022009,ela,G04,64,.75
060160970022009,ela,G05,79,.697
060160970022009,math,G03,65,.769
060160970022009,math,G04,64,.829
060160970022009,math,G05,79,.557
060160970022010,ela,G03,62,.442
060160970022010,ela,G04,57,.614
060160970022010,ela,G05,63,.484
060160970022010,ela,G07,*,--
060160970022010,math,G03,62,.426
060160970022010,math,G04,57,.562
060160970022010,math,G05,63,.484
060160970022010,math,G07,*,--
060160980021004,ela,G06,266,.434
060160980021004,ela,G07,279,.379
060160980021004,ela,G08,239,.701
060160980021004,math,G06,267,.173
060160980021004,math,G07,277,.186
060160980021004,math,G08,238,.242
060160980022001,ela,G03,115,.244
060160980022001,ela,G04,88,.375
060160980022001,ela,G05,112,.366
060160980022001,math,G03,115,.252
060160980022001,math,G04,88,.228
060160980022001,math,G05,112,.251
060160980022002,ela,G03,76,.197
060160980022002,ela,G04,83,.325
060160980022002,ela,G05,66,.394
060160980022002,math,G03,76,.408
060160980022002,math,G04,83,.181
060160980022002,math,G05,66,.394
060160980022003,ela,G03,79,.273
060160980022003,ela,G04,67,.314
060160980022003,ela,G05,85,.459
060160980022003,math,G03,79,.179
060160980022003,math,G04,68,.235
060160980022003,math,G05,85,.247
060160990021002,ela,G07,958,.244
060160990021002,ela,G08,949,.283
060160990021002,math,G07,955,.128
060160990021002,math,G08,946,.083
060160990022002,ela,G04,149,.164
060160990022002,ela,G05,117,.216
060160990022002,ela,G06,155,.369
060160990022002,math,G04,149,.157
060160990022002,math,G05,117,.126
060160990022002,math,G06,155,.15
060160990022003,ela,G04,106,.133
060160990022003,ela,G05,121,.189
060160990022003,ela,G06,142,.396
060160990022003,math,G04,106,.086
060160990022003,math,G05,121,.117
060160990022003,math,G06,142,.119
060160990022004,ela,G03,43,.143
060160990022004,ela,G04,48,.233
060160990022004,ela,G05,53,.109
060160990022004,ela,G06,52,.231
060160990022004,math,G03,43,.143
060160990022004,math,G04,48,.163
060160990022004,math,G05,53,.065
060160990022004,math,G06,52,.038
060160990022005,ela,G03,72,.097
060160990022005,ela,G04,91,.247
060160990022005,ela,G05,54,.259
060160990022005,ela,G06,72,.389
060160990022005,math,G03,72,.167
060160990022005,math,G04,91,.18
060160990022005,math,G05,54,.074
060160990022005,math,G06,72,.111
060160990022006,ela,G03,103,.156
060160990022006,ela,G04,105,.245
060160990022006,ela,G05,99,.313
060160990022006,ela,G06,90,.4
060160990022006,math,G03,103,.219
060160990022006,math,G04,105,.245
060160990022006,math,G05,99,.212
060160990022006,math,G06,91,.055
060160990022008,ela,G03,34,.161
060160990022008,ela,G04,115,.28
060160990022008,ela,G05,150,.141
060160990022008,ela,G06,181,.213
060160990022008,math,G03,34,.129
060160990022008,math,G04,115,.308
060160990022008,math,G05,150,.162
060160990022008,math,G06,181,.073
060160990022009,ela,G03,86,.082
060160990022009,ela,G04,87,.186
060160990022009,ela,G05,77,.329
060160990022009,ela,G06,84,.488
060160990022009,math,G03,86,.176
060160990022009,math,G04,87,.105
060160990022009,math,G05,77,.197
060160990022009,math,G06,83,.157
060160990022010,ela,G03,108,.111
060160990022010,ela,G04,129,.143
060160990022010,ela,G05,81,.223
060160990022010,ela,G06,89,.337
060160990022010,math,G03,107,.102
060160990022010,math,G04,129,.095
060160990022010,math,G05,82,.122
060160990022010,math,G06,89,.124
060160990022012,ela,G03,80,.101
060160990022012,ela,G04,105,.21
060160990022012,ela,G05,122,.176
060160990022012,ela,G06,101,.278
060160990022012,math,G03,80,.152
060160990022012,math,G04,105,.153
060160990022012,math,G05,122,.076
060160990022012,math,G06,102,.069
060160990022013,ela,G03,113,.131
060160990022013,math,G03,113,.206
060160990022014,ela,G03,121,.171
060160990022014,math,G03,122,.254
060160990022015,ela,G03,140,.126
060160990022015,ela,G04,25,.084
060160990022015,math,G03,140,.178
060160990022015,math,G04,25,.167
060161000021002,ela,G06,152,.387
060161000021002,ela,G07,144,.521
060161000021002,ela,G08,164,.418
060161000021002,math,G06,152,.254
060161000021002,math,G07,143,.413
060161000021002,math,G08,164,.313
060161000021003,ela,G06,176,.35
060161000021003,ela,G07,168,.325
060161000021003,ela,G08,174,.397
060161000021003,math,G06,176,.14
060161000021003,math,G07,168,.144
060161000021003,math,G08,173,.139
060161000022001,ela,G03,39,.179
060161000022001,ela,G04,40,.308
060161000022001,ela,G05,36,.111
060161000022001,math,G03,39,.103
060161000022001,math,G04,40,.334
060161000022001,math,G05,36,.056
060161000022003,ela,G03,63,.333
060161000022003,ela,G04,70,.358
060161000022003,ela,G05,64,.407
060161000022003,math,G03,63,.397
060161000022003,math,G04,70,.457
060161000022003,math,G05,64,.313
060161000022004,ela,G03,36,.343
060161000022004,ela,G04,49,.128
060161000022004,ela,G05,41,.385
060161000022004,math,G03,36,.228
060161000022004,math,G04,49,.106
060161000022004,math,G05,41,.103
060161000022006,ela,G03,75,.093
060161000022006,ela,G04,64,.427
060161000022006,ela,G05,57,.345
060161000022006,math,G03,75,.186
060161000022006,math,G04,64,.361
060161000022006,math,G05,57,.255
060161000022007,ela,G03,48,.213
060161000022007,ela,G04,52,.307
060161000022007,ela,G05,42,.358
060161000022007,math,G03,48,.425
060161000022007,math,G04,52,.25
060161000022007,math,G05,42,.238
060161000022008,ela,G03,60,.211
060161000022008,ela,G04,61,.433
060161000022008,ela,G05,66,.446
060161000022008,math,G03,60,.246
060161000022008,math,G04,61,.183
060161000022008,math,G05,66,.184
060161010021006,ela,G06,153,.909
060161010021006,ela,G07,146,.836
060161010021006,ela,G08,143,.818
060161010021006,math,G06,153,.588
060161010021006,math,G07,146,.733
060161010021006,math,G08,141,.631
060161010022001,ela,G03,46,.413
060161010022001,ela,G04,41,.878
060161010022001,ela,G05,40,.775
060161010022001,math,G03,46,.761
060161010022001,math,G04,41,.829
060161010022001,math,G05,40,.725
060161010022002,ela,G03,53,.679
060161010022002,ela,G04,59,.711
060161010022002,ela,G05,47,.894
060161010022002,ela,G07,*,--
060161010022002,math,G03,53,.679
060161010022002,math,G04,59,.628
060161010022002,math,G05,47,.532
060161010022002,math,G07,*,--
060161010022005,ela,G03,71,.295
060161010022005,ela,G04,62,.468
060161010022005,ela,G05,81,.568
060161010022005,math,G03,71,.606
060161010022005,math,G04,62,.5
060161010022005,math,G05,81,.543
060161020021004,ela,G07,355,.738
060161020021004,ela,G08,324,.725
060161020021004,math,G07,355,.527
060161020021004,math,G08,324,.501
060161020022001,ela,G03,58,.246
060161020022001,ela,G04,60,.416
060161020022001,ela,G05,54,.556
060161020022001,ela,G06,49,.592
060161020022001,math,G03,58,.299
060161020022001,math,G04,60,.284
060161020022001,math,G05,54,.426
060161020022001,math,G06,49,.388
060161020022002,ela,G03,68,.662
060161020022002,ela,G04,80,.726
060161020022002,ela,G05,77,.727
060161020022002,ela,G06,65,.861
060161020022002,math,G03,68,.647
060161020022002,math,G04,80,.538
060161020022002,math,G05,77,.714
060161020022002,math,G06,65,.8
060161020022003,ela,G03,90,.511
060161020022003,ela,G04,68,.47
060161020022003,ela,G05,78,.526
060161020022003,ela,G06,93,.785
060161020022003,math,G03,90,.578
060161020022003,math,G04,68,.25
060161020022003,math,G05,78,.448
060161020022003,math,G06,93,.592
060161020022007,ela,G03,107,.598
060161020022007,ela,G04,96,.708
060161020022007,ela,G05,94,.702
060161020022007,ela,G06,89,.887
060161020022007,math,G03,107,.542
060161020022007,math,G04,96,.531
060161020022007,math,G05,94,.575
060161020022007,math,G06,89,.719
060161030022002,ela,G03,48,.32
060161030022002,ela,G04,40,.4
060161030022002,ela,G05,40,.384
060161030022002,math,G03,48,.17
060161030022002,math,G04,40,.3
060161030022002,math,G05,40,.307
060161030022004,ela,G03,42,.366
060161030022004,ela,G04,41,.268
060161030022004,ela,G05,34,.441
060161030022004,math,G03,41,.275
060161030022004,math,G04,41,.195
060161030022004,math,G05,34,.176
060161030022005,ela,G03,52,.192
060161030022005,ela,G04,67,.227
060161030022005,ela,G05,60,.3
060161030022005,math,G03,52,.192
060161030022005,math,G04,67,.273
060161030022005,math,G05,60,.167
060161030022006,ela,G03,42,.214
060161030022006,ela,G04,37,.27
060161030022006,ela,G05,37,.189
060161030022006,math,G03,42,.215
060161030022006,math,G04,37,.027
060161030022006,math,G05,37,.054
060161030022007,ela,G06,218,.312
060161030022007,ela,G07,234,.211
060161030022007,ela,G08,223,.325
060161030022007,math,G06,219,.11
060161030022007,math,G07,234,.151
060161030022007,math,G08,224,.139
060161030022008,ela,G03,33,.394
060161030022008,ela,G04,36,.222
060161030022008,ela,G05,25,.36
060161030022008,math,G03,33,.273
060161030022008,math,G04,36,.083
060161030022008,math,G05,25,0
060161050021001,ela,G07,134,.625
060161050021001,ela,G08,133,.717
060161050021001,math,G07,134,.453
060161050021001,math,G08,133,.519
060161050022002,ela,G03,*,--
060161050022002,ela,G04,16,.267
060161050022002,ela,G05,11,.273
060161050022002,ela,G06,13,.385
060161050022002,math,G03,*,--
060161050022002,math,G04,16,.333
060161050022002,math,G05,11,.091
060161050022002,math,G06,13,.077
060161050022003,ela,G03,37,.139
060161050022003,ela,G04,36,.4
060161050022003,ela,G05,34,.454
060161050022003,ela,G06,26,.769
060161050022003,math,G03,37,.417
060161050022003,math,G04,36,.115
060161050022003,math,G05,34,.152
060161050022003,math,G06,26,.461
060161050022004,ela,G03,26,.692
060161050022004,ela,G04,28,.926
060161050022004,ela,G05,28,.75
060161050022004,ela,G06,36,.911
060161050022004,math,G03,26,.693
060161050022004,math,G04,28,.703
060161050022004,math,G05,28,.607
060161050022004,math,G06,36,.706
060161050022005,ela,G03,44,.682
060161050022005,ela,G04,40,.725
060161050022005,ela,G05,40,.75
060161050022005,ela,G06,54,.811
060161050022005,math,G03,44,.886
060161050022005,math,G04,40,.65
060161050022005,math,G05,40,.55
060161050022005,math,G06,54,.623
060161060021003,ela,G05,107,.745
060161060021003,ela,G06,100,.85
060161060021003,ela,G07,119,.78
060161060021003,ela,G08,104,.709
060161060021003,math,G05,107,.623
060161060021003,math,G06,99,.646
060161060021003,math,G07,119,.568
060161060021003,math,G08,104,.485
060161060022001,ela,G03,104,.676
060161060022001,ela,G04,102,.774
060161060022001,math,G03,104,.755
060161060022001,math,G04,103,.709
060161070021001,ela,G05,89,.641
060161070021001,ela,G06,79,.861
060161070021001,ela,G07,91,.737
060161070021001,ela,G08,83,.771
060161070021001,math,G05,88,.5
060161070021001,math,G06,79,.696
060161070021001,math,G07,91,.517
060161070021001,math,G08,83,.735
060161070022002,ela,G03,94,.554
060161070022002,ela,G04,81,.815
060161070022002,math,G03,94,.67
060161070022002,math,G04,81,.704
060164010261001,ela,G06,209,.555
060164010261001,ela,G07,207,.441
060164010261001,ela,G08,215,.59
060164010261001,math,G06,209,.126
060164010261001,math,G07,206,.29
060164010261001,math,G08,215,.295
060164010262003,ela,G03,104,.406
060164010262003,ela,G04,83,.424
060164010262003,ela,G05,86,.455
060164010262003,math,G03,104,.313
060164010262003,math,G04,83,.346
060164010262003,math,G05,86,.152
060164010262004,ela,G03,119,.34
060164010262004,ela,G04,95,.355
060164010262004,ela,G05,93,.427
060164010262004,ela,G06,*,--
060164010262004,math,G03,118,.288
060164010262004,math,G04,94,.228
060164010262004,math,G05,93,.202
060164010262004,math,G06,*,--
070161040021001,ela,G06,129,.397
070161040021001,ela,G07,163,.252
070161040021001,ela,G08,159,.26
070161040021001,math,G06,129,.199
070161040021001,math,G07,163,.182
070161040021001,math,G08,158,.146
070161040022001,ela,G03,15,.067
070161040022001,ela,G04,21,.19
070161040022001,ela,G05,25,.4
070161040022001,math,G03,15,.067
070161040022001,math,G04,21,.048
070161040022001,math,G05,25,0
070161040022003,ela,G03,73,.167
070161040022003,ela,G04,65,.088
070161040022003,ela,G05,67,.113
070161040022003,math,G03,73,.167
070161040022003,math,G04,65,.018
070161040022003,math,G05,67,.129
070161040022004,ela,G03,16,.25
070161040022004,ela,G04,23,.261
070161040022004,ela,G05,22,.045
070161040022004,math,G03,16,.313
070161040022004,math,G04,23,.174
070161040022004,math,G05,22,.136
070161040022005,ela,G03,44,.227
070161040022005,ela,G04,49,.285
070161040022005,ela,G05,45,.333
070161040022005,math,G03,44,.273
070161040022005,math,G04,49,.143
070161040022005,math,G05,45,.133
070161080022001,ela,G03,41,.244
070161080022001,ela,G04,41,.342
070161080022001,ela,G05,43,.442
070161080022001,ela,G06,38,.473
070161080022001,ela,G07,40,.411
070161080022001,ela,G08,34,.546
070161080022001,math,G03,41,.341
070161080022001,math,G04,40,.25
070161080022001,math,G05,42,.191
070161080022001,math,G06,37,.162
070161080022001,math,G07,40,.257
070161080022001,math,G08,32,.355
070161090021006,ela,G07,234,.423
070161090021006,ela,G08,232,.558
070161090021006,math,G07,235,.266
070161090021006,math,G08,235,.3
070161090022001,ela,G03,61,.259
070161090022001,ela,G04,67,.349
070161090022001,ela,G05,67,.292
070161090022001,ela,G06,63,.571
070161090022001,math,G03,61,.103
070161090022001,math,G04,67,.079
070161090022001,math,G05,67,.139
070161090022001,math,G06,63,.349
070161090022002,ela,G03,87,.465
070161090022002,ela,G04,93,.445
070161090022002,ela,G05,91,.461
070161090022002,ela,G06,96,.702
070161090022002,math,G03,87,.407
070161090022002,math,G04,93,.326
070161090022002,math,G05,91,.326
070161090022002,math,G06,96,.351
070161090022004,ela,G03,32,.516
070161090022004,ela,G04,45,.511
070161090022004,ela,G05,49,.245
070161090022004,ela,G06,40,.616
070161090022004,math,G03,32,.322
070161090022004,math,G04,45,.178
070161090022004,math,G05,49,.061
070161090022004,math,G06,40,.205
070161090022006,ela,G03,50,.146
070161090022006,ela,G04,57,.241
070161090022006,ela,G05,63,.351
070161090022006,ela,G06,56,.412
070161090022006,math,G03,50,.167
070161090022006,math,G04,57,.093
070161090022006,math,G05,63,.088
070161090022006,math,G06,56,.196
070161100022002,ela,G03,29,.37
070161100022002,ela,G04,29,.321
070161100022002,ela,G05,32,.281
070161100022002,ela,G06,27,.667
070161100022002,ela,G07,29,.482
070161100022002,ela,G08,49,.605
070161100022002,math,G03,29,.704
070161100022002,math,G04,29,.25
070161100022002,math,G05,32,.281
070161100022002,math,G06,27,.37
070161100022002,math,G07,29,.207
070161100022002,math,G08,49,.292
070161110021001,ela,G06,304,.298
070161110021001,ela,G07,419,.259
070161110021001,ela,G08,379,.351
070161110021001,math,G06,304,.217
070161110021001,math,G07,419,.179
070161110021001,math,G08,378,.167
070161110022001,ela,G03,85,.238
070161110022001,ela,G04,89,.303
070161110022001,ela,G05,62,.306
070161110022001,math,G03,85,.31
070161110022001,math,G04,88,.159
070161110022001,math,G05,62,.145
070161110022002,ela,G03,32,.313
070161110022002,ela,G04,46,.326
070161110022002,ela,G05,36,.139
070161110022002,math,G03,32,.312
070161110022002,math,G04,46,.239
070161110022002,math,G05,36,.111
070161110022005,ela,G03,34,.176
070161110022005,ela,G04,50,.22
070161110022005,ela,G05,39,.487
070161110022005,math,G03,34,.206
070161110022005,math,G04,50,.26
070161110022005,math,G05,39,.282
070161110022006,ela,G03,50,.143
070161110022006,ela,G04,50,.082
070161110022006,ela,G05,49,.163
070161110022006,math,G03,50,.265
070161110022006,math,G04,50,.061
070161110022006,math,G05,49,.082
070161110022007,ela,G03,42,.19
070161110022007,ela,G04,50,.208
070161110022007,ela,G05,47,.319
070161110022007,math,G03,42,.262
070161110022007,math,G04,50,.125
070161110022007,math,G05,47,.106
070161110022010,ela,G03,49,.292
070161110022010,ela,G04,40,.4
070161110022010,ela,G05,48,.229
070161110022010,math,G03,49,.396
070161110022010,math,G04,40,.2
070161110022010,math,G05,48,.146
070161110022011,ela,G03,57,.218
070161110022011,ela,G04,59,.4
070161110022011,ela,G05,56,.434
070161110022011,math,G03,57,.145
070161110022011,math,G04,59,.164
070161110022011,math,G05,56,.208
07016113A021002,ela,G06,268,.701
07016113A021002,ela,G07,283,.675
07016113A021002,ela,G08,261,.915
07016113A021002,math,G06,268,.451
07016113A021002,math,G07,283,.498
07016113A021002,math,G08,260,.723
07016113A022004,ela,G03,292,.504
07016113A022004,math,G03,293,.635
07016113A022005,ela,G04,274,.438
07016113A022005,ela,G05,268,.494
07016113A022005,math,G04,274,.441
07016113A022005,math,G05,267,.527
070161170021001,ela,G06,316,.837
070161170021001,ela,G07,351,.859
070161170021001,ela,G08,341,.868
070161170021001,math,G06,315,.532
070161170021001,math,G07,351,.745
070161170021001,math,G08,340,.739
070161170022003,ela,G03,170,.7
070161170022003,ela,G04,168,.72
070161170022003,ela,G05,169,.857
070161170022003,math,G03,170,.638
070161170022003,math,G04,167,.646
070161170022003,math,G05,169,.696
070161170022004,ela,G03,203,.614
070161170022004,ela,G04,180,.697
070161170022004,ela,G05,183,.698
070161170022004,math,G03,202,.546
070161170022004,math,G04,179,.667
070161170022004,math,G05,183,.62
070161180041004,ela,G06,246,.8
070161180041004,ela,G07,228,.872
070161180041004,ela,G08,220,.903
070161180041004,math,G06,246,.43
070161180041004,math,G07,228,.535
070161180041004,math,G08,219,.65
070161180042002,ela,G03,144,.528
070161180042002,ela,G04,115,.684
070161180042002,ela,G05,131,.742
070161180042002,math,G03,144,.529
070161180042002,math,G04,115,.526
070161180042002,math,G05,131,.571
070161180042003,ela,G03,107,.532
070161180042003,ela,G04,103,.794
070161180042003,ela,G05,100,.68
070161180042003,math,G03,107,.682
070161180042003,math,G04,103,.628
070161180042003,math,G05,100,.6
070161220021005,ela,G06,216,.346
070161220021005,ela,G07,276,.38
070161220021005,ela,G08,240,.502
070161220021005,math,G06,216,.1
070161220021005,math,G07,276,.203
070161220021005,math,G08,239,.203
070161220022001,ela,G03,48,.532
070161220022001,ela,G04,47,.511
070161220022001,ela,G05,49,.617
070161220022001,math,G03,48,.362
070161220022001,math,G04,47,.405
070161220022001,math,G05,49,.404
070161220022002,ela,G03,57,.275
070161220022002,ela,G04,47,.205
070161220022002,ela,G05,47,.478
070161220022002,math,G03,58,.314
070161220022002,math,G04,47,.25
070161220022002,math,G05,47,.227
070161220022003,ela,G03,69,.338
070161220022003,ela,G04,77,.461
070161220022003,ela,G05,69,.362
070161220022003,math,G03,68,.403
070161220022003,math,G04,77,.092
070161220022003,math,G05,69,.507
070161220022004,ela,G03,68,.364
070161220022004,ela,G04,51,.254
070161220022004,ela,G05,55,.51
070161220022004,math,G03,68,.333
070161220022004,math,G04,51,.236
070161220022004,math,G05,55,.218
070161230021001,ela,G06,337,.549
070161230021001,ela,G07,374,.613
070161230021001,ela,G08,358,.744
070161230021001,math,G06,337,.186
070161230021001,math,G07,378,.292
070161230021001,math,G08,354,.387
070161230022003,ela,G03,75,.213
070161230022003,ela,G04,81,.417
070161230022003,ela,G05,75,.26
070161230022003,math,G03,75,.267
070161230022003,math,G04,81,.203
070161230022003,math,G05,75,.137
070161230022006,ela,G03,74,.292
070161230022006,ela,G04,68,.462
070161230022006,ela,G05,69,.397
070161230022006,math,G03,75,.288
070161230022006,math,G04,69,.273
070161230022006,math,G05,71,.3
070161230022007,ela,G03,50,.24
070161230022007,ela,G04,62,.5
070161230022007,ela,G05,62,.71
070161230022007,math,G03,49,.265
070161230022007,math,G04,62,.2
070161230022007,math,G05,62,.193
070161230022008,ela,G03,66,.394
070161230022008,ela,G04,64,.547
070161230022008,ela,G05,57,.536
070161230022008,math,G03,66,.394
070161230022008,math,G04,65,.477
070161230022008,math,G05,56,.25
070161230022010,ela,G03,85,.271
070161230022010,ela,G04,75,.44
070161230022010,ela,G05,73,.644
070161230022010,math,G03,84,.417
070161230022010,math,G04,75,.2
070161230022010,math,G05,73,.356
070161240021001,ela,G06,171,.337
070161240021001,ela,G07,210,.234
070161240021001,ela,G08,201,.495
070161240021001,math,G06,170,.179
070161240021001,math,G07,207,.172
070161240021001,math,G08,200,.136
070161240022002,ela,G03,45,.25
070161240022002,ela,G04,62,.29
070161240022002,ela,G05,42,.167
070161240022002,math,G03,45,.25
070161240022002,math,G04,62,.081
070161240022002,math,G05,42,.048
070161240022003,ela,G03,25,.2
070161240022003,ela,G04,46,.326
070161240022003,ela,G05,32,.344
070161240022003,math,G03,24,.459
070161240022003,math,G04,45,.222
070161240022003,math,G05,32,.344
070161240022004,ela,G03,47,.261
070161240022004,ela,G04,56,.321
070161240022004,ela,G05,45,.133
070161240022004,math,G03,47,.37
070161240022004,math,G04,57,.211
070161240022004,math,G05,45,.067
070161240022005,ela,G03,50,.327
070161240022005,ela,G04,48,.584
070161240022005,ela,G05,53,.548
070161240022005,math,G03,50,.531
070161240022005,math,G04,48,.479
070161240022005,math,G05,53,.32
070161250021001,ela,G06,61,.6
070161250021001,ela,G07,67,.561
070161250021001,ela,G08,71,.592
070161250021001,math,G06,60,.203
070161250021001,math,G07,67,.121
070161250021001,math,G08,71,.141
070161250022004,ela,G03,59,.034
070161250022004,ela,G04,68,.284
070161250022004,ela,G05,50,.18
070161250022004,math,G03,59,.051
070161250022004,math,G04,68,.134
070161250022004,math,G05,50,.1
070161260021005,ela,G07,166,.44
070161260021005,ela,G08,166,.464
070161260021005,math,G07,166,.211
070161260021005,math,G08,166,.175
070161260022001,ela,G03,45,.222
070161260022001,ela,G04,45,.311
070161260022001,ela,G05,35,.286
070161260022001,ela,G06,37,.513
070161260022001,math,G03,46,.109
070161260022001,math,G04,45,.355
070161260022001,math,G05,35,.229
070161260022001,math,G06,37,.243
070161260022002,ela,G03,32,.063
070161260022002,ela,G04,33,.151
070161260022002,ela,G05,41,.22
070161260022002,ela,G06,29,.207
070161260022002,math,G03,32,.25
070161260022002,math,G04,33,.091
070161260022002,math,G05,41,.073
070161260022002,math,G06,29,.069
070161260022004,ela,G03,93,.333
070161260022004,ela,G04,80,.401
070161260022004,ela,G05,100,.19
070161260022004,ela,G06,78,.435
070161260022004,math,G03,93,.226
070161260022004,math,G04,80,.2
070161260022004,math,G05,100,.12
070161260022004,math,G06,78,.077
070161270021005,ela,G06,119,.585
070161270021005,ela,G07,107,.742
070161270021005,ela,G08,115,.682
070161270021005,math,G06,119,.113
070161270021005,math,G07,107,.258
070161270021005,math,G08,115,.281
070161270022001,ela,G03,71,.203
070161270022001,ela,G04,71,.388
070161270022001,ela,G05,43,.411
070161270022001,ela,G06,*,--
070161270022001,math,G03,71,.174
070161270022001,math,G04,70,.212
070161270022001,math,G05,43,.256
070161270022001,math,G06,*,--
070161270022004,ela,G03,43,.357
070161270022004,ela,G04,44,.214
070161270022004,ela,G05,57,.519
070161270022004,math,G03,43,.19
070161270022004,math,G04,44,.095
070161270022004,math,G05,57,.23
070161275021001,ela,G06,122,.214
070161275021001,ela,G07,115,.239
070161275021001,ela,G08,127,.268
070161275021001,math,G06,122,.085
070161275021001,math,G07,115,.193
070161275021001,math,G08,126,.115
070161275022003,ela,G03,82,.215
070161275022003,ela,G04,70,.231
070161275022003,ela,G05,72,.239
070161275022003,math,G03,82,.177
070161275022003,math,G04,70,.173
070161275022003,math,G05,72,.085
070161275022004,ela,G03,61,.214
070161275022004,ela,G04,64,.105
070161275022004,ela,G05,72,.266
070161275022004,math,G03,61,.268
070161275022004,math,G04,64,.088
070161275022004,math,G05,72,.172
070161280021003,ela,G06,69,.812
070161280021003,ela,G07,72,.736
070161280021003,ela,G08,61,.819
070161280021003,math,G06,69,.188
070161280021003,math,G07,73,.342
070161280021003,math,G08,61,.328
070161280022002,ela,G03,92,.435
070161280022002,math,G03,92,.435
070161280022005,ela,G04,76,.54
070161280022005,ela,G05,89,.472
070161280022005,math,G04,76,.473
070161280022005,math,G05,89,.213
070161300021001,ela,G06,109,.32
070161300021001,ela,G07,110,.245
070161300021001,ela,G08,108,.557
070161300021001,math,G06,109,.047
070161300021001,math,G07,110,.113
070161300021001,math,G08,108,.246
070161300021002,ela,G06,121,.319
070161300021002,ela,G07,115,.243
070161300021002,ela,G08,108,.415
070161300021002,math,G06,121,.096
070161300021002,math,G07,115,.135
070161300021002,math,G08,108,.132
070161300021003,ela,G06,104,.357
070161300021003,ela,G07,122,.194
070161300021003,ela,G08,132,.223
070161300021003,math,G06,104,.13
070161300021003,math,G07,122,.093
070161300021003,math,G08,131,.147
070161300022004,ela,G04,87,.217
070161300022004,ela,G05,89,.25
070161300022004,math,G04,87,.096
070161300022004,math,G05,89,.113
070161300022008,ela,G04,77,.276
070161300022008,ela,G05,103,.287
070161300022008,math,G04,77,.118
070161300022008,math,G05,103,.089
070161300022010,ela,G04,79,.195
070161300022010,ela,G05,70,.275
070161300022010,math,G04,79,.13
070161300022010,math,G05,70,.101
070161300022011,ela,G03,64,.278
070161300022011,math,G03,64,.311
070161300022012,ela,G03,89,.291
070161300022012,math,G03,89,.198
070161300022018,ela,G03,93,.233
070161300022018,math,G03,93,.2
070161300022019,ela,G03,55,.192
070161300022019,ela,G04,50,.14
070161300022019,ela,G05,44,.136
070161300022019,math,G03,55,.192
070161300022019,math,G04,50,.08
070161300022019,math,G05,44,.068
070161320022001,ela,G03,97,.072
070161320022001,ela,G04,90,.233
070161320022001,ela,G05,91,.099
070161320022001,math,G03,97,.031
070161320022001,math,G04,90,.078
070161320022001,math,G05,91,.033
070161320022002,ela,G06,90,.222
070161320022002,ela,G07,114,.184
070161320022002,ela,G08,96,.219
070161320022002,math,G06,90,.011
070161320022002,math,G07,114,.018
070161320022002,math,G08,95,.053
070161320022003,ela,G03,*,--
070161320022003,math,G03,*,--
070161330022001,ela,G03,19,.158
070161330022001,ela,G04,19,.053
070161330022001,ela,G05,17,.176
070161330022001,ela,G06,14,.286
070161330022001,ela,G07,22,.136
070161330022001,ela,G08,26,.269
070161330022001,math,G03,19,0
070161330022001,math,G04,19,0
070161330022001,math,G05,17,0
070161330022001,math,G06,14,0
070161330022001,math,G07,22,0
070161330022001,math,G08,26,0
070161350021004,ela,G06,174,.655
070161350021004,ela,G07,181,.461
070161350021004,ela,G08,177,.604
070161350021004,math,G06,174,.339
070161350021004,math,G07,181,.389
070161350021004,math,G08,177,.35
070161350021005,ela,G06,208,.746
070161350021005,ela,G07,226,.708
070161350021005,ela,G08,199,.633
070161350021005,math,G06,208,.303
070161350021005,math,G07,226,.367
070161350021005,math,G08,198,.308
070161350021006,ela,G06,199,.629
070161350021006,ela,G07,236,.678
070161350021006,ela,G08,186,.645
070161350021006,math,G06,199,.361
070161350021006,math,G07,236,.504
070161350021006,math,G08,186,.339
070161350022001,ela,G03,155,.38
070161350022001,ela,G04,155,.632
070161350022001,ela,G05,158,.582
070161350022001,math,G03,155,.445
070161350022001,math,G04,155,.413
070161350022001,math,G05,158,.386
070161350022008,ela,G03,191,.445
070161350022008,ela,G04,192,.505
070161350022008,ela,G05,212,.561
070161350022008,math,G03,191,.44
070161350022008,math,G04,192,.291
070161350022008,math,G05,212,.292
070161350022013,ela,G03,173,.526
070161350022013,ela,G04,194,.598
070161350022013,ela,G05,199,.628
070161350022013,math,G03,173,.497
070161350022013,math,G04,194,.366
070161350022013,math,G05,199,.417
070161400021003,ela,G06,184,.696
070161400021003,ela,G07,217,.764
070161400021003,ela,G08,171,.603
070161400021003,math,G06,183,.492
070161400021003,math,G07,216,.512
070161400021003,math,G08,170,.394
070161400021004,ela,G06,183,.563
070161400021004,ela,G07,190,.652
070161400021004,ela,G08,214,.598
070161400021004,math,G06,182,.478
070161400021004,math,G07,190,.484
070161400021004,math,G08,213,.361
070161400022001,ela,G03,47,.391
070161400022001,ela,G04,69,.471
070161400022001,ela,G05,43,.466
070161400022001,math,G03,47,.457
070161400022001,math,G04,69,.412
070161400022001,math,G05,43,.256
070161400022004,ela,G03,64,.344
070161400022004,ela,G04,51,.3
070161400022004,ela,G05,56,.339
070161400022004,math,G03,64,.328
070161400022004,math,G04,52,.118
070161400022004,math,G05,56,.107
070161400022005,ela,G03,65,.523
070161400022005,ela,G04,70,.4
070161400022005,ela,G05,69,.594
070161400022005,math,G03,63,.587
070161400022005,math,G04,70,.329
070161400022005,math,G05,69,.55
070161400022006,ela,G03,88,.375
070161400022006,ela,G04,99,.334
070161400022006,ela,G05,97,.639
070161400022006,math,G03,87,.414
070161400022006,math,G04,99,.272
070161400022006,math,G05,97,.412
070161400022007,ela,G03,71,.436
070161400022007,ela,G04,73,.534
070161400022007,ela,G05,116,.469
070161400022007,math,G03,71,.549
070161400022007,math,G04,73,.52
070161400022007,math,G05,116,.33
070161420021001,ela,G06,144,.413
070161420021001,ela,G07,158,.385
070161420021001,ela,G08,174,.393
070161420021001,math,G06,143,.261
070161420021001,math,G07,157,.18
070161420021001,math,G08,174,.162
070161420022003,ela,G03,85,.313
070161420022003,ela,G04,91,.5
070161420022003,ela,G05,70,.686
070161420022003,math,G03,85,.289
070161420022003,math,G04,91,.422
070161420022003,math,G05,70,.557
070161420022004,ela,G03,78,.295
070161420022004,ela,G04,81,.405
070161420022004,ela,G05,89,.585
070161420022004,math,G03,78,.282
070161420022004,math,G04,81,.216
070161420022004,math,G05,89,.449
070161430022001,ela,G03,62,.161
070161430022001,ela,G04,70,.145
070161430022001,ela,G05,60,.169
070161430022001,ela,G06,78,.312
070161430022001,ela,G07,89,.18
070161430022001,ela,G08,87,.287
070161430022001,math,G03,62,.274
070161430022001,math,G04,70,.058
070161430022001,math,G05,60,0
070161430022001,math,G06,78,.13
070161430022001,math,G07,89,.056
070161430022001,math,G08,87,.057
070161430022002,ela,G03,45,.067
070161430022002,ela,G04,55,.182
070161430022002,ela,G05,50,.183
070161430022002,ela,G06,85,.329
070161430022002,ela,G07,82,.321
070161430022002,ela,G08,93,.377
070161430022002,math,G03,45,.133
070161430022002,math,G04,55,.055
070161430022002,math,G05,50,.061
070161430022002,math,G06,84,.048
070161430022002,math,G07,82,.136
070161430022002,math,G08,92,.076
070161430022004,ela,G03,52,.154
070161430022004,ela,G04,44,.159
070161430022004,ela,G05,38,.432
070161430022004,math,G03,52,.212
070161430022004,math,G04,44,.159
070161430022004,math,G05,38,.378
070161435021003,ela,G06,127,.384
070161435021003,ela,G07,138,.28
070161435021003,ela,G08,149,.374
070161435021003,math,G06,127,.072
070161435021003,math,G07,138,.125
070161435021003,math,G08,149,.143
070161435022001,ela,G03,37,.25
070161435022001,math,G03,37,.222
070161435022006,ela,G04,111,.352
070161435022006,ela,G05,154,.325
070161435022006,math,G04,111,.129
070161435022006,math,G05,153,.113
070161435022010,ela,G03,95,.303
070161435022010,math,G03,95,.146
070161440021002,ela,G06,271,.209
070161440021002,ela,G07,275,.244
070161440021002,ela,G08,239,.26
070161440021002,math,G06,267,.042
070161440021002,math,G07,273,.07
070161440021002,math,G08,235,.069
070161440022003,ela,G03,28,.25
070161440022003,ela,G04,30,.3
070161440022003,ela,G05,33,.333
070161440022003,math,G03,28,.286
070161440022003,math,G04,30,.067
070161440022003,math,G05,33,.242
070161440022004,ela,G03,31,.032
070161440022004,ela,G04,60,.085
070161440022004,ela,G05,35,.257
070161440022004,math,G03,30,.1
070161440022004,math,G04,60,.034
070161440022004,math,G05,35,.086
070161440022005,ela,G03,44,.068
070161440022005,ela,G04,53,.113
070161440022005,ela,G05,51,.176
070161440022005,math,G03,44,.045
070161440022005,math,G04,53,.019
070161440022005,math,G05,50,.04
070161440022007,ela,G03,26,0
070161440022007,ela,G04,28,.036
070161440022007,ela,G05,26,.23
070161440022007,math,G03,26,.038
070161440022007,math,G04,28,0
070161440022007,math,G05,26,.038
070161440022009,ela,G03,29,.034
070161440022009,ela,G04,39,.154
070161440022009,ela,G05,36,.139
070161440022009,math,G03,29,.034
070161440022009,math,G04,39,.051
070161440022009,math,G05,36,.083
070161440022010,ela,G03,66,.136
070161440022010,ela,G04,60,.067
070161440022010,ela,G05,69,.115
070161440022010,math,G03,66,.106
070161440022010,math,G04,60,.067
070161440022010,math,G05,69,.028
070161440022011,ela,G03,20,.35
070161440022011,ela,G04,26,.385
070161440022011,math,G03,20,.2
070161440022011,math,G04,26,.154
070161450021001,ela,G05,117,.176
070161450021001,ela,G06,122,.359
070161450021001,ela,G07,136,.465
070161450021001,ela,G08,109,.472
070161450021001,math,G05,117,.141
070161450021001,math,G06,122,.154
070161450021001,math,G07,136,.233
070161450021001,math,G08,109,.25
070161450022003,ela,G03,111,.163
070161450022003,ela,G04,117,.469
070161450022003,math,G03,111,.201
070161450022003,math,G04,117,.38
070161460041001,ela,G06,237,.48
070161460041001,ela,G07,254,.353
070161460041001,ela,G08,244,.41
070161460041001,math,G06,237,.193
070161460041001,math,G07,254,.203
070161460041001,math,G08,245,.165
070161460042002,ela,G03,66,.333
070161460042002,ela,G04,53,.404
070161460042002,ela,G05,69,.284
070161460042002,ela,G06,*,--
070161460042002,math,G03,66,.455
070161460042002,math,G04,53,.288
070161460042002,math,G05,69,.284
070161460042002,math,G06,*,--
070161460042003,ela,G03,42,.292
070161460042003,ela,G04,35,.323
070161460042003,ela,G05,49,.583
070161460042003,math,G03,42,.561
070161460042003,math,G04,35,.205
070161460042003,math,G05,48,.383
070161460042005,ela,G03,69,.275
070161460042005,ela,G04,82,.329
070161460042005,ela,G05,52,.423
070161460042005,math,G03,69,.493
070161460042005,math,G04,82,.268
070161460042005,math,G05,52,.211
070161460042006,ela,G03,84,.465
070161460042006,ela,G04,54,.661
070161460042006,ela,G05,63,.635
070161460042006,math,G03,84,.405
070161460042006,math,G04,54,.622
070161460042006,math,G05,63,.349
070161470021001,ela,G05,84,.127
070161470021001,ela,G06,70,.138
070161470021001,ela,G07,70,.076
070161470021001,ela,G08,100,.188
070161470021001,math,G05,84,.013
070161470021001,math,G06,69,0
070161470021001,math,G07,70,.015
070161470021001,math,G08,99,.011
070161470022007,ela,G03,79,.068
070161470022007,ela,G04,80,.2
070161470022007,ela,G06,*,--
070161470022007,ela,G07,*,--
070161470022007,math,G03,77,.014
070161470022007,math,G04,80,.013
070161470022007,math,G06,*,--
070161470022007,math,G07,*,--
070161480021002,ela,G07,62,.328
070161480021002,ela,G08,67,.433
070161480021002,math,G07,62,.082
070161480021002,math,G08,65,.046
070161480021003,ela,G07,80,.114
070161480021003,ela,G08,82,.173
070161480021003,math,G07,80,.038
070161480021003,math,G08,82,0
070161480021004,ela,G07,67,.149
070161480021004,ela,G08,63,.206
070161480021004,math,G07,66,.045
070161480021004,math,G08,61,.098
070161480022002,ela,G03,18,.333
070161480022002,ela,G04,28,.25
070161480022002,ela,G05,*,--
070161480022002,math,G03,18,.333
070161480022002,math,G04,28,.071
070161480022002,math,G05,*,--
070161480022003,ela,G03,44,.143
070161480022003,ela,G04,45,.22
070161480022003,ela,G05,55,.055
070161480022003,ela,G06,47,.234
070161480022003,math,G03,44,.167
070161480022003,math,G04,45,.049
070161480022003,math,G05,55,0
070161480022003,math,G06,47,0
070161480022005,ela,G03,29,.107
070161480022005,ela,G04,40,.225
070161480022005,ela,G05,30,.1
070161480022005,ela,G06,34,.118
070161480022005,math,G03,29,.036
070161480022005,math,G04,39,.051
070161480022005,math,G05,30,0
070161480022005,math,G06,34,0
070161480022006,ela,G03,35,.114
070161480022006,ela,G04,43,.093
070161480022006,ela,G05,61,.066
070161480022006,ela,G06,56,.339
070161480022006,math,G03,32,.031
070161480022006,math,G04,43,.093
070161480022006,math,G05,59,.068
070161480022006,math,G06,54,.241
070161480022007,ela,G03,30,.2
070161480022007,ela,G04,36,.083
070161480022007,ela,G05,37,.027
070161480022007,ela,G06,34,.273
070161480022007,math,G03,30,.033
070161480022007,math,G04,36,.028
070161480022007,math,G05,37,0
070161480022007,math,G06,34,0
070161480022010,ela,G03,26,.231
070161480022010,ela,G04,19,.368
070161480022010,ela,G05,36,.083
070161480022010,ela,G06,28,.536
070161480022010,math,G03,26,.231
070161480022010,math,G04,19,.105
070161480022010,math,G05,36,.056
070161480022010,math,G06,28,.143
070161490021004,ela,G07,74,.392
070161490021004,ela,G08,97,.196
070161490021004,math,G07,74,.189
070161490021004,math,G08,97,.082
070161490021005,ela,G07,84,.119
070161490021005,ela,G08,91,.154
070161490021005,math,G07,84,.012
070161490021005,math,G08,91,.022
070161490021006,ela,G07,78,.09
070161490021006,ela,G08,94,.138
070161490021006,math,G07,78,0
070161490021006,math,G08,94,.053
070161490022002,ela,G03,31,.161
070161490022002,ela,G04,31,.226
070161490022002,ela,G05,31,.097
070161490022002,ela,G06,22,.273
070161490022002,ela,G07,*,--
070161490022002,math,G03,31,.129
070161490022002,math,G04,31,.032
070161490022002,math,G05,31,0
070161490022002,math,G06,22,.136
070161490022002,math,G07,*,--
070161490022005,ela,G03,74,.095
070161490022005,ela,G04,63,.063
070161490022005,ela,G05,72,.111
070161490022005,ela,G06,58,.138
070161490022005,math,G03,73,.055
070161490022005,math,G04,63,.079
070161490022005,math,G05,72,.07
070161490022005,math,G06,58,.017
070161490022006,ela,G03,56,.018
070161490022006,ela,G04,43,.14
070161490022006,ela,G05,51,.039
070161490022006,ela,G06,58,.086
070161490022006,math,G03,56,.054
070161490022006,math,G04,43,.023
070161490022006,math,G05,52,0
070161490022006,math,G06,58,.034
070161490022009,ela,G03,42,.098
070161490022009,ela,G04,40,.1
070161490022009,ela,G05,47,.234
070161490022009,ela,G06,40,.225
070161490022009,math,G03,42,.171
070161490022009,math,G04,40,.1
070161490022009,math,G05,47,.128
070161490022009,math,G06,40,.075
070161490022010,ela,G03,40,.2
070161490022010,ela,G04,49,.102
070161490022010,ela,G05,51,.137
070161490022010,ela,G06,27,.259
070161490022010,math,G03,40,.1
070161490022010,math,G04,49,.061
070161490022010,math,G05,51,.059
070161490022010,math,G06,27,0
070161500021005,ela,G06,101,.456
070161500021005,ela,G07,94,.341
070161500021005,ela,G08,114,.465
070161500021005,math,G06,101,.159
070161500021005,math,G07,94,.138
070161500021005,math,G08,114,.255
070161500022001,ela,G03,82,.158
070161500022001,ela,G04,*,--
070161500022001,math,G03,82,.134
070161500022001,math,G04,*,--
070161500022002,ela,G04,86,.291
070161500022002,ela,G05,80,.201
070161500022002,ela,G07,*,--
070161500022002,math,G04,86,.268
070161500022002,math,G05,80,.2
070161500022002,math,G07,*,--
070161510021001,ela,G06,167,.224
070161510021001,ela,G07,149,.345
070161510021001,ela,G08,202,.295
070161510021001,math,G06,167,.109
070161510021001,math,G07,149,.152
070161510021001,math,G08,202,.121
070161510022002,ela,G03,139,.195
070161510022002,math,G03,139,.261
070161510022004,ela,G04,151,.311
070161510022004,ela,G05,145,.193
070161510022004,math,G04,151,.183
070161510022004,math,G05,145,.136
070161520021001,ela,G06,136,.218
070161520021001,ela,G07,160,.151
070161520021001,ela,G08,157,.223
070161520021001,math,G06,135,.055
070161520021001,math,G07,160,.063
070161520021001,math,G08,157,.105
070161520022001,ela,G03,48,.396
070161520022001,ela,G04,58,.259
070161520022001,ela,G05,67,.27
070161520022001,math,G03,48,.271
070161520022001,math,G04,58,.103
070161520022001,math,G05,66,.032
070161520022002,ela,G03,39,0
070161520022002,ela,G04,39,0
070161520022002,ela,G05,37,.297
070161520022002,math,G03,39,.026
070161520022002,math,G04,39,0
070161520022002,math,G05,37,0
070161520022004,ela,G03,36,.069
070161520022004,ela,G04,35,.138
070161520022004,ela,G05,38,.057
070161520022004,math,G03,36,.172
070161520022004,math,G04,35,.069
070161520022004,math,G05,39,0
070161520022008,ela,G03,33,.143
070161520022008,ela,G04,40,.079
070161520022008,ela,G05,38,.053
070161520022008,math,G03,33,.036
070161520022008,math,G04,40,.079
070161520022008,math,G05,38,0
070161525022001,ela,G03,46,0
070161525022001,ela,G04,48,.167
070161525022001,ela,G05,45,.067
070161525022001,ela,G06,41,.244
070161525022001,ela,G07,37,.081
070161525022001,ela,G08,43,.14
070161525022001,math,G03,46,0
070161525022001,math,G04,48,.042
070161525022001,math,G05,45,.022
070161525022001,math,G06,42,.024
070161525022001,math,G07,37,.027
070161525022001,math,G08,43,.023
070161525022005,ela,G03,46,.13
070161525022005,ela,G04,40,0
070161525022005,ela,G05,47,.106
070161525022005,ela,G06,46,.065
070161525022005,ela,G07,53,.094
070161525022005,ela,G08,49,.184
070161525022005,math,G03,46,.305
070161525022005,math,G04,40,0
070161525022005,math,G05,47,0
070161525022005,math,G06,46,.022
070161525022005,math,G07,53,.057
070161525022005,math,G08,49,.02
070161530021003,ela,G06,249,.494
070161530021003,ela,G07,219,.511
070161530021003,ela,G08,225,.477
070161530021003,math,G06,248,.218
070161530021003,math,G07,219,.219
070161530021003,math,G08,225,.192
070161530022002,ela,G03,172,.232
070161530022002,ela,G04,176,.42
070161530022002,ela,G05,179,.498
070161530022002,math,G03,172,.25
070161530022002,math,G04,177,.232
070161530022002,math,G05,179,.257
070161540022002,ela,G03,30,.133
070161540022002,ela,G04,26,.36
070161540022002,ela,G05,23,.565
070161540022002,ela,G06,21,.619
070161540022002,ela,G07,29,.482
070161540022002,ela,G08,28,.321
070161540022002,math,G03,30,.1
070161540022002,math,G04,26,.16
070161540022002,math,G05,23,.304
070161540022002,math,G06,20,.35
070161540022002,math,G07,29,.241
070161540022002,math,G08,28,.107
070161545022001,ela,G03,13,.231
070161545022001,ela,G04,19,.053
070161545022001,ela,G05,*,--
070161545022001,ela,G06,17,.294
070161545022001,ela,G07,18,.222
070161545022001,ela,G08,22,.364
070161545022001,math,G03,13,0
070161545022001,math,G04,20,.05
070161545022001,math,G05,*,--
070161545022001,math,G06,19,.105
070161545022001,math,G07,18,.056
070161545022001,math,G08,22,.136
070161550021001,ela,G06,87,.163
070161550021001,ela,G07,104,.192
070161550021001,ela,G08,114,.115
070161550021001,math,G06,87,.035
070161550021001,math,G07,104,.058
070161550021001,math,G08,114,.097
070161550022004,ela,G03,107,.113
070161550022004,ela,G04,97,.042
070161550022004,ela,G05,104,.147
070161550022004,math,G03,107,.047
070161550022004,math,G04,97,0
070161550022004,math,G05,104,.01
070161560022001,ela,G03,79,.08
070161560022001,ela,G04,76,.254
070161560022001,ela,G05,84,.193
070161560022001,ela,G06,96,.189
070161560022001,ela,G07,68,.212
070161560022001,ela,G08,84,.573
070161560022001,math,G03,79,.04
070161560022001,math,G04,76,.147
070161560022001,math,G05,85,.143
070161560022001,math,G06,96,.011
070161560022001,math,G07,68,.136
070161560022001,math,G08,84,.098
070161570021001,ela,G06,90,.292
070161570021001,ela,G07,81,.259
070161570021001,ela,G08,95,.305
070161570021001,math,G06,90,.056
070161570021001,math,G07,81,.062
070161570021001,math,G08,95,.064
070161570022001,ela,G03,74,.095
070161570022001,ela,G04,67,.224
070161570022001,ela,G05,88,.307
070161570022001,math,G03,74,.082
070161570022001,math,G04,67,.03
070161570022001,math,G05,88,.023
070161580021004,ela,G06,300,.333
070161580021004,ela,G07,272,.275
070161580021004,ela,G08,265,.321
070161580021004,math,G06,299,.081
070161580021004,math,G07,269,.082
070161580021004,math,G08,265,.106
070161580022001,ela,G03,103,.245
070161580022001,ela,G04,125,.284
070161580022001,ela,G05,112,.342
070161580022001,math,G03,103,.235
070161580022001,math,G04,125,.13
070161580022001,math,G05,112,.108
070161580022005,ela,G03,85,.265
070161580022005,ela,G04,107,.169
070161580022005,ela,G05,82,.22
070161580022005,math,G03,85,.349
070161580022005,math,G04,107,.084
070161580022005,math,G05,82,.012
070161580022006,ela,G03,53,.25
070161580022006,ela,G04,65,.354
070161580022006,ela,G05,52,.308
070161580022006,math,G03,53,.327
070161580022006,math,G04,65,.2
070161580022006,math,G05,52,.192
070161590021001,ela,G06,171,.152
070161590021001,ela,G07,197,.234
070161590021001,ela,G08,193,.181
070161590021001,math,G06,171,.029
070161590021001,math,G07,195,.092
070161590021001,math,G08,193,.005
070161590022002,ela,G03,35,.114
070161590022002,ela,G04,45,.311
070161590022002,ela,G05,41,.22
070161590022002,math,G03,35,.058
070161590022002,math,G04,45,.044
070161590022002,math,G05,42,.095
070161590022004,ela,G03,46,.283
070161590022004,ela,G04,45,.156
070161590022004,ela,G05,54,.296
070161590022004,math,G03,46,.239
070161590022004,math,G04,45,.089
070161590022004,math,G05,54,.167
070161590022005,ela,G03,39,.282
070161590022005,ela,G04,42,.262
070161590022005,ela,G05,40,.3
070161590022005,math,G03,39,.282
070161590022005,math,G04,42,.071
070161590022005,math,G05,40,.175
070161590022006,ela,G03,45,.111
070161590022006,ela,G04,39,.23
070161590022006,ela,G05,44,.182
070161590022006,math,G03,45,.133
070161590022006,math,G04,40,.2
070161590022006,math,G05,44,.068
070161600021001,ela,G06,100,.17
070161600021001,ela,G07,83,.145
070161600021001,ela,G08,121,.256
070161600021001,math,G06,100,.03
070161600021001,math,G07,83,.072
070161600021001,math,G08,121,.115
070161600022004,ela,G03,115,.122
070161600022004,ela,G04,107,.197
070161600022004,ela,G05,120,.175
070161600022004,math,G03,115,.078
070161600022004,math,G04,107,.037
070161600022004,math,G05,118,.135
070161610021003,ela,G06,273,.483
070161610021003,ela,G07,261,.468
070161610021003,ela,G08,259,.475
070161610021003,math,G06,273,.154
070161610021003,math,G07,261,.241
070161610021003,math,G08,259,.108
070161610022001,ela,G03,51,.451
070161610022001,ela,G04,56,.446
070161610022001,ela,G05,65,.446
070161610022001,math,G03,51,.51
070161610022001,math,G04,56,.357
070161610022001,math,G05,65,.246
070161610022002,ela,G03,55,.291
070161610022002,ela,G04,63,.291
070161610022002,ela,G05,52,.615
070161610022002,math,G03,55,.236
070161610022002,math,G04,63,.097
070161610022002,math,G05,53,.359
070161610022006,ela,G03,55,.327
070161610022006,ela,G04,56,.41
070161610022006,ela,G05,66,.515
070161610022006,math,G03,55,.164
070161610022006,math,G04,56,.161
070161610022006,math,G05,66,.227
070161610022007,ela,G03,86,.546
070161610022007,ela,G04,86,.535
070161610022007,ela,G05,74,.446
070161610022007,math,G03,86,.489
070161610022007,math,G04,86,.442
070161610022007,math,G05,74,.324
070161620021004,ela,G07,187,.348
070161620021004,ela,G08,203,.337
070161620021004,math,G07,187,.118
070161620021004,math,G08,203,.134
070161620022001,ela,G03,114,.211
070161620022001,ela,G04,126,.246
070161620022001,math,G03,114,.263
070161620022001,math,G04,126,.095
070161620022003,ela,G05,80,.238
070161620022003,ela,G06,105,.295
070161620022003,math,G05,80,.163
070161620022003,math,G06,105,.124
070161620022005,ela,G03,94,.202
070161620022005,math,G03,94,.181
070161620022008,ela,G04,89,.303
070161620022008,ela,G05,91,.187
070161620022008,ela,G06,106,.359
070161620022008,math,G04,90,.189
070161620022008,math,G05,91,.165
070161620022008,math,G06,107,.15
070161620022009,ela,G03,40,.35
070161620022009,ela,G04,49,.245
070161620022009,ela,G05,45,.355
070161620022009,ela,G06,57,.544
070161620022009,ela,G07,40,.45
070161620022009,ela,G08,41,.609
070161620022009,math,G03,40,.125
070161620022009,math,G04,49,.041
070161620022009,math,G05,45,.155
070161620022009,math,G06,58,.155
070161620022009,math,G07,40,.1
070161620022009,math,G08,41,.073
070161630021010,ela,G06,166,.289
070161630021010,ela,G07,166,.17
070161630021010,ela,G08,190,.3
070161630021010,math,G06,165,.067
070161630021010,math,G07,163,.074
070161630021010,math,G08,189,.09
070161630022002,ela,G04,142,.253
070161630022002,ela,G05,167,.192
070161630022002,math,G04,142,.099
070161630022002,math,G05,168,.107
070161630022003,ela,G03,39,.333
070161630022003,math,G03,39,.256
070161630022007,ela,G03,73,.206
070161630022007,math,G03,73,.109
070161630022008,ela,G03,44,.114
070161630022008,math,G03,44,.159
070161670021002,ela,G07,108,.337
070161670021002,ela,G08,113,.54
070161670021002,math,G07,107,.132
070161670021002,math,G08,112,.054
070161670022001,ela,G05,93,.065
070161670022001,ela,G06,111,.198
070161670022001,math,G05,93,0
070161670022001,math,G06,111,.045
070161670022003,ela,G03,63,.048
070161670022003,ela,G04,75,.173
070161670022003,math,G03,63,.064
070161670022003,math,G04,75,.067
070161670022004,ela,G03,53,.245
070161670022004,ela,G04,55,.236
070161670022004,math,G03,52,.25
070161670022004,math,G04,55,.018
070161680041003,ela,G06,121,.248
070161680041003,ela,G07,121,.19
070161680041003,ela,G08,110,.1
070161680041003,math,G06,120,.017
070161680041003,math,G07,121,.033
070161680041003,math,G08,108,0
070161680042001,ela,G03,129,.148
070161680042001,ela,G04,130,.148
070161680042001,ela,G05,120,.175
070161680042001,math,G03,128,.024
070161680042001,math,G04,128,.048
070161680042001,math,G05,120,.025
070161680042002,ela,G03,*,--
070161680042002,math,G03,*,--
070161690021001,ela,G05,42,.095
070161690021001,ela,G06,34,.088
070161690021001,ela,G07,35,.114
070161690021001,ela,G08,35,.286
070161690021001,math,G05,42,0
070161690021001,math,G06,34,.059
070161690021001,math,G07,35,.086
070161690021001,math,G08,35,.057
070161690022002,ela,G03,37,.027
070161690022002,ela,G04,45,.156
070161690022002,ela,G05,*,--
070161690022002,math,G03,37,.081
070161690022002,math,G04,45,.133
070161690022002,math,G05,*,--
070161700021002,ela,G04,*,--
070161700021002,ela,G06,288,.315
070161700021002,ela,G07,276,.24
070161700021002,ela,G08,309,.334
070161700021002,math,G04,*,--
070161700021002,math,G06,291,.08
070161700021002,math,G07,277,.096
070161700021002,math,G08,310,.166
070161700022001,ela,G03,41,.27
070161700022001,ela,G04,41,.25
070161700022001,ela,G05,55,.273
070161700022001,math,G03,41,.324
070161700022001,math,G04,41,.139
070161700022001,math,G05,55,.2
070161700022002,ela,G03,51,.216
070161700022002,ela,G04,61,.39
070161700022002,ela,G05,56,.437
070161700022002,math,G03,51,.255
070161700022002,math,G04,61,.186
070161700022002,math,G05,56,.109
070161700022005,ela,G03,35,.152
070161700022005,ela,G04,22,.045
070161700022005,ela,G05,28,.23
070161700022005,math,G03,35,.212
070161700022005,math,G04,22,.045
070161700022005,math,G05,28,.23
070161700022007,ela,G03,41,.083
070161700022007,ela,G04,38,.229
070161700022007,ela,G05,40,.333
070161700022007,math,G03,41,.194
070161700022007,math,G04,38,.057
070161700022007,math,G05,40,.195
070161700022008,ela,G03,20,.55
070161700022008,ela,G04,23,.087
070161700022008,ela,G05,24,.333
070161700022008,math,G03,20,.45
070161700022008,math,G04,23,.174
070161700022008,math,G05,24,.292
070161700022009,ela,G03,34,.375
070161700022009,ela,G04,22,.272
070161700022009,ela,G05,27,.407
070161700022009,math,G03,34,.219
070161700022009,math,G04,22,.181
070161700022009,math,G05,27,.259
070161700022011,ela,G03,20,.3
070161700022011,ela,G04,29,.172
070161700022011,ela,G05,19,.105
070161700022011,math,G03,20,.25
070161700022011,math,G04,29,.138
070161700022011,math,G05,19,0
070161700022012,ela,G03,24,.5
070161700022012,ela,G04,29,.448
070161700022012,ela,G05,34,.206
070161700022012,math,G03,24,.375
070161700022012,math,G04,29,.207
070161700022012,math,G05,34,.088
070161700022013,ela,G03,15,.267
070161700022013,ela,G04,10,.3
070161700022013,ela,G05,*,--
070161700022013,math,G03,15,.2
070161700022013,math,G04,10,.3
070161700022013,math,G05,*,--
070161710021001,ela,G05,108,.224
070161710021001,ela,G06,133,.264
070161710021001,ela,G07,123,.521
070161710021001,ela,G08,118,.683
070161710021001,math,G05,108,.037
070161710021001,math,G06,133,.046
070161710021001,math,G07,123,.138
070161710021001,math,G08,118,.085
070161710022001,ela,G03,88,.216
070161710022001,ela,G04,117,.103
070161710022001,ela,G05,*,--
070161710022001,math,G03,88,.19
070161710022001,math,G04,117,.06
070161710022001,math,G05,*,--
070161720022001,ela,G03,43,.07
070161720022001,ela,G04,39,0
070161720022001,ela,G05,53,0
070161720022001,ela,G06,49,.244
070161720022001,ela,G07,40,.2
070161720022001,ela,G08,45,.333
070161720022001,math,G03,43,.07
070161720022001,math,G04,39,0
070161720022001,math,G05,53,0
070161720022001,math,G06,49,.102
070161720022001,math,G07,40,.05
070161720022001,math,G08,45,.156
070161940021001,ela,G05,149,.49
070161940021001,ela,G06,160,.39
070161940021001,ela,G07,136,.451
070161940021001,ela,G08,146,.634
070161940021001,math,G05,149,.136
070161940021001,math,G06,159,.089
070161940021001,math,G07,136,.081
070161940021001,math,G08,145,.07
070161940022002,ela,G03,159,.152
070161940022002,ela,G04,156,.282
070161940022002,math,G03,159,.177
070161940022002,math,G04,156,.18
070162310160001,ela,G08,*,--
070162310160001,math,G08,*,--
070162330160001,ela,G08,*,--
070162330160001,math,G08,*,--
080083080260001,ela,G06,53,.68
080083080260001,ela,G07,48,.542
080083080260001,ela,G08,52,.616
080083080260001,math,G06,54,.352
080083080260001,math,G07,48,.375
080083080260001,math,G08,51,.412
080083080262003,ela,G03,55,.637
080083080262003,ela,G04,50,.62
080083080262003,ela,G05,53,.735
080083080262003,math,G03,55,.655
080083080262003,math,G04,50,.38
080083080262003,math,G05,53,.434
080083140261001,ela,G06,59,.305
080083140261001,ela,G07,61,.18
080083140261001,ela,G08,48,.605
080083140261001,math,G06,59,.068
080083140261001,math,G07,61,.114
080083140261001,math,G08,48,.104
080083140262002,ela,G03,56,.321
080083140262002,ela,G04,58,.121
080083140262002,ela,G05,39,.308
080083140262002,math,G03,56,.429
080083140262002,math,G04,58,.222
080083140262002,math,G05,39,.103
080083990260002,ela,G06,23,.608
080083990260002,ela,G07,28,.643
080083990260002,ela,G08,34,.735
080083990260002,math,G06,23,.435
080083990260002,math,G07,28,.357
080083990260002,math,G08,34,.294
080083990262001,ela,G03,36,.417
080083990262001,ela,G04,26,.5
080083990262001,ela,G05,32,.626
080083990262001,math,G03,36,.555
080083990262001,math,G04,26,.385
080083990262001,math,G05,32,.469
080431190221001,ela,G07,37,.594
080431190221001,ela,G08,47,.766
080431190221001,math,G07,37,.513
080431190221001,math,G08,46,.587
080431190222002,ela,G03,32,.438
080431190222002,ela,G04,49,.49
080431190222002,ela,G05,40,.65
080431190222002,ela,G06,46,.587
080431190222002,math,G03,32,.438
080431190222002,math,G04,49,.429
080431190222002,math,G05,40,.35
080431190222002,math,G06,46,.239
080431200222002,ela,G03,65,.328
080431200222002,ela,G04,56,.553
080431200222002,ela,G05,52,.5
080431200222002,ela,G06,67,.508
080431200222002,ela,G07,75,.514
080431200222002,ela,G08,73,.792
080431200222002,math,G03,65,.547
080431200222002,math,G04,56,.5
080431200222002,math,G05,52,.365
080431200222002,math,G06,67,.493
080431200222002,math,G07,75,.405
080431200222002,math,G08,73,.458
080432050260001,ela,G06,26,.423
080432050260001,ela,G07,23,.434
080432050260001,ela,G08,30,.567
080432050260001,math,G06,27,.222
080432050260001,math,G07,23,.087
080432050260001,math,G08,30,.4
080432050262002,ela,G03,30,.533
080432050262002,ela,G04,28,.643
080432050262002,ela,G05,27,.852
080432050262002,math,G03,30,.934
080432050262002,math,G04,28,.5
080432050262002,math,G05,27,.555
080432060261001,ela,G06,35,.714
080432060261001,ela,G07,40,.725
080432060261001,ela,G08,48,.729
080432060261001,math,G06,35,.229
080432060261001,math,G07,40,.35
080432060261001,math,G08,48,.188
080432060262002,ela,G03,27,.556
080432060262002,ela,G04,37,.649
080432060262002,ela,G05,23,.522
080432060262002,math,G03,27,.556
080432060262002,math,G04,37,.405
080432060262002,math,G05,23,.217
080432100261001,ela,G06,27,.63
080432100261001,ela,G07,31,.742
080432100261001,ela,G08,30,.9
080432100261001,math,G06,27,.333
080432100261001,math,G07,31,.484
080432100261001,math,G08,30,.433
080432100262003,ela,G03,40,.325
080432100262003,ela,G04,27,.518
080432100262003,ela,G05,26,.692
080432100262003,math,G03,40,.45
080432100262003,math,G04,27,.481
080432100262003,math,G05,26,.461
080432110261001,ela,G06,17,.471
080432110261001,ela,G07,24,.375
080432110261001,ela,G08,16,.813
080432110261001,math,G06,16,.125
080432110261001,math,G07,24,.208
080432110261001,math,G08,16,.438
080432110262001,ela,G03,18,.5
080432110262001,ela,G04,15,.533
080432110262001,ela,G05,12,.5
080432110262001,math,G03,18,.666
080432110262001,math,G04,15,.2
080432110262001,math,G05,12,.5
080891450221002,ela,G07,233,.142
080891450221002,ela,G08,232,.264
080891450221002,math,G07,232,.091
080891450221002,math,G08,232,.108
080891450222003,ela,G03,44,.108
080891450222003,ela,G04,58,.132
080891450222003,math,G03,44,.054
080891450222003,math,G04,58,.227
080891450222004,ela,G03,58,.206
080891450222004,ela,G04,40,.5
080891450222004,math,G03,58,.293
080891450222004,math,G04,40,.5
080891450222005,ela,G03,53,.17
080891450222005,ela,G04,45,.178
080891450222005,ela,G05,*,--
080891450222005,math,G03,53,.132
080891450222005,math,G04,45,.067
080891450222005,math,G05,*,--
080891450222006,ela,G03,49,.061
080891450222006,ela,G04,62,.113
080891450222006,math,G03,48,.021
080891450222006,math,G04,62,.032
080891450222015,ela,G05,210,.135
080891450222015,ela,G06,211,.212
080891450222015,math,G05,211,.085
080891450222015,math,G06,211,.095
080891450222017,ela,G03,53,.151
080891450222017,ela,G04,44,.182
080891450222017,ela,G05,38,.395
080891450222017,ela,G06,41,.293
080891450222017,math,G03,53,.189
080891450222017,math,G04,44,.136
080891450222017,math,G05,38,.132
080891450222017,math,G06,41,.195
080892000261001,ela,G07,30,.2
080892000261001,ela,G08,46,.695
080892000261001,math,G07,30,.233
080892000261001,math,G08,46,.631
080892000262001,ela,G03,21,.286
080892000262001,ela,G04,28,.321
080892000262001,ela,G05,23,.261
080892000262001,ela,G06,27,.63
080892000262001,math,G03,21,.333
080892000262001,math,G04,28,.357
080892000262001,math,G05,23,.174
080892000262001,math,G06,27,.444
080892010260001,ela,G07,47,.383
080892010260001,ela,G08,54,.481
080892010260001,math,G07,47,.277
080892010260001,math,G08,54,.334
080892010262003,ela,G03,51,.236
080892010262003,ela,G04,59,.356
080892010262003,ela,G05,50,.52
080892010262003,ela,G06,54,.334
080892010262003,math,G03,51,.353
080892010262003,math,G04,59,.288
080892010262003,math,G05,50,.34
080892010262003,math,G06,54,.352
080892020261002,ela,G06,50,.62
080892020261002,ela,G07,62,.613
080892020261002,ela,G08,57,.86
080892020261002,math,G06,50,.12
080892020261002,math,G07,63,.429
080892020261002,math,G08,57,.667
080892020262003,ela,G03,57,.439
080892020262003,ela,G04,57,.429
080892020262003,ela,G05,60,.634
080892020262003,math,G03,57,.597
080892020262003,math,G04,57,.322
080892020262003,math,G05,60,.417
080892030261001,ela,G06,20,.6
080892030261001,ela,G07,20,.4
080892030261001,ela,G08,27,.63
080892030261001,math,G06,20,.1
080892030261001,math,G07,20,.1
080892030261001,math,G08,27,.111
080892030262003,ela,G03,25,.2
080892030262003,ela,G04,17,.53
080892030262003,ela,G05,21,.19
080892030262003,math,G03,25,.48
080892030262003,math,G04,17,.177
080892030262003,math,G05,21,.143
090100010260001,ela,G07,46,.522
090100010260001,ela,G08,55,.673
090100010260001,math,G07,46,.261
090100010260001,math,G08,55,.309
090100010262002,ela,G03,42,.452
090100010262002,ela,G04,55,.363
090100010262002,ela,G05,42,.476
090100010262002,ela,G06,44,.409
090100010262002,math,G03,42,.595
090100010262002,math,G04,55,.309
090100010262002,math,G05,42,.476
090100010262002,math,G06,44,.182
090100030261002,ela,G06,263,.596
090100030261002,ela,G07,269,.583
090100030261002,ela,G08,247,.757
090100030261002,math,G06,263,.409
090100030261002,math,G07,269,.501
090100030261002,math,G08,247,.616
090100030262003,ela,G03,252,.266
090100030262003,ela,G04,271,.446
090100030262003,ela,G05,258,.383
090100030262003,math,G03,252,.346
090100030262003,math,G04,271,.358
090100030262003,math,G05,258,.372
090100040261003,ela,G06,193,.338
090100040261003,ela,G07,217,.371
090100040261003,ela,G08,222,.38
090100040261003,math,G06,193,.191
090100040261003,math,G07,220,.305
090100040261003,math,G08,222,.213
090100040261005,ela,G06,221,.273
090100040261005,ela,G07,229,.145
090100040261005,ela,G08,229,.365
090100040261005,math,G06,222,.185
090100040261005,math,G07,228,.177
090100040261005,math,G08,232,.169
090100040261007,ela,G06,210,.394
090100040261007,ela,G07,213,.228
090100040261007,ela,G08,190,.369
090100040261007,math,G06,210,.258
090100040261007,math,G07,211,.173
090100040261007,math,G08,190,.262
090100040262007,ela,G03,72,.333
090100040262007,ela,G04,91,.352
090100040262007,ela,G05,68,.329
090100040262007,math,G03,72,.319
090100040262007,math,G04,91,.318
090100040262007,math,G05,68,.343
090100040262008,ela,G03,68,.239
090100040262008,ela,G04,75,.378
090100040262008,ela,G05,70,.478
090100040262008,math,G03,68,.329
090100040262008,math,G04,75,.338
090100040262008,math,G05,70,.362
090100040262010,ela,G03,69,.194
090100040262010,ela,G04,52,.12
090100040262010,ela,G05,61,.361
090100040262010,math,G03,69,.299
090100040262010,math,G04,53,0
090100040262010,math,G05,61,.344
090100040262011,ela,G03,46,.087
090100040262011,ela,G04,46,.089
090100040262011,ela,G05,65,.148
090100040262011,ela,G06,33,.063
090100040262011,math,G03,46,.13
090100040262011,math,G04,45,.023
090100040262011,math,G05,64,.05
090100040262011,math,G06,33,.031
090100040262013,ela,G03,47,.311
090100040262013,ela,G04,49,.408
090100040262013,ela,G05,58,.439
090100040262013,math,G03,47,.134
090100040262013,math,G04,49,.306
090100040262013,math,G05,58,.334
090100040262017,ela,G03,70,.243
090100040262017,ela,G04,63,.428
090100040262017,ela,G05,82,.256
090100040262017,math,G03,70,.229
090100040262017,math,G04,63,.365
090100040262017,math,G05,82,.195
090100040262020,ela,G03,64,.111
090100040262020,ela,G04,59,.068
090100040262020,ela,G05,55,.073
090100040262020,math,G03,63,.097
090100040262020,math,G04,59,.051
090100040262020,math,G05,55,.018
090100040262021,ela,G03,63,.164
090100040262021,ela,G04,67,.358
090100040262021,ela,G05,80,.156
090100040262021,math,G03,63,.18
090100040262021,math,G04,67,.194
090100040262021,math,G05,80,.104
090100040262024,ela,G03,50,.612
090100040262024,ela,G04,47,.288
090100040262024,ela,G05,48,.511
090100040262024,math,G03,50,.592
090100040262024,math,G04,47,.2
090100040262024,math,G05,48,.425
090100040262026,ela,G03,59,.136
090100040262026,ela,G04,78,.08
090100040262026,ela,G05,79,.169
090100040262026,math,G03,59,.22
090100040262026,math,G04,78,.053
090100040262026,math,G05,78,.169
090100040262027,ela,G03,71,.271
090100040262027,ela,G04,69,.427
090100040262027,ela,G05,65,.39
090100040262027,math,G03,70,.333
090100040262027,math,G04,70,.376
090100040262027,math,G05,65,.344
090100040262028,ela,G03,79,.21
090100040262028,ela,G04,67,.247
090100040262028,ela,G05,69,.27
090100040262028,ela,G06,67,.338
090100040262028,ela,G07,49,.355
090100040262028,ela,G08,49,.521
090100040262028,math,G03,79,.355
090100040262028,math,G04,67,.138
090100040262028,math,G05,69,.191
090100040262028,math,G06,67,.177
090100040262028,math,G07,49,.266
090100040262028,math,G08,48,.355
090100070261005,ela,G06,126,.619
090100070261005,ela,G07,126,.396
090100070261005,ela,G08,108,.556
090100070261005,math,G06,126,.238
090100070261005,math,G07,126,.262
090100070261005,math,G08,108,.185
090100070262006,ela,G03,62,.371
090100070262006,ela,G04,65,.508
090100070262006,ela,G05,70,.415
090100070262006,math,G03,62,.338
090100070262006,math,G04,65,.446
090100070262006,math,G05,70,.229
090100070262007,ela,G03,37,.514
090100070262007,ela,G04,35,.457
090100070262007,ela,G05,28,.679
090100070262007,math,G03,37,.621
090100070262007,math,G04,35,.372
090100070262007,math,G05,28,.5
090100080262001,ela,G03,29,.276
090100080262001,ela,G04,33,.333
090100080262001,ela,G05,26,.423
090100080262001,ela,G06,21,.667
090100080262001,ela,G07,29,.551
090100080262001,ela,G08,24,.709
090100080262001,math,G03,29,.689
090100080262001,math,G04,33,.121
090100080262001,math,G05,26,.346
090100080262001,math,G06,21,.238
090100080262001,math,G07,29,.207
090100080262001,math,G08,24,.292
090101160221002,ela,G06,291,.155
090101160221002,ela,G07,278,.125
090101160221002,ela,G08,285,.113
090101160221002,math,G06,292,.099
090101160221002,math,G07,276,.078
090101160221002,math,G08,283,.077
090101160222004,ela,G03,51,.067
090101160222004,ela,G04,60,.037
090101160222004,ela,G05,57,.058
090101160222004,math,G03,51,.111
090101160222004,math,G04,60,.019
090101160222004,math,G05,57,.019
090101160222005,ela,G03,73,.257
090101160222005,ela,G04,59,.359
090101160222005,ela,G05,69,.254
090101160222005,math,G03,73,.318
090101160222005,math,G04,59,.264
090101160222005,math,G05,69,.254
090101160222007,ela,G03,85,.048
090101160222007,ela,G04,87,.07
090101160222007,ela,G05,80,.026
090101160222007,math,G03,86,.047
090101160222007,math,G04,86,.024
090101160222007,math,G05,81,0
090101160222008,ela,G03,49,.061
090101160222008,ela,G04,47,.128
090101160222008,ela,G05,50,.082
090101160222008,math,G03,50,.06
090101160222008,math,G04,47,.064
090101160222008,math,G05,50,.04
090101160222012,ela,G03,62,.081
090101160222012,ela,G04,74,.149
090101160222012,ela,G05,67,.136
090101160222012,math,G03,63,.095
090101160222012,math,G04,75,.093
090101160222012,math,G05,67,.106
090101300042001,ela,G03,15,.133
090101300042001,ela,G04,13,.385
090101300042001,ela,G05,18,.111
090101300042001,ela,G06,*,--
090101300042001,ela,G07,19,.264
090101300042001,ela,G08,19,.263
090101300042001,math,G03,15,.067
090101300042001,math,G04,13,.231
090101300042001,math,G05,18,.111
090101300042001,math,G06,*,--
090101300042001,math,G07,19,.158
090101300042001,math,G08,19,0
090101370021003,ela,G06,171,.219
090101370021003,ela,G07,153,.215
090101370021003,ela,G08,189,.243
090101370021003,math,G06,172,.059
090101370021003,math,G07,153,.054
090101370021003,math,G08,188,.06
090101370022001,ela,G03,29,.034
090101370022001,ela,G04,37,.108
090101370022001,ela,G05,45,.156
090101370022001,math,G03,29,.034
090101370022001,math,G04,37,.027
090101370022001,math,G05,45,.133
090101370022002,ela,G03,50,0
090101370022002,ela,G04,46,.045
090101370022002,math,G03,49,0
090101370022002,math,G04,45,0
090101370022006,ela,G03,35,.086
090101370022006,ela,G04,42,.191
090101370022006,ela,G05,45,.133
090101370022006,math,G03,35,.114
090101370022006,math,G04,41,.073
090101370022006,math,G05,45,.022
090101370022007,ela,G03,43,.05
090101370022007,ela,G04,45,.114
090101370022007,ela,G05,87,.11
090101370022007,math,G03,43,0
090101370022007,math,G04,45,.045
090101370022007,math,G05,87,.037
090101420042001,ela,G03,*,--
090101420042001,ela,G04,*,--
090101420042001,ela,G05,*,--
090101420042001,ela,G06,*,--
090101420042001,ela,G07,*,--
090101420042001,ela,G08,*,--
090101420042001,math,G03,*,--
090101420042001,math,G04,*,--
090101420042001,math,G05,*,--
090101420042001,math,G06,*,--
090101420042001,math,G07,*,--
090101420042001,math,G08,*,--
090101690041001,ela,G05,66,.523
090101690041001,ela,G06,83,.783
090101690041001,ela,G07,92,.715
090101690041001,ela,G08,97,.814
090101690041001,math,G05,66,.385
090101690041001,math,G06,83,.482
090101690041001,math,G07,92,.396
090101690041001,math,G08,97,.69
090101690042001,ela,G03,86,.535
090101690042001,ela,G04,79,.475
090101690042001,math,G03,86,.57
090101690042001,math,G04,79,.462
090101880042001,ela,G03,14,.357
090101880042001,ela,G04,18,.333
090101880042001,ela,G05,*,--
090101880042001,ela,G06,16,.188
090101880042001,ela,G07,16,.438
090101880042001,ela,G08,24,.625
090101880042001,math,G03,14,.357
090101880042001,math,G04,18,.278
090101880042001,math,G05,*,--
090101880042001,math,G06,16,.063
090101880042001,math,G07,16,.125
090101880042001,math,G08,24,.417
090101970041001,ela,G07,34,.823
090101970041001,ela,G08,29,.897
090101970041001,math,G07,34,.5
090101970041001,math,G08,29,.482
090101970042001,ela,G03,22,.272
090101970042001,ela,G04,14,.643
090101970042001,math,G03,22,.363
090101970042001,math,G04,14,.286
090101970042002,ela,G03,10,.1
090101970042002,ela,G04,14,.357
090101970042002,ela,G05,30,.433
090101970042002,ela,G06,35,.371
090101970042002,math,G03,10,.1
090101970042002,math,G04,14,.429
090101970042002,math,G05,30,.333
090101970042002,math,G06,35,.314
090270050261003,ela,G06,59,.695
090270050261003,ela,G07,84,.512
090270050261003,ela,G08,66,.569
090270050261003,math,G06,59,.271
090270050261003,math,G07,84,.231
090270050261003,math,G08,66,.246
090270050262004,ela,G03,66,.415
090270050262004,ela,G04,78,.423
090270050262004,ela,G05,60,.316
090270050262004,math,G03,66,.446
090270050262004,math,G04,78,.256
090270050262004,math,G05,60,.15
090270100261002,ela,G06,94,.617
090270100261002,ela,G07,84,.381
090270100261002,ela,G08,90,.5
090270100261002,math,G06,94,.224
090270100261002,math,G07,84,.441
090270100261002,math,G08,90,.311
090270100262004,ela,G03,86,.244
090270100262004,ela,G04,90,.255
090270100262004,ela,G05,100,.47
090270100262004,math,G03,86,.279
090270100262004,math,G04,90,.244
090270100262004,math,G05,100,.2
11012002C261002,ela,G07,91,.231
11012002C261002,ela,G08,96,.452
11012002C261002,math,G07,90,.255
11012002C261002,math,G08,96,.242
11012002C262003,ela,G03,72,.292
11012002C262003,ela,G04,87,.321
11012002C262003,ela,G05,95,.432
11012002C262003,ela,G06,95,.422
11012002C262003,math,G03,72,.361
11012002C262003,math,G04,87,.333
11012002C262003,math,G05,95,.137
11012002C262003,math,G06,95,.179
11012003C260001,ela,G07,26,.154
11012003C260001,ela,G08,23,.304
11012003C260001,math,G07,26,.077
11012003C260001,math,G08,23,0
11012003C262005,ela,G03,30,.466
11012003C262005,ela,G04,22,.455
11012003C262005,ela,G05,35,.343
11012003C262005,ela,G06,28,.321
11012003C262005,math,G03,30,.667
11012003C262005,math,G04,22,.227
11012003C262005,math,G05,35,.115
11012003C262005,math,G06,28,.143
11012004C260001,ela,G07,71,.324
11012004C260001,ela,G08,49,.51
11012004C260001,math,G07,71,.281
11012004C260001,math,G08,49,.143
11012004C262003,ela,G03,62,.21
11012004C262003,ela,G04,65,.246
11012004C262003,ela,G05,67,.373
11012004C262003,ela,G06,47,.553
11012004C262003,math,G03,62,.242
11012004C262003,math,G04,65,.2
11012004C262003,math,G05,67,.104
11012004C262003,math,G06,47,.213
110150010261002,ela,G07,184,.45
110150010261002,ela,G08,192,.44
110150010261002,math,G07,183,.197
110150010261002,math,G08,192,.125
110150010262003,ela,G03,181,.343
110150010262003,math,G03,181,.349
110150010262004,ela,G04,179,.327
110150010262004,ela,G05,172,.337
110150010262004,ela,G06,184,.242
110150010262004,math,G04,179,.144
110150010262004,math,G05,173,.07
110150010262004,math,G06,184,.093
110150010262007,ela,G03,14,.214
110150010262007,ela,G04,14,0
110150010262007,math,G03,14,.071
110150010262007,math,G04,14,0
110150020261003,ela,G06,195,.436
110150020261003,ela,G07,227,.459
110150020261003,ela,G08,180,.366
110150020261003,math,G06,195,.164
110150020261003,math,G07,227,.22
110150020261003,math,G08,180,.222
110150020262015,ela,G03,111,.333
110150020262015,ela,G04,111,.342
110150020262015,ela,G05,113,.478
110150020262015,math,G03,111,.288
110150020262015,math,G04,111,.189
110150020262015,math,G05,113,.248
110150020262016,ela,G03,86,.116
110150020262016,ela,G04,100,.27
110150020262016,ela,G05,93,.419
110150020262016,math,G03,86,.233
110150020262016,math,G04,100,.15
110150020262016,math,G05,93,.161
110150050262001,ela,G03,10,.3
110150050262001,ela,G04,22,.091
110150050262001,ela,G05,17,.235
110150050262001,ela,G06,25,.44
110150050262001,ela,G07,19,0
110150050262001,ela,G08,18,.333
110150050262001,math,G03,10,.3
110150050262001,math,G04,22,0
110150050262001,math,G05,17,.118
110150050262001,math,G06,25,.2
110150050262001,math,G07,20,.15
110150050262001,math,G08,18,.111
110180030260001,ela,G06,34,.471
110180030260001,ela,G07,40,.35
110180030260001,ela,G08,33,.394
110180030260001,math,G06,34,.088
110180030260001,math,G07,40,.1
110180030260001,math,G08,33,.061
110180030262002,ela,G03,28,.143
110180030262002,ela,G04,28,.286
110180030262002,ela,G05,34,.324
110180030262002,math,G03,28,.25
110180030262002,math,G04,28,.25
110180030262002,math,G05,34,.235
110180770261001,ela,G05,68,.221
110180770261001,ela,G06,72,.57
110180770261001,ela,G07,64,.203
110180770261001,ela,G08,72,.347
110180770261001,math,G05,68,.206
110180770261001,math,G06,72,.348
110180770261001,math,G07,64,.125
110180770261001,math,G08,73,.356
110180770262003,ela,G03,66,.182
110180770262003,ela,G04,74,.176
110180770262003,math,G03,66,.242
110180770262003,math,G04,74,.162
110213010261004,ela,G05,69,.478
110213010261004,ela,G06,69,.594
110213010261004,ela,G07,63,.667
110213010261004,ela,G08,67,.642
110213010261004,math,G05,69,.391
110213010261004,math,G06,70,.157
110213010261004,math,G07,63,.429
110213010261004,math,G08,67,.164
110213010262002,ela,G03,56,.232
110213010262002,ela,G04,58,.482
110213010262002,math,G03,56,.268
110213010262002,math,G04,58,.293
110213020260001,ela,G08,*,--
110213020260001,math,G08,*,--
110213020261001,ela,G07,51,.412
110213020261001,ela,G08,51,.353
110213020261001,math,G07,51,.157
110213020261001,math,G08,51,.216
110213020262001,ela,G03,40,.325
110213020262001,ela,G04,38,.368
110213020262001,ela,G05,35,.514
110213020262001,ela,G06,40,.55
110213020262001,ela,G07,*,--
110213020262001,math,G03,40,.35
110213020262001,math,G04,38,.289
110213020262001,math,G05,35,.286
110213020262001,math,G06,40,.275
110213020262001,math,G07,*,--
110213050262003,ela,G03,27,.407
110213050262003,ela,G04,29,.429
110213050262003,ela,G05,29,.536
110213050262003,ela,G06,25,.6
110213050262003,ela,G07,26,.5
110213050262003,ela,G08,30,.724
110213050262003,math,G03,27,.444
110213050262003,math,G04,29,.25
110213050262003,math,G05,29,.428
110213050262003,math,G06,25,.16
110213050262003,math,G07,26,.269
110213050262003,math,G08,30,.172
110213050262004,ela,G03,12,.083
110213050262004,ela,G04,11,.091
110213050262004,ela,G05,12,.166
110213050262004,ela,G06,19,.263
110213050262004,ela,G07,16,.438
110213050262004,ela,G08,13,.692
110213050262004,math,G03,12,.166
110213050262004,math,G04,10,.2
110213050262004,math,G05,12,.333
110213050262004,math,G06,19,.053
110213050262004,math,G07,16,.188
110213050262004,math,G08,13,.154
110213050262005,ela,G03,27,.407
110213050262005,ela,G04,18,.444
110213050262005,ela,G05,20,.75
110213050262005,ela,G06,26,.653
110213050262005,ela,G07,17,.176
110213050262005,ela,G08,33,.667
110213050262005,math,G03,27,.629
110213050262005,math,G04,18,.389
110213050262005,math,G05,20,.2
110213050262005,math,G06,26,.384
110213050262005,math,G07,17,.059
110213050262005,math,G08,33,.182
110213060260001,ela,G07,55,.309
110213060260001,ela,G08,47,.255
110213060260001,math,G07,53,.227
110213060260001,math,G08,47,.106
110213060262002,ela,G03,48,.125
110213060262002,ela,G04,41,.22
110213060262002,ela,G05,40,.125
110213060262002,ela,G06,50,.28
110213060262002,math,G03,48,.188
110213060262002,math,G04,41,.171
110213060262002,math,G05,40,.175
110213060262002,math,G06,50,.16
110230010262002,ela,G03,21,.238
110230010262002,ela,G04,16,.063
110230010262002,ela,G05,24,.25
110230010262002,ela,G06,26,.192
110230010262002,ela,G07,17,.294
110230010262002,ela,G08,30,.167
110230010262002,math,G03,21,.19
110230010262002,math,G04,16,.125
110230010262002,math,G05,24,.167
110230010262002,math,G06,26,.038
110230010262002,math,G07,17,.118
110230010262002,math,G08,30,0
110230030260001,ela,G07,13,.462
110230030260001,ela,G08,10,.7
110230030260001,math,G07,13,.308
110230030260001,math,G08,10,.4
110230030262002,ela,G03,15,.6
110230030262002,ela,G04,12,.417
110230030262002,ela,G05,16,.5
110230030262002,ela,G06,10,.9
110230030262002,math,G03,15,.666
110230030262002,math,G04,12,0
110230030262002,math,G05,16,0
110230030262002,math,G06,10,0
110230040261001,ela,G06,48,.729
110230040261001,ela,G07,41,.61
110230040261001,ela,G08,36,.805
110230040261001,math,G06,48,.229
110230040261001,math,G07,41,.317
110230040261001,math,G08,36,.416
110230040262001,ela,G03,48,.229
110230040262001,ela,G04,34,.589
110230040262001,ela,G05,39,.462
110230040262001,math,G03,48,.25
110230040262001,math,G04,34,.471
110230040262001,math,G05,39,.154
110230060261001,ela,G06,17,.471
110230060261001,ela,G07,22,.182
110230060261001,ela,G08,28,.286
110230060261001,math,G06,17,.118
110230060261001,math,G07,22,0
110230060261001,math,G08,28,.215
110230060262003,ela,G03,10,.4
110230060262003,ela,G04,15,.133
110230060262003,ela,G05,19,.211
110230060262003,math,G03,10,.9
110230060262003,math,G04,15,.133
110230060262003,math,G05,19,.105
110230950251001,ela,G06,74,.798
110230950251001,ela,G07,69,.666
110230950251001,ela,G08,89,.663
110230950251001,math,G06,74,.365
110230950251001,math,G07,69,.304
110230950251001,math,G08,89,.494
110230950252006,ela,G03,77,.143
110230950252006,ela,G04,85,.4
110230950252006,ela,G05,87,.367
110230950252006,math,G03,77,.208
110230950252006,math,G04,85,.247
110230950252006,math,G05,87,.229
110703000261001,ela,G06,87,.414
110703000261001,ela,G07,81,.395
110703000261001,ela,G08,81,.519
110703000261001,math,G06,87,.23
110703000261001,math,G07,81,.296
110703000261001,math,G08,81,.408
110703000262001,ela,G03,88,.386
110703000262001,ela,G04,61,.394
110703000262001,ela,G05,89,.516
110703000262001,math,G03,88,.329
110703000262001,math,G04,61,.295
110703000262001,math,G05,89,.157
110703020261001,ela,G05,33,.394
110703020261001,ela,G06,34,.559
110703020261001,ela,G07,21,.572
110703020261001,ela,G08,36,.473
110703020261001,math,G05,33,.242
110703020261001,math,G06,34,.059
110703020261001,math,G07,21,.048
110703020261001,math,G08,36,.222
110703020262001,ela,G03,35,.086
110703020262001,ela,G04,34,.383
110703020262001,math,G03,35,.057
110703020262001,math,G04,34,.118
110870010260002,ela,G07,23,.13
110870010260002,ela,G08,20,.15
110870010260002,math,G07,23,.13
110870010260002,math,G08,20,.05
110870010262002,ela,G03,25,.44
110870010262002,ela,G04,26,.23
110870010262002,ela,G05,29,.275
110870010262002,ela,G06,20,.35
110870010262002,math,G03,25,.8
110870010262002,math,G04,26,.192
110870010262002,math,G05,29,.241
110870010262002,math,G06,20,.1
11087003A260001,ela,G06,24,.75
11087003A260001,ela,G07,20,.75
11087003A260001,ela,G08,21,.667
11087003A260001,math,G06,24,.167
11087003A260001,math,G07,20,.3
11087003A260001,math,G08,21,.095
11087003A262001,ela,G03,30,.6
11087003A262001,ela,G04,27,.592
11087003A262001,ela,G05,21,.809
11087003A262001,math,G03,30,.567
11087003A262001,math,G04,27,.259
11087003A262001,math,G05,21,.286
110870040262002,ela,G04,108,.528
110870040262002,ela,G05,78,.385
110870040262002,ela,G06,75,.76
110870040262002,ela,G07,90,.722
110870040262002,ela,G08,93,.71
110870040262002,math,G04,108,.38
110870040262002,math,G05,78,.218
110870040262002,math,G06,75,.24
110870040262002,math,G07,90,.333
110870040262002,math,G08,93,.151
110870040262003,ela,G03,90,.422
110870040262003,math,G03,90,.433
11087005A262003,ela,G03,30,.367
11087005A262003,ela,G04,30,.467
11087005A262003,ela,G05,31,.387
11087005A262003,ela,G06,25,.52
11087005A262003,ela,G07,35,.571
11087005A262003,ela,G08,20,.8
11087005A262003,math,G03,30,.4
11087005A262003,math,G04,30,.5
11087005A262003,math,G05,31,.129
11087005A262003,math,G06,25,.32
11087005A262003,math,G07,35,.228
11087005A262003,math,G08,20,.5
110870210261001,ela,G06,52,.327
110870210261001,ela,G07,56,.268
110870210261001,ela,G08,54,.278
110870210261001,math,G06,52,.058
110870210261001,math,G07,56,.107
110870210261001,math,G08,54,.148
110870210262001,ela,G03,45,.244
110870210262001,ela,G04,38,.342
110870210262001,ela,G05,61,.327
110870210262001,math,G03,45,.377
110870210262001,math,G04,38,.395
110870210262001,math,G05,61,.278
120130100261001,ela,G06,21,.048
120130100261001,ela,G07,30,.233
120130100261001,ela,G08,17,.235
120130100261001,math,G06,21,0
120130100261001,math,G07,30,.067
120130100261001,math,G08,17,.059
120130100262001,ela,G03,18,.111
120130100262001,ela,G04,19,.158
120130100262001,ela,G05,*,--
120130100262001,math,G03,18,.056
120130100262001,math,G04,19,.053
120130100262001,math,G05,*,--
120130250262004,ela,G03,31,.355
120130250262004,ela,G04,29,.31
120130250262004,ela,G05,34,.206
120130250262004,ela,G06,38,.263
120130250262004,ela,G07,40,.025
120130250262004,ela,G08,50,.3
120130250262004,math,G03,31,.42
120130250262004,math,G04,29,.172
120130250262004,math,G05,34,.029
120130250262004,math,G06,38,.053
120130250262004,math,G07,40,.125
120130250262004,math,G08,50,.14
120130350261001,ela,G06,112,.724
120130350261001,ela,G07,97,.65
120130350261001,ela,G08,98,.765
120130350261001,math,G06,112,.42
120130350261001,math,G07,97,.381
120130350261001,math,G08,98,.367
120130350262008,ela,G03,94,.309
120130350262008,ela,G04,85,.623
120130350262008,ela,G05,90,.511
120130350262008,math,G03,94,.415
120130350262008,math,G04,85,.483
120130350262008,math,G05,90,.233
120170010262002,ela,G03,20,.15
120170010262002,ela,G04,19,.527
120170010262002,ela,G05,21,.19
120170010262002,ela,G06,15,.333
120170010262002,ela,G07,17,.294
120170010262002,ela,G08,23,.13
120170010262002,math,G03,20,.2
120170010262002,math,G04,19,.053
120170010262002,math,G05,21,.048
120170010262002,math,G06,15,.4
120170010262002,math,G07,17,.412
120170010262002,math,G08,23,.174
120170020261005,ela,G06,121,.628
120170020261005,ela,G07,107,.514
120170020261005,ela,G08,104,.789
120170020261005,math,G06,121,.273
120170020261005,math,G07,106,.236
120170020261005,math,G08,105,.4
120170020262004,ela,G03,112,.197
120170020262004,ela,G04,97,.258
120170020262004,ela,G05,117,.222
120170020262004,math,G03,112,.295
120170020262004,math,G04,97,.155
120170020262004,math,G05,117,.068
120170030262002,ela,G03,27,.074
120170030262002,ela,G04,27,.074
120170030262002,ela,G05,15,0
120170030262002,ela,G06,17,.059
120170030262002,ela,G07,28,.143
120170030262002,ela,G08,22,.045
120170030262002,math,G03,27,.185
120170030262002,math,G04,27,0
120170030262002,math,G05,15,0
120170030262002,math,G06,17,0
120170030262002,math,G07,28,.214
120170030262002,math,G08,22,.045
120170040262002,ela,G03,34,.088
120170040262002,ela,G04,31,.419
120170040262002,ela,G05,39,.334
120170040262002,ela,G06,41,.341
120170040262002,ela,G07,35,.458
120170040262002,ela,G08,35,.514
120170040262002,math,G03,34,.088
120170040262002,math,G04,31,.161
120170040262002,math,G05,39,.052
120170040262002,math,G06,41,.073
120170040262002,math,G07,35,.229
120170040262002,math,G08,35,.143
120400010261003,ela,G07,96,.323
120400010261003,ela,G08,103,.475
120400010261003,math,G07,96,.135
120400010261003,math,G08,103,.184
120400010262002,ela,G03,70,.4
120400010262002,ela,G04,84,.452
120400010262002,ela,G05,78,.359
120400010262002,ela,G06,77,.416
120400010262002,math,G03,70,.5
120400010262002,math,G04,84,.357
120400010262002,math,G05,78,.346
120400010262002,math,G06,77,.13
120510100260001,ela,G07,73,.383
120510100260001,ela,G08,79,.607
120510100260001,math,G07,73,.151
120510100260001,math,G08,79,.114
120510100262005,ela,G03,50,.28
120510100262005,math,G03,50,.38
120510100262008,ela,G04,77,.507
120510100262008,ela,G05,69,.666
120510100262008,ela,G06,68,.648
120510100262008,math,G04,77,.091
120510100262008,math,G05,69,.203
120510100262008,math,G06,68,.25
120510200261007,ela,G06,76,.71
120510200261007,ela,G07,76,.184
120510200261007,ela,G08,70,.257
120510200261007,math,G06,76,.158
120510200261007,math,G07,76,.132
120510200261007,math,G08,70,.071
120510200262007,ela,G03,83,.193
120510200262007,ela,G04,82,.244
120510200262007,ela,G05,80,.275
120510200262007,math,G03,83,.157
120510200262007,math,G04,82,.207
120510200262007,math,G05,80,.113
120800010261002,ela,G06,145,.607
120800010261002,ela,G07,128,.469
120800010261002,ela,G08,161,.565
120800010261002,math,G06,145,.276
120800010261002,math,G07,128,.219
120800010261002,math,G08,161,.391
120800010262008,ela,G03,144,.382
120800010262008,ela,G04,159,.503
120800010262008,ela,G05,154,.445
120800010262008,math,G03,143,.469
120800010262008,math,G04,159,.339
120800010262008,math,G05,154,.242
130140010261001,ela,G05,76,.303
130140010261001,ela,G06,61,.673
130140010261001,ela,G07,61,.295
130140010261001,ela,G08,85,.553
130140010261001,math,G05,76,.184
130140010261001,math,G06,61,.311
130140010261001,math,G07,60,.217
130140010261001,math,G08,85,.236
130140010262002,ela,G03,73,.439
130140010262002,ela,G04,72,.591
130140010262002,math,G03,73,.301
130140010262002,math,G04,72,.408
130140030262001,ela,G03,42,.5
130140030262001,math,G03,42,.642
130140030262005,ela,G03,55,.537
130140030262005,math,G03,55,.648
130140030262006,ela,G04,98,.52
130140030262006,ela,G05,92,.619
130140030262006,ela,G06,96,.458
130140030262006,ela,G07,91,.644
130140030262006,ela,G08,97,.526
130140030262006,math,G04,98,.592
130140030262006,math,G05,92,.272
130140030262006,math,G06,96,.312
130140030262006,math,G07,91,.411
130140030262006,math,G08,97,.392
130140120042001,ela,G03,54,.389
130140120042001,ela,G04,56,.518
130140120042001,ela,G05,61,.409
130140120042001,ela,G06,52,.808
130140120042001,ela,G07,58,.689
130140120042001,ela,G08,69,.823
130140120042001,math,G03,54,.204
130140120042001,math,G04,56,.107
130140120042001,math,G05,61,.312
130140120042001,math,G06,53,.415
130140120042001,math,G07,58,.327
130140120042001,math,G08,69,.397
130140210022001,ela,G03,50,.54
130140210022001,ela,G04,44,.659
130140210022001,ela,G05,36,.694
130140210022001,ela,G06,52,.826
130140210022001,ela,G07,49,.755
130140210022001,ela,G08,31,.935
130140210022001,math,G03,50,.82
130140210022001,math,G04,44,.75
130140210022001,math,G05,36,.638
130140210022001,math,G06,52,.654
130140210022001,math,G07,49,.632
130140210022001,math,G08,31,.839
130140460022001,ela,G03,19,.105
130140460022001,ela,G04,16,.313
130140460022001,ela,G05,*,--
130140460022001,ela,G06,19,.579
130140460022001,ela,G07,10,.3
130140460022001,ela,G08,10,.4
130140460022001,math,G03,19,.421
130140460022001,math,G04,16,.313
130140460022001,math,G05,*,--
130140460022001,math,G06,19,.316
130140460022001,math,G07,10,.5
130140460022001,math,G08,10,.2
130140570022001,ela,G03,24,.333
130140570022001,ela,G04,21,.667
130140570022001,ela,G05,19,.947
130140570022001,ela,G06,19,.789
130140570022001,ela,G07,22,.863
130140570022001,ela,G08,21,.904
130140570022001,math,G03,24,.667
130140570022001,math,G04,21,.619
130140570022001,math,G05,19,.685
130140570022001,math,G06,19,.526
130140570022001,math,G07,22,.59
130140570022001,math,G08,21,.571
130140600022001,ela,G03,31,.355
130140600022001,ela,G04,25,.56
130140600022001,ela,G05,18,.667
130140600022001,ela,G06,27,.778
130140600022001,ela,G07,25,.76
130140600022001,ela,G08,20,.8
130140600022001,math,G03,31,.581
130140600022001,math,G04,25,.52
130140600022001,math,G05,18,.667
130140600022001,math,G06,27,.481
130140600022001,math,G07,25,.6
130140600022001,math,G08,20,.55
130140620022001,ela,G03,13,.462
130140620022001,ela,G04,10,.8
130140620022001,ela,G05,10,.7
130140620022001,ela,G06,12,1
130140620022001,ela,G07,*,--
130140620022001,ela,G08,*,--
130140620022001,math,G03,13,.923
130140620022001,math,G04,10,.6
130140620022001,math,G05,10,.5
130140620022001,math,G06,12,.75
130140620022001,math,G07,*,--
130140620022001,math,G08,*,--
130140630022001,ela,G03,18,.333
130140630022001,ela,G04,15,.467
130140630022001,ela,G05,16,.688
130140630022001,ela,G06,20,.8
130140630022001,ela,G07,11,.818
130140630022001,ela,G08,16,.938
130140630022001,math,G03,18,.778
130140630022001,math,G04,15,.667
130140630022001,math,G05,16,.5
130140630022001,math,G06,20,.3
130140630022001,math,G07,11,.364
130140630022001,math,G08,16,.626
130140710160001,ela,G08,*,--
130140710160001,math,G08,*,--
130141415022001,ela,G03,19,.421
130141415022001,ela,G04,16,.375
130141415022001,ela,G05,15,.467
130141415022001,ela,G06,20,.632
130141415022001,ela,G07,16,.667
130141415022001,ela,G08,18,.889
130141415022001,math,G03,19,.79
130141415022001,math,G04,16,.563
130141415022001,math,G05,15,.467
130141415022001,math,G06,20,.421
130141415022001,math,G07,16,.467
130141415022001,math,G08,18,.389
130141860022001,ela,G03,20,.25
130141860022001,ela,G04,12,.25
130141860022001,ela,G05,*,--
130141860022001,ela,G06,14,.5
130141860022001,ela,G07,15,.333
130141860022001,ela,G08,14,.5
130141860022001,math,G03,20,.25
130141860022001,math,G04,12,.583
130141860022001,math,G05,*,--
130141860022001,math,G06,14,.286
130141860022001,math,G07,15,.067
130141860022001,math,G08,14,.357
130410010262002,ela,G03,20,.3
130410010262002,ela,G04,22,.364
130410010262002,ela,G05,25,.28
130410010262002,ela,G06,25,.64
130410010262002,ela,G07,22,.5
130410010262002,ela,G08,20,.45
130410010262002,math,G03,20,.65
130410010262002,math,G04,22,.136
130410010262002,math,G05,25,.16
130410010262002,math,G06,25,.08
130410010262002,math,G07,22,.091
130410010262002,math,G08,20,.15
130410020042001,ela,G03,41,.415
130410020042001,ela,G04,31,.678
130410020042001,ela,G05,28,.286
130410020042001,ela,G06,38,.342
130410020042001,ela,G07,35,.486
130410020042001,ela,G08,44,.522
130410020042001,math,G03,41,.39
130410020042001,math,G04,31,.387
130410020042001,math,G05,28,.179
130410020042001,math,G06,38,.184
130410020042001,math,G07,35,.258
130410020042001,math,G08,44,.295
130410030042001,ela,G03,24,.167
130410030042001,ela,G04,16,.125
130410030042001,ela,G05,37,.216
130410030042001,ela,G06,20,.4
130410030042001,ela,G07,32,.406
130410030042001,ela,G08,27,.407
130410030042001,math,G03,24,.167
130410030042001,math,G04,16,.125
130410030042001,math,G05,37,.162
130410030042001,math,G06,20,.2
130410030042001,math,G07,32,.094
130410030042001,math,G08,27,.148
130410050042002,ela,G03,19,.369
130410050042002,ela,G04,11,.727
130410050042002,ela,G05,17,.824
130410050042002,ela,G06,14,.429
130410050042002,ela,G07,13,.385
130410050042002,ela,G08,20,.6
130410050042002,math,G03,19,.263
130410050042002,math,G04,11,.273
130410050042002,math,G05,17,.294
130410050042002,math,G06,14,0
130410050042002,math,G07,13,.154
130410050042002,math,G08,20,0
130410060042001,ela,G03,*,--
130410060042001,ela,G04,13,.385
130410060042001,ela,G05,11,.455
130410060042001,ela,G06,*,--
130410060042001,ela,G07,*,--
130410060042001,ela,G08,*,--
130410060042001,math,G03,*,--
130410060042001,math,G04,13,.154
130410060042001,math,G05,11,.364
130410060042001,math,G06,*,--
130410060042001,math,G07,*,--
130410060042001,math,G08,*,--
130410120042001,ela,G03,*,--
130410120042001,ela,G04,*,--
130410120042001,ela,G05,*,--
130410120042001,ela,G06,*,--
130410120042001,ela,G07,*,--
130410120042001,ela,G08,*,--
130410120042001,math,G03,*,--
130410120042001,math,G04,*,--
130410120042001,math,G05,*,--
130410120042001,math,G06,*,--
130410120042001,math,G07,*,--
130410120042001,math,G08,*,--
130410790022001,ela,G03,32,.219
130410790022001,ela,G04,33,.364
130410790022001,ela,G05,21,.286
130410790022001,ela,G06,34,.853
130410790022001,ela,G07,26,.462
130410790022001,ela,G08,17,.706
130410790022001,math,G03,32,.469
130410790022001,math,G04,33,.485
130410790022001,math,G05,21,.428
130410790022001,math,G06,34,.559
130410790022001,math,G07,26,.385
130410790022001,math,G08,17,.882
130410800021001,ela,G05,*,--
130410800021001,ela,G06,126,.23
130410800021001,ela,G07,112,.188
130410800021001,ela,G08,140,.342
130410800021001,math,G05,*,--
130410800021001,math,G06,126,.079
130410800021001,math,G07,112,.107
130410800021001,math,G08,140,.085
130410800022002,ela,G04,132,.204
130410800022002,ela,G05,140,.246
130410800022002,ela,G07,*,--
130410800022002,math,G04,132,.061
130410800022002,math,G05,140,.101
130410800022002,math,G07,*,--
130410800022008,ela,G03,132,.136
130410800022008,ela,G04,*,--
130410800022008,math,G03,132,.129
130410800022008,math,G04,*,--
130410820022001,ela,G03,18,.389
130410820022001,ela,G04,19,.631
130410820022001,ela,G05,16,.063
130410820022001,ela,G06,11,.273
130410820022001,ela,G07,14,.071
130410820022001,ela,G08,17,.706
130410820022001,math,G03,18,.556
130410820022001,math,G04,19,.474
130410820022001,math,G05,16,.063
130410820022001,math,G06,11,.182
130410820022001,math,G07,14,0
130410820022001,math,G08,17,.353
130410990042001,ela,G03,*,--
130410990042001,ela,G04,*,--
130410990042001,ela,G05,*,--
130410990042001,ela,G06,*,--
130410990042001,ela,G07,*,--
130410990042001,ela,G08,*,--
130410990042001,math,G03,*,--
130410990042001,math,G04,*,--
130410990042001,math,G05,*,--
130410990042001,math,G06,*,--
130410990042001,math,G07,*,--
130410990042001,math,G08,*,--
130411780042001,ela,G03,22,.272
130411780042001,ela,G04,24,.25
130411780042001,math,G03,22,.136
130411780042001,math,G04,24,.042
130411780042002,ela,G05,26,.308
130411780042002,ela,G06,23,.478
130411780042002,ela,G07,23,.652
130411780042002,ela,G08,14,.714
130411780042002,math,G05,26,.115
130411780042002,math,G06,23,.13
130411780042002,math,G07,23,.13
130411780042002,math,G08,14,.071
130412090272001,ela,G03,39,.103
130412090272001,ela,G04,39,.308
130412090272001,ela,G05,35,.343
130412090272001,ela,G06,40,.425
130412090272001,ela,G07,23,.174
130412090272001,ela,G08,34,.382
130412090272001,math,G03,39,.18
130412090272001,math,G04,39,.359
130412090272001,math,G05,35,.286
130412090272001,math,G06,40,.2
130412090272001,math,G07,23,.13
130412090272001,math,G08,34,.324
130413180272001,ela,G03,29,.172
130413180272001,ela,G04,27,.259
130413180272001,ela,G05,26,.231
130413180272001,ela,G06,30,.533
130413180272001,ela,G07,21,.286
130413180272001,ela,G08,28,.429
130413180272001,math,G03,29,.172
130413180272001,math,G04,27,.037
130413180272001,math,G05,26,.115
130413180272001,math,G06,30,.133
130413180272001,math,G07,21,.143
130413180272001,math,G08,28,.107
130580010032001,ela,G03,27,.518
130580010032001,ela,G04,20,.45
130580010032001,ela,G05,20,.45
130580010032001,ela,G06,15,.267
130580010032001,ela,G07,23,.304
130580010032001,ela,G08,19,.579
130580010032001,math,G03,27,.296
130580010032001,math,G04,20,.45
130580010032001,math,G05,20,.1
130580010032001,math,G06,15,.2
130580010032001,math,G07,23,.304
130580010032001,math,G08,19,.211
130580020032001,ela,G03,*,--
130580020032001,ela,G04,*,--
130580020032001,ela,G05,*,--
130580020032001,ela,G06,*,--
130580020032001,ela,G07,*,--
130580020032001,ela,G08,12,.417
130580020032001,math,G03,*,--
130580020032001,math,G04,*,--
130580020032001,math,G05,*,--
130580020032001,math,G06,*,--
130580020032001,math,G07,*,--
130580020032001,math,G08,12,.083
130580070042001,ela,G03,20,.45
130580070042001,ela,G04,29,.724
130580070042001,ela,G05,25,.64
130580070042001,ela,G06,22,.772
130580070042001,ela,G07,24,.5
130580070042001,ela,G08,19,.895
130580070042001,math,G03,20,.55
130580070042001,math,G04,29,.586
130580070042001,math,G05,25,.52
130580070042001,math,G06,22,.364
130580070042001,math,G07,24,.25
130580070042001,math,G08,19,.474
130580100042003,ela,G03,22,.181
130580100042003,ela,G04,27,.296
130580100042003,ela,G05,27,.444
130580100042003,ela,G06,23,.304
130580100042003,ela,G07,27,.592
130580100042003,ela,G08,37,.676
130580100042003,math,G03,22,.091
130580100042003,math,G04,27,.074
130580100042003,math,G05,27,.074
130580100042003,math,G06,23,.13
130580100042003,math,G07,27,.074
130580100042003,math,G08,37,.081
130581000261001,ela,G06,11,.364
130581000261001,ela,G07,17,.059
130581000261001,ela,G08,15,.333
130581000261001,math,G06,11,.182
130581000261001,math,G07,17,.176
130581000261001,math,G08,15,.067
130581000262001,ela,G03,18,.167
130581000262001,ela,G04,14,.214
130581000262001,ela,G05,20,.5
130581000262001,math,G03,18,.278
130581000262001,math,G04,14,.071
130581000262001,math,G05,20,.1
130581110022004,ela,G03,77,.403
130581110022004,math,G03,77,.468
130581110022005,ela,G04,104,.375
130581110022005,ela,G05,92,.315
130581110022005,ela,G06,87,.816
130581110022005,ela,G07,92,.674
130581110022005,ela,G08,104,.77
130581110022005,math,G04,104,.231
130581110022005,math,G05,92,.12
130581110022005,math,G06,87,.172
130581110022005,math,G07,92,.272
130581110022005,math,G08,104,.288
130581330022001,ela,G03,31,.517
130581330022001,ela,G04,24,.709
130581330022001,ela,G05,36,.5
130581330022001,ela,G06,28,.429
130581330022001,ela,G07,27,.518
130581330022001,ela,G08,37,.378
130581330022001,math,G03,32,.312
130581330022001,math,G04,24,.417
130581330022001,math,G05,36,.278
130581330022001,math,G06,28,.071
130581330022001,math,G07,27,.259
130581330022001,math,G08,37,.081
130581350022006,ela,G03,101,.257
130581350022006,ela,G07,*,--
130581350022006,math,G03,101,.139
130581350022006,math,G07,*,--
130581350022007,ela,G04,97,.227
130581350022007,ela,G05,111,.282
130581350022007,ela,G06,108,.324
130581350022007,ela,G07,128,.297
130581350022007,ela,G08,116,.457
130581350022007,math,G04,97,.041
130581350022007,math,G05,111,.064
130581350022007,math,G06,110,.027
130581350022007,math,G07,128,.063
130581350022007,math,G08,116,.086
130584010261001,ela,G06,55,.127
130584010261001,ela,G07,45,.067
130584010261001,ela,G08,48,.229
130584010261001,math,G06,55,.055
130584010261001,math,G07,44,.136
130584010261001,math,G08,48,.021
130584010262002,ela,G03,39,.077
130584010262002,ela,G04,56,.482
130584010262002,ela,G05,45,.311
130584010262002,math,G03,39,.077
130584010262002,math,G04,56,.393
130584010262002,math,G05,45,.067
130585010261002,ela,G06,28,.179
130585010261002,ela,G07,35,.029
130585010261002,ela,G08,30,.267
130585010261002,math,G06,28,0
130585010261002,math,G07,35,.057
130585010261002,math,G08,30,.1
130585010262002,ela,G03,33,.152
130585010262002,ela,G04,34,.176
130585010262002,ela,G05,28,.143
130585010262002,math,G03,33,.152
130585010262002,math,G04,34,.059
130585010262002,math,G05,28,.036
130587220262001,ela,G03,13,.077
130587220262001,ela,G04,17,.235
130587220262001,ela,G05,17,.176
130587220262001,ela,G06,18,.056
130587220262001,ela,G07,*,--
130587220262001,ela,G08,19,.211
130587220262001,math,G03,13,.077
130587220262001,math,G04,17,.235
130587220262001,math,G05,17,.059
130587220262001,math,G06,18,0
130587220262001,math,G07,*,--
130587220262001,math,G08,19,0
130950010042001,ela,G03,*,--
130950010042001,ela,G04,*,--
130950010042001,ela,G05,*,--
130950010042001,ela,G06,*,--
130950010042001,ela,G07,*,--
130950010042001,ela,G08,*,--
130950010042001,math,G03,*,--
130950010042001,math,G04,*,--
130950010042001,math,G05,*,--
130950010042001,math,G06,*,--
130950010042001,math,G07,*,--
130950010042001,math,G08,*,--
130950100260001,ela,G07,31,.549
130950100260001,ela,G08,33,.576
130950100260001,math,G07,31,.517
130950100260001,math,G08,33,.272
130950100262003,ela,G03,36,.194
130950100262003,ela,G04,40,.9
130950100262003,ela,G05,35,.371
130950100262003,ela,G06,32,.687
130950100262003,math,G03,36,.5
130950100262003,math,G04,40,.775
130950100262003,math,G05,35,.257
130950100262003,math,G06,32,.312
130950110042001,ela,G03,*,--
130950110042001,ela,G04,13,.154
130950110042001,ela,G05,*,--
130950110042001,ela,G06,*,--
130950110042001,ela,G07,*,--
130950110042001,ela,G08,*,--
130950110042001,math,G03,*,--
130950110042001,math,G04,13,0
130950110042001,math,G05,*,--
130950110042001,math,G06,*,--
130950110042001,math,G07,*,--
130950110042001,math,G08,*,--
130950150042001,ela,G03,15,0
130950150042001,ela,G04,18,.222
130950150042001,ela,G05,10,.6
130950150042001,ela,G06,*,--
130950150042001,ela,G07,16,.063
130950150042001,ela,G08,*,--
130950150042001,math,G03,15,.133
130950150042001,math,G04,18,.111
130950150042001,math,G05,10,.5
130950150042001,math,G06,*,--
130950150042001,math,G07,16,.25
130950150042001,math,G08,*,--
130950490042002,ela,G03,75,.173
130950490042002,ela,G04,55,.309
130950490042002,ela,G05,61,.426
130950490042002,ela,G06,56,.25
130950490042002,ela,G07,68,.265
130950490042002,ela,G08,53,.434
130950490042002,math,G03,75,.266
130950490042002,math,G04,55,.327
130950490042002,math,G05,61,.197
130950490042002,math,G06,56,.125
130950490042002,math,G07,68,.368
130950490042002,math,G08,53,.415
150162990250023,ela,G07,51,0
150162990250023,ela,G08,78,.051
150162990250023,math,G07,48,0
150162990250023,math,G08,77,.013
150162990250025,ela,G07,144,.722
150162990250025,ela,G08,135,.63
150162990250025,math,G07,144,.604
150162990250025,math,G08,132,.378
150162990250027,ela,G07,91,.956
150162990250027,ela,G08,74,.905
150162990250027,math,G07,104,.962
150162990250027,math,G08,93,.957
150162990250031,ela,G07,44,.477
150162990250031,ela,G08,11,.818
150162990250031,math,G07,44,.091
150162990250031,math,G08,11,.091
150162990250043,ela,G07,82,.817
150162990250043,ela,G08,80,.813
150162990250043,math,G07,80,.738
150162990250043,math,G08,80,.688
150162990250053,ela,G07,70,.415
150162990250053,ela,G08,90,.433
150162990250053,math,G07,70,.243
150162990250053,math,G08,90,.189
15016299025022C,ela,G07,136,.287
15016299025022C,ela,G08,138,.282
15016299025022C,math,G07,135,.111
15016299025022C,math,G08,138,.101
15016299025032C,ela,G06,47,.34
15016299025032C,ela,G07,100,.34
15016299025032C,ela,G08,117,.461
15016299025032C,math,G06,47,.128
15016299025032C,math,G07,100,.14
15016299025032C,math,G08,115,.096
15016299025049C,ela,G03,41,.073
15016299025049C,ela,G04,37,.108
15016299025049C,ela,G05,40,.15
15016299025049C,ela,G06,47,.191
15016299025049C,ela,G07,39,.179
15016299025049C,ela,G08,42,.19
15016299025049C,math,G03,41,.122
15016299025049C,math,G04,37,.027
15016299025049C,math,G05,40,.075
15016299025049C,math,G06,47,.021
15016299025049C,math,G07,39,.026
15016299025049C,math,G08,42,0
15016299025050C,ela,G06,15,.067
15016299025050C,ela,G07,18,.056
15016299025050C,ela,G08,18,.278
15016299025050C,math,G06,15,.067
15016299025050C,math,G07,18,.056
15016299025050C,math,G08,18,0
15016299025051C,ela,G06,22,.045
15016299025051C,ela,G07,69,.174
15016299025051C,ela,G08,66,.273
15016299025051C,math,G06,22,0
15016299025051C,math,G07,69,0
15016299025051C,math,G08,66,.076
15016299025053C,ela,G07,*,--
15016299025053C,ela,G08,29,.414
15016299025053C,math,G07,*,--
15016299025053C,math,G08,29,.034
150162990250545,ela,G08,*,--
150162990250545,math,G08,*,--
150162990250764,ela,G07,136,.978
150162990250764,ela,G08,134,.955
150162990250764,math,G07,137,.956
150162990250764,math,G08,135,.978
150162990250788,ela,G07,60,.734
150162990250788,ela,G08,61,.738
150162990250788,math,G07,60,.6
150162990250788,math,G08,61,.36
150162990250833,ela,G07,111,.621
150162990250833,ela,G08,116,.328
150162990250833,math,G07,112,.375
150162990250833,math,G08,118,.271
150162990250849,ela,G03,*,--
150162990250849,math,G03,*,--
15016299025101C,ela,G03,85,.118
15016299025101C,ela,G04,84,.202
15016299025101C,ela,G05,57,.053
15016299025101C,ela,G06,62,.129
15016299025101C,ela,G07,69,.275
15016299025101C,ela,G08,78,.218
15016299025101C,math,G03,85,.153
15016299025101C,math,G04,84,.024
15016299025101C,math,G05,57,.035
15016299025101C,math,G06,62,.032
15016299025101C,math,G07,69,.057
15016299025101C,math,G08,78,.038
15016299025103C,ela,G03,111,.099
15016299025103C,ela,G04,114,.149
15016299025103C,ela,G05,108,.167
15016299025103C,ela,G06,59,.288
15016299025103C,ela,G07,94,.234
15016299025103C,ela,G08,78,.27
15016299025103C,math,G03,111,.198
15016299025103C,math,G04,114,.088
15016299025103C,math,G05,108,.083
15016299025103C,math,G06,59,.051
15016299025103C,math,G07,94,.021
15016299025103C,math,G08,78,.077
15016299025107C,ela,G06,85,.271
15016299025107C,ela,G07,76,.184
15016299025107C,ela,G08,89,.169
15016299025107C,math,G06,85,.059
15016299025107C,math,G07,78,.026
15016299025107C,math,G08,90,.056
15016299025109C,ela,G07,89,.247
15016299025109C,ela,G08,92,.294
15016299025109C,math,G07,89,.079
15016299025109C,math,G08,90,.122
15016299025110C,ela,G06,19,.105
15016299025110C,ela,G07,36,.222
15016299025110C,ela,G08,44,.273
15016299025110C,math,G06,19,0
15016299025110C,math,G07,36,.111
15016299025110C,math,G08,44,.023
15016299025111C,ela,G07,18,.111
15016299025111C,ela,G08,31,.226
15016299025111C,math,G07,18,0
15016299025111C,math,G08,31,.032
150162990252046,ela,G03,20,0
150162990252046,ela,G04,33,.03
150162990252046,ela,G05,27,.037
150162990252046,ela,G06,28,.179
150162990252046,ela,G07,21,.381
150162990252046,ela,G08,30,.167
150162990252046,math,G03,20,.05
150162990252046,math,G04,33,0
150162990252046,math,G05,27,0
150162990252046,math,G06,28,0
150162990252046,math,G07,21,.095
150162990252046,math,G08,30,.066
150162990252048,ela,G03,27,.185
150162990252048,ela,G04,28,.107
150162990252048,ela,G05,23,.174
150162990252048,ela,G06,30,.434
150162990252048,ela,G07,34,.294
150162990252048,ela,G08,32,.344
150162990252048,math,G03,27,.037
150162990252048,math,G04,28,.036
150162990252048,math,G05,23,0
150162990252048,math,G06,30,.166
150162990252048,math,G07,34,.029
150162990252048,math,G08,32,.063
150162990252051,ela,G03,44,.182
150162990252051,ela,G04,55,.182
150162990252051,ela,G05,61,.295
150162990252051,ela,G06,49,.53
150162990252051,ela,G07,56,.5
150162990252051,ela,G08,59,.356
150162990252051,math,G03,44,.136
150162990252051,math,G04,55,.109
150162990252051,math,G05,60,.083
150162990252051,math,G06,49,.082
150162990252051,math,G07,56,.393
150162990252051,math,G08,59,.186
150162990252052,ela,G03,36,.083
150162990252052,ela,G04,36,.612
150162990252052,ela,G05,28,.429
150162990252052,ela,G06,23,.435
150162990252052,ela,G07,43,.279
150162990252052,ela,G08,29,.448
150162990252052,math,G03,36,.195
150162990252052,math,G04,36,.417
150162990252052,math,G05,27,.296
150162990252052,math,G06,23,.174
150162990252052,math,G07,43,.233
150162990252052,math,G08,30,.2
150162990252053,ela,G03,50,.58
150162990252053,ela,G04,55,.637
150162990252053,ela,G05,54,.778
150162990252053,ela,G06,54,.815
150162990252053,ela,G07,37,.756
150162990252053,ela,G08,55,.691
150162990252053,math,G03,50,.66
150162990252053,math,G04,55,.436
150162990252053,math,G05,54,.723
150162990252053,math,G06,54,.371
150162990252053,math,G07,37,.811
150162990252053,math,G08,55,.582
150162990252054,ela,G03,28,.107
150162990252054,ela,G04,21,.095
150162990252054,ela,G05,24,.083
150162990252054,ela,G06,20,.45
150162990252054,ela,G07,30,.333
150162990252054,ela,G08,27,.296
150162990252054,math,G03,28,.036
150162990252054,math,G04,21,0
150162990252054,math,G05,24,0
150162990252054,math,G06,20,0
150162990252054,math,G07,30,0
150162990252054,math,G08,27,.037
150162990252058,ela,G03,19,.316
150162990252058,ela,G04,30,.333
150162990252058,ela,G05,23,.304
150162990252058,ela,G06,21,.381
150162990252058,ela,G07,28,.571
150162990252058,ela,G08,28,.607
150162990252058,math,G03,19,.263
150162990252058,math,G04,30,.1
150162990252058,math,G05,23,.13
150162990252058,math,G06,21,.143
150162990252058,math,G07,28,.25
150162990252058,math,G08,28,.142
150162990252059,ela,G03,131,.329
150162990252059,ela,G04,142,.338
150162990252059,ela,G05,137,.321
150162990252059,ela,G06,126,.468
150162990252059,ela,G07,141,.646
150162990252059,ela,G08,136,.463
150162990252059,math,G03,131,.374
150162990252059,math,G04,142,.274
150162990252059,math,G05,137,.248
150162990252059,math,G06,126,.294
150162990252059,math,G07,141,.341
150162990252059,math,G08,136,.205
150162990252062,ela,G03,54,.575
150162990252062,ela,G04,41,.829
150162990252062,ela,G05,46,.783
150162990252062,ela,G06,49,.877
150162990252062,ela,G07,48,.667
150162990252062,ela,G08,38,.895
150162990252062,math,G03,54,.611
150162990252062,math,G04,41,.707
150162990252062,math,G05,46,.645
150162990252062,math,G06,49,.796
150162990252062,math,G07,48,.48
150162990252062,math,G08,38,.605
150162990252063,ela,G03,26,.154
150162990252063,ela,G04,20,.2
150162990252063,ela,G05,21,.143
150162990252063,ela,G06,15,.4
150162990252063,ela,G07,27,.444
150162990252063,ela,G08,23,.391
150162990252063,math,G03,26,.038
150162990252063,math,G04,20,.15
150162990252063,math,G05,21,.095
150162990252063,math,G06,15,0
150162990252063,math,G07,27,.037
150162990252063,math,G08,23,.043
150162990252066,ela,G03,25,.28
150162990252066,ela,G04,23,.391
150162990252066,ela,G05,27,.111
150162990252066,ela,G06,25,.24
150162990252066,ela,G07,30,.233
150162990252066,ela,G08,32,.219
150162990252066,math,G03,25,.2
150162990252066,math,G04,23,.13
150162990252066,math,G05,27,.037
150162990252066,math,G06,25,.04
150162990252066,math,G07,29,.069
150162990252066,math,G08,33,.03
150162990252067,ela,G03,72,.056
150162990252067,ela,G04,52,.115
150162990252067,ela,G05,63,.111
150162990252067,ela,G06,61,.262
150162990252067,math,G03,72,.222
150162990252067,math,G04,52,.019
150162990252067,math,G05,63,0
150162990252067,math,G06,61,.016
150162990252068,ela,G03,39,.103
150162990252068,ela,G04,36,.222
150162990252068,ela,G05,30,.067
150162990252068,ela,G06,35,.086
150162990252068,ela,G07,39,.103
150162990252068,ela,G08,47,.085
150162990252068,math,G03,39,.051
150162990252068,math,G04,37,.054
150162990252068,math,G05,32,0
150162990252068,math,G06,35,0
150162990252068,math,G07,38,.026
150162990252068,math,G08,48,0
150162990252069,ela,G03,34,.088
150162990252069,ela,G04,25,0
150162990252069,ela,G05,34,.147
150162990252069,ela,G06,31,.194
150162990252069,ela,G07,28,.214
150162990252069,ela,G08,21,.143
150162990252069,math,G03,34,.029
150162990252069,math,G04,25,.04
150162990252069,math,G05,34,.059
150162990252069,math,G06,31,.032
150162990252069,math,G07,28,.036
150162990252069,math,G08,20,0
15016299025206C,ela,G03,48,.438
15016299025206C,ela,G04,34,.176
15016299025206C,ela,G05,31,.323
15016299025206C,ela,G06,30,.533
15016299025206C,ela,G07,33,.455
15016299025206C,ela,G08,33,.576
15016299025206C,math,G03,48,.23
15016299025206C,math,G04,34,.059
15016299025206C,math,G05,31,.097
15016299025206C,math,G06,30,.167
15016299025206C,math,G07,33,.121
15016299025206C,math,G08,33,.212
150162990252070,ela,G03,110,.281
150162990252070,ela,G04,99,.172
150162990252070,ela,G05,99,.273
150162990252070,ela,G06,87,.356
150162990252070,ela,G07,86,.233
150162990252070,ela,G08,76,.407
150162990252070,math,G03,110,.254
150162990252070,math,G04,99,.071
150162990252070,math,G05,99,.081
150162990252070,math,G06,87,.138
150162990252070,math,G07,84,.179
150162990252070,math,G08,76,.263
150162990252072,ela,G03,41,.049
150162990252072,ela,G04,39,.128
150162990252072,ela,G05,48,.021
150162990252072,ela,G06,58,.224
150162990252072,ela,G07,36,.083
150162990252072,ela,G08,51,.137
150162990252072,math,G03,40,.1
150162990252072,math,G04,39,.026
150162990252072,math,G05,48,0
150162990252072,math,G06,58,.017
150162990252072,math,G07,36,.028
150162990252072,math,G08,50,0
150162990252078,ela,G03,109,.533
150162990252078,ela,G04,109,.652
150162990252078,ela,G05,102,.607
150162990252078,ela,G06,106,.538
150162990252078,ela,G07,107,.673
150162990252078,ela,G08,111,.613
150162990252078,math,G03,109,.615
150162990252078,math,G04,109,.449
150162990252078,math,G05,102,.343
150162990252078,math,G06,106,.302
150162990252078,math,G07,107,.42
150162990252078,math,G08,111,.333
150162990252079,ela,G03,25,.04
150162990252079,ela,G04,22,0
150162990252079,ela,G05,23,.087
150162990252079,ela,G06,36,.222
150162990252079,ela,G07,27,.037
150162990252079,ela,G08,23,.13
150162990252079,math,G03,25,0
150162990252079,math,G04,22,0
150162990252079,math,G05,23,0
150162990252079,math,G06,36,.028
150162990252079,math,G07,27,0
150162990252079,math,G08,23,.087
150162990252080,ela,G03,38,.026
150162990252080,ela,G04,29,.069
150162990252080,ela,G05,28,.071
150162990252080,ela,G06,21,.048
150162990252080,ela,G07,24,.292
150162990252080,ela,G08,26,.231
150162990252080,math,G03,38,.026
150162990252080,math,G04,29,0
150162990252080,math,G05,28,0
150162990252080,math,G06,21,.333
150162990252080,math,G07,24,.125
150162990252080,math,G08,26,.038
150162990252081,ela,G03,56,.429
150162990252081,ela,G04,67,.418
150162990252081,ela,G05,56,.358
150162990252081,ela,G06,47,.554
150162990252081,ela,G07,52,.558
150162990252081,ela,G08,61,.361
150162990252081,math,G03,56,.482
150162990252081,math,G04,67,.344
150162990252081,math,G05,56,.428
150162990252081,math,G06,47,.426
150162990252081,math,G07,52,.461
150162990252081,math,G08,61,.131
150162990252082,ela,G03,88,.75
150162990252082,ela,G04,101,.851
150162990252082,ela,G05,88,.739
150162990252082,ela,G06,104,.74
150162990252082,ela,G07,89,.753
150162990252082,ela,G08,79,.76
150162990252082,math,G03,88,.625
150162990252082,math,G04,101,.802
150162990252082,math,G05,88,.591
150162990252082,math,G06,104,.5
150162990252082,math,G07,89,.663
150162990252082,math,G08,79,.633
150162990252083,ela,G03,23,.217
150162990252083,ela,G04,35,.143
150162990252083,ela,G05,27,.259
150162990252083,ela,G06,26,.231
150162990252083,ela,G07,23,.261
150162990252083,ela,G08,30,.167
150162990252083,math,G03,23,.043
150162990252083,math,G04,35,0
150162990252083,math,G05,27,.037
150162990252083,math,G06,26,0
150162990252083,math,G07,22,0
150162990252083,math,G08,30,.067
150162990252086,ela,G03,38,.79
150162990252086,ela,G04,36,.611
150162990252086,ela,G05,39,.589
150162990252086,ela,G06,45,.4
150162990252086,ela,G07,39,.411
150162990252086,ela,G08,41,.586
150162990252086,math,G03,38,.448
150162990252086,math,G04,36,.778
150162990252086,math,G05,39,.154
150162990252086,math,G06,45,.2
150162990252086,math,G07,39,.231
150162990252086,math,G08,41,.317
150162990252087,ela,G03,66,.651
150162990252087,ela,G04,67,.761
150162990252087,ela,G05,55,.691
150162990252087,ela,G06,54,.814
150162990252087,ela,G07,67,.538
150162990252087,ela,G08,48,.792
150162990252087,math,G03,66,.652
150162990252087,math,G04,67,.702
150162990252087,math,G05,55,.764
150162990252087,math,G06,54,.741
150162990252087,math,G07,67,.463
150162990252087,math,G08,48,.709
150162990252088,ela,G03,25,0
150162990252088,ela,G04,27,.259
150162990252088,ela,G05,23,.087
150162990252088,ela,G06,16,.188
150162990252088,ela,G07,17,.176
150162990252088,ela,G08,18,.111
150162990252088,math,G03,24,.125
150162990252088,math,G04,27,.037
150162990252088,math,G05,23,.087
150162990252088,math,G06,16,.063
150162990252088,math,G07,17,0
150162990252088,math,G08,18,0
150162990252089,ela,G03,76,.066
150162990252089,ela,G04,88,.375
150162990252089,ela,G05,73,.205
150162990252089,ela,G06,67,.358
150162990252089,ela,G07,69,.217
150162990252089,ela,G08,91,.55
150162990252089,math,G03,76,.079
150162990252089,math,G04,85,.236
150162990252089,math,G05,72,.167
150162990252089,math,G06,66,.151
150162990252089,math,G07,67,.104
150162990252089,math,G08,93,.323
150162990252090,ela,G03,39,.026
150162990252090,ela,G04,32,.031
150162990252090,ela,G05,48,.063
150162990252090,ela,G06,43,.116
150162990252090,ela,G07,38,.132
150162990252090,ela,G08,40,.1
150162990252090,math,G03,41,0
150162990252090,math,G04,33,0
150162990252090,math,G05,50,0
150162990252090,math,G06,46,.022
150162990252090,math,G07,39,.077
150162990252090,math,G08,42,.024
150162990252092,ela,G03,36,.139
150162990252092,ela,G04,44,.068
150162990252092,ela,G05,43,.302
150162990252092,ela,G06,45,.244
150162990252092,ela,G07,45,.333
150162990252092,ela,G08,40,.325
150162990252092,math,G03,35,.314
150162990252092,math,G04,44,.068
150162990252092,math,G05,43,.07
150162990252092,math,G06,44,.023
150162990252092,math,G07,44,.045
150162990252092,math,G08,39,.051
150162990252093,ela,G03,50,0
150162990252093,ela,G04,38,.079
150162990252093,ela,G05,46,.087
150162990252093,ela,G06,40,.425
150162990252093,ela,G07,47,.106
150162990252093,ela,G08,41,.268
150162990252093,math,G03,50,.1
150162990252093,math,G04,38,.053
150162990252093,math,G05,46,.043
150162990252093,math,G06,40,.125
150162990252093,math,G07,47,.021
150162990252093,math,G08,41,.073
150162990252094,ela,G03,81,.382
150162990252094,ela,G04,78,.423
150162990252094,ela,G05,76,.435
150162990252094,ela,G06,68,.353
150162990252094,ela,G07,68,.353
150162990252094,ela,G08,49,.326
150162990252094,math,G03,81,.288
150162990252094,math,G04,78,.115
150162990252094,math,G05,76,.263
150162990252094,math,G06,67,.194
150162990252094,math,G07,67,.373
150162990252094,math,G08,49,.163
150162990252095,ela,G03,114,.202
150162990252095,ela,G04,105,.41
150162990252095,ela,G05,101,.406
150162990252095,ela,G06,125,.536
150162990252095,ela,G07,111,.405
150162990252095,ela,G08,102,.392
150162990252095,math,G03,114,.307
150162990252095,math,G04,105,.2
150162990252095,math,G05,100,.17
150162990252095,math,G06,124,.227
150162990252095,math,G07,111,.297
150162990252095,math,G08,102,.226
150162990252096,ela,G03,10,0
150162990252096,ela,G04,22,.045
150162990252096,ela,G05,17,0
150162990252096,ela,G06,23,.173
150162990252096,ela,G07,22,.045
150162990252096,ela,G08,20,.3
150162990252096,math,G03,10,0
150162990252096,math,G04,22,0
150162990252096,math,G05,17,0
150162990252096,math,G06,23,0
150162990252096,math,G07,22,0
150162990252096,math,G08,20,0
150162990252097,ela,G03,23,.13
150162990252097,ela,G04,26,.115
150162990252097,ela,G05,19,.053
150162990252097,ela,G06,27,.111
150162990252097,ela,G07,23,.261
150162990252097,ela,G08,24,.208
150162990252097,math,G03,23,.217
150162990252097,math,G04,26,0
150162990252097,math,G05,19,0
150162990252097,math,G06,27,.037
150162990252097,math,G07,23,.217
150162990252097,math,G08,24,0
150162990252098,ela,G03,12,.25
150162990252098,ela,G04,21,0
150162990252098,ela,G05,19,.105
150162990252098,ela,G06,14,.5
150162990252098,math,G03,11,.182
150162990252098,math,G04,21,0
150162990252098,math,G05,19,.053
150162990252098,math,G06,14,.429
150162990252100,ela,G03,51,.157
150162990252100,ela,G04,52,.135
150162990252100,ela,G05,60,.15
150162990252100,ela,G06,64,.266
150162990252100,ela,G07,52,.058
150162990252100,ela,G08,43,.116
150162990252100,math,G03,50,.06
150162990252100,math,G04,52,.019
150162990252100,math,G05,61,.082
150162990252100,math,G06,64,.094
150162990252100,math,G07,51,.059
150162990252100,math,G08,43,.163
150162990252101,ela,G03,80,.426
150162990252101,ela,G04,58,.31
150162990252101,ela,G05,62,.371
150162990252101,ela,G06,62,.435
150162990252101,ela,G07,73,.52
150162990252101,ela,G08,57,.526
150162990252101,math,G03,80,.438
150162990252101,math,G04,58,.155
150162990252101,math,G05,62,.193
150162990252101,math,G06,62,.226
150162990252101,math,G07,72,.306
150162990252101,math,G08,57,.299
150162990252102,ela,G03,62,.032
150162990252102,ela,G04,72,.056
150162990252102,ela,G05,79,.089
150162990252102,ela,G06,70,.328
150162990252102,ela,G07,71,.099
150162990252102,ela,G08,89,.281
150162990252102,math,G03,64,.047
150162990252102,math,G04,72,.069
150162990252102,math,G05,78,.038
150162990252102,math,G06,70,.057
150162990252102,math,G07,70,.071
150162990252102,math,G08,89,.135
150162990252103,ela,G03,28,0
150162990252103,ela,G04,25,.04
150162990252103,ela,G05,20,.05
150162990252103,ela,G06,29,.034
150162990252103,ela,G07,25,.04
150162990252103,ela,G08,26,.154
150162990252103,math,G03,28,0
150162990252103,math,G04,22,.045
150162990252103,math,G05,20,.05
150162990252103,math,G06,29,0
150162990252103,math,G07,25,0
150162990252103,math,G08,25,0
150162990252104,ela,G03,65,.677
150162990252104,ela,G04,56,.643
150162990252104,ela,G05,58,.62
150162990252104,ela,G06,45,.866
150162990252104,ela,G07,43,.953
150162990252104,ela,G08,50,.74
150162990252104,math,G03,65,.739
150162990252104,math,G04,56,.607
150162990252104,math,G05,58,.655
150162990252104,math,G06,45,.711
150162990252104,math,G07,43,.721
150162990252104,math,G08,49,.347
150162990252105,ela,G03,41,.098
150162990252105,ela,G04,29,.103
150162990252105,ela,G05,51,.176
150162990252105,ela,G06,38,.026
150162990252105,ela,G07,47,.149
150162990252105,ela,G08,54,.259
150162990252105,math,G03,41,.098
150162990252105,math,G04,29,0
150162990252105,math,G05,52,.038
150162990252105,math,G06,38,0
150162990252105,math,G07,47,.085
150162990252105,math,G08,54,.037
150162990252107,ela,G03,27,.185
150162990252107,ela,G04,31,.419
150162990252107,ela,G05,28,.107
150162990252107,ela,G06,23,.391
150162990252107,ela,G07,31,.452
150162990252107,ela,G08,27,.704
150162990252107,math,G03,27,.296
150162990252107,math,G04,31,.129
150162990252107,math,G05,28,.071
150162990252107,math,G06,23,.13
150162990252107,math,G07,31,.097
150162990252107,math,G08,27,.111
150162990252108,ela,G03,49,.633
150162990252108,ela,G04,47,.574
150162990252108,ela,G05,57,.562
150162990252108,ela,G06,56,.768
150162990252108,ela,G07,44,.773
150162990252108,ela,G08,58,.828
150162990252108,math,G03,49,.51
150162990252108,math,G04,47,.361
150162990252108,math,G05,57,.281
150162990252108,math,G06,56,.429
150162990252108,math,G07,44,.386
150162990252108,math,G08,58,.465
150162990252109,ela,G03,33,.03
150162990252109,ela,G04,38,.105
150162990252109,ela,G05,42,.476
150162990252109,ela,G06,30,.633
150162990252109,ela,G07,34,.617
150162990252109,ela,G08,41,.854
150162990252109,math,G03,33,.061
150162990252109,math,G04,38,.053
150162990252109,math,G05,41,.244
150162990252109,math,G06,30,0
150162990252109,math,G07,34,.294
150162990252109,math,G08,41,.439
150162990252110,ela,G03,28,.143
150162990252110,ela,G04,38,.026
150162990252110,ela,G05,24,0
150162990252110,ela,G06,33,.182
150162990252110,ela,G07,36,.139
150162990252110,ela,G08,52,.385
150162990252110,math,G03,28,.071
150162990252110,math,G04,38,0
150162990252110,math,G05,25,0
150162990252110,math,G06,32,.063
150162990252110,math,G07,37,0
150162990252110,math,G08,52,.038
150162990252112,ela,G03,74,.163
150162990252112,ela,G04,62,.355
150162990252112,ela,G05,62,.274
150162990252112,ela,G06,77,.507
150162990252112,ela,G07,53,.471
150162990252112,ela,G08,81,.419
150162990252112,math,G03,74,.162
150162990252112,math,G04,62,.129
150162990252112,math,G05,62,.177
150162990252112,math,G06,77,.182
150162990252112,math,G07,53,.17
150162990252112,math,G08,81,.136
150162990252113,ela,G03,15,0
150162990252113,ela,G04,20,.2
150162990252113,ela,G05,23,.174
150162990252113,ela,G06,24,.334
150162990252113,ela,G07,30,.166
150162990252113,ela,G08,21,.428
150162990252113,math,G03,15,.2
150162990252113,math,G04,20,.1
150162990252113,math,G05,23,.043
150162990252113,math,G06,23,0
150162990252113,math,G07,30,.067
150162990252113,math,G08,21,0
150162990252118,ela,G03,69,.116
150162990252118,ela,G04,70,.029
150162990252118,ela,G05,67,.119
150162990252118,ela,G06,77,.104
150162990252118,ela,G07,79,.14
150162990252118,ela,G08,81,.185
150162990252118,math,G03,69,.072
150162990252118,math,G04,65,.046
150162990252118,math,G05,67,0
150162990252118,math,G06,74,0
150162990252118,math,G07,78,.026
150162990252118,math,G08,81,.025
150162990252119,ela,G03,82,.366
150162990252119,ela,G04,88,.42
150162990252119,ela,G05,86,.372
150162990252119,ela,G06,79,.405
150162990252119,ela,G07,83,.603
150162990252119,ela,G08,84,.774
150162990252119,math,G03,82,.414
150162990252119,math,G04,88,.375
150162990252119,math,G05,86,.198
150162990252119,math,G06,79,.164
150162990252119,math,G07,83,.422
150162990252119,math,G08,84,.559
150162990252120,ela,G03,47,.191
150162990252120,ela,G04,42,.238
150162990252120,ela,G05,53,.434
150162990252120,ela,G06,53,.321
150162990252120,ela,G07,29,.275
150162990252120,ela,G08,59,.593
150162990252120,math,G03,47,.191
150162990252120,math,G04,42,.119
150162990252120,math,G05,53,.208
150162990252120,math,G06,53,.265
150162990252120,math,G07,29,.103
150162990252120,math,G08,59,.254
150162990252122,ela,G03,33,.212
150162990252122,ela,G04,39,.18
150162990252122,ela,G05,38,.184
150162990252122,ela,G06,48,.417
150162990252122,ela,G07,36,.278
150162990252122,ela,G08,39,.564
150162990252122,math,G03,33,.152
150162990252122,math,G04,39,.128
150162990252122,math,G05,38,.053
150162990252122,math,G06,48,.042
150162990252122,math,G07,36,.083
150162990252122,math,G08,39,.103
150162990252123,ela,G03,31,0
150162990252123,ela,G04,22,.182
150162990252123,ela,G05,20,0
150162990252123,ela,G06,30,.033
150162990252123,ela,G07,31,.097
150162990252123,ela,G08,38,.105
150162990252123,math,G03,30,.033
150162990252123,math,G04,21,.095
150162990252123,math,G05,17,.118
150162990252123,math,G06,30,0
150162990252123,math,G07,31,0
150162990252123,math,G08,37,.054
150162990252126,ela,G03,42,.547
150162990252126,ela,G04,46,.544
150162990252126,ela,G05,39,.538
150162990252126,ela,G06,32,.5
150162990252126,ela,G07,36,.639
150162990252126,ela,G08,42,.714
150162990252126,math,G03,42,.476
150162990252126,math,G04,46,.369
150162990252126,math,G05,39,.359
150162990252126,math,G06,32,.313
150162990252126,math,G07,36,.333
150162990252126,math,G08,42,.381
150162990252127,ela,G03,26,.038
150162990252127,ela,G04,30,.067
150162990252127,ela,G05,25,.28
150162990252127,ela,G06,42,.143
150162990252127,ela,G07,33,.151
150162990252127,ela,G08,38,.263
150162990252127,math,G03,26,.038
150162990252127,math,G04,30,0
150162990252127,math,G05,24,.083
150162990252127,math,G06,42,.048
150162990252127,math,G07,33,.03
150162990252127,math,G08,38,.079
150162990252128,ela,G03,22,.227
150162990252128,ela,G04,20,.25
150162990252128,ela,G05,28,.071
150162990252128,ela,G06,25,.2
150162990252128,ela,G07,24,.167
150162990252128,ela,G08,25,.16
150162990252128,math,G03,22,0
150162990252128,math,G04,20,0
150162990252128,math,G05,28,.071
150162990252128,math,G06,25,0
150162990252128,math,G07,24,.042
150162990252128,math,G08,25,.08
150162990252129,ela,G03,51,.628
150162990252129,ela,G04,65,.461
150162990252129,ela,G05,51,.589
150162990252129,ela,G06,54,.537
150162990252129,ela,G07,55,.546
150162990252129,ela,G08,46,.391
150162990252129,math,G03,51,.47
150162990252129,math,G04,65,.431
150162990252129,math,G05,51,.254
150162990252129,math,G06,54,.333
150162990252129,math,G07,56,.464
150162990252129,math,G08,46,.217
150162990252130,ela,G03,44,.205
150162990252130,ela,G04,22,.318
150162990252130,ela,G05,27,.333
150162990252130,ela,G06,26,.346
150162990252130,ela,G07,32,.469
150162990252130,ela,G08,31,.452
150162990252130,math,G03,44,.159
150162990252130,math,G04,22,.181
150162990252130,math,G05,27,.111
150162990252130,math,G06,26,.077
150162990252130,math,G07,32,.063
150162990252130,math,G08,31,.129
150162990252132,ela,G03,51,.255
150162990252132,ela,G04,63,.191
150162990252132,ela,G05,57,.123
150162990252132,ela,G06,66,.242
150162990252132,ela,G07,65,.292
150162990252132,ela,G08,64,.453
150162990252132,math,G03,51,.137
150162990252132,math,G04,62,.113
150162990252132,math,G05,57,.07
150162990252132,math,G06,66,.076
150162990252132,math,G07,64,.125
150162990252132,math,G08,64,.219
150162990252133,ela,G03,44,.136
150162990252133,ela,G04,41,.39
150162990252133,ela,G05,36,.111
150162990252133,ela,G06,47,.213
150162990252133,ela,G07,45,.266
150162990252133,ela,G08,36,.5
150162990252133,math,G03,44,.137
150162990252133,math,G04,41,.073
150162990252133,math,G05,36,.111
150162990252133,math,G06,47,0
150162990252133,math,G07,45,.044
150162990252133,math,G08,36,.167
150162990252134,ela,G03,101,.208
150162990252134,ela,G04,119,.193
150162990252134,ela,G05,123,.195
150162990252134,ela,G06,115,.269
150162990252134,ela,G07,111,.369
150162990252134,ela,G08,108,.343
150162990252134,math,G03,101,.159
150162990252134,math,G04,119,.184
150162990252134,math,G05,123,.089
150162990252134,math,G06,115,.113
150162990252134,math,G07,111,.243
150162990252134,math,G08,108,.333
150162990252135,ela,G03,34,.441
150162990252135,ela,G04,43,.14
150162990252135,ela,G05,38,.132
150162990252135,ela,G06,48,.208
150162990252135,ela,G07,34,.176
150162990252135,ela,G08,48,.417
150162990252135,math,G03,34,.324
150162990252135,math,G04,43,.093
150162990252135,math,G05,37,.027
150162990252135,math,G06,48,0
150162990252135,math,G07,33,.03
150162990252135,math,G08,48,.083
150162990252136,ela,G03,18,0
150162990252136,ela,G04,19,.105
150162990252136,ela,G05,29,.138
150162990252136,ela,G06,25,.24
150162990252136,ela,G07,25,.2
150162990252136,ela,G08,34,.176
150162990252136,math,G03,18,.056
150162990252136,math,G04,19,.053
150162990252136,math,G05,29,0
150162990252136,math,G06,25,.292
150162990252136,math,G07,25,0
150162990252136,math,G08,34,0
150162990252138,ela,G03,31,.258
150162990252138,ela,G04,29,.069
150162990252138,ela,G05,34,.206
150162990252138,ela,G06,30,.2
150162990252138,ela,G07,32,.406
150162990252138,ela,G08,30,.367
150162990252138,math,G03,31,.161
150162990252138,math,G04,29,0
150162990252138,math,G05,34,.059
150162990252138,math,G06,30,.2
150162990252138,math,G07,32,.281
150162990252138,math,G08,30,.3
150162990252139,ela,G03,36,0
150162990252139,ela,G04,32,.125
150162990252139,ela,G05,31,.097
150162990252139,ela,G06,21,.333
150162990252139,ela,G07,30,.167
150162990252139,ela,G08,29,.379
150162990252139,math,G03,36,.028
150162990252139,math,G04,32,.031
150162990252139,math,G05,31,.065
150162990252139,math,G06,21,0
150162990252139,math,G07,30,0
150162990252139,math,G08,29,.034
150162990252141,ela,G03,77,.507
150162990252141,ela,G04,70,.543
150162990252141,ela,G05,85,.683
150162990252141,ela,G06,110,.782
150162990252141,ela,G07,94,.787
150162990252141,ela,G08,96,.833
150162990252141,math,G03,77,.675
150162990252141,math,G04,70,.429
150162990252141,math,G05,85,.612
150162990252141,math,G06,109,.614
150162990252141,math,G07,94,.639
150162990252141,math,G08,96,.573
150162990252142,ela,G03,43,.163
150162990252142,ela,G04,45,.222
150162990252142,ela,G05,48,.125
150162990252142,ela,G06,58,.086
150162990252142,ela,G07,54,.167
150162990252142,ela,G08,54,.185
150162990252142,math,G03,43,.163
150162990252142,math,G04,45,.111
150162990252142,math,G05,48,.083
150162990252142,math,G06,58,.017
150162990252142,math,G07,54,.093
150162990252142,math,G08,54,.056
150162990252145,ela,G03,38,0
150162990252145,ela,G04,40,.05
150162990252145,ela,G05,45,.044
150162990252145,ela,G06,48,.042
150162990252145,ela,G07,45,.178
150162990252145,ela,G08,49,.184
150162990252145,math,G03,38,0
150162990252145,math,G04,40,.025
150162990252145,math,G05,45,.022
150162990252145,math,G06,48,.042
150162990252145,math,G07,43,.14
150162990252145,math,G08,48,.063
150162990252147,ela,G03,*,--
150162990252147,ela,G04,16,0
150162990252147,ela,G05,16,.188
150162990252147,ela,G06,23,.174
150162990252147,ela,G07,13,0
150162990252147,ela,G08,10,0
150162990252147,math,G03,*,--
150162990252147,math,G04,16,0
150162990252147,math,G05,16,.063
150162990252147,math,G06,23,0
150162990252147,math,G07,13,0
150162990252147,math,G08,10,0
150162990252148,ela,G03,48,.167
150162990252148,ela,G04,48,.313
150162990252148,ela,G05,42,.262
150162990252148,ela,G06,47,.426
150162990252148,ela,G07,55,.418
150162990252148,ela,G08,35,.515
150162990252148,math,G03,48,.208
150162990252148,math,G04,48,.125
150162990252148,math,G05,42,.071
150162990252148,math,G06,47,.043
150162990252148,math,G07,55,.091
150162990252148,math,G08,35,.115
150162990252149,ela,G03,53,.019
150162990252149,ela,G04,46,.022
150162990252149,ela,G05,49,.102
150162990252149,ela,G06,53,.075
150162990252149,ela,G07,49,.102
150162990252149,ela,G08,53,.113
150162990252149,math,G03,52,.038
150162990252149,math,G04,46,0
150162990252149,math,G05,47,0
150162990252149,math,G06,54,0
150162990252149,math,G07,46,.087
150162990252149,math,G08,52,.058
15016299025214C,ela,G03,40,.075
15016299025214C,ela,G04,38,.026
15016299025214C,ela,G05,34,.206
15016299025214C,ela,G06,46,.087
15016299025214C,ela,G07,18,.167
15016299025214C,ela,G08,38,.421
15016299025214C,math,G03,42,.167
15016299025214C,math,G04,36,.028
15016299025214C,math,G05,34,.147
15016299025214C,math,G06,46,.022
15016299025214C,math,G07,18,0
15016299025214C,math,G08,38,.211
150162990252150,ela,G03,95,.189
150162990252150,ela,G04,92,.174
150162990252150,ela,G05,90,.244
150162990252150,ela,G06,92,.283
150162990252150,ela,G07,92,.228
150162990252150,ela,G08,114,.263
150162990252150,math,G03,95,.2
150162990252150,math,G04,92,.043
150162990252150,math,G05,90,.1
150162990252150,math,G06,92,.076
150162990252150,math,G07,92,.25
150162990252150,math,G08,114,.219
150162990252153,ela,G03,51,.236
150162990252153,ela,G04,49,.224
150162990252153,ela,G05,39,.41
150162990252153,ela,G06,42,.429
150162990252153,ela,G07,45,.311
150162990252153,ela,G08,59,.254
150162990252153,math,G03,51,.04
150162990252153,math,G04,49,.02
150162990252153,math,G05,39,.051
150162990252153,math,G06,42,.024
150162990252153,math,G07,45,.022
150162990252153,math,G08,59,.017
150162990252154,ela,G03,22,0
150162990252154,ela,G04,23,.043
150162990252154,ela,G05,25,0
150162990252154,ela,G06,24,0
150162990252154,ela,G07,26,.038
150162990252154,ela,G08,18,.111
150162990252154,math,G03,22,0
150162990252154,math,G04,23,0
150162990252154,math,G05,25,0
150162990252154,math,G06,24,0
150162990252154,math,G07,26,0
150162990252154,math,G08,18,0
150162990252155,ela,G03,30,.033
150162990252155,ela,G04,34,.176
150162990252155,ela,G05,26,.077
150162990252155,ela,G06,31,.161
150162990252155,ela,G07,36,.083
150162990252155,ela,G08,24,.292
150162990252155,math,G03,30,0
150162990252155,math,G04,34,.088
150162990252155,math,G05,25,0
150162990252155,math,G06,31,.065
150162990252155,math,G07,36,0
150162990252155,math,G08,24,0
150162990252158,ela,G03,55,.345
150162990252158,ela,G04,76,.224
150162990252158,ela,G05,96,.26
150162990252158,ela,G06,73,.274
150162990252158,ela,G07,72,.333
150162990252158,ela,G08,77,.455
150162990252158,math,G03,55,.327
150162990252158,math,G04,76,.145
150162990252158,math,G05,95,.106
150162990252158,math,G06,73,.082
150162990252158,math,G07,71,.197
150162990252158,math,G08,76,.223
150162990252159,ela,G03,29,.172
150162990252159,ela,G04,22,.045
150162990252159,ela,G05,19,.158
150162990252159,ela,G06,30,.267
150162990252159,ela,G07,24,.458
150162990252159,ela,G08,25,.44
150162990252159,math,G03,29,.172
150162990252159,math,G04,22,0
150162990252159,math,G05,19,.053
150162990252159,math,G06,30,.033
150162990252159,math,G07,24,.167
150162990252159,math,G08,25,.36
150162990252160,ela,G03,168,.375
150162990252160,ela,G04,160,.419
150162990252160,ela,G05,138,.435
150162990252160,ela,G06,117,.564
150162990252160,ela,G07,121,.446
150162990252160,ela,G08,115,.574
150162990252160,math,G03,168,.381
150162990252160,math,G04,160,.275
150162990252160,math,G05,137,.226
150162990252160,math,G06,115,.305
150162990252160,math,G07,121,.273
150162990252160,math,G08,114,.457
150162990252161,ela,G03,38,.263
150162990252161,ela,G04,45,.356
150162990252161,ela,G05,52,.212
150162990252161,ela,G06,62,.597
150162990252161,ela,G07,72,.431
150162990252161,ela,G08,89,.506
150162990252161,math,G03,38,.079
150162990252161,math,G04,45,.178
150162990252161,math,G05,51,.059
150162990252161,math,G06,62,.113
150162990252161,math,G07,73,.096
150162990252161,math,G08,89,.247
150162990252167,ela,G03,67,.09
150162990252167,ela,G04,61,.197
150162990252167,ela,G05,63,.254
150162990252167,ela,G06,73,.48
150162990252167,ela,G07,77,.442
150162990252167,ela,G08,80,.513
150162990252167,math,G03,67,.284
150162990252167,math,G04,61,.066
150162990252167,math,G05,63,.159
150162990252167,math,G06,73,.206
150162990252167,math,G07,76,.315
150162990252167,math,G08,80,.338
150162990252169,ela,G03,36,.028
150162990252169,ela,G04,30,.2
150162990252169,ela,G05,32,.094
150162990252169,ela,G06,24,.25
150162990252169,ela,G07,35,.258
150162990252169,ela,G08,34,.294
150162990252169,math,G03,35,.057
150162990252169,math,G04,30,.033
150162990252169,math,G05,32,0
150162990252169,math,G06,24,0
150162990252169,math,G07,35,0
150162990252169,math,G08,34,.029
150162990252172,ela,G03,37,.27
150162990252172,ela,G04,31,.516
150162990252172,ela,G05,29,.517
150162990252172,ela,G06,21,.381
150162990252172,ela,G07,29,.483
150162990252172,ela,G08,15,.467
150162990252172,math,G03,37,.324
150162990252172,math,G04,31,.355
150162990252172,math,G05,29,.241
150162990252172,math,G06,21,.143
150162990252172,math,G07,29,.31
150162990252172,math,G08,17,.647
150162990252173,ela,G03,20,.05
150162990252173,ela,G04,15,.2
150162990252173,ela,G05,12,.083
150162990252173,ela,G06,16,.313
150162990252173,ela,G07,29,.172
150162990252173,ela,G08,22,.273
150162990252173,math,G03,20,.05
150162990252173,math,G04,15,.2
150162990252173,math,G05,11,0
150162990252173,math,G06,16,.063
150162990252173,math,G07,29,.034
150162990252173,math,G08,22,0
150162990252175,ela,G03,71,.028
150162990252175,ela,G04,76,.079
150162990252175,ela,G05,68,.059
150162990252175,ela,G06,54,.037
150162990252175,ela,G07,65,.092
150162990252175,ela,G08,53,.094
150162990252175,math,G03,70,.014
150162990252175,math,G04,76,0
150162990252175,math,G05,68,.044
150162990252175,math,G06,54,0
150162990252175,math,G07,65,0
150162990252175,math,G08,53,.019
150162990252177,ela,G03,11,.455
150162990252177,ela,G04,25,.12
150162990252177,ela,G05,14,.143
150162990252177,ela,G06,13,.308
150162990252177,ela,G07,23,.391
150162990252177,ela,G08,26,.577
150162990252177,math,G03,11,.273
150162990252177,math,G04,25,.04
150162990252177,math,G05,14,0
150162990252177,math,G06,13,.077
150162990252177,math,G07,23,.174
150162990252177,math,G08,26,.115
150162990252179,ela,G03,41,.049
150162990252179,ela,G04,27,0
150162990252179,ela,G05,33,.152
150162990252179,ela,G06,35,.086
150162990252179,ela,G07,38,.105
150162990252179,ela,G08,28,.179
150162990252179,math,G03,41,.024
150162990252179,math,G04,27,0
150162990252179,math,G05,33,0
150162990252179,math,G06,35,.057
150162990252179,math,G07,38,.026
150162990252179,math,G08,28,.107
15016299025217C,ela,G06,46,.435
15016299025217C,ela,G07,77,.208
15016299025217C,ela,G08,79,.405
15016299025217C,math,G06,45,.044
15016299025217C,math,G07,77,.065
15016299025217C,math,G08,77,.299
150162990252180,ela,G03,24,0
150162990252180,ela,G04,26,0
150162990252180,ela,G05,33,.061
150162990252180,ela,G06,26,.192
150162990252180,ela,G07,29,.241
150162990252180,ela,G08,22,.136
150162990252180,math,G03,23,.043
150162990252180,math,G04,25,0
150162990252180,math,G05,33,0
150162990252180,math,G06,26,0
150162990252180,math,G07,28,.071
150162990252180,math,G08,22,0
150162990252181,ela,G03,96,.094
150162990252181,ela,G04,126,.04
150162990252181,ela,G05,99,.182
150162990252181,ela,G06,103,.165
150162990252181,ela,G07,134,.142
150162990252181,ela,G08,125,.2
150162990252181,math,G03,96,.094
150162990252181,math,G04,122,.033
150162990252181,math,G05,99,.091
150162990252181,math,G06,101,.03
150162990252181,math,G07,135,.037
150162990252181,math,G08,130,.1
150162990252182,ela,G03,78,.512
150162990252182,ela,G04,86,.57
150162990252182,ela,G05,69,.623
150162990252182,ela,G06,75,.573
150162990252182,ela,G07,85,.671
150162990252182,ela,G08,76,.75
150162990252182,math,G03,78,.359
150162990252182,math,G04,86,.547
150162990252182,math,G05,69,.521
150162990252182,math,G06,75,.32
150162990252182,math,G07,85,.353
150162990252182,math,G08,76,.487
150162990252183,ela,G03,47,.447
150162990252183,ela,G04,45,.712
150162990252183,ela,G05,50,.56
150162990252183,ela,G06,51,.687
150162990252183,ela,G07,44,.614
150162990252183,ela,G08,46,.718
150162990252183,math,G03,47,.639
150162990252183,math,G04,45,.444
150162990252183,math,G05,50,.36
150162990252183,math,G06,51,.51
150162990252183,math,G07,44,.659
150162990252183,math,G08,46,.218
150162990252184,ela,G03,27,.963
150162990252184,ela,G04,29,1
150162990252184,ela,G05,31,.968
150162990252184,ela,G06,31,.968
150162990252184,ela,G07,30,.9
150162990252184,ela,G08,31,1
150162990252184,math,G03,27,.926
150162990252184,math,G04,29,.897
150162990252184,math,G05,31,.968
150162990252184,math,G06,31,.936
150162990252184,math,G07,30,.866
150162990252184,math,G08,31,.968
150162990252185,ela,G03,127,.11
150162990252185,ela,G04,113,.088
150162990252185,ela,G05,115,.148
150162990252185,ela,G06,149,.268
150162990252185,ela,G07,120,.3
150162990252185,ela,G08,123,.276
150162990252185,math,G03,127,.11
150162990252185,math,G04,113,.062
150162990252185,math,G05,115,.043
150162990252185,math,G06,149,.02
150162990252185,math,G07,120,.05
150162990252185,math,G08,123,.122
150162990252187,ela,G03,49,0
150162990252187,ela,G04,42,.048
150162990252187,ela,G05,49,.102
150162990252187,ela,G06,48,.084
150162990252187,ela,G07,44,.182
150162990252187,ela,G08,46,.196
150162990252187,math,G03,49,.063
150162990252187,math,G04,42,0
150162990252187,math,G05,49,.041
150162990252187,math,G06,48,0
150162990252187,math,G07,44,.045
150162990252187,math,G08,46,.022
15016299025218C,ela,G03,42,.238
15016299025218C,ela,G04,42,.167
15016299025218C,ela,G05,52,.192
15016299025218C,ela,G06,39,.18
15016299025218C,ela,G07,54,.407
15016299025218C,ela,G08,42,.214
15016299025218C,math,G03,43,.116
15016299025218C,math,G04,42,.048
15016299025218C,math,G05,52,.115
15016299025218C,math,G06,39,.051
15016299025218C,math,G07,54,.093
15016299025218C,math,G08,42,.095
150162990252190,ela,G03,33,.242
150162990252190,ela,G04,32,.188
150162990252190,ela,G05,28,.25
150162990252190,ela,G06,32,.312
150162990252190,ela,G07,31,.323
150162990252190,ela,G08,34,.382
150162990252190,math,G03,33,.364
150162990252190,math,G04,32,.063
150162990252190,math,G05,28,.036
150162990252190,math,G06,31,.032
150162990252190,math,G07,31,.065
150162990252190,math,G08,34,.029
150162990252191,ela,G03,31,.097
150162990252191,ela,G04,21,.095
150162990252191,ela,G05,20,.1
150162990252191,ela,G06,22,.364
150162990252191,ela,G07,25,.32
150162990252191,ela,G08,35,.343
150162990252191,math,G03,31,.226
150162990252191,math,G04,21,.048
150162990252191,math,G05,20,0
150162990252191,math,G06,22,.045
150162990252191,math,G07,25,.04
150162990252191,math,G08,35,.029
150162990252192,ela,G03,11,.545
150162990252192,ela,G04,*,--
150162990252192,ela,G05,13,.769
150162990252192,math,G03,11,.182
150162990252192,math,G04,*,--
150162990252192,math,G05,13,.385
150162990252193,ela,G03,17,.059
150162990252193,ela,G04,20,.25
150162990252193,ela,G05,21,.429
150162990252193,ela,G06,21,.238
150162990252193,ela,G07,19,.263
150162990252193,ela,G08,19,.158
150162990252193,math,G03,18,.056
150162990252193,math,G04,20,.05
150162990252193,math,G05,21,.095
150162990252193,math,G06,21,.048
150162990252193,math,G07,19,.053
150162990252193,math,G08,19,.211
150162990252194,ela,G03,124,.21
150162990252194,ela,G04,102,.216
150162990252194,ela,G05,133,.195
150162990252194,ela,G06,125,.4
150162990252194,math,G03,123,.146
150162990252194,math,G04,102,.088
150162990252194,math,G05,133,.105
150162990252194,math,G06,125,.352
150162990252195,ela,G03,20,.15
150162990252195,ela,G04,20,0
150162990252195,ela,G05,24,.208
150162990252195,ela,G06,14,.571
150162990252195,ela,G07,18,.056
150162990252195,ela,G08,14,.071
150162990252195,math,G03,20,.05
150162990252195,math,G04,20,0
150162990252195,math,G05,24,0
150162990252195,math,G06,16,.063
150162990252195,math,G07,18,0
150162990252195,math,G08,15,0
150162990252198,ela,G03,51,.078
150162990252198,ela,G04,43,.187
150162990252198,ela,G05,43,.256
150162990252198,ela,G06,51,.373
150162990252198,ela,G07,44,.34
150162990252198,ela,G08,51,.569
150162990252198,math,G03,51,.196
150162990252198,math,G04,43,.279
150162990252198,math,G05,43,.326
150162990252198,math,G06,51,.294
150162990252198,math,G07,44,.318
150162990252198,math,G08,51,.313
15016299025219C,ela,G03,44,.045
15016299025219C,ela,G04,43,.186
15016299025219C,ela,G05,49,.041
15016299025219C,ela,G06,45,.044
15016299025219C,ela,G07,44,.25
15016299025219C,ela,G08,43,.163
15016299025219C,math,G03,43,0
15016299025219C,math,G04,43,.116
15016299025219C,math,G05,48,0
15016299025219C,math,G06,44,0
15016299025219C,math,G07,44,.023
15016299025219C,math,G08,42,0
150162990252202,ela,G03,28,.107
150162990252202,ela,G04,22,.091
150162990252202,ela,G05,29,.207
150162990252202,ela,G06,28,.357
150162990252202,ela,G07,28,.392
150162990252202,ela,G08,31,.775
150162990252202,math,G03,28,.143
150162990252202,math,G04,22,.136
150162990252202,math,G05,29,.172
150162990252202,math,G06,28,.071
150162990252202,math,G07,28,.179
150162990252202,math,G08,31,.129
150162990252203,ela,G05,47,.106
150162990252203,ela,G06,32,.125
150162990252203,ela,G07,26,.115
150162990252203,ela,G08,36,.139
150162990252203,math,G05,49,0
150162990252203,math,G06,33,.03
150162990252203,math,G07,26,0
150162990252203,math,G08,36,.028
150162990252204,ela,G03,44,0
150162990252204,ela,G04,34,.088
150162990252204,ela,G05,32,.219
150162990252204,ela,G06,37,.243
150162990252204,ela,G07,38,.289
150162990252204,ela,G08,30,.1
150162990252204,math,G03,45,.067
150162990252204,math,G04,32,0
150162990252204,math,G05,31,0
150162990252204,math,G06,37,.081
150162990252204,math,G07,38,0
150162990252204,math,G08,30,0
150162990252206,ela,G03,26,.038
150162990252206,ela,G04,38,.079
150162990252206,ela,G05,29,.172
150162990252206,ela,G06,19,.316
150162990252206,ela,G07,42,.286
150162990252206,ela,G08,27,.222
150162990252206,math,G03,26,0
150162990252206,math,G04,38,.053
150162990252206,math,G05,28,.036
150162990252206,math,G06,19,0
150162990252206,math,G07,41,.024
150162990252206,math,G08,27,0
150162990252207,ela,G03,29,.379
150162990252207,ela,G04,31,.677
150162990252207,ela,G05,29,.517
150162990252207,ela,G06,58,.483
150162990252207,ela,G07,61,.492
150162990252207,ela,G08,58,.69
150162990252207,math,G03,29,.241
150162990252207,math,G04,31,.194
150162990252207,math,G05,29,.31
150162990252207,math,G06,58,.207
150162990252207,math,G07,61,.328
150162990252207,math,G08,58,.362
150162990252209,ela,G03,20,.15
150162990252209,ela,G04,31,.322
150162990252209,ela,G05,30,.167
150162990252209,ela,G06,49,.306
150162990252209,ela,G07,42,.214
150162990252209,ela,G08,44,.25
150162990252209,math,G03,20,.05
150162990252209,math,G04,31,.226
150162990252209,math,G05,30,.033
150162990252209,math,G06,48,0
150162990252209,math,G07,42,.048
150162990252209,math,G08,41,.049
150162990252210,ela,G03,29,.034
150162990252210,ela,G04,40,.05
150162990252210,ela,G05,34,.059
150162990252210,ela,G06,33,.121
150162990252210,ela,G07,31,.194
150162990252210,ela,G08,40,.325
150162990252210,math,G03,29,.103
150162990252210,math,G04,38,0
150162990252210,math,G05,34,.088
150162990252210,math,G06,33,.03
150162990252210,math,G07,31,.065
150162990252210,math,G08,40,.125
150162990252211,ela,G03,29,.069
150162990252211,ela,G04,36,.139
150162990252211,ela,G05,42,.095
150162990252211,ela,G06,40,.3
150162990252211,ela,G07,51,.255
150162990252211,ela,G08,31,.226
150162990252211,math,G03,28,.071
150162990252211,math,G04,35,.029
150162990252211,math,G05,42,.071
150162990252211,math,G06,40,.025
150162990252211,math,G07,51,.059
150162990252211,math,G08,31,.032
150162990252212,ela,G03,30,.1
150162990252212,ela,G04,30,.1
150162990252212,ela,G05,23,0
150162990252212,ela,G06,22,.136
150162990252212,ela,G07,26,.115
150162990252212,ela,G08,28,.143
150162990252212,math,G03,28,0
150162990252212,math,G04,30,0
150162990252212,math,G05,20,0
150162990252212,math,G06,21,0
150162990252212,math,G07,27,.037
150162990252212,math,G08,26,.038
150162990252213,ela,G03,56,.143
150162990252213,ela,G04,74,.257
150162990252213,ela,G05,72,.292
150162990252213,ela,G06,68,.294
150162990252213,ela,G07,64,.235
150162990252213,ela,G08,63,.254
150162990252213,math,G03,56,.232
150162990252213,math,G04,74,.068
150162990252213,math,G05,71,.127
150162990252213,math,G06,68,.147
150162990252213,math,G07,65,.154
150162990252213,math,G08,63,.063
150162990252214,ela,G03,89,.27
150162990252214,ela,G04,73,.466
150162990252214,ela,G05,85,.329
150162990252214,ela,G06,73,.37
150162990252214,ela,G07,84,.429
150162990252214,ela,G08,100,.53
150162990252214,math,G03,89,.325
150162990252214,math,G04,73,.219
150162990252214,math,G05,85,.224
150162990252214,math,G06,73,.315
150162990252214,math,G07,84,.322
150162990252214,math,G08,100,.35
150162990252215,ela,G03,99,.121
150162990252215,ela,G04,109,.229
150162990252215,ela,G05,110,.273
150162990252215,ela,G06,117,.256
150162990252215,ela,G07,125,.232
150162990252215,ela,G08,121,.422
150162990252215,math,G03,99,.101
150162990252215,math,G04,109,.083
150162990252215,math,G05,110,.046
150162990252215,math,G06,117,.051
150162990252215,math,G07,124,.161
150162990252215,math,G08,121,.108
15016299025221C,ela,G03,48,.146
15016299025221C,ela,G04,51,.118
15016299025221C,ela,G05,49,.163
15016299025221C,ela,G06,46,.26
15016299025221C,ela,G07,50,.38
15016299025221C,ela,G08,50,.42
15016299025221C,math,G03,47,.085
15016299025221C,math,G04,51,0
15016299025221C,math,G05,49,.061
15016299025221C,math,G06,46,.065
15016299025221C,math,G07,50,.08
15016299025221C,math,G08,50,.04
150162990252220,ela,G03,83,.325
150162990252220,ela,G04,80,.338
150162990252220,ela,G05,70,.271
150162990252220,ela,G06,59,.39
150162990252220,ela,G07,66,.47
150162990252220,ela,G08,70,.457
150162990252220,math,G03,83,.205
150162990252220,math,G04,81,.098
150162990252220,math,G05,70,.2
150162990252220,math,G06,59,.22
150162990252220,math,G07,66,.287
150162990252220,math,G08,70,.271
150162990252222,ela,G03,33,.182
150162990252222,ela,G04,32,.25
150162990252222,ela,G05,26,.231
150162990252222,ela,G06,38,.342
150162990252222,ela,G07,36,.278
150162990252222,ela,G08,34,.471
150162990252222,math,G03,33,.121
150162990252222,math,G04,32,.031
150162990252222,math,G05,26,0
150162990252222,math,G06,38,0
150162990252222,math,G07,36,.028
150162990252222,math,G08,34,0
150162990252223,ela,G03,74,.392
150162990252223,ela,G04,53,.189
150162990252223,ela,G05,57,.158
150162990252223,ela,G06,55,.345
150162990252223,ela,G07,54,.278
150162990252223,ela,G08,58,.362
150162990252223,math,G03,74,.351
150162990252223,math,G04,54,.278
150162990252223,math,G05,57,.105
150162990252223,math,G06,55,.2
150162990252223,math,G07,54,.167
150162990252223,math,G08,60,.25
150162990252224,ela,G03,45,.044
150162990252224,ela,G04,35,.086
150162990252224,ela,G05,26,.115
150162990252224,ela,G06,36,.111
150162990252224,ela,G07,32,.063
150162990252224,ela,G08,42,.143
150162990252224,math,G03,44,0
150162990252224,math,G04,35,.029
150162990252224,math,G05,26,.038
150162990252224,math,G06,36,0
150162990252224,math,G07,32,.031
150162990252224,math,G08,42,.024
150162990252226,ela,G03,121,.256
150162990252226,ela,G04,100,.22
150162990252226,ela,G05,96,.166
150162990252226,ela,G06,106,.264
150162990252226,ela,G07,97,.412
150162990252226,ela,G08,139,.402
150162990252226,math,G03,121,.256
150162990252226,math,G04,100,.1
150162990252226,math,G05,96,.145
150162990252226,math,G06,106,.104
150162990252226,math,G07,97,.248
150162990252226,math,G08,138,.225
150162990252227,ela,G03,33,.03
150162990252227,ela,G04,32,.313
150162990252227,ela,G05,49,.408
150162990252227,ela,G06,40,.275
150162990252227,ela,G07,41,.391
150162990252227,ela,G08,42,.405
150162990252227,math,G03,33,.121
150162990252227,math,G04,32,.161
150162990252227,math,G05,49,.245
150162990252227,math,G06,40,.025
150162990252227,math,G07,41,.219
150162990252227,math,G08,42,.285
150162990252229,ela,G03,49,.347
150162990252229,ela,G04,39,.282
150162990252229,ela,G05,52,.231
150162990252229,math,G03,49,.265
150162990252229,math,G04,38,.079
150162990252229,math,G05,52,.134
150162990252230,ela,G03,22,.273
150162990252230,ela,G04,29,.138
150162990252230,ela,G05,26,.269
150162990252230,ela,G06,26,.154
150162990252230,ela,G07,24,.209
150162990252230,ela,G08,34,.353
150162990252230,math,G03,22,.546
150162990252230,math,G04,29,0
150162990252230,math,G05,26,.038
150162990252230,math,G06,25,.12
150162990252230,math,G07,23,0
150162990252230,math,G08,33,.061
150162990252231,ela,G03,36,.194
150162990252231,ela,G04,24,.125
150162990252231,ela,G05,30,.267
150162990252231,ela,G06,46,.217
150162990252231,ela,G07,37,.27
150162990252231,ela,G08,35,.171
150162990252231,math,G03,37,.108
150162990252231,math,G04,24,0
150162990252231,math,G05,31,0
150162990252231,math,G06,44,.023
150162990252231,math,G07,37,0
150162990252231,math,G08,34,.088
150162990252232,ela,G03,35,.2
150162990252232,ela,G04,47,.489
150162990252232,ela,G05,52,.192
150162990252232,ela,G06,36,.389
150162990252232,ela,G07,38,.29
150162990252232,ela,G08,42,.381
150162990252232,math,G03,35,.172
150162990252232,math,G04,47,.234
150162990252232,math,G05,52,.173
150162990252232,math,G06,36,.111
150162990252232,math,G07,38,.289
150162990252232,math,G08,42,.238
150162990252235,ela,G03,39,.333
150162990252235,ela,G04,58,.431
150162990252235,ela,G05,66,.515
150162990252235,ela,G06,50,.64
150162990252235,ela,G07,64,.516
150162990252235,ela,G08,63,.651
150162990252235,math,G03,39,.641
150162990252235,math,G04,58,.62
150162990252235,math,G05,66,.591
150162990252235,math,G06,50,.44
150162990252235,math,G07,64,.547
150162990252235,math,G08,63,.666
150162990252236,ela,G03,35,.057
150162990252236,ela,G04,32,.156
150162990252236,ela,G05,25,.28
150162990252236,ela,G06,26,.115
150162990252236,ela,G07,28,.179
150162990252236,ela,G08,42,.119
150162990252236,math,G03,35,.029
150162990252236,math,G04,32,.063
150162990252236,math,G05,25,.04
150162990252236,math,G06,26,0
150162990252236,math,G07,28,.036
150162990252236,math,G08,42,0
150162990252239,ela,G03,89,.213
150162990252239,ela,G04,90,.266
150162990252239,ela,G05,85,.353
150162990252239,ela,G06,88,.375
150162990252239,ela,G07,106,.302
150162990252239,ela,G08,94,.426
150162990252239,math,G03,90,.178
150162990252239,math,G04,89,.224
150162990252239,math,G05,85,.165
150162990252239,math,G06,88,.136
150162990252239,math,G07,106,.207
150162990252239,math,G08,94,.223
150162990252240,ela,G03,51,.666
150162990252240,ela,G04,48,.625
150162990252240,ela,G05,61,.541
150162990252240,ela,G06,41,.756
150162990252240,ela,G07,49,.653
150162990252240,ela,G08,48,.729
150162990252240,math,G03,53,.528
150162990252240,math,G04,49,.429
150162990252240,math,G05,62,.451
150162990252240,math,G06,41,.61
150162990252240,math,G07,49,.735
150162990252240,math,G08,47,.68
150162990252241,ela,G03,52,.096
150162990252241,ela,G04,56,.071
150162990252241,ela,G05,48,.021
150162990252241,ela,G06,67,.03
150162990252241,ela,G07,60,.017
150162990252241,ela,G08,52,.096
150162990252241,math,G03,52,.096
150162990252241,math,G04,56,.054
150162990252241,math,G05,48,0
150162990252241,math,G06,67,.015
150162990252241,math,G07,60,.017
150162990252241,math,G08,52,.058
150162990252242,ela,G03,18,0
150162990252242,ela,G04,26,.154
150162990252242,ela,G05,24,.125
150162990252242,ela,G06,29,.172
150162990252242,ela,G07,36,.028
150162990252242,ela,G08,32,.188
150162990252242,math,G03,18,.056
150162990252242,math,G04,26,0
150162990252242,math,G05,25,.16
150162990252242,math,G06,29,.069
150162990252242,math,G07,36,0
150162990252242,math,G08,32,0
150162990252244,ela,G03,28,.143
150162990252244,ela,G04,28,.286
150162990252244,ela,G05,22,.091
150162990252244,ela,G06,35,.4
150162990252244,ela,G07,38,.263
150162990252244,ela,G08,41,.488
150162990252244,math,G03,28,.215
150162990252244,math,G04,28,.107
150162990252244,math,G05,22,.045
150162990252244,math,G06,35,.086
150162990252244,math,G07,38,.026
150162990252244,math,G08,41,.122
150162990252246,ela,G03,34,.094
150162990252246,ela,G04,28,.12
150162990252246,ela,G05,36,.097
150162990252246,ela,G06,40,.158
150162990252246,ela,G07,29,.111
150162990252246,ela,G08,30,.143
150162990252246,math,G03,34,.088
150162990252246,math,G04,28,0
150162990252246,math,G05,36,0
150162990252246,math,G06,40,0
150162990252246,math,G07,30,.033
150162990252246,math,G08,30,.033
150162990252247,ela,G03,111,.054
150162990252247,ela,G04,102,.108
150162990252247,ela,G05,105,.219
150162990252247,ela,G06,105,.124
150162990252247,ela,G07,91,.209
150162990252247,ela,G08,78,.257
150162990252247,math,G03,111,.081
150162990252247,math,G04,102,.049
150162990252247,math,G05,105,.068
150162990252247,math,G06,105,.048
150162990252247,math,G07,91,.121
150162990252247,math,G08,78,.051
150162990252249,ela,G03,74,.879
150162990252249,ela,G04,74,.892
150162990252249,ela,G05,67,.91
150162990252249,ela,G06,68,.956
150162990252249,ela,G07,64,.954
150162990252249,ela,G08,64,.922
150162990252249,math,G03,74,.892
150162990252249,math,G04,73,.849
150162990252249,math,G05,68,.795
150162990252249,math,G06,68,.882
150162990252249,math,G07,64,.907
150162990252249,math,G08,64,.891
15016299025224C,ela,G03,57,.193
15016299025224C,ela,G04,46,.217
15016299025224C,ela,G05,47,.149
15016299025224C,ela,G06,50,.42
15016299025224C,ela,G07,38,.079
15016299025224C,ela,G08,46,.413
15016299025224C,math,G03,57,.193
15016299025224C,math,G04,47,.085
15016299025224C,math,G05,47,.149
15016299025224C,math,G06,50,.18
15016299025224C,math,G07,38,.026
15016299025224C,math,G08,46,.109
150162990252252,ela,G03,83,.205
150162990252252,ela,G04,90,.349
150162990252252,ela,G05,79,.266
150162990252252,ela,G06,85,.494
150162990252252,ela,G07,86,.233
150162990252252,ela,G08,94,.404
150162990252252,math,G03,83,.12
150162990252252,math,G04,90,.18
150162990252252,math,G05,79,.089
150162990252252,math,G06,85,.177
150162990252252,math,G07,84,.107
150162990252252,math,G08,94,.245
150162990252254,ela,G03,150,.48
150162990252254,ela,G04,134,.515
150162990252254,ela,G05,148,.629
150162990252254,ela,G06,143,.783
150162990252254,ela,G07,144,.632
150162990252254,ela,G08,163,.589
150162990252254,math,G03,150,.594
150162990252254,math,G04,134,.425
150162990252254,math,G05,148,.581
150162990252254,math,G06,143,.497
150162990252254,math,G07,144,.576
150162990252254,math,G08,163,.687
150162990252255,ela,G03,20,.1
150162990252255,ela,G04,17,0
150162990252255,ela,G05,23,0
150162990252255,ela,G06,19,.211
150162990252255,ela,G07,27,.111
150162990252255,ela,G08,22,.455
150162990252255,math,G03,20,.05
150162990252255,math,G04,17,.059
150162990252255,math,G05,23,.043
150162990252255,math,G06,19,.105
150162990252255,math,G07,27,.074
150162990252255,math,G08,22,.227
150162990252256,ela,G03,56,.054
150162990252256,ela,G04,47,.043
150162990252256,ela,G05,44,.182
150162990252256,ela,G06,61,.197
150162990252256,ela,G07,52,.212
150162990252256,ela,G08,48,.229
150162990252256,math,G03,56,.071
150162990252256,math,G04,47,0
150162990252256,math,G05,43,.116
150162990252256,math,G06,61,.033
150162990252256,math,G07,52,.058
150162990252256,math,G08,48,.042
150162990252257,ela,G03,19,.105
150162990252257,ela,G04,19,.053
150162990252257,ela,G05,22,0
150162990252257,ela,G06,19,0
150162990252257,ela,G07,19,.053
150162990252257,ela,G08,24,.292
150162990252257,math,G03,19,.053
150162990252257,math,G04,19,0
150162990252257,math,G05,22,0
150162990252257,math,G06,19,0
150162990252257,math,G07,19,.053
150162990252257,math,G08,24,0
150162990252258,ela,G03,28,.215
150162990252258,ela,G04,19,.053
150162990252258,ela,G05,26,.038
150162990252258,ela,G06,20,.1
150162990252258,ela,G07,26,.153
150162990252258,ela,G08,23,.304
150162990252258,math,G03,27,.111
150162990252258,math,G04,19,0
150162990252258,math,G05,25,0
150162990252258,math,G06,19,0
150162990252258,math,G07,27,0
150162990252258,math,G08,23,.043
150162990252259,ela,G03,18,.056
150162990252259,ela,G04,18,0
150162990252259,ela,G05,15,.133
150162990252259,ela,G06,18,.056
150162990252259,ela,G07,16,.25
150162990252259,ela,G08,12,.417
150162990252259,math,G03,19,.053
150162990252259,math,G04,18,0
150162990252259,math,G05,15,.067
150162990252259,math,G06,18,.056
150162990252259,math,G07,16,.063
150162990252259,math,G08,12,0
150162990252260,ela,G03,58,.069
150162990252260,ela,G04,43,.163
150162990252260,ela,G05,49,.184
150162990252260,ela,G06,37,.378
150162990252260,ela,G07,48,.458
150162990252260,ela,G08,54,.334
150162990252260,math,G03,58,.103
150162990252260,math,G04,43,.047
150162990252260,math,G05,50,.12
150162990252260,math,G06,37,.027
150162990252260,math,G07,48,.167
150162990252260,math,G08,54,.093
150162990252263,ela,G03,40,0
150162990252263,ela,G04,35,0
150162990252263,ela,G05,35,0
150162990252263,ela,G06,38,.053
150162990252263,ela,G07,33,0
150162990252263,ela,G08,41,0
150162990252263,math,G03,40,.05
150162990252263,math,G04,35,0
150162990252263,math,G05,32,0
150162990252263,math,G06,38,0
150162990252263,math,G07,32,.031
150162990252263,math,G08,40,0
150162990252265,ela,G03,131,.069
150162990252265,ela,G04,117,.128
150162990252265,ela,G05,113,.231
150162990252265,ela,G06,125,.192
150162990252265,ela,G07,*,--
150162990252265,math,G03,131,.153
150162990252265,math,G04,117,.068
150162990252265,math,G05,113,.071
150162990252265,math,G06,124,.056
150162990252265,math,G07,*,--
150162990252266,ela,G03,32,.094
150162990252266,ela,G04,34,.059
150162990252266,ela,G05,27,.222
150162990252266,ela,G06,25,.24
150162990252266,ela,G07,18,.222
150162990252266,ela,G08,23,.348
150162990252266,math,G03,32,.063
150162990252266,math,G04,34,.029
150162990252266,math,G05,27,.111
150162990252266,math,G06,25,.04
150162990252266,math,G07,18,.056
150162990252266,math,G08,24,.083
150162990252267,ela,G03,23,.043
150162990252267,ela,G04,31,.161
150162990252267,ela,G05,35,.114
150162990252267,ela,G06,26,.115
150162990252267,ela,G07,32,.031
150162990252267,ela,G08,20,0
150162990252267,math,G03,22,.045
150162990252267,math,G04,29,.069
150162990252267,math,G05,34,0
150162990252267,math,G06,27,.074
150162990252267,math,G07,32,0
150162990252267,math,G08,19,0
150162990252268,ela,G03,46,.152
150162990252268,ela,G04,51,.353
150162990252268,ela,G05,59,.22
150162990252268,ela,G06,57,.439
150162990252268,ela,G07,71,.465
150162990252268,ela,G08,61,.344
150162990252268,math,G03,46,.239
150162990252268,math,G04,51,.255
150162990252268,math,G05,59,.051
150162990252268,math,G06,57,.123
150162990252268,math,G07,71,.324
150162990252268,math,G08,61,.328
150162990252269,ela,G03,41,.244
150162990252269,ela,G04,41,.365
150162990252269,ela,G05,36,.361
150162990252269,ela,G06,41,.39
150162990252269,ela,G07,42,.476
150162990252269,ela,G08,57,.316
150162990252269,math,G03,42,.238
150162990252269,math,G04,40,.125
150162990252269,math,G05,36,.25
150162990252269,math,G06,41,.219
150162990252269,math,G07,42,.5
150162990252269,math,G08,56,.322
15016299025226C,ela,G03,25,.04
15016299025226C,ela,G04,18,.056
15016299025226C,ela,G05,32,.125
15016299025226C,ela,G06,29,.137
15016299025226C,ela,G07,33,.121
15016299025226C,ela,G08,31,.29
15016299025226C,math,G03,25,.04
15016299025226C,math,G04,17,.059
15016299025226C,math,G05,32,0
15016299025226C,math,G06,29,0
15016299025226C,math,G07,32,0
15016299025226C,math,G08,31,0
150162990252270,ela,G03,11,0
150162990252270,ela,G04,19,0
150162990252270,ela,G05,16,.063
150162990252270,ela,G06,14,.071
150162990252270,ela,G07,15,.067
150162990252270,ela,G08,18,.167
150162990252270,math,G03,11,0
150162990252270,math,G04,19,0
150162990252270,math,G05,16,0
150162990252270,math,G06,14,0
150162990252270,math,G07,15,0
150162990252270,math,G08,18,0
150162990252273,ela,G03,39,0
150162990252273,ela,G04,30,.033
150162990252273,ela,G05,41,.049
150162990252273,ela,G06,24,0
150162990252273,ela,G07,35,.143
150162990252273,ela,G08,42,.333
150162990252273,math,G03,39,0
150162990252273,math,G04,30,0
150162990252273,math,G05,41,0
150162990252273,math,G06,24,0
150162990252273,math,G07,35,.143
150162990252273,math,G08,42,.286
150162990252275,ela,G03,23,.304
150162990252275,ela,G04,16,.313
150162990252275,ela,G05,31,.194
150162990252275,ela,G06,24,.208
150162990252275,ela,G07,25,.4
150162990252275,ela,G08,30,.167
150162990252275,math,G03,23,.174
150162990252275,math,G04,16,.125
150162990252275,math,G05,30,.133
150162990252275,math,G06,24,0
150162990252275,math,G07,25,.28
150162990252275,math,G08,30,.267
150162990252276,ela,G03,19,.158
150162990252276,ela,G04,19,.053
150162990252276,ela,G05,15,.067
150162990252276,ela,G06,18,.056
150162990252276,ela,G07,14,.143
150162990252276,ela,G08,15,.4
150162990252276,math,G03,17,.118
150162990252276,math,G04,19,0
150162990252276,math,G05,15,.267
150162990252276,math,G06,18,.111
150162990252276,math,G07,14,0
150162990252276,math,G08,15,.067
150162990252280,ela,G03,85,.059
150162990252280,ela,G04,81,.185
150162990252280,ela,G05,87,.241
150162990252280,ela,G06,77,.52
150162990252280,ela,G07,84,.298
150162990252280,ela,G08,72,.695
150162990252280,math,G03,85,.212
150162990252280,math,G04,81,.086
150162990252280,math,G05,87,.092
150162990252280,math,G06,77,.052
150162990252280,math,G07,84,.131
150162990252280,math,G08,72,.375
150162990252281,ela,G03,28,.143
150162990252281,ela,G04,25,.08
150162990252281,ela,G05,24,.167
150162990252281,ela,G06,32,.25
150162990252281,ela,G07,31,.065
150162990252281,ela,G08,45,.423
150162990252281,math,G03,26,.115
150162990252281,math,G04,25,0
150162990252281,math,G05,23,.043
150162990252281,math,G06,32,0
150162990252281,math,G07,31,0
150162990252281,math,G08,45,.067
150162990252283,ela,G03,52,.346
150162990252283,ela,G04,59,.611
150162990252283,ela,G05,58,.724
150162990252283,ela,G06,56,.607
150162990252283,ela,G07,39,.564
150162990252283,ela,G08,33,.515
150162990252283,math,G03,51,.431
150162990252283,math,G04,57,.299
150162990252283,math,G05,58,.603
150162990252283,math,G06,56,.554
150162990252283,math,G07,39,.538
150162990252283,math,G08,33,.273
150162990252284,ela,G03,27,.074
150162990252284,ela,G04,23,.173
150162990252284,ela,G05,*,--
150162990252284,ela,G06,15,.734
150162990252284,ela,G07,16,.5
150162990252284,ela,G08,25,.52
150162990252284,math,G03,26,.192
150162990252284,math,G04,23,.087
150162990252284,math,G05,*,--
150162990252284,math,G06,15,.2
150162990252284,math,G07,16,0
150162990252284,math,G08,25,.08
150162990252285,ela,G03,90,.355
150162990252285,ela,G04,89,.236
150162990252285,ela,G05,95,.432
150162990252285,ela,G06,96,.489
150162990252285,ela,G07,93,.322
150162990252285,ela,G08,89,.483
150162990252285,math,G03,90,.423
150162990252285,math,G04,89,.09
150162990252285,math,G05,95,.243
150162990252285,math,G06,96,.177
150162990252285,math,G07,93,.28
150162990252285,math,G08,89,.348
150162990252288,ela,G03,27,.111
150162990252288,ela,G04,31,.161
150162990252288,ela,G05,21,.143
150162990252288,ela,G06,32,.438
150162990252288,ela,G07,36,.194
150162990252288,ela,G08,33,.303
150162990252288,math,G03,27,.074
150162990252288,math,G04,31,.097
150162990252288,math,G05,21,.095
150162990252288,math,G06,32,.031
150162990252288,math,G07,36,.028
150162990252288,math,G08,33,.182
150162990252289,ela,G03,28,0
150162990252289,ela,G04,24,.042
150162990252289,ela,G05,26,.038
150162990252289,ela,G06,29,.069
150162990252289,ela,G07,27,.111
150162990252289,ela,G08,29,.31
150162990252289,math,G03,28,.071
150162990252289,math,G04,24,.042
150162990252289,math,G05,26,0
150162990252289,math,G06,29,0
150162990252289,math,G07,27,0
150162990252289,math,G08,29,.138
15016299025228C,ela,G03,60,.367
15016299025228C,ela,G04,56,.196
15016299025228C,ela,G05,55,.236
15016299025228C,ela,G06,57,.351
15016299025228C,ela,G07,58,.552
15016299025228C,ela,G08,59,.576
15016299025228C,math,G03,60,.416
15016299025228C,math,G04,54,.093
15016299025228C,math,G05,54,.019
15016299025228C,math,G06,57,.018
15016299025228C,math,G07,58,.103
15016299025228C,math,G08,58,.052
150162990252290,ela,G03,17,0
150162990252290,ela,G04,25,.16
150162990252290,ela,G05,20,.1
150162990252290,ela,G06,20,.15
150162990252290,ela,G07,23,.261
150162990252290,ela,G08,21,.19
150162990252290,math,G03,17,0
150162990252290,math,G04,25,.04
150162990252290,math,G05,20,0
150162990252290,math,G06,21,0
150162990252290,math,G07,23,.13
150162990252290,math,G08,21,.048
150162990252292,ela,G03,26,.192
150162990252292,ela,G04,24,.334
150162990252292,ela,G05,14,.429
150162990252292,ela,G06,32,.406
150162990252292,ela,G07,28,.142
150162990252292,ela,G08,21,.429
150162990252292,math,G03,26,.23
150162990252292,math,G04,24,.167
150162990252292,math,G05,14,.214
150162990252292,math,G06,32,.188
150162990252292,math,G07,28,.036
150162990252292,math,G08,21,.286
150162990252293,ela,G03,29,.482
150162990252293,ela,G04,34,.5
150162990252293,ela,G05,34,.353
150162990252293,ela,G06,36,.611
150162990252293,ela,G07,29,.62
150162990252293,ela,G08,27,.593
150162990252293,math,G03,29,.551
150162990252293,math,G04,34,.294
150162990252293,math,G05,34,.294
150162990252293,math,G06,35,.2
150162990252293,math,G07,29,.345
150162990252293,math,G08,27,.407
150162990252294,ela,G03,20,0
150162990252294,ela,G04,20,.15
150162990252294,ela,G05,19,.263
150162990252294,ela,G06,19,.421
150162990252294,ela,G07,13,.154
150162990252294,ela,G08,14,.357
150162990252294,math,G03,20,.2
150162990252294,math,G04,20,0
150162990252294,math,G05,19,.053
150162990252294,math,G06,19,.105
150162990252294,math,G07,13,0
150162990252294,math,G08,14,.143
150162990252296,ela,G03,92,.087
150162990252296,ela,G04,82,.256
150162990252296,ela,G05,77,.299
150162990252296,ela,G06,82,.122
150162990252296,ela,G07,65,.184
150162990252296,ela,G08,83,.41
150162990252296,math,G03,92,.076
150162990252296,math,G04,82,.122
150162990252296,math,G05,77,.13
150162990252296,math,G06,83,.036
150162990252296,math,G07,66,.076
150162990252296,math,G08,83,.132
150162990252299,ela,G03,59,.526
150162990252299,ela,G04,68,.588
150162990252299,ela,G05,82,.585
150162990252299,ela,G06,79,.684
150162990252299,ela,G07,73,.795
150162990252299,ela,G08,79,.861
150162990252299,math,G03,59,.441
150162990252299,math,G04,68,.324
150162990252299,math,G05,82,.317
150162990252299,math,G06,78,.193
150162990252299,math,G07,73,.288
150162990252299,math,G08,79,.493
15016299025229C,ela,G03,57,.193
15016299025229C,ela,G04,54,.26
15016299025229C,ela,G05,53,.189
15016299025229C,ela,G06,46,.218
15016299025229C,ela,G07,49,.204
15016299025229C,ela,G08,46,.152
15016299025229C,math,G03,58,.052
15016299025229C,math,G04,54,.075
15016299025229C,math,G05,53,.038
15016299025229C,math,G06,46,.065
15016299025229C,math,G07,49,.082
15016299025229C,math,G08,46,.022
150162990252300,ela,G03,31,.097
150162990252300,ela,G04,19,.211
150162990252300,ela,G05,16,.125
150162990252300,ela,G06,27,.407
150162990252300,ela,G07,27,.407
150162990252300,ela,G08,21,.476
150162990252300,math,G03,31,.161
150162990252300,math,G04,19,0
150162990252300,math,G05,16,.188
150162990252300,math,G06,27,.111
150162990252300,math,G07,27,.296
150162990252300,math,G08,21,.19
150162990252303,ela,G03,25,0
150162990252303,ela,G04,19,.053
150162990252303,ela,G05,23,0
150162990252303,ela,G06,16,0
150162990252303,ela,G07,25,.12
150162990252303,ela,G08,17,0
150162990252303,math,G03,25,0
150162990252303,math,G04,19,0
150162990252303,math,G05,23,0
150162990252303,math,G06,16,0
150162990252303,math,G07,25,.04
150162990252303,math,G08,17,0
150162990252304,ela,G03,26,.115
150162990252304,ela,G04,27,.222
150162990252304,ela,G05,19,.105
150162990252304,ela,G06,27,.185
150162990252304,ela,G07,23,.174
150162990252304,ela,G08,30,.367
150162990252304,math,G03,26,.231
150162990252304,math,G04,27,0
150162990252304,math,G05,19,.053
150162990252304,math,G06,27,0
150162990252304,math,G07,23,.043
150162990252304,math,G08,30,.067
150162990252306,ela,G03,53,.358
150162990252306,ela,G04,54,.556
150162990252306,ela,G05,55,.491
150162990252306,ela,G06,61,.754
150162990252306,ela,G07,49,.531
150162990252306,ela,G08,49,.551
150162990252306,math,G03,53,.585
150162990252306,math,G04,54,.389
150162990252306,math,G05,55,.382
150162990252306,math,G06,61,.377
150162990252306,math,G07,49,.47
150162990252306,math,G08,49,.449
150162990252309,ela,G03,23,.087
150162990252309,ela,G04,20,0
150162990252309,ela,G05,24,.042
150162990252309,ela,G06,23,.087
150162990252309,ela,G07,21,.095
150162990252309,ela,G08,22,.091
150162990252309,math,G03,23,.13
150162990252309,math,G04,19,0
150162990252309,math,G05,24,0
150162990252309,math,G06,23,0
150162990252309,math,G07,20,.05
150162990252309,math,G08,22,.045
15016299025230C,ela,G03,69,.058
15016299025230C,ela,G04,77,.104
15016299025230C,ela,G05,85,.129
15016299025230C,ela,G06,79,.19
15016299025230C,ela,G07,97,.113
15016299025230C,ela,G08,97,.185
15016299025230C,math,G03,69,.13
15016299025230C,math,G04,77,.039
15016299025230C,math,G05,85,.059
15016299025230C,math,G06,79,.051
15016299025230C,math,G07,97,.01
15016299025230C,math,G08,97,.072
150162990252311,ela,G03,35,.029
150162990252311,ela,G04,53,.057
150162990252311,ela,G05,32,.156
150162990252311,ela,G06,47,.255
150162990252311,ela,G07,47,.17
150162990252311,ela,G08,58,.121
150162990252311,math,G03,35,.086
150162990252311,math,G04,53,.019
150162990252311,math,G05,32,0
150162990252311,math,G06,47,.043
150162990252311,math,G07,47,.064
150162990252311,math,G08,58,.034
150162990252313,ela,G03,26,0
150162990252313,ela,G04,21,.143
150162990252313,ela,G05,25,.2
150162990252313,ela,G06,25,.16
150162990252313,ela,G07,25,.32
150162990252313,ela,G08,26,.28
150162990252313,math,G03,26,0
150162990252313,math,G04,21,0
150162990252313,math,G05,26,0
150162990252313,math,G06,26,0
150162990252313,math,G07,26,.077
150162990252313,math,G08,26,.192
150162990252314,ela,G03,87,.551
150162990252314,ela,G04,103,.903
150162990252314,ela,G05,97,.773
150162990252314,ela,G06,101,.703
150162990252314,ela,G07,100,.78
150162990252314,ela,G08,88,.864
150162990252314,math,G03,87,.758
150162990252314,math,G04,103,.894
150162990252314,math,G05,97,.66
150162990252314,math,G06,101,.627
150162990252314,math,G07,100,.69
150162990252314,math,G08,86,.651
150162990252315,ela,G03,74,.257
150162990252315,ela,G04,85,.294
150162990252315,ela,G05,68,.264
150162990252315,ela,G06,66,.5
150162990252315,ela,G07,64,.328
150162990252315,ela,G08,40,.45
150162990252315,math,G03,73,.274
150162990252315,math,G04,85,.071
150162990252315,math,G05,68,.132
150162990252315,math,G06,66,.288
150162990252315,math,G07,64,.266
150162990252315,math,G08,40,.375
150162990252316,ela,G03,114,.123
150162990252316,ela,G04,131,.137
150162990252316,ela,G05,135,.141
150162990252316,math,G03,114,.105
150162990252316,math,G04,131,.076
150162990252316,math,G05,135,.067
150162990252317,ela,G03,109,.11
150162990252317,ela,G04,102,.235
150162990252317,ela,G05,117,.12
150162990252317,ela,G06,129,.233
150162990252317,ela,G07,120,.317
150162990252317,ela,G08,140,.307
150162990252317,math,G03,109,.138
150162990252317,math,G04,102,.098
150162990252317,math,G05,116,.095
150162990252317,math,G06,129,.023
150162990252317,math,G07,120,.1
150162990252317,math,G08,140,.036
150162990252319,ela,G03,36,.139
150162990252319,ela,G04,35,.2
150162990252319,ela,G05,39,.411
150162990252319,ela,G06,33,.303
150162990252319,ela,G07,55,.109
150162990252319,ela,G08,33,.485
150162990252319,math,G03,36,.083
150162990252319,math,G04,35,.114
150162990252319,math,G05,39,.205
150162990252319,math,G06,33,0
150162990252319,math,G07,54,.037
150162990252319,math,G08,32,.156
150162990252321,ela,G03,40,.2
150162990252321,ela,G04,33,.03
150162990252321,ela,G05,17,.294
150162990252321,ela,G06,28,.143
150162990252321,ela,G07,28,.214
150162990252321,ela,G08,29,.345
150162990252321,math,G03,40,.225
150162990252321,math,G04,33,0
150162990252321,math,G05,17,.118
150162990252321,math,G06,28,.036
150162990252321,math,G07,28,0
150162990252321,math,G08,29,.103
150162990252323,ela,G03,107,.336
150162990252323,ela,G04,110,.272
150162990252323,ela,G05,109,.358
150162990252323,ela,G06,121,.33
150162990252323,ela,G07,132,.25
150162990252323,ela,G08,122,.418
150162990252323,math,G03,107,.299
150162990252323,math,G04,110,.173
150162990252323,math,G05,109,.156
150162990252323,math,G06,120,.1
150162990252323,math,G07,132,.114
150162990252323,math,G08,123,.212
150162990252324,ela,G03,17,.059
150162990252324,ela,G04,20,.05
150162990252324,ela,G05,20,.15
150162990252324,ela,G06,29,.034
150162990252324,ela,G07,34,.118
150162990252324,ela,G08,20,.05
150162990252324,math,G03,16,0
150162990252324,math,G04,20,.05
150162990252324,math,G05,20,0
150162990252324,math,G06,27,.037
150162990252324,math,G07,34,0
150162990252324,math,G08,20,0
150162990252326,ela,G03,27,.111
150162990252326,ela,G04,30,.033
150162990252326,ela,G05,26,.192
150162990252326,ela,G06,18,.056
150162990252326,ela,G07,27,.037
150162990252326,ela,G08,22,0
150162990252326,math,G03,23,.043
150162990252326,math,G04,29,0
150162990252326,math,G05,24,.042
150162990252326,math,G06,17,0
150162990252326,math,G07,26,0
150162990252326,math,G08,22,0
150162990252328,ela,G03,28,.107
150162990252328,ela,G04,25,.28
150162990252328,ela,G05,27,.296
150162990252328,ela,G06,35,.4
150162990252328,ela,G07,37,.297
150162990252328,ela,G08,30,.6
150162990252328,math,G03,28,.179
150162990252328,math,G04,25,.08
150162990252328,math,G05,27,0
150162990252328,math,G06,35,.171
150162990252328,math,G07,34,.088
150162990252328,math,G08,30,.233
15016299025232C,ela,G03,57,.14
15016299025232C,ela,G04,59,.237
15016299025232C,ela,G05,58,.259
15016299025232C,ela,G06,60,.35
15016299025232C,ela,G07,60,.4
15016299025232C,ela,G08,59,.39
15016299025232C,math,G03,59,.119
15016299025232C,math,G04,59,.085
15016299025232C,math,G05,58,.103
15016299025232C,math,G06,60,.067
15016299025232C,math,G07,60,.25
15016299025232C,math,G08,59,.068
150162990252330,ela,G03,119,.092
150162990252330,ela,G04,103,.097
150162990252330,ela,G05,95,.221
150162990252330,ela,G06,91,.198
150162990252330,ela,G07,112,.25
150162990252330,ela,G08,110,.264
150162990252330,math,G03,118,.093
150162990252330,math,G04,104,.058
150162990252330,math,G05,92,.141
150162990252330,math,G06,91,.033
150162990252330,math,G07,112,.098
150162990252330,math,G08,109,.146
150162990252331,ela,G03,74,.271
150162990252331,ela,G04,77,.143
150162990252331,ela,G05,60,.133
150162990252331,ela,G06,63,.143
150162990252331,ela,G07,52,.327
150162990252331,ela,G08,64,.422
150162990252331,math,G03,74,.149
150162990252331,math,G04,77,.013
150162990252331,math,G05,60,.067
150162990252331,math,G06,63,.048
150162990252331,math,G07,52,.153
150162990252331,math,G08,64,.203
150162990252334,ela,G03,23,0
150162990252334,ela,G04,20,.1
150162990252334,ela,G05,30,.033
150162990252334,ela,G06,19,.053
150162990252334,ela,G07,26,0
150162990252334,ela,G08,28,.214
150162990252334,math,G03,23,.217
150162990252334,math,G04,20,0
150162990252334,math,G05,30,0
150162990252334,math,G06,19,.053
150162990252334,math,G07,26,0
150162990252334,math,G08,28,.036
150162990252337,ela,G03,67,.552
150162990252337,ela,G04,73,.672
150162990252337,ela,G05,63,.587
150162990252337,ela,G06,58,.965
150162990252337,ela,G07,41,.805
150162990252337,ela,G08,66,.803
150162990252337,math,G03,67,.523
150162990252337,math,G04,73,.52
150162990252337,math,G05,63,.444
150162990252337,math,G06,58,.603
150162990252337,math,G07,41,.683
150162990252337,math,G08,66,.652
150162990252339,ela,G03,29,.069
150162990252339,ela,G04,28,.179
150162990252339,ela,G05,25,.08
150162990252339,ela,G06,27,.519
150162990252339,ela,G07,38,.421
150162990252339,ela,G08,28,.464
150162990252339,math,G03,29,.069
150162990252339,math,G04,27,.111
150162990252339,math,G05,26,.154
150162990252339,math,G06,27,.074
150162990252339,math,G07,38,.184
150162990252339,math,G08,27,.074
15016299025233C,ela,G03,43,.047
15016299025233C,ela,G04,40,.025
15016299025233C,ela,G05,33,.121
15016299025233C,ela,G06,27,.222
15016299025233C,ela,G07,40,.15
15016299025233C,ela,G08,27,.148
15016299025233C,math,G03,43,.093
15016299025233C,math,G04,41,0
15016299025233C,math,G05,33,.03
15016299025233C,math,G06,27,0
15016299025233C,math,G07,40,.125
15016299025233C,math,G08,27,.037
150162990252341,ela,G03,74,.041
150162990252341,ela,G04,66,.076
150162990252341,ela,G05,58,.121
150162990252341,math,G03,73,.055
150162990252341,math,G04,65,.015
150162990252341,math,G05,57,.035
150162990252344,ela,G03,31,.291
150162990252344,ela,G04,24,.292
150162990252344,ela,G05,23,.174
150162990252344,ela,G06,25,.16
150162990252344,ela,G07,30,.167
150162990252344,ela,G08,31,.226
150162990252344,math,G03,31,.226
150162990252344,math,G04,24,.083
150162990252344,math,G05,23,0
150162990252344,math,G06,25,.04
150162990252344,math,G07,30,.066
150162990252344,math,G08,31,.226
150162990252345,ela,G03,26,.846
150162990252345,ela,G04,30,.833
150162990252345,ela,G05,29,.931
150162990252345,ela,G06,28,.929
150162990252345,ela,G07,*,--
150162990252345,ela,G08,13,.692
150162990252345,math,G03,26,.731
150162990252345,math,G04,30,.6
150162990252345,math,G05,29,.793
150162990252345,math,G06,28,.642
150162990252345,math,G07,*,--
150162990252345,math,G08,13,.539
150162990252346,ela,G03,65,.077
150162990252346,ela,G04,69,.087
150162990252346,ela,G05,49,.163
150162990252346,ela,G06,51,.196
150162990252346,ela,G07,47,.255
150162990252346,ela,G08,64,.063
150162990252346,math,G03,65,.031
150162990252346,math,G04,69,.014
150162990252346,math,G05,49,.04
150162990252346,math,G06,51,.039
150162990252346,math,G07,47,.17
150162990252346,math,G08,62,.097
150162990252349,ela,G03,82,.378
150162990252349,ela,G04,45,.244
150162990252349,ela,G05,44,.228
150162990252349,ela,G06,52,.288
150162990252349,ela,G07,52,.154
150162990252349,ela,G08,53,.491
150162990252349,math,G03,82,.365
150162990252349,math,G04,45,.156
150162990252349,math,G05,44,.045
150162990252349,math,G06,52,.135
150162990252349,math,G07,51,.118
150162990252349,math,G08,53,.151
150162990252352,ela,G03,27,.148
150162990252352,ela,G04,34,.118
150162990252352,ela,G05,30,.033
150162990252352,ela,G06,26,.115
150162990252352,ela,G07,33,0
150162990252352,ela,G08,30,.167
150162990252352,math,G03,27,.296
150162990252352,math,G04,34,0
150162990252352,math,G05,30,0
150162990252352,math,G06,25,0
150162990252352,math,G07,33,0
150162990252352,math,G08,30,.067
150162990252353,ela,G03,52,.231
150162990252353,ela,G04,48,.542
150162990252353,ela,G05,30,.466
150162990252353,ela,G06,30,.7
150162990252353,ela,G07,45,.578
150162990252353,ela,G08,30,.867
150162990252353,math,G03,52,.577
150162990252353,math,G04,48,.209
150162990252353,math,G05,30,.566
150162990252353,math,G06,30,.233
150162990252353,math,G07,45,.533
150162990252353,math,G08,31,.613
150162990252354,ela,G03,23,0
150162990252354,ela,G04,32,0
150162990252354,ela,G05,17,.059
150162990252354,ela,G06,21,.19
150162990252354,ela,G07,28,.071
150162990252354,ela,G08,40,0
150162990252354,math,G03,21,0
150162990252354,math,G04,32,0
150162990252354,math,G05,15,.067
150162990252354,math,G06,21,.048
150162990252354,math,G07,28,0
150162990252354,math,G08,40,.025
150162990252355,ela,G03,68,.044
150162990252355,ela,G04,60,.1
150162990252355,ela,G05,74,.216
150162990252355,ela,G06,46,.239
150162990252355,ela,G07,55,.254
150162990252355,ela,G08,76,.289
150162990252355,math,G03,67,.149
150162990252355,math,G04,60,.017
150162990252355,math,G05,75,.093
150162990252355,math,G06,45,.044
150162990252355,math,G07,55,.164
150162990252355,math,G08,76,.053
150162990252356,ela,G03,42,.214
150162990252356,ela,G04,48,.146
150162990252356,ela,G05,41,.122
150162990252356,ela,G06,35,.265
150162990252356,ela,G07,40,.225
150162990252356,ela,G08,46,.239
150162990252356,math,G03,42,.119
150162990252356,math,G04,48,.063
150162990252356,math,G05,41,.024
150162990252356,math,G06,35,0
150162990252356,math,G07,40,.075
150162990252356,math,G08,46,.022
150162990252357,ela,G03,55,.055
150162990252357,ela,G04,65,.046
150162990252357,ela,G05,54,.074
150162990252357,ela,G06,57,.228
150162990252357,ela,G07,60,.217
150162990252357,ela,G08,64,.281
150162990252357,math,G03,54,.056
150162990252357,math,G04,66,.03
150162990252357,math,G05,54,.037
150162990252357,math,G06,57,.106
150162990252357,math,G07,60,.05
150162990252357,math,G08,64,.125
150162990252358,ela,G03,74,.298
150162990252358,ela,G04,66,.424
150162990252358,ela,G05,66,.53
150162990252358,ela,G06,63,.445
150162990252358,ela,G07,67,.418
150162990252358,ela,G08,60,.6
150162990252358,math,G03,74,.122
150162990252358,math,G04,66,.197
150162990252358,math,G05,66,.167
150162990252358,math,G06,62,.193
150162990252358,math,G07,67,.314
150162990252358,math,G08,60,.266
15016299025235C,ela,G03,51,.118
15016299025235C,ela,G04,47,.085
15016299025235C,ela,G05,54,.093
15016299025235C,ela,G06,43,.302
15016299025235C,ela,G07,50,.3
15016299025235C,ela,G08,42,.31
15016299025235C,math,G03,51,.118
15016299025235C,math,G04,47,.043
15016299025235C,math,G05,54,.056
15016299025235C,math,G06,43,.047
15016299025235C,math,G07,50,.1
15016299025235C,math,G08,42,.238
150162990252361,ela,G03,118,.584
150162990252361,ela,G04,119,.638
150162990252361,ela,G05,109,.496
150162990252361,ela,G06,127,.874
150162990252361,ela,G07,127,.708
150162990252361,ela,G08,114,.859
150162990252361,math,G03,118,.5
150162990252361,math,G04,119,.454
150162990252361,math,G05,109,.486
150162990252361,math,G06,128,.516
150162990252361,math,G07,127,.433
150162990252361,math,G08,113,.513
150162990252362,ela,G03,20,.2
150162990252362,ela,G04,24,.167
150162990252362,ela,G05,24,.333
150162990252362,ela,G06,28,.322
150162990252362,ela,G07,25,.2
150162990252362,ela,G08,24,.417
150162990252362,math,G03,20,.2
150162990252362,math,G04,24,.042
150162990252362,math,G05,24,.083
150162990252362,math,G06,28,0
150162990252362,math,G07,25,.042
150162990252362,math,G08,24,0
150162990252363,ela,G03,43,.116
150162990252363,ela,G04,46,.131
150162990252363,ela,G05,51,.078
150162990252363,ela,G06,45,.178
150162990252363,ela,G07,60,.317
150162990252363,ela,G08,61,.394
150162990252363,math,G03,43,.093
150162990252363,math,G04,46,.109
150162990252363,math,G05,51,.02
150162990252363,math,G06,45,.044
150162990252363,math,G07,60,.117
150162990252363,math,G08,61,.164
150162990252365,ela,G03,60,.283
150162990252365,ela,G04,47,.49
150162990252365,ela,G05,41,.341
150162990252365,ela,G06,47,.34
150162990252365,ela,G07,44,.272
150162990252365,ela,G08,34,.441
150162990252365,math,G03,60,.35
150162990252365,math,G04,47,.298
150162990252365,math,G05,41,.195
150162990252365,math,G06,47,.255
150162990252365,math,G07,44,.159
150162990252365,math,G08,34,.147
150162990252366,ela,G03,53,.396
150162990252366,ela,G04,52,.596
150162990252366,ela,G05,57,.299
150162990252366,ela,G06,51,.49
150162990252366,ela,G07,57,.316
150162990252366,ela,G08,39,.334
150162990252366,math,G03,53,.17
150162990252366,math,G04,54,.223
150162990252366,math,G05,57,.105
150162990252366,math,G06,51,.118
150162990252366,math,G07,57,.053
150162990252366,math,G08,39,.128
150162990252367,ela,G03,32,0
150162990252367,ela,G04,30,.1
150162990252367,ela,G05,33,.242
150162990252367,ela,G06,37,.459
150162990252367,ela,G07,29,.517
150162990252367,ela,G08,32,.625
150162990252367,math,G03,33,0
150162990252367,math,G04,30,0
150162990252367,math,G05,33,.03
150162990252367,math,G06,37,.054
150162990252367,math,G07,29,.103
150162990252367,math,G08,32,.063
150162990252368,ela,G03,23,.043
150162990252368,ela,G04,24,.042
150162990252368,ela,G05,29,.069
150162990252368,ela,G06,13,.077
150162990252368,ela,G07,16,.125
150162990252368,ela,G08,22,.273
150162990252368,math,G03,23,.087
150162990252368,math,G04,24,0
150162990252368,math,G05,29,0
150162990252368,math,G06,13,0
150162990252368,math,G07,16,.063
150162990252368,math,G08,22,0
150162990252369,ela,G03,17,.177
150162990252369,ela,G04,20,.25
150162990252369,ela,G05,20,.5
150162990252369,ela,G06,10,.4
150162990252369,ela,G07,20,.2
150162990252369,ela,G08,15,.333
150162990252369,math,G03,17,.176
150162990252369,math,G04,20,.2
150162990252369,math,G05,20,0
150162990252369,math,G06,10,0
150162990252369,math,G07,20,.05
150162990252369,math,G08,15,0
15016299025236C,ela,G05,*,--
15016299025236C,ela,G06,16,.25
15016299025236C,ela,G07,21,.095
15016299025236C,ela,G08,42,.238
15016299025236C,math,G05,*,--
15016299025236C,math,G06,15,.067
15016299025236C,math,G07,21,.095
15016299025236C,math,G08,42,.048
150162990252370,ela,G03,68,.617
150162990252370,ela,G04,50,.74
150162990252370,ela,G05,64,.531
150162990252370,ela,G06,52,.635
150162990252370,ela,G07,60,.65
150162990252370,ela,G08,49,.755
150162990252370,math,G03,67,.761
150162990252370,math,G04,50,.58
150162990252370,math,G05,64,.454
150162990252370,math,G06,51,.411
150162990252370,math,G07,60,.55
150162990252370,math,G08,49,.489
150162990252371,ela,G03,43,.14
150162990252371,ela,G04,36,.306
150162990252371,ela,G05,29,.138
150162990252371,ela,G06,28,.392
150162990252371,ela,G07,38,.342
150162990252371,ela,G08,37,.486
150162990252371,math,G03,43,.046
150162990252371,math,G04,36,.194
150162990252371,math,G05,29,.069
150162990252371,math,G06,28,.071
150162990252371,math,G07,38,.079
150162990252371,math,G08,37,.27
150162990252372,ela,G03,52,.058
150162990252372,ela,G04,49,.02
150162990252372,ela,G05,38,.105
150162990252372,ela,G06,47,.128
150162990252372,ela,G07,59,.119
150162990252372,ela,G08,40,.1
150162990252372,math,G03,52,.019
150162990252372,math,G04,49,0
150162990252372,math,G05,38,.158
150162990252372,math,G06,46,.022
150162990252372,math,G07,58,.017
150162990252372,math,G08,39,0
150162990252373,ela,G03,90,.178
150162990252373,ela,G04,88,.273
150162990252373,ela,G05,103,.165
150162990252373,ela,G06,107,.281
150162990252373,ela,G07,101,.188
150162990252373,ela,G08,115,.409
150162990252373,math,G03,90,.133
150162990252373,math,G04,88,.102
150162990252373,math,G05,103,.01
150162990252373,math,G06,107,.084
150162990252373,math,G07,100,.16
150162990252373,math,G08,115,.148
150162990252374,ela,G03,94,.043
150162990252374,ela,G04,83,.084
150162990252374,ela,G05,84,.06
150162990252374,ela,G06,82,.159
150162990252374,math,G03,93,.086
150162990252374,math,G04,83,.084
150162990252374,math,G05,84,.036
150162990252374,math,G06,82,.037
150162990252375,ela,G03,62,.161
150162990252375,ela,G04,61,.114
150162990252375,ela,G05,63,.238
150162990252375,ela,G06,66,.242
150162990252375,ela,G07,76,.131
150162990252375,ela,G08,76,.355
150162990252375,math,G03,61,.066
150162990252375,math,G04,61,.016
150162990252375,math,G05,63,.048
150162990252375,math,G06,66,.045
150162990252375,math,G07,76,.105
150162990252375,math,G08,76,.171
150162990252376,ela,G03,27,.444
150162990252376,ela,G04,36,.612
150162990252376,ela,G05,45,.578
150162990252376,ela,G06,35,.572
150162990252376,ela,G07,44,.386
150162990252376,ela,G08,40,.675
150162990252376,math,G03,27,.444
150162990252376,math,G04,36,.472
150162990252376,math,G05,45,.333
150162990252376,math,G06,35,.086
150162990252376,math,G07,44,.387
150162990252376,math,G08,40,.275
150162990252380,ela,G03,99,.131
150162990252380,ela,G04,94,.213
150162990252380,ela,G05,74,.135
150162990252380,ela,G06,82,.195
150162990252380,ela,G07,80,.163
150162990252380,ela,G08,93,.366
150162990252380,math,G03,99,.141
150162990252380,math,G04,95,.148
150162990252380,math,G05,74,.055
150162990252380,math,G06,82,.159
150162990252380,math,G07,80,.075
150162990252380,math,G08,92,.163
150162990252381,ela,G03,39,.154
150162990252381,ela,G04,28,.107
150162990252381,ela,G05,38,.105
150162990252381,ela,G06,29,.103
150162990252381,ela,G07,30,.1
150162990252381,ela,G08,23,.13
150162990252381,math,G03,39,.103
150162990252381,math,G04,28,0
150162990252381,math,G05,38,0
150162990252381,math,G06,28,0
150162990252381,math,G07,30,0
150162990252381,math,G08,23,.043
150162990252382,ela,G03,59,.017
150162990252382,ela,G04,62,.032
150162990252382,ela,G05,67,.164
150162990252382,ela,G06,44,.387
150162990252382,ela,G07,56,.125
150162990252382,ela,G08,56,.214
150162990252382,math,G03,60,0
150162990252382,math,G04,62,.016
150162990252382,math,G05,68,.044
150162990252382,math,G06,44,.023
150162990252382,math,G07,56,.054
150162990252382,math,G08,56,.143
150162990252383,ela,G03,78,.141
150162990252383,ela,G04,68,.338
150162990252383,ela,G05,62,.58
150162990252383,ela,G06,76,.684
150162990252383,ela,G07,65,.431
150162990252383,ela,G08,70,.643
150162990252383,math,G03,78,.205
150162990252383,math,G04,68,.308
150162990252383,math,G05,62,.387
150162990252383,math,G06,76,.605
150162990252383,math,G07,65,.493
150162990252383,math,G08,70,.371
150162990252384,ela,G03,39,.461
150162990252384,ela,G04,66,.681
150162990252384,ela,G05,71,.549
150162990252384,ela,G06,56,.554
150162990252384,ela,G07,77,.753
150162990252384,ela,G08,63,.651
150162990252384,math,G03,39,.41
150162990252384,math,G04,66,.393
150162990252384,math,G05,71,.436
150162990252384,math,G06,55,.364
150162990252384,math,G07,77,.624
150162990252384,math,G08,63,.476
150162990252385,ela,G03,61,.049
150162990252385,ela,G04,70,.143
150162990252385,ela,G05,65,.077
150162990252385,ela,G06,59,.085
150162990252385,ela,G07,65,.154
150162990252385,ela,G08,72,.181
150162990252385,math,G03,60,.117
150162990252385,math,G04,70,.029
150162990252385,math,G05,65,.031
150162990252385,math,G06,59,.017
150162990252385,math,G07,65,.015
150162990252385,math,G08,72,.028
150162990252386,ela,G03,21,.048
150162990252386,ela,G04,41,.146
150162990252386,ela,G05,24,.125
150162990252386,ela,G06,32,.125
150162990252386,ela,G07,26,.346
150162990252386,ela,G08,46,.152
150162990252386,math,G03,21,0
150162990252386,math,G04,41,.049
150162990252386,math,G05,24,.125
150162990252386,math,G06,32,0
150162990252386,math,G07,26,.115
150162990252386,math,G08,46,.065
150162990252387,ela,G03,35,.029
150162990252387,ela,G04,24,.167
150162990252387,ela,G05,27,.111
150162990252387,ela,G06,41,.049
150162990252387,ela,G07,34,.059
150162990252387,ela,G08,38,.368
150162990252387,math,G03,35,.029
150162990252387,math,G04,24,.292
150162990252387,math,G05,27,0
150162990252387,math,G06,41,0
150162990252387,math,G07,33,0
150162990252387,math,G08,38,.289
150162990252389,ela,G03,31,.129
150162990252389,ela,G04,30,.28
150162990252389,ela,G05,30,.267
150162990252389,ela,G06,27,.174
150162990252389,ela,G07,22,.389
150162990252389,ela,G08,28,.393
150162990252389,math,G03,29,.207
150162990252389,math,G04,30,0
150162990252389,math,G05,30,.133
150162990252389,math,G06,27,.074
150162990252389,math,G07,22,.091
150162990252389,math,G08,28,.148
150162990252391,ela,G03,72,.181
150162990252391,ela,G04,84,.262
150162990252391,ela,G05,89,.303
150162990252391,ela,G06,69,.493
150162990252391,ela,G07,63,.476
150162990252391,ela,G08,76,.539
150162990252391,math,G03,72,.139
150162990252391,math,G04,82,.159
150162990252391,math,G05,89,.067
150162990252391,math,G06,69,.188
150162990252391,math,G07,63,.318
150162990252391,math,G08,76,.276
150162990252392,ela,G03,32,.063
150162990252392,ela,G04,38,.131
150162990252392,ela,G05,35,.143
150162990252392,ela,G06,36,.25
150162990252392,ela,G07,40,.175
150162990252392,ela,G08,33,.182
150162990252392,math,G03,32,.063
150162990252392,math,G04,38,.132
150162990252392,math,G05,35,0
150162990252392,math,G06,37,.054
150162990252392,math,G07,40,.05
150162990252392,math,G08,33,0
150162990252394,ela,G03,27,.074
150162990252394,ela,G04,32,.094
150162990252394,ela,G05,24,.042
150162990252394,ela,G06,29,.138
150162990252394,ela,G07,25,.16
150162990252394,ela,G08,27,.333
150162990252394,math,G03,27,.037
150162990252394,math,G04,31,.065
150162990252394,math,G05,22,0
150162990252394,math,G06,29,.034
150162990252394,math,G07,25,.04
150162990252394,math,G08,27,.111
150162990252395,ela,G03,20,.05
150162990252395,ela,G04,28,.072
150162990252395,ela,G05,32,.375
150162990252395,ela,G06,24,.291
150162990252395,ela,G07,19,.158
150162990252395,ela,G08,18,.222
150162990252395,math,G03,20,.05
150162990252395,math,G04,27,.037
150162990252395,math,G05,31,.032
150162990252395,math,G06,25,.2
150162990252395,math,G07,19,.158
150162990252395,math,G08,18,.167
150162990252396,ela,G03,105,.219
150162990252396,ela,G04,83,.422
150162990252396,math,G03,105,.333
150162990252396,math,G04,83,.349
150162990252398,ela,G03,140,.243
150162990252398,ela,G04,114,.307
150162990252398,math,G03,140,.164
150162990252398,math,G04,114,.079
150162990252399,ela,G03,108,.297
150162990252399,ela,G04,113,.487
150162990252399,ela,G05,92,.533
150162990252399,ela,G06,102,.549
150162990252399,ela,G07,62,.275
150162990252399,ela,G08,51,.412
150162990252399,math,G03,107,.308
150162990252399,math,G04,114,.22
150162990252399,math,G05,92,.347
150162990252399,math,G06,101,.277
150162990252399,math,G07,73,.164
150162990252399,math,G08,65,.385
150162990252400,ela,G03,14,0
150162990252400,ela,G04,13,.231
150162990252400,ela,G05,18,.056
150162990252400,ela,G06,17,.176
150162990252400,ela,G07,16,0
150162990252400,ela,G08,23,.13
150162990252400,math,G03,14,0
150162990252400,math,G04,12,0
150162990252400,math,G05,18,0
150162990252400,math,G06,18,.222
150162990252400,math,G07,16,0
150162990252400,math,G08,24,.125
150162990252401,ela,G03,31,.161
150162990252401,ela,G04,24,.292
150162990252401,ela,G05,21,.238
150162990252401,ela,G06,25,.48
150162990252401,ela,G07,29,.379
150162990252401,ela,G08,23,.391
150162990252401,math,G03,29,.241
150162990252401,math,G04,24,.083
150162990252401,math,G05,21,0
150162990252401,math,G06,25,.12
150162990252401,math,G07,29,0
150162990252401,math,G08,23,.043
150162990252402,ela,G03,37,.108
150162990252402,ela,G04,41,.073
150162990252402,ela,G05,40,.25
150162990252402,ela,G06,46,.087
150162990252402,ela,G07,49,.184
150162990252402,ela,G08,54,.241
150162990252402,math,G03,37,.135
150162990252402,math,G04,41,.049
150162990252402,math,G05,40,0
150162990252402,math,G06,46,.022
150162990252402,math,G07,49,.122
150162990252402,math,G08,54,.13
150162990252403,ela,G03,92,.261
150162990252403,ela,G04,108,.352
150162990252403,ela,G05,114,.22
150162990252403,ela,G06,92,.5
150162990252403,ela,G07,86,.477
150162990252403,ela,G08,100,.5
150162990252403,math,G03,92,.25
150162990252403,math,G04,109,.322
150162990252403,math,G05,113,.168
150162990252403,math,G06,92,.163
150162990252403,math,G07,86,.314
150162990252403,math,G08,100,.24
150162990252404,ela,G03,33,.303
150162990252404,ela,G04,32,.156
150162990252404,ela,G05,43,.349
150162990252404,ela,G06,31,.322
150162990252404,ela,G07,38,.473
150162990252404,ela,G08,42,.476
150162990252404,math,G03,33,.182
150162990252404,math,G04,32,.031
150162990252404,math,G05,45,.2
150162990252404,math,G06,31,.13
150162990252404,math,G07,37,.27
150162990252404,math,G08,42,.119
150162990252405,ela,G03,24,0
150162990252405,ela,G04,27,0
150162990252405,ela,G05,20,.1
150162990252405,ela,G06,21,.429
150162990252405,math,G03,24,.125
150162990252405,math,G04,27,.037
150162990252405,math,G05,20,0
150162990252405,math,G06,21,0
150162990252406,ela,G03,11,.182
150162990252406,ela,G04,*,--
150162990252406,ela,G05,14,.214
150162990252406,ela,G06,*,--
150162990252406,ela,G07,13,.462
150162990252406,ela,G08,12,.25
150162990252406,math,G03,11,.091
150162990252406,math,G04,*,--
150162990252406,math,G05,14,.142
150162990252406,math,G06,*,--
150162990252406,math,G07,13,.231
150162990252406,math,G08,12,0
150162990252409,ela,G03,87,.172
150162990252409,ela,G04,95,.242
150162990252409,ela,G05,87,.368
150162990252409,ela,G06,88,.42
150162990252409,ela,G07,85,.247
150162990252409,ela,G08,79,.203
150162990252409,math,G03,88,.25
150162990252409,math,G04,95,.105
150162990252409,math,G05,87,.126
150162990252409,math,G06,86,.105
150162990252409,math,G07,84,.131
150162990252409,math,G08,80,.076
15016299025240C,ela,G03,50,.06
15016299025240C,ela,G04,49,.306
15016299025240C,ela,G05,47,.34
15016299025240C,ela,G06,72,.222
15016299025240C,ela,G07,73,.205
15016299025240C,ela,G08,71,.577
15016299025240C,math,G03,50,.1
15016299025240C,math,G04,49,.143
15016299025240C,math,G05,47,.234
15016299025240C,math,G06,73,.041
15016299025240C,math,G07,72,.069
15016299025240C,math,G08,71,.141
150162990252410,ela,G03,39,.718
150162990252410,ela,G04,41,.781
150162990252410,ela,G05,43,.698
150162990252410,ela,G06,46,.891
150162990252410,ela,G07,33,.818
150162990252410,ela,G08,37,.865
150162990252410,math,G03,40,.7
150162990252410,math,G04,41,.78
150162990252410,math,G05,43,.465
150162990252410,math,G06,46,.543
150162990252410,math,G07,34,.53
150162990252410,math,G08,37,.486
150162990252412,ela,G03,60,.167
150162990252412,ela,G04,81,.346
150162990252412,ela,G05,79,.291
150162990252412,ela,G06,85,.412
150162990252412,ela,G07,68,.426
150162990252412,ela,G08,67,.343
150162990252412,math,G03,60,.15
150162990252412,math,G04,81,.111
150162990252412,math,G05,79,.152
150162990252412,math,G06,85,.212
150162990252412,math,G07,67,.299
150162990252412,math,G08,67,.209
150162990252413,ela,G03,98,.357
150162990252413,ela,G04,83,.53
150162990252413,ela,G05,93,.462
150162990252413,ela,G06,102,.48
150162990252413,ela,G07,87,.609
150162990252413,ela,G08,84,.678
150162990252413,math,G03,96,.614
150162990252413,math,G04,83,.494
150162990252413,math,G05,92,.294
150162990252413,math,G06,102,.255
150162990252413,math,G07,87,.264
150162990252413,math,G08,84,.334
150162990252414,ela,G03,45,.044
150162990252414,ela,G04,34,.206
150162990252414,ela,G05,30,.233
150162990252414,ela,G06,36,.167
150162990252414,ela,G07,38,.237
150162990252414,ela,G08,31,.29
150162990252414,math,G03,45,.089
150162990252414,math,G04,34,.059
150162990252414,math,G05,31,.032
150162990252414,math,G06,36,0
150162990252414,math,G07,38,.026
150162990252414,math,G08,31,.032
150162990252416,ela,G03,58,.673
150162990252416,ela,G04,53,.452
150162990252416,ela,G05,64,.657
150162990252416,ela,G06,62,.742
150162990252416,ela,G07,54,.667
150162990252416,ela,G08,40,.875
150162990252416,math,G03,58,.69
150162990252416,math,G04,54,.407
150162990252416,math,G05,64,.516
150162990252416,math,G06,62,.387
150162990252416,math,G07,54,.315
150162990252416,math,G08,40,.4
150162990252417,ela,G03,51,.098
150162990252417,ela,G04,56,.268
150162990252417,ela,G05,60,.1
150162990252417,ela,G06,63,.429
150162990252417,ela,G07,63,.143
150162990252417,ela,G08,73,.151
150162990252417,math,G03,51,.176
150162990252417,math,G04,55,.291
150162990252417,math,G05,61,.181
150162990252417,math,G06,62,.113
150162990252417,math,G07,61,.082
150162990252417,math,G08,73,.041
150162990252419,ela,G03,25,.04
150162990252419,ela,G04,30,0
150162990252419,ela,G05,24,.042
150162990252419,ela,G06,24,.208
150162990252419,ela,G07,26,0
150162990252419,ela,G08,21,.095
150162990252419,math,G03,25,.16
150162990252419,math,G04,30,0
150162990252419,math,G05,25,0
150162990252419,math,G06,24,0
150162990252419,math,G07,26,.038
150162990252419,math,G08,21,0
15016299025241C,ela,G03,59,.153
15016299025241C,ela,G04,58,.362
15016299025241C,ela,G05,61,.41
15016299025241C,ela,G06,62,.541
15016299025241C,ela,G07,56,.446
15016299025241C,ela,G08,56,.554
15016299025241C,math,G03,59,.241
15016299025241C,math,G04,58,.103
15016299025241C,math,G05,61,.099
15016299025241C,math,G06,61,.131
15016299025241C,math,G07,56,.196
15016299025241C,math,G08,56,.483
150162990252421,ela,G03,58,.121
150162990252421,ela,G04,58,.052
150162990252421,ela,G05,63,.159
150162990252421,ela,G06,66,.257
150162990252421,ela,G07,68,.353
150162990252421,ela,G08,58,.362
150162990252421,math,G03,58,.138
150162990252421,math,G04,58,.017
150162990252421,math,G05,63,.048
150162990252421,math,G06,66,0
150162990252421,math,G07,68,.103
150162990252421,math,G08,58,.275
150162990252422,ela,G03,67,.179
150162990252422,ela,G04,80,.188
150162990252422,ela,G05,56,.161
150162990252422,ela,G06,60,.417
150162990252422,ela,G07,77,.234
150162990252422,ela,G08,61,.525
150162990252422,math,G03,67,.164
150162990252422,math,G04,80,.088
150162990252422,math,G05,56,.072
150162990252422,math,G06,60,.117
150162990252422,math,G07,77,.078
150162990252422,math,G08,61,.131
150162990252423,ela,G03,26,0
150162990252423,ela,G04,19,0
150162990252423,ela,G05,19,.053
150162990252423,ela,G06,23,.043
150162990252423,ela,G07,22,0
150162990252423,ela,G08,18,0
150162990252423,math,G03,24,0
150162990252423,math,G04,19,0
150162990252423,math,G05,18,0
150162990252423,math,G06,23,0
150162990252423,math,G07,22,.091
150162990252423,math,G08,17,0
150162990252426,ela,G03,82,.451
150162990252426,ela,G04,76,.447
150162990252426,ela,G05,62,.435
150162990252426,ela,G06,76,.605
150162990252426,ela,G07,72,.514
150162990252426,ela,G08,75,.587
150162990252426,math,G03,82,.365
150162990252426,math,G04,76,.25
150162990252426,math,G05,62,.29
150162990252426,math,G06,77,.368
150162990252426,math,G07,72,.361
150162990252426,math,G08,75,.386
150162990252428,ela,G03,36,.25
150162990252428,ela,G04,43,.07
150162990252428,ela,G05,39,.231
150162990252428,ela,G06,34,.5
150162990252428,ela,G07,29,.206
150162990252428,ela,G08,30,.366
150162990252428,math,G03,36,.222
150162990252428,math,G04,43,0
150162990252428,math,G05,39,.026
150162990252428,math,G06,33,.03
150162990252428,math,G07,28,.107
150162990252428,math,G08,30,.2
150162990252429,ela,G03,29,.069
150162990252429,ela,G04,26,.231
150162990252429,ela,G05,25,.08
150162990252429,ela,G06,33,.273
150162990252429,ela,G07,25,.48
150162990252429,ela,G08,23,.304
150162990252429,math,G03,29,.069
150162990252429,math,G04,25,.04
150162990252429,math,G05,24,0
150162990252429,math,G06,33,.121
150162990252429,math,G07,25,.12
150162990252429,math,G08,23,.087
150162990252434,ela,G03,67,.657
150162990252434,ela,G04,75,.733
150162990252434,ela,G05,64,.563
150162990252434,ela,G06,78,.871
150162990252434,ela,G07,57,.456
150162990252434,ela,G08,54,.63
150162990252434,math,G03,67,.641
150162990252434,math,G04,75,.653
150162990252434,math,G05,64,.515
150162990252434,math,G06,78,.821
150162990252434,math,G07,57,.438
150162990252434,math,G08,54,.444
150162990252435,ela,G03,105,.086
150162990252435,ela,G04,100,.14
150162990252435,ela,G05,95,.2
150162990252435,ela,G06,101,.198
150162990252435,ela,G07,111,.243
150162990252435,ela,G08,129,.256
150162990252435,math,G03,105,.095
150162990252435,math,G04,100,.05
150162990252435,math,G05,95,.053
150162990252435,math,G06,101,.059
150162990252435,math,G07,111,.162
150162990252435,math,G08,128,.203
150162990252436,ela,G03,48,.188
150162990252436,ela,G04,47,.149
150162990252436,ela,G05,32,.281
150162990252436,ela,G06,39,.436
150162990252436,ela,G07,37,.351
150162990252436,ela,G08,37,.405
150162990252436,math,G03,48,.292
150162990252436,math,G04,47,.106
150162990252436,math,G05,32,.094
150162990252436,math,G06,39,.077
150162990252436,math,G07,37,.081
150162990252436,math,G08,37,.135
150162990252437,ela,G03,39,.026
150162990252437,ela,G04,36,.056
150162990252437,ela,G05,43,.14
150162990252437,ela,G06,33,.091
150162990252437,ela,G07,36,.167
150162990252437,ela,G08,33,.303
150162990252437,math,G03,41,.049
150162990252437,math,G04,35,.029
150162990252437,math,G05,43,0
150162990252437,math,G06,33,.03
150162990252437,math,G07,36,.111
150162990252437,math,G08,32,.031
150162990252438,ela,G03,60,.234
150162990252438,ela,G04,64,.265
150162990252438,ela,G05,59,.203
150162990252438,ela,G06,80,.251
150162990252438,ela,G07,65,.277
150162990252438,ela,G08,76,.316
150162990252438,math,G03,60,.25
150162990252438,math,G04,64,.125
150162990252438,math,G05,59,.186
150162990252438,math,G06,80,.138
150162990252438,math,G07,65,.138
150162990252438,math,G08,76,.25
150162990252442,ela,G03,14,.214
150162990252442,ela,G04,13,.231
150162990252442,ela,G05,20,.15
150162990252442,ela,G06,14,.143
150162990252442,ela,G07,16,.188
150162990252442,ela,G08,11,.545
150162990252442,math,G03,14,.214
150162990252442,math,G04,13,.077
150162990252442,math,G05,20,.05
150162990252442,math,G06,14,0
150162990252442,math,G07,17,.118
150162990252442,math,G08,11,.364
150162990252444,ela,G03,98,.071
150162990252444,ela,G04,86,.128
150162990252444,ela,G05,90,.144
150162990252444,math,G03,98,.031
150162990252444,math,G04,86,.035
150162990252444,math,G05,90,.022
150162990252446,ela,G03,39,0
150162990252446,ela,G04,34,.059
150162990252446,ela,G05,36,.056
150162990252446,ela,G06,53,.094
150162990252446,ela,G07,54,.148
150162990252446,ela,G08,56,.321
150162990252446,math,G03,39,.077
150162990252446,math,G04,34,0
150162990252446,math,G05,36,.028
150162990252446,math,G06,53,.019
150162990252446,math,G07,53,.057
150162990252446,math,G08,56,.054
15016299025244C,ela,G03,78,.077
15016299025244C,ela,G04,82,.122
15016299025244C,ela,G05,89,.09
15016299025244C,ela,G06,91,.143
15016299025244C,ela,G07,80,.176
15016299025244C,ela,G08,77,.299
15016299025244C,math,G03,77,.104
15016299025244C,math,G04,82,.073
15016299025244C,math,G05,89,0
15016299025244C,math,G06,90,0
15016299025244C,math,G07,80,.025
15016299025244C,math,G08,76,.145
150162990252451,ela,G03,62,.677
150162990252451,ela,G04,61,.574
150162990252451,ela,G05,60,.583
150162990252451,ela,G06,62,.823
150162990252451,ela,G07,58,.707
150162990252451,ela,G08,48,.687
150162990252451,math,G03,62,.468
150162990252451,math,G04,61,.394
150162990252451,math,G05,60,.484
150162990252451,math,G06,62,.613
150162990252451,math,G07,58,.724
150162990252451,math,G08,48,.438
150162990252452,ela,G03,57,.088
150162990252452,ela,G04,42,.167
150162990252452,ela,G05,46,.152
150162990252452,ela,G06,53,.132
150162990252452,ela,G07,47,.212
150162990252452,ela,G08,43,.163
150162990252452,math,G03,57,0
150162990252452,math,G04,42,.024
150162990252452,math,G05,46,.043
150162990252452,math,G06,53,.019
150162990252452,math,G07,47,.106
150162990252452,math,G08,43,.14
150162990252453,ela,G03,25,.16
150162990252453,ela,G04,24,.083
150162990252453,ela,G05,21,.095
150162990252453,ela,G06,24,.125
150162990252453,ela,G07,25,.24
150162990252453,ela,G08,17,.235
150162990252453,math,G03,25,.08
150162990252453,math,G04,24,0
150162990252453,math,G05,21,0
150162990252453,math,G06,24,0
150162990252453,math,G07,25,.08
150162990252453,math,G08,17,0
150162990252454,ela,G03,12,.083
150162990252454,ela,G04,22,.091
150162990252454,ela,G05,21,.143
150162990252454,ela,G06,17,.176
150162990252454,ela,G07,20,.2
150162990252454,ela,G08,18,.111
150162990252454,math,G03,12,.416
150162990252454,math,G04,22,0
150162990252454,math,G05,21,.048
150162990252454,math,G06,17,.118
150162990252454,math,G07,20,.05
150162990252454,math,G08,18,.056
150162990252455,ela,G03,85,.129
150162990252455,ela,G04,82,.158
150162990252455,ela,G08,*,--
150162990252455,math,G03,85,.177
150162990252455,math,G04,81,.173
150162990252455,math,G08,*,--
150162990252456,ela,G03,45,.222
150162990252456,ela,G04,46,.152
150162990252456,ela,G05,47,.17
150162990252456,ela,G06,60,.317
150162990252456,math,G03,45,.266
150162990252456,math,G04,46,.109
150162990252456,math,G05,47,.064
150162990252456,math,G06,60,.1
150162990252457,ela,G03,46,.261
150162990252457,ela,G04,49,.184
150162990252457,ela,G05,43,.07
150162990252457,ela,G06,41,.171
150162990252457,ela,G07,37,.216
150162990252457,ela,G08,38,.342
150162990252457,math,G03,45,.177
150162990252457,math,G04,49,.102
150162990252457,math,G05,43,.07
150162990252457,math,G06,41,.024
150162990252457,math,G07,37,.054
150162990252457,math,G08,38,0
150162990252458,ela,G03,120,.725
150162990252458,ela,G04,106,.651
150162990252458,ela,G05,158,.683
150162990252458,ela,G06,109,.77
150162990252458,ela,G07,75,.613
150162990252458,ela,G08,87,.563
150162990252458,math,G03,122,.696
150162990252458,math,G04,106,.585
150162990252458,math,G05,157,.592
150162990252458,math,G06,109,.642
150162990252458,math,G07,74,.541
150162990252458,math,G08,87,.517
150162990252459,ela,G03,92,.272
150162990252459,ela,G04,62,.258
150162990252459,ela,G05,89,.315
150162990252459,ela,G06,72,.32
150162990252459,ela,G07,105,.41
150162990252459,ela,G08,84,.429
150162990252459,math,G03,92,.218
150162990252459,math,G04,62,.129
150162990252459,math,G05,88,.147
150162990252459,math,G06,72,.153
150162990252459,math,G07,105,.239
150162990252459,math,G08,84,.179
15016299025245C,ela,G03,112,.054
15016299025245C,ela,G04,119,.109
15016299025245C,ela,G05,107,.224
15016299025245C,ela,G06,104,.27
15016299025245C,ela,G07,96,.292
15016299025245C,ela,G08,83,.337
15016299025245C,math,G03,112,.089
15016299025245C,math,G04,119,.017
15016299025245C,math,G05,107,.149
15016299025245C,math,G06,104,.087
15016299025245C,math,G07,96,.219
15016299025245C,math,G08,83,.229
150162990252460,ela,G03,30,.067
150162990252460,ela,G04,39,0
150162990252460,ela,G05,42,.024
150162990252460,ela,G06,30,.133
150162990252460,ela,G07,28,.036
150162990252460,ela,G08,42,.143
150162990252460,math,G03,29,.034
150162990252460,math,G04,39,.026
150162990252460,math,G05,42,0
150162990252460,math,G06,30,.067
150162990252460,math,G07,28,0
150162990252460,math,G08,42,0
150162990252461,ela,G03,29,.138
150162990252461,ela,G04,28,.321
150162990252461,ela,G05,29,.552
150162990252461,ela,G06,27,.704
150162990252461,ela,G07,30,.8
150162990252461,ela,G08,30,.833
150162990252461,math,G03,29,.241
150162990252461,math,G04,28,.143
150162990252461,math,G05,29,.276
150162990252461,math,G06,27,.296
150162990252461,math,G07,30,.666
150162990252461,math,G08,30,.5
150162990252462,ela,G03,45,.067
150162990252462,ela,G04,51,.059
150162990252462,ela,G05,37,.108
150162990252462,ela,G06,40,.125
150162990252462,ela,G07,41,.049
150162990252462,ela,G08,40,.125
150162990252462,math,G03,45,.178
150162990252462,math,G04,51,.02
150162990252462,math,G05,37,.054
150162990252462,math,G06,39,.077
150162990252462,math,G07,41,.024
150162990252462,math,G08,40,.075
150162990252464,ela,G03,40,.05
150162990252464,ela,G04,40,.075
150162990252464,ela,G05,36,.028
150162990252464,ela,G06,40,.125
150162990252464,ela,G07,33,.121
150162990252464,ela,G08,30,.067
150162990252464,math,G03,37,.054
150162990252464,math,G04,41,.024
150162990252464,math,G05,36,.083
150162990252464,math,G06,39,0
150162990252464,math,G07,33,0
150162990252464,math,G08,29,0
150162990252465,ela,G03,116,.138
150162990252465,ela,G04,127,.213
150162990252465,ela,G05,106,.217
150162990252465,ela,G06,112,.438
150162990252465,ela,G07,109,.275
150162990252465,ela,G08,119,.353
150162990252465,math,G03,116,.258
150162990252465,math,G04,127,.118
150162990252465,math,G05,106,.132
150162990252465,math,G06,112,.089
150162990252465,math,G07,109,.083
150162990252465,math,G08,119,.118
150162990252468,ela,G03,54,.426
150162990252468,ela,G04,55,.546
150162990252468,ela,G05,81,.679
150162990252468,ela,G06,54,.63
150162990252468,ela,G07,83,.759
150162990252468,ela,G08,55,.854
150162990252468,math,G03,54,.444
150162990252468,math,G04,55,.345
150162990252468,math,G05,81,.555
150162990252468,math,G06,54,.389
150162990252468,math,G07,83,.329
150162990252468,math,G08,55,.491
150162990252469,ela,G03,44,.091
150162990252469,ela,G04,31,.097
150162990252469,ela,G05,28,.107
150162990252469,ela,G06,34,.118
150162990252469,ela,G07,45,.289
150162990252469,ela,G08,30,.467
150162990252469,math,G03,44,.045
150162990252469,math,G04,31,0
150162990252469,math,G05,28,0
150162990252469,math,G06,33,0
150162990252469,math,G07,45,.089
150162990252469,math,G08,30,.067
15016299025246C,ela,G03,62,.161
15016299025246C,ela,G04,59,.119
15016299025246C,ela,G05,51,.098
15016299025246C,ela,G06,61,.18
15016299025246C,ela,G07,67,.269
15016299025246C,ela,G08,78,.423
15016299025246C,math,G03,61,.197
15016299025246C,math,G04,57,.158
15016299025246C,math,G05,51,.039
15016299025246C,math,G06,62,.081
15016299025246C,math,G07,68,.132
15016299025246C,math,G08,78,.192
150162990252472,ela,G03,63,.079
150162990252472,ela,G04,62,.048
150162990252472,ela,G05,58,.069
150162990252472,ela,G06,53,.208
150162990252472,ela,G07,50,.12
150162990252472,ela,G08,52,.173
150162990252472,math,G03,62,.065
150162990252472,math,G04,62,.032
150162990252472,math,G05,58,.017
150162990252472,math,G06,53,.075
150162990252472,math,G07,49,.041
150162990252472,math,G08,51,.02
150162990252474,ela,G03,36,0
150162990252474,ela,G04,39,.103
150162990252474,ela,G05,25,.08
150162990252474,ela,G06,40,.35
150162990252474,ela,G07,27,.296
150162990252474,ela,G08,40,.15
150162990252474,math,G03,36,0
150162990252474,math,G04,40,.075
150162990252474,math,G05,25,.08
150162990252474,math,G06,40,.05
150162990252474,math,G07,27,.037
150162990252474,math,G08,39,.026
150162990252475,ela,G03,17,.529
150162990252475,ela,G04,25,.2
150162990252475,ela,G05,18,.333
150162990252475,ela,G06,22,.5
150162990252475,ela,G07,21,.333
150162990252475,ela,G08,27,.593
150162990252475,math,G03,17,.235
150162990252475,math,G04,25,.08
150162990252475,math,G05,18,.056
150162990252475,math,G06,22,.045
150162990252475,math,G07,21,.19
150162990252475,math,G08,27,.185
150162990252476,ela,G03,80,.351
150162990252476,ela,G04,81,.408
150162990252476,ela,G05,73,.37
150162990252476,ela,G06,76,.526
150162990252476,ela,G07,56,.357
150162990252476,ela,G08,58,.379
150162990252476,math,G03,80,.313
150162990252476,math,G04,81,.198
150162990252476,math,G05,74,.162
150162990252476,math,G06,77,.13
150162990252476,math,G07,56,.214
150162990252476,math,G08,58,.224
150162990252477,ela,G03,58,.155
150162990252477,ela,G04,56,.161
150162990252477,ela,G05,53,.17
150162990252477,ela,G06,51,.51
150162990252477,ela,G07,46,.174
150162990252477,ela,G08,49,.224
150162990252477,math,G03,58,.167
150162990252477,math,G04,56,.061
150162990252477,math,G05,53,.167
150162990252477,math,G06,52,.307
150162990252477,math,G07,45,.156
150162990252477,math,G08,48,.25
150162990252478,ela,G03,51,.137
150162990252478,ela,G04,53,.227
150162990252478,ela,G05,54,.167
150162990252478,ela,G06,52,.365
150162990252478,ela,G07,42,.167
150162990252478,ela,G08,44,.409
150162990252478,math,G03,51,.216
150162990252478,math,G04,53,.173
150162990252478,math,G05,52,.096
150162990252478,math,G06,52,.173
150162990252478,math,G07,41,.122
150162990252478,math,G08,44,.068
150162990252479,ela,G03,30,.067
150162990252479,ela,G04,18,.056
150162990252479,ela,G05,24,0
150162990252479,ela,G06,32,.094
150162990252479,ela,G07,22,.136
150162990252479,ela,G08,32,.219
150162990252479,math,G03,30,0
150162990252479,math,G04,18,0
150162990252479,math,G05,24,0
150162990252479,math,G06,32,0
150162990252479,math,G07,22,.045
150162990252479,math,G08,32,.031
15016299025247C,ela,G03,103,.078
15016299025247C,ela,G04,130,.1
15016299025247C,ela,G05,129,.155
15016299025247C,ela,G06,127,.228
15016299025247C,ela,G07,113,.116
15016299025247C,ela,G08,111,.162
15016299025247C,math,G03,103,.049
15016299025247C,math,G04,130,.015
15016299025247C,math,G05,129,.039
15016299025247C,math,G06,127,.031
15016299025247C,math,G07,114,.009
15016299025247C,math,G08,110,.009
150162990252480,ela,G03,36,.056
150162990252480,ela,G04,31,.032
150162990252480,ela,G05,38,.158
150162990252480,ela,G06,29,.207
150162990252480,ela,G07,41,.147
150162990252480,ela,G08,44,.454
150162990252480,math,G03,36,.194
150162990252480,math,G04,31,0
150162990252480,math,G05,38,.079
150162990252480,math,G06,30,.033
150162990252480,math,G07,41,.195
150162990252480,math,G08,44,.159
150162990252484,ela,G03,26,.115
150162990252484,ela,G04,25,.12
150162990252484,ela,G05,20,.15
150162990252484,ela,G06,23,.174
150162990252484,ela,G07,21,.238
150162990252484,ela,G08,26,.23
150162990252484,math,G03,26,0
150162990252484,math,G04,25,.04
150162990252484,math,G05,20,0
150162990252484,math,G06,23,0
150162990252484,math,G07,21,.095
150162990252484,math,G08,27,.074
150162990252486,ela,G03,88,.398
150162990252486,ela,G04,91,.506
150162990252486,ela,G05,96,.625
150162990252486,ela,G06,89,.742
150162990252486,ela,G07,95,.59
150162990252486,ela,G08,83,.53
150162990252486,math,G03,87,.344
150162990252486,math,G04,91,.319
150162990252486,math,G05,96,.448
150162990252486,math,G06,89,.416
150162990252486,math,G07,95,.295
150162990252486,math,G08,83,.193
150162990252487,ela,G03,34,.059
150162990252487,ela,G04,23,.043
150162990252487,ela,G05,22,0
150162990252487,ela,G06,19,.263
150162990252487,ela,G07,27,.111
150162990252487,ela,G08,36,0
150162990252487,math,G03,34,.088
150162990252487,math,G04,24,0
150162990252487,math,G05,22,0
150162990252487,math,G06,19,.053
150162990252487,math,G07,27,.037
150162990252487,math,G08,36,.194
150162990252488,ela,G03,124,.145
150162990252488,ela,G04,116,.379
150162990252488,ela,G05,104,.423
150162990252488,math,G03,124,.177
150162990252488,math,G04,116,.181
150162990252488,math,G05,104,.356
15016299025248C,ela,G03,29,.069
15016299025248C,ela,G04,29,.138
15016299025248C,ela,G05,31,.194
15016299025248C,ela,G06,54,.222
15016299025248C,ela,G07,54,.148
15016299025248C,ela,G08,54,.185
15016299025248C,math,G03,29,.034
15016299025248C,math,G04,29,.034
15016299025248C,math,G05,31,.194
15016299025248C,math,G06,54,.056
15016299025248C,math,G07,54,.037
15016299025248C,math,G08,54,0
150162990252490,ela,G03,105,.419
150162990252490,ela,G04,103,.389
150162990252490,ela,G05,96,.364
150162990252490,ela,G06,89,.618
150162990252490,ela,G07,106,.708
150162990252490,ela,G08,107,.598
150162990252490,math,G03,105,.333
150162990252490,math,G04,103,.107
150162990252490,math,G05,96,.115
150162990252490,math,G06,89,.169
150162990252490,math,G07,106,.302
150162990252490,math,G08,107,.121
150162990252491,ela,G03,26,.077
150162990252491,ela,G04,26,.115
150162990252491,ela,G05,27,.148
150162990252491,ela,G06,26,.269
150162990252491,ela,G07,28,.25
150162990252491,ela,G08,28,.357
150162990252491,math,G03,26,.115
150162990252491,math,G04,26,.038
150162990252491,math,G05,27,0
150162990252491,math,G06,26,0
150162990252491,math,G07,28,0
150162990252491,math,G08,28,.072
150162990252492,ela,G03,35,.114
150162990252492,ela,G04,44,.205
150162990252492,ela,G05,39,.231
150162990252492,ela,G06,42,.024
150162990252492,ela,G07,27,.148
150162990252492,ela,G08,35,.229
150162990252492,math,G03,35,.057
150162990252492,math,G04,42,.024
150162990252492,math,G05,39,.051
150162990252492,math,G06,43,0
150162990252492,math,G07,28,0
150162990252492,math,G08,35,.057
150162990252494,ela,G03,74,.041
150162990252494,ela,G04,73,.055
150162990252494,ela,G05,76,.052
150162990252494,ela,G06,80,.151
150162990252494,ela,G07,67,.119
150162990252494,ela,G08,72,.125
150162990252494,math,G03,74,.108
150162990252494,math,G04,73,.027
150162990252494,math,G05,76,.053
150162990252494,math,G06,80,.088
150162990252494,math,G07,67,.06
150162990252494,math,G08,72,.139
150162990252497,ela,G03,25,.12
150162990252497,ela,G04,19,.158
150162990252497,ela,G05,23,.087
150162990252497,ela,G06,23,.478
150162990252497,ela,G07,26,.115
150162990252497,ela,G08,21,.381
150162990252497,math,G03,24,.042
150162990252497,math,G04,19,0
150162990252497,math,G05,23,.174
150162990252497,math,G06,23,.043
150162990252497,math,G07,25,.04
150162990252497,math,G08,21,.048
150162990252498,ela,G03,45,.111
150162990252498,ela,G04,40,.075
150162990252498,ela,G05,51,.137
150162990252498,ela,G06,47,.298
150162990252498,ela,G07,46,.218
150162990252498,ela,G08,57,.404
150162990252498,math,G03,44,.046
150162990252498,math,G04,40,.025
150162990252498,math,G05,51,.02
150162990252498,math,G06,47,.043
150162990252498,math,G07,46,.109
150162990252498,math,G08,57,.123
15016299025249C,ela,G03,55,.073
15016299025249C,ela,G04,57,.141
15016299025249C,ela,G05,49,.224
15016299025249C,ela,G06,55,.2
15016299025249C,ela,G07,40,.4
15016299025249C,ela,G08,46,.413
15016299025249C,math,G03,54,.111
15016299025249C,math,G04,56,.161
15016299025249C,math,G05,49,.082
15016299025249C,math,G06,53,.057
15016299025249C,math,G07,41,.171
15016299025249C,math,G08,46,.152
150162990252500,ela,G03,22,.364
150162990252500,ela,G04,20,.25
150162990252500,ela,G05,24,.125
150162990252500,ela,G06,21,.143
150162990252500,ela,G07,30,.166
150162990252500,ela,G08,30,0
150162990252500,math,G03,20,.35
150162990252500,math,G04,19,.211
150162990252500,math,G05,24,.125
150162990252500,math,G06,22,0
150162990252500,math,G07,30,.133
150162990252500,math,G08,29,0
150162990252501,ela,G03,39,.436
150162990252501,ela,G04,56,.268
150162990252501,ela,G05,52,.461
150162990252501,ela,G06,58,.569
150162990252501,ela,G07,60,.533
150162990252501,ela,G08,49,.612
150162990252501,math,G03,39,.487
150162990252501,math,G04,56,.518
150162990252501,math,G05,52,.365
150162990252501,math,G06,58,.293
150162990252501,math,G07,60,.383
150162990252501,math,G08,49,.673
150162990252502,ela,G03,28,.036
150162990252502,ela,G04,31,.194
150162990252502,ela,G05,26,.192
150162990252502,ela,G06,22,.272
150162990252502,ela,G07,33,.394
150162990252502,ela,G08,31,.452
150162990252502,math,G03,28,.036
150162990252502,math,G04,31,.065
150162990252502,math,G05,26,0
150162990252502,math,G06,22,.182
150162990252502,math,G07,33,.242
150162990252502,math,G08,31,.129
150162990252503,ela,G03,63,.54
150162990252503,ela,G04,54,.315
150162990252503,ela,G05,60,.517
150162990252503,ela,G06,69,.536
150162990252503,ela,G07,65,.354
150162990252503,ela,G08,86,.569
150162990252503,math,G03,63,.476
150162990252503,math,G04,54,.093
150162990252503,math,G05,60,.067
150162990252503,math,G06,69,.145
150162990252503,math,G07,64,.219
150162990252503,math,G08,86,.221
150162990252504,ela,G03,74,.568
150162990252504,ela,G04,81,.481
150162990252504,ela,G05,64,.641
150162990252504,ela,G06,68,.544
150162990252504,ela,G07,52,.442
150162990252504,ela,G08,65,.615
150162990252504,math,G03,74,.446
150162990252504,math,G04,81,.284
150162990252504,math,G05,65,.692
150162990252504,math,G06,68,.456
150162990252504,math,G07,51,.432
150162990252504,math,G08,65,.339
150162990252505,ela,G03,25,0
150162990252505,ela,G04,21,.095
150162990252505,ela,G05,19,.105
150162990252505,ela,G06,17,.53
150162990252505,ela,G07,21,.285
150162990252505,ela,G08,15,.4
150162990252505,math,G03,25,0
150162990252505,math,G04,21,.048
150162990252505,math,G05,19,.105
150162990252505,math,G06,17,.294
150162990252505,math,G07,21,0
150162990252505,math,G08,15,.2
150162990252506,ela,G03,42,.071
150162990252506,ela,G04,39,.026
150162990252506,ela,G05,27,.037
150162990252506,ela,G06,32,.031
150162990252506,ela,G07,35,.114
150162990252506,ela,G08,30,.067
150162990252506,math,G03,42,.071
150162990252506,math,G04,38,.026
150162990252506,math,G05,27,0
150162990252506,math,G06,32,.031
150162990252506,math,G07,35,.086
150162990252506,math,G08,30,0
150162990252507,ela,G03,40,.075
150162990252507,ela,G04,29,.103
150162990252507,ela,G05,33,.061
150162990252507,ela,G06,51,.157
150162990252507,ela,G07,33,.091
150162990252507,ela,G08,34,.235
150162990252507,math,G03,40,.125
150162990252507,math,G04,29,0
150162990252507,math,G05,33,0
150162990252507,math,G06,51,0
150162990252507,math,G07,33,.061
150162990252507,math,G08,34,.029
150162990252510,ela,G03,60,.617
150162990252510,ela,G04,94,.67
150162990252510,ela,G05,83,.772
150162990252510,ela,G06,77,.74
150162990252510,ela,G07,61,.639
150162990252510,ela,G08,71,.521
150162990252510,math,G03,60,.65
150162990252510,math,G04,93,.58
150162990252510,math,G05,83,.65
150162990252510,math,G06,76,.605
150162990252510,math,G07,61,.476
150162990252510,math,G08,71,.268
150162990252512,ela,G03,28,.179
150162990252512,ela,G04,17,.059
150162990252512,ela,G05,22,.181
150162990252512,ela,G06,26,.538
150162990252512,ela,G07,22,.136
150162990252512,ela,G08,25,.48
150162990252512,math,G03,28,.142
150162990252512,math,G04,17,0
150162990252512,math,G05,22,.181
150162990252512,math,G06,26,.038
150162990252512,math,G07,22,0
150162990252512,math,G08,25,.2
150162990252513,ela,G03,48,.021
150162990252513,ela,G04,62,.145
150162990252513,ela,G05,53,.132
150162990252513,ela,G06,71,.239
150162990252513,ela,G07,71,.395
150162990252513,ela,G08,90,.322
150162990252513,math,G03,49,.02
150162990252513,math,G04,62,.032
150162990252513,math,G05,53,.075
150162990252513,math,G06,71,.028
150162990252513,math,G07,71,.141
150162990252513,math,G08,90,.167
150162990252514,ela,G03,24,0
150162990252514,ela,G04,28,.036
150162990252514,ela,G05,23,.087
150162990252514,ela,G06,25,.2
150162990252514,ela,G07,21,.143
150162990252514,ela,G08,32,.063
150162990252514,math,G03,24,.042
150162990252514,math,G04,28,.036
150162990252514,math,G05,23,.043
150162990252514,math,G06,25,0
150162990252514,math,G07,21,.048
150162990252514,math,G08,32,.031
150162990252516,ela,G03,47,.426
150162990252516,ela,G04,55,.509
150162990252516,ela,G05,53,.642
150162990252516,ela,G06,52,.711
150162990252516,ela,G07,44,.614
150162990252516,ela,G08,42,.714
150162990252516,math,G03,48,.542
150162990252516,math,G04,54,.407
150162990252516,math,G05,53,.604
150162990252516,math,G06,51,.412
150162990252516,math,G07,44,.568
150162990252516,math,G08,42,.524
15016299025251C,ela,G03,62,.21
15016299025251C,ela,G04,60,.15
15016299025251C,ela,G05,58,.224
15016299025251C,ela,G06,59,.339
15016299025251C,ela,G07,60,.316
15016299025251C,ela,G08,59,.339
15016299025251C,math,G03,62,.194
15016299025251C,math,G04,60,.117
15016299025251C,math,G05,58,.138
15016299025251C,math,G06,59,.119
15016299025251C,math,G07,60,.134
15016299025251C,math,G08,59,.153
150162990252521,ela,G03,30,.067
150162990252521,ela,G04,31,.097
150162990252521,ela,G05,36,.083
150162990252521,ela,G06,36,.167
150162990252521,ela,G07,41,.195
150162990252521,ela,G08,29,.172
150162990252521,math,G03,30,.067
150162990252521,math,G04,31,0
150162990252521,math,G05,36,0
150162990252521,math,G06,35,.029
150162990252521,math,G07,40,.05
150162990252521,math,G08,29,0
150162990252525,ela,G03,44,.159
150162990252525,ela,G04,29,.206
150162990252525,ela,G05,44,.136
150162990252525,ela,G06,49,.02
150162990252525,ela,G07,36,.083
150162990252525,ela,G08,52,.269
150162990252525,math,G03,44,.068
150162990252525,math,G04,29,.034
150162990252525,math,G05,45,0
150162990252525,math,G06,48,0
150162990252525,math,G07,36,0
150162990252525,math,G08,51,.059
15016299025252C,ela,G03,62,.21
15016299025252C,ela,G04,56,.197
15016299025252C,ela,G05,31,.226
15016299025252C,ela,G06,30,.5
15016299025252C,ela,G07,37,.486
15016299025252C,ela,G08,55,.546
15016299025252C,math,G03,61,.722
15016299025252C,math,G04,56,.197
15016299025252C,math,G05,31,.129
15016299025252C,math,G06,30,.267
15016299025252C,math,G07,36,.167
15016299025252C,math,G08,55,.546
150162990252542,ela,G03,24,0
150162990252542,ela,G04,26,.038
150162990252542,ela,G05,28,.179
150162990252542,ela,G06,30,.233
150162990252542,ela,G07,35,.2
150162990252542,ela,G08,38,.315
150162990252542,math,G03,24,.042
150162990252542,math,G04,26,0
150162990252542,math,G05,30,.067
150162990252542,math,G06,30,.033
150162990252542,math,G07,35,.086
150162990252542,math,G08,38,0
15016299025254C,ela,G03,52,.135
15016299025254C,ela,G04,58,.19
15016299025254C,ela,G05,47,.319
15016299025254C,ela,G06,63,.492
15016299025254C,ela,G07,54,.426
15016299025254C,ela,G08,56,.535
15016299025254C,math,G03,52,.173
15016299025254C,math,G04,58,.19
15016299025254C,math,G05,47,.277
15016299025254C,math,G06,63,.206
15016299025254C,math,G07,54,.278
15016299025254C,math,G08,56,.232
15016299025258C,ela,G03,53,.264
15016299025258C,ela,G04,49,.306
15016299025258C,ela,G05,47,.277
15016299025258C,math,G03,53,.321
15016299025258C,math,G04,49,.082
15016299025258C,math,G05,47,.128
150162990252597,ela,G06,245,.204
150162990252597,ela,G07,261,.103
150162990252597,ela,G08,260,.253
150162990252597,math,G06,244,.057
150162990252597,math,G07,262,.038
150162990252597,math,G08,259,.181
15016299025259C,ela,G03,16,.063
15016299025259C,ela,G04,12,.083
15016299025259C,ela,G05,17,0
15016299025259C,ela,G06,18,.333
15016299025259C,ela,G07,10,.2
15016299025259C,ela,G08,26,.115
15016299025259C,math,G03,16,.188
15016299025259C,math,G04,12,.083
15016299025259C,math,G05,17,.059
15016299025259C,math,G06,18,.167
15016299025259C,math,G07,10,.4
15016299025259C,math,G08,26,.038
150162990252603,ela,G03,120,.233
150162990252603,ela,G04,126,.254
150162990252603,ela,G05,120,.341
150162990252603,ela,G06,104,.442
150162990252603,ela,G07,113,.398
150162990252603,ela,G08,108,.435
150162990252603,math,G03,120,.358
150162990252603,math,G04,126,.278
150162990252603,math,G05,118,.339
150162990252603,math,G06,103,.485
150162990252603,math,G07,113,.363
150162990252603,math,G08,108,.296
150162990252605,ela,G03,43,.093
150162990252605,ela,G04,33,.03
150162990252605,ela,G05,29,.069
150162990252605,ela,G06,41,.244
150162990252605,ela,G07,32,.125
150162990252605,ela,G08,45,.222
150162990252605,math,G03,43,.023
150162990252605,math,G04,33,0
150162990252605,math,G05,30,0
150162990252605,math,G06,39,0
150162990252605,math,G07,32,0
150162990252605,math,G08,44,.159
15016299025260C,ela,G03,28,.321
15016299025260C,ela,G04,30,.3
15016299025260C,ela,G05,29,.448
15016299025260C,ela,G06,30,.366
15016299025260C,ela,G07,30,.6
15016299025260C,ela,G08,30,.733
15016299025260C,math,G03,28,.286
15016299025260C,math,G04,30,.067
15016299025260C,math,G05,29,.138
15016299025260C,math,G06,30,.166
15016299025260C,math,G07,30,.233
15016299025260C,math,G08,30,.233
150162990252617,ela,G03,16,.063
150162990252617,ela,G04,25,.08
150162990252617,ela,G05,24,.292
150162990252617,ela,G06,19,.316
150162990252617,ela,G07,26,.154
150162990252617,ela,G08,20,.25
150162990252617,math,G03,16,.063
150162990252617,math,G04,25,0
150162990252617,math,G05,24,.125
150162990252617,math,G06,19,.105
150162990252617,math,G07,26,0
150162990252617,math,G08,20,0
150162990252618,ela,G03,36,.111
150162990252618,ela,G04,33,.212
150162990252618,ela,G05,21,.048
150162990252618,ela,G06,19,.263
150162990252618,ela,G07,25,.12
150162990252618,ela,G08,16,.5
150162990252618,math,G03,35,.086
150162990252618,math,G04,33,.061
150162990252618,math,G05,21,0
150162990252618,math,G06,19,0
150162990252618,math,G07,25,0
150162990252618,math,G08,16,.125
15016299025261C,ela,G03,46,.13
15016299025261C,ela,G04,44,.045
15016299025261C,ela,G05,49,.102
15016299025261C,ela,G06,46,.131
15016299025261C,ela,G07,47,.234
15016299025261C,ela,G08,52,.192
15016299025261C,math,G03,46,.065
15016299025261C,math,G04,44,.045
15016299025261C,math,G05,49,.082
15016299025261C,math,G06,46,.13
15016299025261C,math,G07,47,.213
15016299025261C,math,G08,52,.134
150162990252620,ela,G03,42,.073
150162990252620,ela,G04,29,.207
150162990252620,ela,G05,37,.027
150162990252620,ela,G06,34,0
150162990252620,ela,G07,42,.143
150162990252620,ela,G08,40,.125
150162990252620,math,G03,42,.024
150162990252620,math,G04,28,0
150162990252620,math,G05,39,0
150162990252620,math,G06,34,0
150162990252620,math,G07,42,.024
150162990252620,math,G08,40,.025
150162990252622,ela,G03,25,.32
150162990252622,ela,G04,39,.513
150162990252622,ela,G05,25,.4
150162990252622,ela,G06,34,.618
150162990252622,ela,G07,37,.621
150162990252622,ela,G08,34,.794
150162990252622,math,G03,25,.16
150162990252622,math,G04,39,.103
150162990252622,math,G05,25,.16
150162990252622,math,G06,34,.118
150162990252622,math,G07,37,.243
150162990252622,math,G08,34,.303
15016299025262C,ela,G03,25,.12
15016299025262C,ela,G04,23,.043
15016299025262C,ela,G05,29,.103
15016299025262C,ela,G06,27,.259
15016299025262C,ela,G07,26,.154
15016299025262C,ela,G08,31,.452
15016299025262C,math,G03,25,0
15016299025262C,math,G04,23,.043
15016299025262C,math,G05,29,.103
15016299025262C,math,G06,27,.074
15016299025262C,math,G07,26,0
15016299025262C,math,G08,31,.032
150162990252634,ela,G03,27,.222
150162990252634,ela,G04,38,0
150162990252634,ela,G05,24,.042
150162990252634,ela,G06,31,.065
150162990252634,ela,G07,20,.05
150162990252634,ela,G08,36,.167
150162990252634,math,G03,27,.111
150162990252634,math,G04,38,0
150162990252634,math,G05,24,.167
150162990252634,math,G06,31,0
150162990252634,math,G07,20,0
150162990252634,math,G08,36,.028
150162990252636,ela,G03,31,.065
150162990252636,ela,G04,24,.375
150162990252636,ela,G05,25,.08
150162990252636,ela,G06,26,.269
150162990252636,ela,G07,22,.181
150162990252636,ela,G08,33,.182
150162990252636,math,G03,31,.032
150162990252636,math,G04,24,.292
150162990252636,math,G05,25,0
150162990252636,math,G06,26,0
150162990252636,math,G07,22,.091
150162990252636,math,G08,33,0
150162990252637,ela,G03,24,.208
150162990252637,ela,G04,19,.158
150162990252637,ela,G05,17,.176
150162990252637,ela,G06,23,.217
150162990252637,ela,G07,20,0
150162990252637,ela,G08,20,.25
150162990252637,math,G03,24,.167
150162990252637,math,G04,18,0
150162990252637,math,G05,15,.133
150162990252637,math,G06,23,.043
150162990252637,math,G07,19,.105
150162990252637,math,G08,20,.15
15016299025263C,ela,G03,57,.106
15016299025263C,ela,G04,58,.069
15016299025263C,ela,G05,54,.093
15016299025263C,ela,G06,60,.266
15016299025263C,ela,G07,57,.281
15016299025263C,ela,G08,59,.339
15016299025263C,math,G03,57,.053
15016299025263C,math,G04,58,.052
15016299025263C,math,G05,54,0
15016299025263C,math,G06,60,.05
15016299025263C,math,G07,57,.123
15016299025263C,math,G08,59,.203
15016299025264C,ela,G03,55,.345
15016299025264C,ela,G04,58,.224
15016299025264C,ela,G05,60,.133
15016299025264C,ela,G06,59,.322
15016299025264C,ela,G07,79,.114
15016299025264C,ela,G08,57,.351
15016299025264C,math,G03,55,.109
15016299025264C,math,G04,58,.121
15016299025264C,math,G05,60,.083
15016299025264C,math,G06,59,.017
15016299025264C,math,G07,78,.154
15016299025264C,math,G08,57,.123
15016299025266C,ela,G03,38,0
15016299025266C,ela,G04,47,.085
15016299025266C,ela,G05,42,0
15016299025266C,ela,G06,49,.245
15016299025266C,ela,G07,37,.297
15016299025266C,ela,G08,52,.327
15016299025266C,math,G03,38,0
15016299025266C,math,G04,47,.021
15016299025266C,math,G05,42,0
15016299025266C,math,G06,49,.02
15016299025266C,math,G07,38,.079
15016299025266C,math,G08,50,.06
15016299025267C,ela,G03,22,.045
15016299025267C,ela,G04,30,.333
15016299025267C,ela,G05,24,.208
15016299025267C,ela,G06,29,.241
15016299025267C,ela,G07,30,.3
15016299025267C,ela,G08,30,.333
15016299025267C,math,G03,22,.136
15016299025267C,math,G04,30,.033
15016299025267C,math,G05,24,.042
15016299025267C,math,G06,29,.069
15016299025267C,math,G07,30,.166
15016299025267C,math,G08,30,.2
15016299025268C,ela,G03,57,.088
15016299025268C,ela,G04,51,.078
15016299025268C,ela,G05,54,.093
15016299025268C,ela,G06,55,.182
15016299025268C,ela,G07,60,.267
15016299025268C,ela,G08,60,.183
15016299025268C,math,G03,57,.158
15016299025268C,math,G04,51,.039
15016299025268C,math,G05,54,.019
15016299025268C,math,G06,55,.109
15016299025268C,math,G07,60,.133
15016299025268C,math,G08,60,.033
150162990252700,ela,G03,18,0
150162990252700,ela,G04,15,.2
150162990252700,ela,G05,16,.188
150162990252700,ela,G06,15,.333
150162990252700,ela,G07,18,.278
150162990252700,ela,G08,*,--
150162990252700,math,G03,18,0
150162990252700,math,G04,15,.133
150162990252700,math,G05,16,.125
150162990252700,math,G06,15,.067
150162990252700,math,G07,18,0
150162990252700,math,G08,*,--
150162990252703,ela,G03,79,.165
150162990252703,ela,G04,70,.243
150162990252703,ela,G05,70,.157
150162990252703,ela,G06,58,.465
150162990252703,ela,G07,78,.347
150162990252703,ela,G08,72,.347
150162990252703,math,G03,79,.241
150162990252703,math,G04,70,.2
150162990252703,math,G05,70,.143
150162990252703,math,G06,58,.155
150162990252703,math,G07,78,.243
150162990252703,math,G08,72,.167
150162990252704,ela,G03,17,.059
150162990252704,ela,G04,19,.263
150162990252704,ela,G05,14,.214
150162990252704,ela,G06,20,0
150162990252704,ela,G07,22,.045
150162990252704,ela,G08,24,.208
150162990252704,math,G03,17,.176
150162990252704,math,G04,19,.053
150162990252704,math,G05,14,.071
150162990252704,math,G06,20,0
150162990252704,math,G07,22,0
150162990252704,math,G08,24,0
150162990252706,ela,G03,31,0
150162990252706,ela,G04,45,0
150162990252706,ela,G05,31,.065
150162990252706,ela,G06,41,.146
150162990252706,ela,G07,42,.119
150162990252706,ela,G08,30,.333
150162990252706,math,G03,30,.067
150162990252706,math,G04,45,.022
150162990252706,math,G05,31,0
150162990252706,math,G06,41,.098
150162990252706,math,G07,42,.072
150162990252706,math,G08,30,.133
15016299025270C,ela,G03,51,.02
15016299025270C,ela,G04,50,.08
15016299025270C,ela,G05,51,.118
15016299025270C,ela,G06,59,.339
15016299025270C,ela,G07,57,.369
15016299025270C,ela,G08,57,.404
15016299025270C,math,G03,51,.039
15016299025270C,math,G04,50,.04
15016299025270C,math,G05,51,.039
15016299025270C,math,G06,59,.102
15016299025270C,math,G07,57,.123
15016299025270C,math,G08,57,.091
150162990252714,ela,G03,34,.088
150162990252714,ela,G04,27,.111
150162990252714,ela,G05,25,.08
150162990252714,ela,G06,22,.091
150162990252714,ela,G07,27,.074
150162990252714,ela,G08,28,.071
150162990252714,math,G03,34,.088
150162990252714,math,G04,27,0
150162990252714,math,G05,25,0
150162990252714,math,G06,22,0
150162990252714,math,G07,26,0
150162990252714,math,G08,28,0
150162990252724,ela,G03,26,.038
150162990252724,math,G03,26,.077
150162990252726,ela,G03,119,.076
150162990252726,ela,G04,82,.378
150162990252726,ela,G05,127,.157
150162990252726,ela,G06,100,.27
150162990252726,ela,G07,115,.218
150162990252726,ela,G08,117,.162
150162990252726,math,G03,119,.126
150162990252726,math,G04,83,.265
150162990252726,math,G05,127,.126
150162990252726,math,G06,101,.15
150162990252726,math,G07,116,.276
150162990252726,math,G08,117,.131
150162990252729,ela,G03,12,.417
150162990252729,ela,G04,*,--
150162990252729,ela,G05,11,.182
150162990252729,ela,G06,10,.3
150162990252729,ela,G07,18,.222
150162990252729,ela,G08,*,--
150162990252729,math,G03,12,.083
150162990252729,math,G04,*,--
150162990252729,math,G05,11,0
150162990252729,math,G06,10,0
150162990252729,math,G07,18,0
150162990252729,math,G08,*,--
15016299025272C,ela,G03,52,.173
15016299025272C,ela,G04,46,.457
15016299025272C,ela,G05,46,.544
15016299025272C,ela,G06,71,.464
15016299025272C,math,G03,52,.212
15016299025272C,math,G04,45,.2
15016299025272C,math,G05,46,.413
15016299025272C,math,G06,72,.125
150162990252737,ela,G03,18,.111
150162990252737,ela,G04,27,.37
150162990252737,ela,G05,19,.421
150162990252737,math,G03,18,.278
150162990252737,math,G04,27,.111
150162990252737,math,G05,19,.211
150162990252739,ela,G03,30,.933
150162990252739,ela,G04,28,1
150162990252739,ela,G05,30,.966
150162990252739,ela,G06,30,1
150162990252739,ela,G07,27,.963
150162990252739,ela,G08,19,1
150162990252739,math,G03,30,.967
150162990252739,math,G04,28,.929
150162990252739,math,G05,30,.866
150162990252739,math,G06,30,1
150162990252739,math,G07,27,.74
150162990252739,math,G08,19,.894
15016299025273C,ela,G03,43,.116
15016299025273C,ela,G04,43,.418
15016299025273C,ela,G05,46,.283
15016299025273C,ela,G06,34,.382
15016299025273C,math,G03,43,.256
15016299025273C,math,G04,43,.279
15016299025273C,math,G05,46,.131
15016299025273C,math,G06,34,.176
150162990252743,ela,G03,27,.481
150162990252743,ela,G04,27,.555
150162990252743,ela,G05,23,.391
150162990252743,ela,G06,23,.739
150162990252743,ela,G07,19,.474
150162990252743,ela,G08,22,.727
150162990252743,math,G03,27,.444
150162990252743,math,G04,27,.222
150162990252743,math,G05,23,.217
150162990252743,math,G06,23,.087
150162990252743,math,G07,19,.211
150162990252743,math,G08,22,.045
15016299025274C,ela,G03,39,.103
15016299025274C,ela,G04,48,.208
15016299025274C,ela,G05,38,.342
15016299025274C,ela,G06,45,.488
15016299025274C,ela,G07,38,.447
15016299025274C,ela,G08,38,.315
15016299025274C,math,G03,38,.158
15016299025274C,math,G04,48,.125
15016299025274C,math,G05,38,.079
15016299025274C,math,G06,44,.318
15016299025274C,math,G07,38,.158
15016299025274C,math,G08,37,.135
15016299025275C,ela,G03,56,.107
15016299025275C,ela,G04,42,.31
15016299025275C,ela,G05,41,.22
15016299025275C,ela,G06,50,.54
15016299025275C,ela,G07,42,.381
15016299025275C,ela,G08,37,.703
15016299025275C,math,G03,56,.054
15016299025275C,math,G04,42,.143
15016299025275C,math,G05,41,.073
15016299025275C,math,G06,50,.1
15016299025275C,math,G07,42,.071
15016299025275C,math,G08,37,.216
150162990252766,ela,G03,38,0
150162990252766,ela,G04,39,.077
150162990252766,ela,G05,30,.033
150162990252766,ela,G06,18,.056
150162990252766,ela,G07,32,0
150162990252766,ela,G08,31,.161
150162990252766,math,G03,36,0
150162990252766,math,G04,39,0
150162990252766,math,G05,29,0
150162990252766,math,G06,20,0
150162990252766,math,G07,35,0
150162990252766,math,G08,30,.033
150162990252767,ela,G03,27,0
150162990252767,ela,G04,26,.038
150162990252767,ela,G05,30,.033
150162990252767,ela,G06,28,.107
150162990252767,ela,G07,23,0
150162990252767,ela,G08,30,.2
150162990252767,math,G03,26,0
150162990252767,math,G04,26,0
150162990252767,math,G05,30,0
150162990252767,math,G06,28,.036
150162990252767,math,G07,23,0
150162990252767,math,G08,30,0
150162990252768,ela,G03,40,.25
150162990252768,ela,G04,43,.07
150162990252768,ela,G05,31,.097
150162990252768,ela,G06,31,.355
150162990252768,ela,G07,28,.107
150162990252768,ela,G08,37,.405
150162990252768,math,G03,40,.075
150162990252768,math,G04,43,.047
150162990252768,math,G05,31,0
150162990252768,math,G06,31,0
150162990252768,math,G07,27,.037
150162990252768,math,G08,37,.108
15016299025276C,ela,G03,25,.08
15016299025276C,ela,G04,24,.167
15016299025276C,ela,G05,26,.423
15016299025276C,math,G03,25,.04
15016299025276C,math,G04,24,.208
15016299025276C,math,G05,26,.077
150162990252773,ela,G03,31,.097
150162990252773,ela,G04,20,.05
150162990252773,ela,G05,19,.263
150162990252773,ela,G06,24,.375
150162990252773,ela,G07,32,.501
150162990252773,ela,G08,15,.466
150162990252773,math,G03,32,.063
150162990252773,math,G04,20,0
150162990252773,math,G05,19,.053
150162990252773,math,G06,24,0
150162990252773,math,G07,32,.063
150162990252773,math,G08,15,.133
150162990252775,ela,G03,46,.043
150162990252775,ela,G04,42,.238
150162990252775,ela,G05,23,.347
150162990252775,ela,G06,18,.333
150162990252775,ela,G07,25,.2
150162990252775,ela,G08,32,.188
150162990252775,math,G03,46,.152
150162990252775,math,G04,42,.071
150162990252775,math,G05,23,0
150162990252775,math,G06,18,.167
150162990252775,math,G07,25,.04
150162990252775,math,G08,32,.219
15016299025277C,ela,G03,60,.1
15016299025277C,ela,G04,49,.163
15016299025277C,ela,G05,53,.208
15016299025277C,ela,G06,58,.362
15016299025277C,ela,G07,55,.327
15016299025277C,ela,G08,44,.545
15016299025277C,math,G03,57,.193
15016299025277C,math,G04,49,.204
15016299025277C,math,G05,52,.077
15016299025277C,math,G06,57,.141
15016299025277C,math,G07,54,.13
15016299025277C,math,G08,44,.296
150162990252783,ela,G03,92,.196
150162990252783,ela,G04,82,.231
150162990252783,ela,G05,84,.31
150162990252783,ela,G06,90,.344
150162990252783,ela,G07,78,.487
150162990252783,ela,G08,88,.488
150162990252783,math,G03,92,.076
150162990252783,math,G04,82,.183
150162990252783,math,G05,83,.241
150162990252783,math,G06,90,.1
150162990252783,math,G07,77,.247
150162990252783,math,G08,89,.247
150162990252785,ela,G03,92,.043
150162990252785,ela,G04,50,.14
150162990252785,ela,G05,57,.07
150162990252785,ela,G06,61,.082
150162990252785,ela,G07,62,.016
150162990252785,ela,G08,52,.115
150162990252785,math,G03,92,.065
150162990252785,math,G04,49,0
150162990252785,math,G05,57,.035
150162990252785,math,G06,61,0
150162990252785,math,G07,63,.048
150162990252785,math,G08,52,.058
15016299025278C,ela,G03,58,.241
15016299025278C,ela,G04,72,.125
15016299025278C,ela,G05,76,.211
15016299025278C,ela,G06,64,.156
15016299025278C,ela,G07,78,.167
15016299025278C,ela,G08,75,.32
15016299025278C,math,G03,58,.121
15016299025278C,math,G04,72,.056
15016299025278C,math,G05,76,.039
15016299025278C,math,G06,64,.016
15016299025278C,math,G07,78,.026
15016299025278C,math,G08,75,.12
150162990252799,ela,G03,50,0
150162990252799,ela,G04,38,0
150162990252799,ela,G05,33,0
150162990252799,ela,G06,36,.056
150162990252799,ela,G07,35,.115
150162990252799,ela,G08,32,0
150162990252799,math,G03,49,.063
150162990252799,math,G04,38,0
150162990252799,math,G05,33,0
150162990252799,math,G06,36,0
150162990252799,math,G07,35,.029
150162990252799,math,G08,32,.094
150162990252800,ela,G03,103,.359
150162990252800,ela,G04,102,.343
150162990252800,ela,G05,85,.412
150162990252800,ela,G06,88,.341
150162990252800,ela,G07,79,.329
150162990252800,ela,G08,87,.483
150162990252800,math,G03,103,.291
150162990252800,math,G04,102,.294
150162990252800,math,G05,85,.165
150162990252800,math,G06,88,.102
150162990252800,math,G07,79,.063
150162990252800,math,G08,87,.149
150162990252802,ela,G03,39,.051
150162990252802,ela,G04,24,.042
150162990252802,ela,G05,25,.12
150162990252802,ela,G06,32,.094
150162990252802,ela,G07,28,.071
150162990252802,ela,G08,28,.107
150162990252802,math,G03,39,0
150162990252802,math,G04,24,0
150162990252802,math,G05,25,0
150162990252802,math,G06,32,0
150162990252802,math,G07,27,.074
150162990252802,math,G08,28,.036
150162990252804,ela,G03,35,.086
150162990252804,ela,G04,27,.074
150162990252804,ela,G05,45,.133
150162990252804,ela,G06,29,0
150162990252804,ela,G07,30,.133
150162990252804,ela,G08,32,.313
150162990252804,math,G03,35,0
150162990252804,math,G04,27,.037
150162990252804,math,G05,45,.022
150162990252804,math,G06,29,0
150162990252804,math,G07,30,.067
150162990252804,math,G08,32,.031
150162990252805,ela,G03,30,.733
150162990252805,ela,G04,29,.862
150162990252805,ela,G05,59,.915
150162990252805,ela,G06,30,1
150162990252805,ela,G07,28,1
150162990252805,ela,G08,43,.907
150162990252805,math,G03,30,.867
150162990252805,math,G04,29,.897
150162990252805,math,G05,59,.916
150162990252805,math,G06,30,.867
150162990252805,math,G07,28,.964
150162990252805,math,G08,42,.881
150162990252806,ela,G03,41,.024
150162990252806,ela,G04,49,.102
150162990252806,ela,G05,32,.219
150162990252806,ela,G06,45,.044
150162990252806,ela,G07,42,.119
150162990252806,ela,G08,57,.211
150162990252806,math,G03,40,.075
150162990252806,math,G04,49,.041
150162990252806,math,G05,32,.031
150162990252806,math,G06,45,.022
150162990252806,math,G07,42,.024
150162990252806,math,G08,57,.105
150162990252807,ela,G03,35,.029
150162990252807,ela,G04,28,.107
150162990252807,ela,G05,29,.138
150162990252807,ela,G06,30,.167
150162990252807,ela,G07,43,.14
150162990252807,ela,G08,32,.375
150162990252807,math,G03,35,.114
150162990252807,math,G04,28,.036
150162990252807,math,G05,29,.069
150162990252807,math,G06,30,.033
150162990252807,math,G07,43,.07
150162990252807,math,G08,32,.062
150162990252809,ela,G03,29,.793
150162990252809,ela,G04,30,.934
150162990252809,ela,G05,31,.806
150162990252809,ela,G06,30,.867
150162990252809,ela,G07,12,.917
150162990252809,ela,G08,*,--
150162990252809,math,G03,29,.793
150162990252809,math,G04,30,.667
150162990252809,math,G05,31,.742
150162990252809,math,G06,30,.6
150162990252809,math,G07,12,.333
150162990252809,math,G08,*,--
15016299025280C,ela,G03,36,.111
15016299025280C,ela,G04,46,.065
15016299025280C,ela,G05,26,0
15016299025280C,ela,G06,31,.129
15016299025280C,math,G03,36,.083
15016299025280C,math,G04,46,0
15016299025280C,math,G05,26,.038
15016299025280C,math,G06,31,.161
150162990252811,ela,G03,57,.176
150162990252811,ela,G04,75,.133
150162990252811,ela,G05,75,.12
150162990252811,ela,G06,81,.21
150162990252811,ela,G07,72,.25
150162990252811,ela,G08,68,.353
150162990252811,math,G03,57,.228
150162990252811,math,G04,75,.12
150162990252811,math,G05,75,.12
150162990252811,math,G06,81,.037
150162990252811,math,G07,72,.195
150162990252811,math,G08,68,.265
15016299025281C,ela,G03,80,.176
15016299025281C,ela,G04,80,.338
15016299025281C,ela,G05,80,.213
15016299025281C,math,G03,80,.138
15016299025281C,math,G04,80,.163
15016299025281C,math,G05,80,.226
150162990252823,ela,G03,30,0
150162990252823,ela,G04,29,.138
150162990252823,ela,G05,36,.056
150162990252823,ela,G06,27,.111
150162990252823,ela,G07,28,.392
150162990252823,ela,G08,34,.206
150162990252823,math,G03,30,0
150162990252823,math,G04,28,0
150162990252823,math,G05,35,0
150162990252823,math,G06,27,.074
150162990252823,math,G07,27,.148
150162990252823,math,G08,34,.058
150162990252825,ela,G03,51,.02
150162990252825,ela,G04,55,.073
150162990252825,ela,G05,42,.095
150162990252825,ela,G06,49,.02
150162990252825,ela,G07,59,.153
150162990252825,ela,G08,54,.278
150162990252825,math,G03,49,.02
150162990252825,math,G04,52,.038
150162990252825,math,G05,43,0
150162990252825,math,G06,46,.022
150162990252825,math,G07,59,.085
150162990252825,math,G08,51,0
150162990252826,ela,G03,28,.286
150162990252826,ela,G04,22,.182
150162990252826,ela,G05,16,0
150162990252826,ela,G06,22,.636
150162990252826,ela,G07,14,.286
150162990252826,ela,G08,18,.389
150162990252826,math,G03,28,.321
150162990252826,math,G04,22,.091
150162990252826,math,G05,16,.125
150162990252826,math,G06,22,.182
150162990252826,math,G07,14,.071
150162990252826,math,G08,18,.222
150162990252828,ela,G03,34,.088
150162990252828,ela,G04,33,.06
150162990252828,ela,G05,19,.105
150162990252828,ela,G06,38,.131
150162990252828,ela,G07,44,.227
150162990252828,ela,G08,34,.118
150162990252828,math,G03,33,.242
150162990252828,math,G04,33,.03
150162990252828,math,G05,19,0
150162990252828,math,G06,38,.079
150162990252828,math,G07,43,.14
150162990252828,math,G08,34,.176
150162990252829,ela,G03,78,.064
150162990252829,ela,G04,98,.112
150162990252829,ela,G05,94,.149
150162990252829,ela,G06,90,.211
150162990252829,ela,G07,97,.154
150162990252829,ela,G08,85,.377
150162990252829,math,G03,77,.091
150162990252829,math,G04,98,.061
150162990252829,math,G05,93,.054
150162990252829,math,G06,89,.045
150162990252829,math,G07,93,.054
150162990252829,math,G08,85,.177
15016299025282C,ela,G03,105,.105
15016299025282C,ela,G04,116,.129
15016299025282C,ela,G05,84,.143
15016299025282C,ela,G06,79,.139
15016299025282C,ela,G07,95,.316
15016299025282C,ela,G08,90,.189
15016299025282C,math,G03,105,.029
15016299025282C,math,G04,116,.026
15016299025282C,math,G05,84,.012
15016299025282C,math,G06,79,.025
15016299025282C,math,G07,95,.032
15016299025282C,math,G08,90,.044
150162990252837,ela,G03,54,.019
150162990252837,ela,G04,63,.032
150162990252837,ela,G05,64,.063
150162990252837,ela,G06,49,.265
150162990252837,ela,G07,56,.143
150162990252837,ela,G08,39,.231
150162990252837,math,G03,54,.037
150162990252837,math,G04,63,0
150162990252837,math,G05,64,.031
150162990252837,math,G06,49,.082
150162990252837,math,G07,56,0
150162990252837,math,G08,39,0
150162990252838,ela,G06,78,.218
150162990252838,ela,G07,92,.152
150162990252838,ela,G08,81,.222
150162990252838,math,G06,77,.039
150162990252838,math,G07,96,.073
150162990252838,math,G08,81,.123
15016299025283C,ela,G03,52,.192
15016299025283C,ela,G04,53,.17
15016299025283C,ela,G05,44,.182
15016299025283C,ela,G06,43,.512
15016299025283C,ela,G07,42,.167
15016299025283C,ela,G08,53,.641
15016299025283C,math,G03,52,.192
15016299025283C,math,G04,53,.227
15016299025283C,math,G05,44,.182
15016299025283C,math,G06,43,.279
15016299025283C,math,G07,42,.119
15016299025283C,math,G08,53,.189
150162990252842,ela,G03,26,.154
150162990252842,ela,G04,24,.583
150162990252842,ela,G05,27,.259
150162990252842,ela,G06,29,.483
150162990252842,ela,G07,25,.64
150162990252842,ela,G08,28,.678
150162990252842,math,G03,26,.192
150162990252842,math,G04,24,.167
150162990252842,math,G05,27,.222
150162990252842,math,G06,29,.241
150162990252842,math,G07,26,.5
150162990252842,math,G08,28,.464
150162990252844,ela,G03,24,.083
150162990252844,ela,G04,17,0
150162990252844,ela,G05,16,.188
150162990252844,ela,G06,26,.269
150162990252844,ela,G07,24,.333
150162990252844,ela,G08,32,.219
150162990252844,math,G03,24,.042
150162990252844,math,G04,17,.059
150162990252844,math,G05,16,0
150162990252844,math,G06,26,.038
150162990252844,math,G07,24,.042
150162990252844,math,G08,32,.031
15016299025284C,ela,G03,58,.19
15016299025284C,ela,G04,60,.183
15016299025284C,ela,G05,60,.2
15016299025284C,ela,G06,60,.367
15016299025284C,ela,G07,60,.217
15016299025284C,ela,G08,60,.317
15016299025284C,math,G03,58,.086
15016299025284C,math,G04,60,0
15016299025284C,math,G05,60,.05
15016299025284C,math,G06,60,.067
15016299025284C,math,G07,60,.1
15016299025284C,math,G08,60,.134
150162990252850,ela,G07,121,.224
150162990252850,ela,G08,111,.288
150162990252850,math,G07,119,.143
150162990252850,math,G08,110,.127
150162990252855,ela,G03,81,.481
150162990252855,ela,G04,99,.434
150162990252855,ela,G05,78,.679
150162990252855,ela,G06,102,.676
150162990252855,ela,G07,55,.727
150162990252855,ela,G08,71,.718
150162990252855,math,G03,79,.544
150162990252855,math,G04,99,.324
150162990252855,math,G05,78,.513
150162990252855,math,G06,102,.529
150162990252855,math,G07,55,.618
150162990252855,math,G08,70,.543
150162990252856,ela,G03,27,.963
150162990252856,ela,G04,30,.866
150162990252856,ela,G05,30,.767
150162990252856,ela,G06,31,.871
150162990252856,ela,G07,31,.645
150162990252856,ela,G08,26,.846
150162990252856,math,G03,27,.703
150162990252856,math,G04,30,.567
150162990252856,math,G05,30,.5
150162990252856,math,G06,31,.58
150162990252856,math,G07,31,.646
150162990252856,math,G08,26,.692
15016299025285C,ela,G03,52,.058
15016299025285C,ela,G04,53,.075
15016299025285C,ela,G05,62,.065
15016299025285C,ela,G06,86,.291
15016299025285C,ela,G07,79,.14
15016299025285C,ela,G08,58,.551
15016299025285C,math,G03,52,.038
15016299025285C,math,G04,53,.038
15016299025285C,math,G05,62,.032
15016299025285C,math,G06,86,.058
15016299025285C,math,G07,78,.103
15016299025285C,math,G08,58,.31
150162990252862,ela,G03,31,.387
150162990252862,ela,G04,41,.269
150162990252862,ela,G05,25,.4
150162990252862,ela,G06,37,.621
150162990252862,ela,G07,32,.594
150162990252862,ela,G08,45,.556
150162990252862,math,G03,31,.517
150162990252862,math,G04,41,.22
150162990252862,math,G05,25,.12
150162990252862,math,G06,37,.378
150162990252862,math,G07,32,.375
150162990252862,math,G08,44,.204
150162990252864,ela,G03,27,.037
150162990252864,ela,G04,33,.273
150162990252864,ela,G05,48,.104
150162990252864,ela,G06,28,.214
150162990252864,ela,G07,21,.238
150162990252864,ela,G08,36,.278
150162990252864,math,G03,27,.074
150162990252864,math,G04,33,.03
150162990252864,math,G05,48,0
150162990252864,math,G06,28,.071
150162990252864,math,G07,21,.143
150162990252864,math,G08,36,.111
150162990252867,ela,G03,43,.186
150162990252867,ela,G04,46,.109
150162990252867,ela,G05,49,.184
150162990252867,ela,G06,49,.367
150162990252867,ela,G07,54,.334
150162990252867,ela,G08,50,.4
150162990252867,math,G03,42,.167
150162990252867,math,G04,46,.022
150162990252867,math,G05,49,.061
150162990252867,math,G06,49,.02
150162990252867,math,G07,54,.111
150162990252867,math,G08,50,.14
150162990252870,ela,G03,33,.121
150162990252870,ela,G04,21,.19
150162990252870,ela,G05,22,.364
150162990252870,ela,G06,29,.448
150162990252870,ela,G07,43,.418
150162990252870,ela,G08,31,.484
150162990252870,math,G03,33,.03
150162990252870,math,G04,21,0
150162990252870,math,G05,22,0
150162990252870,math,G06,29,0
150162990252870,math,G07,42,.191
150162990252870,math,G08,32,.344
150162990252873,ela,G06,62,.323
150162990252873,ela,G07,59,.288
150162990252873,ela,G08,83,.41
150162990252873,math,G06,62,.081
150162990252873,math,G07,59,.102
150162990252873,math,G08,83,.084
150162990252876,ela,G03,79,.152
150162990252876,ela,G04,106,.141
150162990252876,ela,G05,71,.239
150162990252876,ela,G06,84,.429
150162990252876,ela,G07,72,.625
150162990252876,ela,G08,112,.473
150162990252876,math,G03,78,.154
150162990252876,math,G04,105,.067
150162990252876,math,G05,71,.169
150162990252876,math,G06,82,.061
150162990252876,math,G07,71,.113
150162990252876,math,G08,112,.303
150162990252877,ela,G03,59,.017
150162990252877,ela,G04,45,.089
150162990252877,ela,G05,64,.172
150162990252877,ela,G06,58,.138
150162990252877,ela,G07,64,.188
150162990252877,ela,G08,69,.333
150162990252877,math,G03,59,.068
150162990252877,math,G04,45,0
150162990252877,math,G05,63,.064
150162990252877,math,G06,56,.071
150162990252877,math,G07,62,.081
150162990252877,math,G08,69,.043
150162990252878,ela,G03,56,.483
150162990252878,ela,G04,58,.5
150162990252878,ela,G05,58,.379
150162990252878,ela,G06,56,.572
150162990252878,ela,G07,53,.49
150162990252878,ela,G08,59,.695
150162990252878,math,G03,54,.649
150162990252878,math,G04,57,.422
150162990252878,math,G05,58,.155
150162990252878,math,G06,56,.411
150162990252878,math,G07,53,.132
150162990252878,math,G08,59,.254
150162990252881,ela,G03,53,.17
150162990252881,ela,G04,52,.173
150162990252881,ela,G05,47,.234
150162990252881,ela,G06,55,.491
150162990252881,ela,G07,58,.344
150162990252881,ela,G08,59,.407
150162990252881,math,G03,53,.132
150162990252881,math,G04,52,.058
150162990252881,math,G05,47,.085
150162990252881,math,G06,55,.218
150162990252881,math,G07,58,.103
150162990252881,math,G08,59,.271
150162990252886,ela,G03,78,.384
150162990252886,ela,G04,85,.306
150162990252886,ela,G05,79,.38
150162990252886,ela,G06,80,.538
150162990252886,ela,G07,73,.561
150162990252886,ela,G08,83,.325
150162990252886,math,G03,78,.488
150162990252886,math,G04,85,.259
150162990252886,math,G05,80,.275
150162990252886,math,G06,80,.413
150162990252886,math,G07,73,.37
150162990252886,math,G08,83,.217
150162990252889,ela,G03,53,.132
150162990252889,ela,G04,48,.146
150162990252889,ela,G05,57,.07
150162990252889,ela,G06,56,.071
150162990252889,ela,G07,26,0
150162990252889,ela,G08,42,.119
150162990252889,math,G03,53,.151
150162990252889,math,G04,47,.064
150162990252889,math,G05,57,0
150162990252889,math,G06,56,.089
150162990252889,math,G07,26,0
150162990252889,math,G08,42,.071
150162990252892,ela,G03,22,.182
150162990252892,ela,G04,22,0
150162990252892,ela,G05,18,.056
150162990252892,ela,G06,19,.211
150162990252892,ela,G07,17,0
150162990252892,ela,G08,19,.158
150162990252892,math,G03,22,.181
150162990252892,math,G04,22,0
150162990252892,math,G05,18,0
150162990252892,math,G06,19,0
150162990252892,math,G07,17,0
150162990252892,math,G08,19,0
150162990252893,ela,G03,17,0
150162990252893,ela,G04,24,.125
150162990252893,ela,G05,26,.038
150162990252893,ela,G06,30,.3
150162990252893,ela,G07,21,.143
150162990252893,ela,G08,30,.4
150162990252893,math,G03,17,.118
150162990252893,math,G04,24,.125
150162990252893,math,G05,26,0
150162990252893,math,G06,31,.065
150162990252893,math,G07,21,0
150162990252893,math,G08,30,.3
150162990252895,ela,G03,34,.088
150162990252895,ela,G04,38,.158
150162990252895,ela,G05,34,.118
150162990252895,ela,G06,31,.226
150162990252895,ela,G07,24,.167
150162990252895,ela,G08,35,.2
150162990252895,math,G03,34,.059
150162990252895,math,G04,38,.105
150162990252895,math,G05,34,.029
150162990252895,math,G06,31,.032
150162990252895,math,G07,24,.042
150162990252895,math,G08,35,.057
150162990252896,ela,G03,55,.036
150162990252896,ela,G04,70,.114
150162990252896,ela,G05,77,.065
150162990252896,ela,G06,62,.194
150162990252896,ela,G07,76,.224
150162990252896,ela,G08,78,.334
150162990252896,math,G03,55,.145
150162990252896,math,G04,70,.086
150162990252896,math,G05,77,.039
150162990252896,math,G06,62,.016
150162990252896,math,G07,76,.026
150162990252896,math,G08,78,.026
150162990252897,ela,G03,48,.188
150162990252897,ela,G04,46,.174
150162990252897,ela,G05,59,.119
150162990252897,ela,G06,60,.317
150162990252897,ela,G07,62,.242
150162990252897,ela,G08,74,.54
150162990252897,math,G03,48,.063
150162990252897,math,G04,46,.152
150162990252897,math,G05,58,.069
150162990252897,math,G06,59,.102
150162990252897,math,G07,61,.164
150162990252897,math,G08,73,.219
150162990252900,ela,G03,42,.024
150162990252900,ela,G04,42,.095
150162990252900,ela,G05,27,.148
150162990252900,ela,G06,28,.25
150162990252900,ela,G07,36,.222
150162990252900,ela,G08,37,.351
150162990252900,math,G03,42,0
150162990252900,math,G04,42,0
150162990252900,math,G05,27,.037
150162990252900,math,G06,28,.036
150162990252900,math,G07,36,.111
150162990252900,math,G08,37,.081
150162990252901,ela,G03,24,.083
150162990252901,ela,G04,22,.182
150162990252901,ela,G05,27,.074
150162990252901,ela,G06,22,.136
150162990252901,ela,G07,29,.414
150162990252901,ela,G08,23,.174
150162990252901,math,G03,24,.083
150162990252901,math,G04,22,.091
150162990252901,math,G05,27,.074
150162990252901,math,G06,21,0
150162990252901,math,G07,29,.103
150162990252901,math,G08,22,0
150162990252902,ela,G03,38,.105
150162990252902,ela,G04,36,.334
150162990252902,ela,G05,26,.269
150162990252902,ela,G06,28,.5
150162990252902,ela,G07,25,.64
150162990252902,ela,G08,23,.739
150162990252902,math,G03,38,.053
150162990252902,math,G04,36,.083
150162990252902,math,G05,25,.04
150162990252902,math,G06,28,.107
150162990252902,math,G07,25,.04
150162990252902,math,G08,23,.174
150162990252903,ela,G03,23,.087
150162990252903,ela,G04,22,.227
150162990252903,ela,G05,17,.412
150162990252903,ela,G06,24,.584
150162990252903,math,G03,23,.043
150162990252903,math,G04,22,0
150162990252903,math,G05,17,.059
150162990252903,math,G06,24,.208
150162990252904,ela,G03,20,.05
150162990252904,ela,G04,14,.071
150162990252904,ela,G05,25,.08
150162990252904,ela,G06,25,.04
150162990252904,ela,G07,29,.034
150162990252904,ela,G08,28,.179
150162990252904,math,G03,20,.05
150162990252904,math,G04,13,0
150162990252904,math,G05,25,.08
150162990252904,math,G06,25,.04
150162990252904,math,G07,29,.069
150162990252904,math,G08,28,.071
150162990252908,ela,G03,43,.209
150162990252908,ela,G04,49,.184
150162990252908,ela,G05,53,.154
150162990252908,ela,G06,46,.457
150162990252908,ela,G07,43,.419
150162990252908,ela,G08,50,.48
150162990252908,math,G03,43,.233
150162990252908,math,G04,49,.02
150162990252908,math,G05,53,.038
150162990252908,math,G06,46,.109
150162990252908,math,G07,43,.095
150162990252908,math,G08,50,.1
150162990252912,ela,G07,71,.085
150162990252912,ela,G08,61,.082
150162990252912,math,G07,71,.07
150162990252912,math,G08,61,0
150162990252913,ela,G03,55,.018
150162990252913,ela,G04,46,.043
150162990252913,ela,G05,51,.059
150162990252913,ela,G06,54,.056
150162990252913,ela,G07,49,.143
150162990252913,ela,G08,63,.206
150162990252913,math,G03,55,.036
150162990252913,math,G04,46,0
150162990252913,math,G05,51,0
150162990252913,math,G06,54,0
150162990252913,math,G07,49,.02
150162990252913,math,G08,63,.063
150162990252914,ela,G03,129,.163
150162990252914,ela,G04,119,.277
150162990252914,ela,G05,100,.14
150162990252914,math,G03,129,.279
150162990252914,math,G04,119,.159
150162990252914,math,G05,100,.1
150162990252915,ela,G06,169,.095
150162990252915,ela,G07,169,.124
150162990252915,ela,G08,182,.115
150162990252915,math,G06,167,.042
150162990252915,math,G07,168,.048
150162990252915,math,G08,180,.15
150162990252916,ela,G03,40,.175
150162990252916,ela,G04,35,.2
150162990252916,ela,G05,47,.149
150162990252916,ela,G06,46,.065
150162990252916,ela,G07,51,.216
150162990252916,ela,G08,40,.125
150162990252916,math,G03,40,.05
150162990252916,math,G04,35,0
150162990252916,math,G05,46,.022
150162990252916,math,G06,46,0
150162990252916,math,G07,51,0
150162990252916,math,G08,40,.05
150162990252918,ela,G03,17,.53
150162990252918,ela,G04,22,.227
150162990252918,ela,G05,20,.05
150162990252918,ela,G06,16,.188
150162990252918,ela,G07,18,.278
150162990252918,ela,G08,14,.5
150162990252918,math,G03,17,.176
150162990252918,math,G04,22,.318
150162990252918,math,G05,20,.25
150162990252918,math,G06,16,.125
150162990252918,math,G07,18,.125
150162990252918,math,G08,14,.357
150162990252919,ela,G03,65,.246
150162990252919,ela,G04,80,.163
150162990252919,ela,G05,70,.428
150162990252919,ela,G06,64,.454
150162990252919,ela,G07,84,.631
150162990252919,ela,G08,84,.559
150162990252919,math,G03,65,.247
150162990252919,math,G04,80,.138
150162990252919,math,G05,68,.132
150162990252919,math,G06,64,.141
150162990252919,math,G07,83,.47
150162990252919,math,G08,84,.238
150162990252920,ela,G03,55,.327
150162990252920,ela,G04,58,.293
150162990252920,ela,G05,56,.179
150162990252920,ela,G06,55,.454
150162990252920,ela,G07,57,.351
150162990252920,ela,G08,59,.407
150162990252920,math,G03,55,.436
150162990252920,math,G04,58,.224
150162990252920,math,G05,56,.197
150162990252920,math,G06,55,.145
150162990252920,math,G07,57,.193
150162990252920,math,G08,59,.237
150162990252921,ela,G03,23,.087
150162990252921,ela,G04,23,0
150162990252921,ela,G05,31,.161
150162990252921,ela,G06,21,.143
150162990252921,ela,G07,19,.211
150162990252921,ela,G08,19,.263
150162990252921,math,G03,23,.174
150162990252921,math,G04,23,.043
150162990252921,math,G05,31,0
150162990252921,math,G06,22,0
150162990252921,math,G07,19,0
150162990252921,math,G08,19,.105
150162990252922,ela,G03,25,.16
150162990252922,ela,G04,28,.179
150162990252922,ela,G05,28,.286
150162990252922,ela,G06,32,.375
150162990252922,ela,G07,36,.611
150162990252922,ela,G08,36,.278
150162990252922,math,G03,25,.28
150162990252922,math,G04,28,.071
150162990252922,math,G05,28,.071
150162990252922,math,G06,32,0
150162990252922,math,G07,36,.167
150162990252922,math,G08,36,.139
150162990252923,ela,G03,45,.089
150162990252923,ela,G04,46,.087
150162990252923,ela,G05,25,.08
150162990252923,ela,G06,40,.075
150162990252923,ela,G07,39,.205
150162990252923,ela,G08,43,.326
150162990252923,math,G03,45,.089
150162990252923,math,G04,46,.022
150162990252923,math,G05,25,.04
150162990252923,math,G06,40,.075
150162990252923,math,G07,39,.103
150162990252923,math,G08,43,.139
150162990252924,ela,G03,81,.297
150162990252924,ela,G04,85,.353
150162990252924,ela,G05,80,.338
150162990252924,ela,G06,86,.477
150162990252924,ela,G07,67,.374
150162990252924,ela,G08,63,.365
150162990252924,math,G03,81,.395
150162990252924,math,G04,84,.262
150162990252924,math,G05,80,.301
150162990252924,math,G06,81,.309
150162990252924,math,G07,67,.179
150162990252924,math,G08,63,.159
150162990252926,ela,G03,39,.488
150162990252926,ela,G04,25,.32
150162990252926,ela,G05,36,.334
150162990252926,ela,G06,33,.182
150162990252926,ela,G07,35,.4
150162990252926,ela,G08,38,.342
150162990252926,math,G03,39,.231
150162990252926,math,G04,25,.08
150162990252926,math,G05,36,.167
150162990252926,math,G06,33,.121
150162990252926,math,G07,35,.172
150162990252926,math,G08,38,.184
150162990252930,ela,G03,87,.252
150162990252930,ela,G04,84,.193
150162990252930,math,G03,87,.241
150162990252930,math,G04,84,.071
150162990252933,ela,G03,62,.29
150162990252933,ela,G04,55,.145
150162990252933,ela,G05,64,.313
150162990252933,ela,G06,71,.338
150162990252933,ela,G07,72,.153
150162990252933,ela,G08,71,.408
150162990252933,math,G03,62,.355
150162990252933,math,G04,55,.164
150162990252933,math,G05,64,.11
150162990252933,math,G06,71,.169
150162990252933,math,G07,72,.111
150162990252933,math,G08,71,.099
150162990252934,ela,G03,60,.033
150162990252934,ela,G04,65,.123
150162990252934,ela,G05,61,.066
150162990252934,ela,G06,72,.208
150162990252934,ela,G07,70,.143
150162990252934,ela,G08,75,.266
150162990252934,math,G03,60,.033
150162990252934,math,G04,65,.031
150162990252934,math,G05,61,.016
150162990252934,math,G06,72,.042
150162990252934,math,G07,71,.014
150162990252934,math,G08,74,.149
150162990252935,ela,G03,28,.143
150162990252935,ela,G04,30,.067
150162990252935,ela,G05,34,0
150162990252935,ela,G06,25,.28
150162990252935,ela,G07,23,.087
150162990252935,ela,G08,26,.346
150162990252935,math,G03,28,.071
150162990252935,math,G04,30,.033
150162990252935,math,G05,34,0
150162990252935,math,G06,25,.04
150162990252935,math,G07,23,.043
150162990252935,math,G08,26,.307
150162990252936,ela,G03,30,.033
150162990252936,ela,G04,30,.133
150162990252936,ela,G05,18,.222
150162990252936,ela,G06,33,.091
150162990252936,ela,G07,38,.132
150162990252936,ela,G08,25,.44
150162990252936,math,G03,30,.1
150162990252936,math,G04,30,0
150162990252936,math,G05,18,.167
150162990252936,math,G06,32,.063
150162990252936,math,G07,38,.026
150162990252936,math,G08,25,.04
150162990252937,ela,G03,36,.028
150162990252937,ela,G04,28,.036
150162990252937,ela,G05,20,.05
150162990252937,ela,G06,24,.167
150162990252937,ela,G07,15,.067
150162990252937,ela,G08,16,.126
150162990252937,math,G03,35,0
150162990252937,math,G04,28,0
150162990252937,math,G05,20,0
150162990252937,math,G06,24,.042
150162990252937,math,G07,15,0
150162990252937,math,G08,16,.063
150162990252941,ela,G03,43,.465
150162990252941,ela,G04,44,.228
150162990252941,ela,G05,40,.2
150162990252941,ela,G06,27,.185
150162990252941,ela,G07,25,.2
150162990252941,ela,G08,45,.2
150162990252941,math,G03,43,.419
150162990252941,math,G04,42,.071
150162990252941,math,G05,40,.05
150162990252941,math,G06,27,0
150162990252941,math,G07,25,.12
150162990252941,math,G08,45,.133
150162990252943,ela,G03,91,.055
150162990252943,ela,G04,98,.184
150162990252943,ela,G05,86,.395
150162990252943,ela,G06,117,.325
150162990252943,ela,G07,90,.266
150162990252943,ela,G08,131,.336
150162990252943,math,G03,92,.13
150162990252943,math,G04,99,.03
150162990252943,math,G05,86,.221
150162990252943,math,G06,117,.017
150162990252943,math,G07,90,.067
150162990252943,math,G08,131,.183
150162990252945,ela,G03,17,.059
150162990252945,ela,G04,*,--
150162990252945,ela,G05,14,.143
150162990252945,ela,G06,12,.333
150162990252945,ela,G07,22,.363
150162990252945,ela,G08,22,.409
150162990252945,math,G03,17,.176
150162990252945,math,G04,*,--
150162990252945,math,G05,14,0
150162990252945,math,G06,12,0
150162990252945,math,G07,22,0
150162990252945,math,G08,22,.091
150162990252949,ela,G03,56,.304
150162990252949,ela,G04,57,.526
150162990252949,ela,G05,57,.439
150162990252949,ela,G06,57,.807
150162990252949,math,G03,56,.357
150162990252949,math,G04,56,.179
150162990252949,math,G05,58,.293
150162990252949,math,G06,57,.614
150162990252951,ela,G03,11,0
150162990252951,ela,G04,15,.067
150162990252951,ela,G05,11,0
150162990252951,ela,G06,26,.038
150162990252951,ela,G07,29,0
150162990252951,ela,G08,24,.083
150162990252951,math,G03,12,0
150162990252951,math,G04,15,0
150162990252951,math,G05,11,0
150162990252951,math,G06,26,0
150162990252951,math,G07,29,0
150162990252951,math,G08,24,0
150162990252953,ela,G03,45,.222
150162990252953,ela,G04,54,.519
150162990252953,ela,G05,45,.511
150162990252953,ela,G06,38,.526
150162990252953,ela,G07,46,.653
150162990252953,ela,G08,42,.524
150162990252953,math,G03,45,.533
150162990252953,math,G04,54,.223
150162990252953,math,G05,45,.4
150162990252953,math,G06,38,.263
150162990252953,math,G07,43,.349
150162990252953,math,G08,41,.292
150162990252954,ela,G03,*,--
150162990252954,ela,G04,13,.154
150162990252954,ela,G05,17,.176
150162990252954,ela,G06,11,.455
150162990252954,ela,G07,10,.1
150162990252954,ela,G08,17,.294
150162990252954,math,G03,*,--
150162990252954,math,G04,14,.143
150162990252954,math,G05,17,.235
150162990252954,math,G06,11,.273
150162990252954,math,G07,10,.2
150162990252954,math,G08,17,.235
150162990252955,ela,G03,52,.288
150162990252955,ela,G04,59,.627
150162990252955,ela,G05,55,.654
150162990252955,ela,G06,59,.775
150162990252955,ela,G07,52,.673
150162990252955,ela,G08,55,.709
150162990252955,math,G03,52,.519
150162990252955,math,G04,59,.594
150162990252955,math,G05,55,.546
150162990252955,math,G06,59,.543
150162990252955,math,G07,53,.471
150162990252955,math,G08,56,.268
150162990252958,ela,G03,73,.178
150162990252958,ela,G04,81,.234
150162990252958,ela,G05,90,.167
150162990252958,ela,G06,83,.337
150162990252958,ela,G07,83,.193
150162990252958,ela,G08,110,.355
150162990252958,math,G03,73,.151
150162990252958,math,G04,81,.123
150162990252958,math,G05,89,.09
150162990252958,math,G06,82,.049
150162990252958,math,G07,83,.06
150162990252958,math,G08,110,.064
150162990252959,ela,G03,56,.947
150162990252959,ela,G04,60,.966
150162990252959,ela,G05,57,.983
150162990252959,ela,G06,59,.932
150162990252959,ela,G07,55,.819
150162990252959,ela,G08,51,.961
150162990252959,math,G03,56,.946
150162990252959,math,G04,60,.967
150162990252959,math,G05,57,.895
150162990252959,math,G06,59,.916
150162990252959,math,G07,55,.891
150162990252959,math,G08,51,.941
150162990252960,ela,G03,21,.095
150162990252960,ela,G04,13,.385
150162990252960,ela,G05,15,.067
150162990252960,ela,G06,21,.238
150162990252960,ela,G07,15,.267
150162990252960,ela,G08,21,.143
150162990252960,math,G03,21,.048
150162990252960,math,G04,13,.385
150162990252960,math,G05,15,.133
150162990252960,math,G06,21,.143
150162990252960,math,G07,15,.133
150162990252960,math,G08,21,.143
150162990252963,ela,G03,83,.084
150162990252963,ela,G04,65,.062
150162990252963,ela,G05,76,.184
150162990252963,ela,G06,79,.405
150162990252963,ela,G07,79,.253
150162990252963,ela,G08,79,.291
150162990252963,math,G03,82,.195
150162990252963,math,G04,65,.046
150162990252963,math,G05,76,.105
150162990252963,math,G06,78,.128
150162990252963,math,G07,80,.15
150162990252963,math,G08,79,.063
150162990252964,ela,G03,42,.071
150162990252964,ela,G04,76,.171
150162990252964,ela,G05,64,.359
150162990252964,ela,G06,64,.36
150162990252964,ela,G07,78,.359
150162990252964,ela,G08,65,.539
150162990252964,math,G03,41,.146
150162990252964,math,G04,76,.171
150162990252964,math,G05,64,.188
150162990252964,math,G06,64,.156
150162990252964,math,G07,78,.192
150162990252964,math,G08,65,.307
150162990252965,ela,G03,73,.301
150162990252965,ela,G04,62,.307
150162990252965,ela,G05,64,.375
150162990252965,ela,G06,67,.418
150162990252965,ela,G07,75,.253
150162990252965,ela,G08,72,.222
150162990252965,math,G03,73,.274
150162990252965,math,G04,63,.27
150162990252965,math,G05,64,.234
150162990252965,math,G06,67,.284
150162990252965,math,G07,76,.237
150162990252965,math,G08,72,.208
150162990252966,ela,G03,78,.282
150162990252966,ela,G04,63,.397
150162990252966,ela,G05,97,.289
150162990252966,ela,G06,85,.529
150162990252966,ela,G07,83,.663
150162990252966,ela,G08,90,.445
150162990252966,math,G03,78,.243
150162990252966,math,G04,63,.063
150162990252966,math,G05,97,.144
150162990252966,math,G06,85,.13
150162990252966,math,G07,83,.181
150162990252966,math,G08,90,.122
150162990252967,ela,G03,44,.341
150162990252967,ela,G04,54,.648
150162990252967,ela,G05,46,.566
150162990252967,ela,G06,35,.8
150162990252967,ela,G07,26,.808
150162990252967,ela,G08,19,.737
150162990252967,math,G03,44,.636
150162990252967,math,G04,54,.352
150162990252967,math,G05,47,.277
150162990252967,math,G06,34,.412
150162990252967,math,G07,26,.654
150162990252967,math,G08,20,.6
150162990252968,ela,G05,78,.205
150162990252968,ela,G06,78,.115
150162990252968,ela,G07,101,.119
150162990252968,ela,G08,117,.256
150162990252968,math,G05,78,.09
150162990252968,math,G06,77,.039
150162990252968,math,G07,101,.079
150162990252968,math,G08,118,.059
150162990252969,ela,G03,62,.048
150162990252969,ela,G04,59,.085
150162990252969,ela,G05,60,.1
150162990252969,ela,G06,52,.154
150162990252969,ela,G07,72,.139
150162990252969,ela,G08,65,.108
150162990252969,math,G03,62,.032
150162990252969,math,G04,59,.034
150162990252969,math,G05,60,.067
150162990252969,math,G06,52,.077
150162990252969,math,G07,72,.083
150162990252969,math,G08,65,.046
150162990252970,ela,G05,186,.177
150162990252970,ela,G06,228,.289
150162990252970,ela,G07,224,.192
150162990252970,ela,G08,218,.331
150162990252970,math,G05,185,.097
150162990252970,math,G06,228,.145
150162990252970,math,G07,224,.187
150162990252970,math,G08,218,.321
150162990252971,ela,G03,57,.526
150162990252971,ela,G04,55,.6
150162990252971,ela,G05,58,.638
150162990252971,ela,G06,59,.712
150162990252971,ela,G07,60,.7
150162990252971,math,G03,57,.579
150162990252971,math,G04,55,.491
150162990252971,math,G05,58,.5
150162990252971,math,G06,59,.475
150162990252971,math,G07,60,.417
150162990252972,ela,G03,56,.768
150162990252972,ela,G04,58,.914
150162990252972,ela,G05,58,.862
150162990252972,ela,G06,59,.915
150162990252972,ela,G07,25,1
150162990252972,math,G03,56,.678
150162990252972,math,G04,58,.707
150162990252972,math,G05,58,.569
150162990252972,math,G06,59,.509
150162990252972,math,G07,25,.72
15016900025201C,ela,G03,57,.544
15016900025201C,ela,G04,57,.322
15016900025201C,ela,G05,69,.478
15016900025201C,ela,G06,81,.493
15016900025201C,ela,G07,75,.52
15016900025201C,ela,G08,79,.722
15016900025201C,math,G03,57,.631
15016900025201C,math,G04,57,.143
15016900025201C,math,G05,69,.145
15016900025201C,math,G06,81,.16
15016900025201C,math,G07,75,.2
15016900025201C,math,G08,79,.114
15016901025201C,ela,G03,54,.241
15016901025201C,ela,G04,65,.324
15016901025201C,ela,G05,68,.162
15016901025201C,ela,G06,67,.583
15016901025201C,ela,G07,72,.445
15016901025201C,ela,G08,67,.537
15016901025201C,math,G03,54,.167
15016901025201C,math,G04,65,.062
15016901025201C,math,G05,68,.132
15016901025201C,math,G06,67,.254
15016901025201C,math,G07,72,.097
15016901025201C,math,G08,67,.239
15016903025201C,ela,G03,34,.088
15016903025201C,ela,G04,41,.146
15016903025201C,ela,G05,34,.176
15016903025201C,ela,G06,36,.5
15016903025201C,ela,G07,47,.213
15016903025201C,ela,G08,40,.4
15016903025201C,math,G03,34,.147
15016903025201C,math,G04,41,.073
15016903025201C,math,G05,34,.029
15016903025201C,math,G06,36,.083
15016903025201C,math,G07,47,.021
15016903025201C,math,G08,40,.1
15016904025201C,ela,G03,41,.464
15016904025201C,ela,G04,53,.151
15016904025201C,ela,G05,27,.185
15016904025201C,ela,G06,24,.416
15016904025201C,ela,G07,39,.282
15016904025201C,ela,G08,25,.56
15016904025201C,math,G03,41,.195
15016904025201C,math,G04,53,.038
15016904025201C,math,G05,27,.037
15016904025201C,math,G06,25,.08
15016904025201C,math,G07,39,.103
15016904025201C,math,G08,25,.36
15016904025202C,ela,G03,25,.04
15016904025202C,ela,G04,20,.2
15016904025202C,ela,G05,29,.206
15016904025202C,ela,G06,28,.286
15016904025202C,ela,G07,30,.207
15016904025202C,ela,G08,25,.4
15016904025202C,math,G03,25,0
15016904025202C,math,G04,20,0
15016904025202C,math,G05,29,.103
15016904025202C,math,G06,28,.071
15016904025202C,math,G07,30,.103
15016904025202C,math,G08,26,.038
160194240261003,ela,G06,108,.463
160194240261003,ela,G07,116,.491
160194240261003,ela,G08,117,.624
160194240261003,math,G06,108,.158
160194240261003,math,G07,116,.215
160194240261003,math,G08,117,.282
160194240262005,ela,G03,109,.193
160194240262005,ela,G04,109,.331
160194240262005,ela,G05,123,.293
160194240262005,math,G03,108,.167
160194240262005,math,G04,109,.22
160194240262005,math,G05,123,.211
160194250261001,ela,G05,56,.411
160194250261001,ela,G06,51,.353
160194250261001,ela,G07,55,.236
160194250261001,ela,G08,55,.454
160194250261001,math,G05,56,.197
160194250261001,math,G06,51,.157
160194250261001,math,G07,54,.371
160194250261001,math,G08,55,.309
160194250262002,ela,G03,47,.404
160194250262002,ela,G04,47,.426
160194250262002,math,G03,47,.362
160194250262002,math,G04,47,.298
160194260260003,ela,G06,27,.37
160194260260003,ela,G07,28,.357
160194260260003,ela,G08,35,.229
160194260260003,math,G06,27,.185
160194260260003,math,G07,27,.259
160194260260003,math,G08,35,.286
160194260262001,ela,G03,29,.31
160194260262001,ela,G04,33,.303
160194260262001,ela,G05,29,.517
160194260262001,math,G03,29,.276
160194260262001,math,G04,33,.212
160194260262001,math,G05,29,.31
160194270261002,ela,G06,274,.463
160194270261002,ela,G07,268,.396
160194270261002,ela,G08,264,.571
160194270261002,math,G06,273,.256
160194270261002,math,G07,266,.29
160194270261002,math,G08,261,.303
160194270262004,ela,G03,41,.439
160194270262004,ela,G04,52,.5
160194270262004,ela,G05,47,.553
160194270262004,math,G03,41,.439
160194270262004,math,G04,51,.451
160194270262004,math,G05,47,.468
160194270262005,ela,G03,63,.413
160194270262005,ela,G04,44,.409
160194270262005,ela,G05,68,.441
160194270262005,math,G03,63,.413
160194270262005,math,G04,44,.341
160194270262005,math,G05,68,.191
160194270262006,ela,G03,29,.207
160194270262006,ela,G04,40,.4
160194270262006,ela,G05,42,.333
160194270262006,math,G03,29,.344
160194270262006,math,G04,40,.175
160194270262006,math,G05,42,.143
160194270262007,ela,G03,62,.194
160194270262007,ela,G04,57,.281
160194270262007,ela,G05,44,.205
160194270262007,math,G03,62,.322
160194270262007,math,G04,56,.429
160194270262007,math,G05,44,.386
160194270262008,ela,G03,70,.385
160194270262008,ela,G04,65,.4
160194270262008,ela,G05,67,.284
160194270262008,math,G03,70,.5
160194270262008,math,G04,65,.416
160194270262008,math,G05,67,.224
160194280260011,ela,G08,*,--
160194280260011,math,G08,*,--
160194280261010,ela,G06,278,.163
160194280261010,ela,G07,283,.17
160194280261010,ela,G08,278,.32
160194280261010,math,G06,273,.133
160194280261010,math,G07,284,.131
160194280261010,math,G08,277,.155
160194280261011,ela,G06,178,.163
160194280261011,ela,G07,194,.162
160194280261011,ela,G08,180,.1
160194280261011,math,G06,167,.084
160194280261011,math,G07,186,.13
160194280261011,math,G08,166,.048
160194280262005,ela,G03,46,.356
160194280262005,ela,G04,46,.26
160194280262005,ela,G05,52,.269
160194280262005,math,G03,46,.467
160194280262005,math,G04,46,.283
160194280262005,math,G05,52,.365
160194280262006,ela,G03,50,.08
160194280262006,ela,G04,40,.175
160194280262006,ela,G05,30,.033
160194280262006,math,G03,50,.1
160194280262006,math,G04,40,.1
160194280262006,math,G05,30,.067
160194280262007,ela,G03,57,.196
160194280262007,ela,G04,65,.159
160194280262007,ela,G05,66,.219
160194280262007,math,G03,57,.161
160194280262007,math,G04,65,.079
160194280262007,math,G05,67,.062
160194280262008,ela,G03,54,.111
160194280262008,ela,G04,47,.106
160194280262008,ela,G05,37,.135
160194280262008,math,G03,55,.091
160194280262008,math,G04,47,.021
160194280262008,math,G05,37,.027
160194280262009,ela,G03,83,.11
160194280262009,ela,G04,78,.167
160194280262009,ela,G05,87,.151
160194280262009,math,G03,83,.098
160194280262009,math,G04,78,.064
160194280262009,math,G05,87,.174
160194280262011,ela,G03,70,.085
160194280262011,ela,G04,50,.08
160194280262011,ela,G05,56,.089
160194280262011,math,G03,71,.07
160194280262011,math,G04,50,.06
160194280262011,math,G05,56,.036
160194280262012,ela,G03,41,.122
160194280262012,ela,G04,51,.196
160194280262012,ela,G05,47,.234
160194280262012,math,G03,41,.292
160194280262012,math,G04,51,.098
160194280262012,math,G05,47,.149
160194280262014,ela,G03,84,.214
160194280262014,ela,G04,82,.098
160194280262014,ela,G05,74,.082
160194280262014,math,G03,84,.214
160194280262014,math,G04,82,.012
160194280262014,math,G05,74,.096
160194290262001,ela,G06,42,.691
160194290262001,ela,G07,47,.702
160194290262001,ela,G08,54,.833
160194290262001,math,G06,42,.119
160194290262001,math,G07,47,.277
160194290262001,math,G08,54,.259
160194290262002,ela,G03,45,.422
160194290262002,ela,G04,52,.365
160194290262002,ela,G05,61,.213
160194290262002,math,G03,45,.355
160194290262002,math,G04,52,.25
160194290262002,math,G05,60,.067
160194300261001,ela,G06,127,.512
160194300261001,ela,G07,152,.428
160194300261001,ela,G08,140,.535
160194300261001,math,G06,127,.276
160194300261001,math,G07,152,.217
160194300261001,math,G08,140,.157
160194300262003,ela,G03,52,.423
160194300262003,math,G03,51,.569
160194300262004,ela,G03,42,.714
160194300262004,math,G03,42,.738
160194300262006,ela,G03,37,.513
160194300262006,math,G03,37,.676
160194300262007,ela,G04,131,.473
160194300262007,ela,G05,120,.416
160194300262007,math,G04,131,.366
160194300262007,math,G05,120,.258
160194320261001,ela,G05,56,.482
160194320261001,ela,G06,62,.871
160194320261001,ela,G07,62,.645
160194320261001,ela,G08,58,.828
160194320261001,math,G05,56,.25
160194320261001,math,G06,62,.565
160194320261001,math,G07,62,.565
160194320261001,math,G08,58,.466
160194320262001,ela,G03,59,.119
160194320262001,ela,G04,58,.448
160194320262001,math,G03,59,.068
160194320262001,math,G04,58,.19
170200150261002,ela,G06,135,.477
170200150261002,ela,G07,121,.323
170200150261002,ela,G08,108,.621
170200150261002,math,G06,135,.067
170200150261002,math,G07,124,.105
170200150261002,math,G08,109,.229
170200150262004,ela,G03,120,.575
170200150262004,ela,G04,121,.306
170200150262004,ela,G05,104,.385
170200150262004,math,G03,120,.584
170200150262004,math,G04,120,.208
170200150262004,math,G05,104,.193
170200180262003,ela,G03,52,.154
170200180262003,math,G03,52,.365
170200180262005,ela,G04,46,.304
170200180262005,ela,G05,44,.636
170200180262005,ela,G06,38,.579
170200180262005,ela,G07,47,.446
170200180262005,ela,G08,31,.452
170200180262005,math,G04,46,.218
170200180262005,math,G05,44,.409
170200180262005,math,G06,38,.211
170200180262005,math,G07,47,.128
170200180262005,math,G08,31,.226
170530050262001,ela,G03,24,.083
170530050262001,ela,G04,30,.133
170530050262001,ela,G05,29,.138
170530050262001,ela,G06,34,.088
170530050262001,ela,G07,30,.133
170530050262001,ela,G08,34,.324
170530050262001,math,G03,24,.208
170530050262001,math,G04,30,.266
170530050262001,math,G05,29,.207
170530050262001,math,G06,34,.147
170530050262001,math,G07,30,.233
170530050262001,math,G08,34,.294
17053006J262005,ela,G03,29,0
17053006J262005,math,G03,29,.207
17053006J262006,ela,G04,18,.5
17053006J262006,ela,G05,29,.586
17053006J262006,ela,G06,25,.48
17053006J262006,ela,G07,25,.4
17053006J262006,ela,G08,21,.524
17053006J262006,math,G04,18,.722
17053006J262006,math,G05,29,.759
17053006J262006,math,G06,25,.2
17053006J262006,math,G07,25,.2
17053006J262006,math,G08,20,.2
170530080261001,ela,G07,112,.384
170530080261001,ela,G08,120,.403
170530080261001,math,G07,112,.205
170530080261001,math,G08,120,.294
170530080262005,ela,G03,105,.257
170530080262005,ela,G04,125,.336
170530080262005,math,G03,105,.172
170530080262005,math,G04,124,.218
170530080262007,ela,G05,87,.616
170530080262007,ela,G06,131,.6
170530080262007,math,G05,87,.465
170530080262007,math,G06,131,.185
170530740272001,ela,G03,30,.2
170530740272001,ela,G04,18,.389
170530740272001,ela,G05,15,.534
170530740272001,ela,G06,17,.471
170530740272001,ela,G07,18,.167
170530740272001,ela,G08,12,.083
170530740272001,math,G03,30,.2
170530740272001,math,G04,18,.111
170530740272001,math,G05,15,0
170530740272001,math,G06,17,0
170530740272001,math,G07,18,.056
170530740272001,math,G08,12,0
170532300170001,ela,G08,*,--
170532300170001,math,G08,*,--
170532320022001,ela,G03,47,.17
170532320022001,ela,G04,56,.232
170532320022001,ela,G05,52,.096
170532320022001,ela,G06,41,.268
170532320022001,ela,G07,46,.413
170532320022001,ela,G08,52,.269
170532320022001,math,G03,47,.191
170532320022001,math,G04,56,.196
170532320022001,math,G05,52,.058
170532320022001,math,G06,41,.024
170532320022001,math,G07,45,.2
170532320022001,math,G08,52,.115
170534250042001,ela,G03,*,--
170534250042001,ela,G04,*,--
170534250042001,ela,G05,13,.077
170534250042001,ela,G06,*,--
170534250042001,ela,G07,*,--
170534250042001,ela,G08,*,--
170534250042001,math,G03,*,--
170534250042001,math,G04,*,--
170534250042001,math,G05,13,.077
170534250042001,math,G06,*,--
170534250042001,math,G07,*,--
170534250042001,math,G08,*,--
170534260042001,ela,G03,11,.273
170534260042001,ela,G04,*,--
170534260042001,ela,G05,16,.438
170534260042001,ela,G06,14,.571
170534260042001,ela,G07,12,.333
170534260042001,ela,G08,10,.8
170534260042001,math,G03,11,.182
170534260042001,math,G04,*,--
170534260042001,math,G05,16,.188
170534260042001,math,G06,14,0
170534260042001,math,G07,12,.167
170534260042001,math,G08,10,.5
170534290041001,ela,G06,103,.304
170534290041001,ela,G07,109,.386
170534290041001,ela,G08,107,.234
170534290041001,math,G06,103,.059
170534290041001,math,G07,108,.139
170534290041001,math,G08,106,.038
170534290042004,ela,G03,86,.163
170534290042004,math,G03,86,.174
170534290042005,ela,G04,118,.296
170534290042005,ela,G05,93,.204
170534290042005,math,G04,118,.177
170534290042005,math,G05,93,.043
170534350042001,ela,G03,12,0
170534350042001,ela,G04,21,.143
170534350042001,ela,G05,10,.3
170534350042001,ela,G06,17,.471
170534350042001,ela,G07,11,.364
170534350042001,ela,G08,*,--
170534350042001,math,G03,12,.333
170534350042001,math,G04,21,.048
170534350042001,math,G05,10,.3
170534350042001,math,G06,17,.118
170534350042001,math,G07,11,.182
170534350042001,math,G08,*,--
170534380042001,ela,G03,12,.167
170534380042001,ela,G04,*,--
170534380042001,ela,G05,*,--
170534380042001,ela,G06,17,.353
170534380042001,ela,G07,*,--
170534380042001,ela,G08,13,.923
170534380042001,math,G03,12,.083
170534380042001,math,G04,*,--
170534380042001,math,G05,*,--
170534380042001,math,G06,17,.294
170534380042001,math,G07,*,--
170534380042001,math,G08,13,.539
170540210260001,ela,G06,13,.308
170540210260001,ela,G07,*,--
170540210260001,ela,G08,15,.467
170540210260001,math,G06,13,.077
170540210260001,math,G07,*,--
170540210260001,math,G08,15,.467
170540210262004,ela,G03,16,.25
170540210262004,ela,G04,12,.167
170540210262004,ela,G05,13,.385
170540210262004,math,G03,16,.188
170540210262004,math,G04,12,.5
170540210262004,math,G05,13,.308
170540230262002,ela,G03,41,.22
170540230262002,ela,G04,27,.593
170540230262002,ela,G05,31,.387
170540230262002,ela,G06,33,.727
170540230262002,ela,G07,35,.6
170540230262002,ela,G08,40,.7
170540230262002,math,G03,41,.049
170540230262002,math,G04,27,.222
170540230262002,math,G05,31,.194
170540230262002,math,G06,32,.219
170540230262002,math,G07,36,.417
170540230262002,math,G08,40,.375
170540270021001,ela,G06,97,.536
170540270021001,ela,G07,107,.476
170540270021001,ela,G08,94,.585
170540270021001,math,G06,97,.237
170540270021001,math,G07,108,.269
170540270021001,math,G08,94,.224
170540270022004,ela,G03,34,.411
170540270022004,ela,G04,37,.567
170540270022004,ela,G05,35,.686
170540270022004,math,G03,34,.441
170540270022004,math,G04,37,.432
170540270022004,math,G05,35,.514
170540270022006,ela,G03,45,.2
170540270022006,ela,G04,43,.651
170540270022006,ela,G05,34,.588
170540270022006,math,G03,45,.311
170540270022006,math,G04,43,.349
170540270022006,math,G05,34,.235
170540270022007,ela,G03,36,.222
170540270022007,ela,G04,30,.5
170540270022007,ela,G05,39,.385
170540270022007,math,G03,36,.25
170540270022007,math,G04,30,.333
170540270022007,math,G05,39,.282
170540610042001,ela,G03,40,.45
170540610042001,ela,G04,35,.714
170540610042001,ela,G05,31,.323
170540610042001,ela,G06,26,.462
170540610042001,ela,G07,32,.656
170540610042001,ela,G08,30,.7
170540610042001,math,G03,40,.45
170540610042001,math,G04,35,.286
170540610042001,math,G05,31,.226
170540610042001,math,G06,26,.23
170540610042001,math,G07,32,.5
170540610042001,math,G08,30,.4
170540880022005,ela,G03,*,--
170540880022005,ela,G04,*,--
170540880022005,ela,G05,*,--
170540880022005,ela,G06,*,--
170540880022005,ela,G07,*,--
170540880022005,ela,G08,*,--
170540880022005,math,G03,*,--
170540880022005,math,G04,*,--
170540880022005,math,G05,*,--
170540880022005,math,G06,*,--
170540880022005,math,G07,*,--
170540880022005,math,G08,*,--
170540920042001,ela,G03,21,.143
170540920042001,ela,G04,18,.333
170540920042001,ela,G05,20,.25
170540920042001,ela,G06,14,.857
170540920042001,ela,G07,34,.618
170540920042001,ela,G08,19,.842
170540920042001,math,G03,21,.048
170540920042001,math,G04,18,.5
170540920042001,math,G05,20,.05
170540920042001,math,G06,14,.357
170540920042001,math,G07,34,.323
170540920042001,math,G08,19,.421
170640020261002,ela,G05,*,--
170640020261002,ela,G06,*,--
170640020261002,ela,G07,52,.173
170640020261002,ela,G08,57,.421
170640020261002,math,G05,*,--
170640020261002,math,G06,*,--
170640020261002,math,G07,52,.288
170640020261002,math,G08,56,.214
170640020262001,ela,G03,46,.152
170640020262001,ela,G04,53,.34
170640020262001,ela,G05,47,.425
170640020262001,ela,G06,48,.542
170640020262001,math,G03,46,.152
170640020262001,math,G04,54,.37
170640020262001,math,G05,47,.362
170640020262001,math,G06,48,.396
170640030261001,ela,G04,77,.753
170640030261001,ela,G05,81,.802
170640030261001,ela,G06,95,.621
170640030261001,ela,G07,101,.643
170640030261001,ela,G08,103,.66
170640030261001,math,G04,77,.546
170640030261001,math,G05,81,.493
170640030261001,math,G06,95,.4
170640030261001,math,G07,101,.594
170640030261001,math,G08,103,.572
170640030262001,ela,G03,82,.781
170640030262001,math,G03,82,.731
170640040260001,ela,G07,63,.508
170640040260001,ela,G08,65,.569
170640040260001,math,G07,62,.436
170640040260001,math,G08,65,.231
170640040262002,ela,G03,62,.419
170640040262002,ela,G04,65,.384
170640040262002,ela,G05,74,.446
170640040262002,ela,G06,61,.754
170640040262002,math,G03,62,.338
170640040262002,math,G04,65,.323
170640040262002,math,G05,74,.271
170640040262002,math,G06,61,.59
170640050261002,ela,G06,181,.466
170640050261002,ela,G07,205,.498
170640050261002,ela,G08,194,.539
170640050261002,math,G06,181,.239
170640050261002,math,G07,203,.427
170640050261002,math,G08,194,.225
170640050261003,ela,G03,*,--
170640050261003,ela,G06,188,.326
170640050261003,ela,G07,194,.356
170640050261003,ela,G08,183,.412
170640050261003,math,G03,*,--
170640050261003,math,G06,188,.155
170640050261003,math,G07,194,.227
170640050261003,math,G08,183,.181
170640050261004,ela,G06,240,.393
170640050261004,ela,G07,237,.295
170640050261004,ela,G08,241,.544
170640050261004,math,G06,240,.202
170640050261004,math,G07,237,.253
170640050261004,math,G08,241,.232
170640050261005,ela,G06,237,.513
170640050261005,ela,G07,255,.5
170640050261005,ela,G08,246,.623
170640050261005,math,G06,237,.319
170640050261005,math,G07,255,.364
170640050261005,math,G08,245,.292
170640050262002,ela,G03,35,.314
170640050262002,ela,G04,39,.487
170640050262002,ela,G05,23,.261
170640050262002,math,G03,35,.172
170640050262002,math,G04,39,.231
170640050262002,math,G05,23,.13
170640050262003,ela,G03,66,.119
170640050262003,ela,G04,59,.267
170640050262003,ela,G05,65,.209
170640050262003,math,G03,66,.102
170640050262003,math,G04,59,.232
170640050262003,math,G05,65,.048
170640050262004,ela,G03,22,.182
170640050262004,ela,G04,16,.533
170640050262004,ela,G05,16,.6
170640050262004,math,G03,22,.182
170640050262004,math,G04,16,.467
170640050262004,math,G05,16,.267
170640050262005,ela,G03,47,.149
170640050262005,ela,G04,48,.313
170640050262005,ela,G05,50,.36
170640050262005,math,G03,48,.167
170640050262005,math,G04,48,.167
170640050262005,math,G05,50,.26
170640050262007,ela,G03,37,.118
170640050262007,ela,G04,39,.395
170640050262007,ela,G05,27,.481
170640050262007,math,G03,37,.323
170640050262007,math,G04,39,.211
170640050262007,math,G05,27,.259
170640050262008,ela,G03,67,.239
170640050262008,ela,G04,68,.471
170640050262008,ela,G05,63,.254
170640050262008,math,G03,67,.284
170640050262008,math,G04,68,.411
170640050262008,math,G05,63,.207
170640050262009,ela,G03,37,.459
170640050262009,ela,G04,35,.172
170640050262009,ela,G05,47,.532
170640050262009,math,G03,37,.568
170640050262009,math,G04,35,.286
170640050262009,math,G05,46,.391
170640050262010,ela,G03,62,.148
170640050262010,ela,G04,65,.281
170640050262010,ela,G05,75,.189
170640050262010,math,G03,62,.066
170640050262010,math,G04,66,.061
170640050262010,math,G05,75,.108
170640050262012,ela,G03,66,.462
170640050262012,ela,G04,92,.473
170640050262012,ela,G05,78,.558
170640050262012,math,G03,66,.354
170640050262012,math,G04,92,.429
170640050262012,math,G05,78,.429
170640050262013,ela,G03,38,.167
170640050262013,ela,G04,44,.227
170640050262013,ela,G05,51,.18
170640050262013,math,G03,38,.195
170640050262013,math,G04,44,.159
170640050262013,math,G05,51,.18
170640050262014,ela,G03,29,.379
170640050262014,ela,G04,30,.566
170640050262014,ela,G05,32,.532
170640050262014,math,G03,29,.379
170640050262014,math,G04,30,.734
170640050262014,math,G05,32,.531
170640050262015,ela,G03,54,.334
170640050262015,ela,G04,40,.375
170640050262015,ela,G05,43,.595
170640050262015,math,G03,54,.426
170640050262015,math,G04,40,.275
170640050262015,math,G05,43,.31
170640050262016,ela,G03,75,.387
170640050262016,ela,G04,83,.537
170640050262016,ela,G05,76,.533
170640050262016,math,G03,75,.44
170640050262016,math,G04,83,.524
170640050262016,math,G05,76,.454
170640050262017,ela,G03,47,.043
170640050262017,ela,G04,46,.133
170640050262017,ela,G05,58,.214
170640050262017,math,G03,47,.065
170640050262017,math,G04,46,.111
170640050262017,math,G05,59,.123
170640050262018,ela,G03,93,.548
170640050262018,ela,G04,98,.66
170640050262018,ela,G05,78,.821
170640050262018,math,G03,93,.473
170640050262018,math,G04,98,.597
170640050262018,math,G05,78,.462
170640050262019,ela,G03,99,.279
170640050262019,ela,G04,110,.491
170640050262019,ela,G05,113,.591
170640050262019,ela,G06,*,--
170640050262019,math,G03,99,.371
170640050262019,math,G04,110,.491
170640050262019,math,G05,113,.455
170640050262019,math,G06,*,--
170640070261001,ela,G06,37,.703
170640070261001,ela,G07,37,.405
170640070261001,ela,G08,34,.706
170640070261001,math,G06,37,.324
170640070261001,math,G07,37,.351
170640070261001,math,G08,34,.235
170640070262001,ela,G03,35,.343
170640070262001,ela,G04,29,.758
170640070262001,ela,G05,33,.697
170640070262001,math,G03,35,.371
170640070262001,math,G04,29,.552
170640070262001,math,G05,33,.303
170640160261001,ela,G06,112,.375
170640160261001,ela,G07,122,.549
170640160261001,ela,G08,126,.658
170640160261001,math,G06,111,.198
170640160261001,math,G07,122,.353
170640160261001,math,G08,124,.379
170640160262002,ela,G03,46,.457
170640160262002,ela,G04,45,.466
170640160262002,ela,G05,42,.428
170640160262002,math,G03,46,.217
170640160262002,math,G04,45,.244
170640160262002,math,G05,42,.19
170640160262003,ela,G03,45,.289
170640160262003,ela,G04,39,.487
170640160262003,ela,G05,52,.5
170640160262003,math,G03,45,.289
170640160262003,math,G04,39,.487
170640160262003,math,G05,51,.392
170640160262006,ela,G03,33,.091
170640160262006,ela,G04,38,.447
170640160262006,ela,G05,35,.286
170640160262006,math,G03,33,.151
170640160262006,math,G04,38,.211
170640160262006,math,G05,35,.2
170640190261001,ela,G06,26,.308
170640190261001,ela,G07,44,.163
170640190261001,ela,G08,42,.31
170640190261001,math,G06,26,.038
170640190261001,math,G07,44,.14
170640190261001,math,G08,42,.167
170640190262002,ela,G03,34,.121
170640190262002,ela,G04,37,.216
170640190262002,ela,G05,36,.306
170640190262002,math,G03,34,.151
170640190262002,math,G04,37,.216
170640190262002,math,G05,36,.083
170640870251002,ela,G06,317,.174
170640870251002,ela,G07,340,.201
170640870251002,ela,G08,317,.216
170640870251002,math,G06,319,.076
170640870251002,math,G07,343,.154
170640870251002,math,G08,318,.063
170640870252003,ela,G03,62,.086
170640870252003,ela,G04,64,.291
170640870252003,ela,G05,63,.066
170640870252003,math,G03,62,.224
170640870252003,math,G04,64,.161
170640870252003,math,G05,63,.131
170640870252006,ela,G03,60,.017
170640870252006,ela,G04,54,.186
170640870252006,ela,G05,54,.259
170640870252006,math,G03,60,.05
170640870252006,math,G04,55,.182
170640870252006,math,G05,54,.112
170640870252009,ela,G03,74,.151
170640870252009,ela,G04,76,.411
170640870252009,ela,G05,74,.433
170640870252009,math,G03,74,.15
170640870252009,math,G04,76,.233
170640870252009,math,G05,74,.284
170640870252011,ela,G03,55,.091
170640870252011,ela,G04,51,.098
170640870252011,ela,G05,57,.088
170640870252011,math,G03,56,.054
170640870252011,math,G04,51,.039
170640870252011,math,G05,57,0
170640870252012,ela,G03,62,.097
170640870252012,ela,G04,47,.234
170640870252012,ela,G05,57,.175
170640870252012,math,G03,62,.161
170640870252012,math,G04,48,.146
170640870252012,math,G05,57,.035
170640870252013,ela,G03,55,.309
170640870252013,ela,G04,43,.559
170640870252013,ela,G05,61,.541
170640870252013,math,G03,55,.2
170640870252013,math,G04,43,.326
170640870252013,math,G05,61,.442
190220020021001,ela,G06,216,.467
190220020021001,ela,G07,232,.362
190220020021001,ela,G08,208,.468
190220020021001,math,G06,216,.184
190220020021001,math,G07,231,.206
190220020021001,math,G08,207,.363
190220020022005,ela,G03,110,.296
190220020022005,ela,G04,113,.331
190220020022005,ela,G05,114,.292
190220020022005,math,G03,110,.343
190220020022005,math,G04,113,.161
190220020022005,math,G05,114,.204
190220020022006,ela,G03,115,.228
190220020022006,ela,G04,94,.309
190220020022006,ela,G05,108,.409
190220020022006,math,G03,115,.22
190220020022006,math,G04,94,.224
190220020022006,math,G05,108,.286
190220040021009,ela,G06,371,.31
190220040021009,ela,G07,384,.361
190220040021009,ela,G08,384,.351
190220040021009,math,G06,366,.167
190220040021009,math,G07,383,.239
190220040021009,math,G08,382,.117
190220040022002,ela,G03,46,.087
190220040022002,ela,G04,44,.209
190220040022002,ela,G05,37,.111
190220040022002,math,G03,46,.196
190220040022002,math,G04,44,.163
190220040022002,math,G05,38,.054
190220040022003,ela,G03,84,.146
190220040022003,ela,G04,94,.167
190220040022003,ela,G05,76,.246
190220040022003,math,G03,85,.277
190220040022003,math,G04,94,.2
190220040022003,math,G05,76,.082
190220040022004,ela,G03,40,.125
190220040022004,ela,G04,35,.156
190220040022004,ela,G05,44,.326
190220040022004,math,G03,40,.25
190220040022004,math,G04,35,.219
190220040022004,math,G05,44,.07
190220040022005,ela,G03,51,.122
190220040022005,ela,G04,47,.116
190220040022005,ela,G05,56,.255
190220040022005,math,G03,51,.306
190220040022005,math,G04,47,.093
190220040022005,math,G05,56,.073
190220040022008,ela,G03,30,.206
190220040022008,ela,G04,34,.187
190220040022008,ela,G05,35,.294
190220040022008,math,G03,30,.206
190220040022008,math,G04,34,.156
190220040022008,math,G05,35,.206
190220040022010,ela,G03,68,.383
190220040022010,ela,G04,77,.546
190220040022010,ela,G05,69,.339
190220040022010,math,G03,67,.343
190220040022010,math,G04,77,.364
190220040022010,math,G05,69,.47
190220040022011,ela,G03,32,.167
190220040022011,ela,G04,45,.182
190220040022011,ela,G05,36,.118
190220040022011,math,G03,32,0
190220040022011,math,G04,45,.114
190220040022011,math,G05,36,.029
190220070021004,ela,G06,85,.598
190220070021004,ela,G07,86,.317
190220070021004,ela,G08,99,.453
190220070021004,math,G06,85,.171
190220070021004,math,G07,86,.171
190220070021004,math,G08,99,.253
190220070022003,ela,G03,96,.181
190220070022003,ela,G04,95,.301
190220070022003,ela,G05,99,.285
190220070022003,math,G03,96,.216
190220070022003,math,G04,94,.185
190220070022003,math,G05,99,.211
190220100021001,ela,G06,94,.787
190220100021001,ela,G07,100,.818
190220100021001,ela,G08,120,.709
190220100021001,math,G06,94,.436
190220100021001,math,G07,100,.657
190220100021001,math,G08,120,.359
190220100022002,ela,G03,112,.631
190220100022002,ela,G04,104,.634
190220100022002,ela,G05,114,.796
190220100022002,math,G03,112,.594
190220100022002,math,G04,104,.548
190220100022002,math,G05,114,.557
190220110021003,ela,G06,86,.565
190220110021003,ela,G07,74,.639
190220110021003,ela,G08,84,.766
190220110021003,math,G06,86,.353
190220110021003,math,G07,74,.445
190220110021003,math,G08,84,.469
190220110022001,ela,G03,62,.339
190220110022001,ela,G04,86,.417
190220110022001,ela,G05,69,.328
190220110022001,math,G03,62,.387
190220110022001,math,G04,86,.167
190220110022001,math,G05,69,.179
190220120021005,ela,G06,71,.9
190220120021005,ela,G07,70,.672
190220120021005,ela,G08,80,.863
190220120021005,math,G06,71,.371
190220120021005,math,G07,71,.493
190220120021005,math,G08,80,.563
190220120022004,ela,G03,92,.511
190220120022004,ela,G04,79,.418
190220120022004,ela,G05,81,.333
190220120022004,math,G03,92,.424
190220120022004,math,G04,79,.38
190220120022004,math,G05,81,.321
190220130021001,ela,G06,179,.855
190220130021001,ela,G07,148,.912
190220130021001,ela,G08,168,.916
190220130021001,math,G06,179,.43
190220130021001,math,G07,148,.599
190220130021001,math,G08,169,.685
190220130022002,ela,G03,74,.575
190220130022002,ela,G04,69,.559
190220130022002,ela,G05,65,.6
190220130022002,math,G03,74,.384
190220130022002,math,G04,69,.368
190220130022002,math,G05,65,.385
190220130022004,ela,G03,85,.6
190220130022004,ela,G04,80,.626
190220130022004,ela,G05,87,.57
190220130022004,math,G03,85,.505
190220130022004,math,G04,80,.401
190220130022004,math,G05,87,.361
190220150021004,ela,G06,263,.368
190220150021004,ela,G07,224,.283
190220150021004,ela,G08,289,.433
190220150021004,math,G06,263,.188
190220150021004,math,G07,224,.203
190220150021004,math,G08,289,.189
190220150022001,ela,G03,56,.118
190220150022001,ela,G04,54,.125
190220150022001,ela,G05,44,.128
190220150022001,math,G03,56,.138
190220150022001,math,G04,54,.167
190220150022001,math,G05,44,.077
190220150022003,ela,G03,71,.196
190220150022003,ela,G04,51,.369
190220150022003,ela,G05,60,.38
190220150022003,math,G03,71,.196
190220150022003,math,G04,51,.217
190220150022003,math,G05,60,.28
190220150022004,ela,G03,46,.318
190220150022004,ela,G04,54,.321
190220150022004,ela,G05,52,.608
190220150022004,math,G03,46,.228
190220150022004,math,G04,54,.208
190220150022004,math,G05,52,.314
190220150022006,ela,G03,76,.206
190220150022006,ela,G04,91,.15
190220150022006,ela,G05,77,.208
190220150022006,math,G03,76,.236
190220150022006,math,G04,91,.1
190220150022006,math,G05,77,.264
190220160021004,ela,G05,194,.335
190220160021004,ela,G06,197,.44
190220160021004,ela,G07,196,.557
190220160021004,ela,G08,195,.615
190220160021004,math,G05,193,.225
190220160021004,math,G06,197,.165
190220160021004,math,G07,195,.285
190220160021004,math,G08,195,.24
190220160022001,ela,G03,118,.137
190220160022001,ela,G04,82,.241
190220160022001,math,G03,118,.214
190220160022001,math,G04,82,.152
190220160022005,ela,G03,100,.393
190220160022005,ela,G04,86,.451
190220160022005,math,G03,100,.223
190220160022005,math,G04,86,.342
190220200021001,ela,G06,153,.273
190220200021001,ela,G07,151,.185
190220200021001,ela,G08,130,.413
190220200021001,math,G06,154,.224
190220200021001,math,G07,153,.123
190220200021001,math,G08,131,.143
190220200022002,ela,G03,72,.186
190220200022002,ela,G04,67,.364
190220200022002,ela,G05,58,.259
190220200022002,math,G03,72,.443
190220200022002,math,G04,67,.348
190220200022002,math,G05,58,.103
190220200022003,ela,G03,75,.178
190220200022003,ela,G04,65,.159
190220200022003,ela,G05,57,.339
190220200022003,math,G03,75,.178
190220200022003,math,G04,65,.143
190220200022003,math,G05,57,.125
190220250021001,ela,G05,58,.483
190220250021001,ela,G06,65,.754
190220250021001,ela,G07,61,.606
190220250021001,ela,G08,58,.655
190220250021001,math,G05,58,.552
190220250021001,math,G06,65,.4
190220250021001,math,G07,61,.394
190220250021001,math,G08,58,.466
190220250022002,ela,G03,61,.475
190220250022002,ela,G04,63,.318
190220250022002,math,G03,61,.508
190220250022002,math,G04,63,.413
190220330021006,ela,G06,362,.256
190220330021006,ela,G07,369,.27
190220330021006,ela,G08,358,.278
190220330021006,math,G06,364,.167
190220330021006,math,G07,370,.154
190220330021006,math,G08,359,.148
190220330022001,ela,G03,72,.169
190220330022001,ela,G04,60,.367
190220330022001,ela,G05,69,.376
190220330022001,math,G03,72,.127
190220330022001,math,G04,60,.2
190220330022001,math,G05,69,.217
190220330022002,ela,G03,47,.133
190220330022002,ela,G04,46,.163
190220330022002,ela,G05,41,.308
190220330022002,math,G03,46,.182
190220330022002,math,G04,46,.07
190220330022002,math,G05,41,.128
190220330022004,ela,G03,37,.135
190220330022004,ela,G04,29,.31
190220330022004,ela,G05,33,.152
190220330022004,math,G03,37,.243
190220330022004,math,G04,29,.207
190220330022004,math,G05,33,.091
190220330022005,ela,G03,32,.033
190220330022005,ela,G04,53,.302
190220330022005,ela,G05,58,.232
190220330022005,math,G03,32,.1
190220330022005,math,G04,53,.189
190220330022005,math,G05,58,.25
190220330022006,ela,G03,54,.118
190220330022006,ela,G04,70,.103
190220330022006,ela,G05,71,.289
190220330022006,math,G03,54,.216
190220330022006,math,G04,69,.119
190220330022006,math,G05,71,.116
190220330022007,ela,G03,47,.167
190220330022007,ela,G04,64,.138
190220330022007,ela,G05,51,.383
190220330022007,math,G03,48,.21
190220330022007,math,G04,64,.121
190220330022007,math,G05,51,.213
190220340022002,ela,G03,22,.454
190220340022002,ela,G04,37,.622
190220340022002,ela,G05,31,.233
190220340022002,ela,G06,16,.375
190220340022002,ela,G07,42,.595
190220340022002,ela,G08,28,.607
190220340022002,math,G03,22,.545
190220340022002,math,G04,37,.649
190220340022002,math,G05,30,.2
190220340022002,math,G06,16,.313
190220340022002,math,G07,42,.31
190220340022002,math,G08,28,.393
190220410021009,ela,G06,357,.767
190220410021009,ela,G07,368,.783
190220410021009,ela,G08,397,.833
190220410021009,math,G06,355,.54
190220410021009,math,G07,367,.66
190220410021009,math,G08,393,.65
190220410022001,ela,G03,89,.258
190220410022001,ela,G04,99,.556
190220410022001,ela,G05,76,.605
190220410022001,math,G03,88,.602
190220410022001,math,G04,99,.566
190220410022001,math,G05,76,.434
190220410022002,ela,G03,112,.445
190220410022002,ela,G04,102,.67
190220410022002,ela,G05,87,.471
190220410022002,math,G03,112,.636
190220410022002,math,G04,102,.6
190220410022002,math,G05,87,.551
190220410022003,ela,G03,107,.221
190220410022003,ela,G04,100,.376
190220410022003,ela,G05,109,.422
190220410022003,math,G03,109,.292
190220410022003,math,G04,102,.296
190220410022003,math,G05,109,.312
190220410022004,ela,G03,86,.471
190220410022004,ela,G04,94,.602
190220410022004,ela,G05,109,.633
190220410022004,ela,G06,*,--
190220410022004,ela,G08,*,--
190220410022004,math,G03,86,.729
190220410022004,math,G04,95,.57
190220410022004,math,G05,109,.624
190220410022004,math,G06,*,--
190220410022004,math,G08,*,--
190220440021009,ela,G06,295,.488
190220440021009,ela,G07,326,.466
190220440021009,ela,G08,327,.403
190220440021009,math,G06,295,.305
190220440021009,math,G07,325,.323
190220440021009,math,G08,326,.218
190220440022001,ela,G03,48,.438
190220440022001,ela,G04,46,.348
190220440022001,ela,G05,49,.469
190220440022001,math,G03,48,.583
190220440022001,math,G04,46,.087
190220440022001,math,G05,49,.367
190220440022005,ela,G03,63,.333
190220440022005,ela,G04,75,.414
190220440022005,ela,G05,60,.45
190220440022005,math,G03,63,.46
190220440022005,math,G04,75,.347
190220440022005,math,G05,60,.383
190220440022009,ela,G03,33,.688
190220440022009,ela,G04,42,.405
190220440022009,ela,G05,40,.325
190220440022009,math,G03,33,.469
190220440022009,math,G04,42,.381
190220440022009,math,G05,40,.2
190220440022010,ela,G03,38,.513
190220440022010,ela,G04,45,.511
190220440022010,ela,G05,42,.643
190220440022010,math,G03,38,.621
190220440022010,math,G04,45,.311
190220440022010,math,G05,42,.333
190220440022012,ela,G03,42,.381
190220440022012,ela,G04,36,.417
190220440022012,ela,G05,41,.683
190220440022012,math,G03,42,.572
190220440022012,math,G04,36,.556
190220440022012,math,G05,41,.488
190220440022013,ela,G03,88,.453
190220440022013,ela,G04,78,.311
190220440022013,ela,G05,81,.388
190220440022013,math,G03,88,.381
190220440022013,math,G04,78,.149
190220440022013,math,G05,81,.213
190220450021006,ela,G06,190,.379
190220450021006,ela,G07,215,.251
190220450021006,ela,G08,208,.325
190220450021006,math,G06,190,.331
190220450021006,math,G07,215,.294
190220450021006,math,G08,209,.265
190220450021007,ela,G06,111,.333
190220450021007,ela,G07,141,.325
190220450021007,ela,G08,149,.355
190220450021007,math,G06,111,.105
190220450021007,math,G07,140,.152
190220450021007,math,G08,148,.114
190220450022001,ela,G03,87,.524
190220450022001,ela,G04,73,.535
190220450022001,ela,G05,78,.662
190220450022001,math,G03,87,.595
190220450022001,math,G04,73,.522
190220450022001,math,G05,78,.468
190220450022010,ela,G03,76,.204
190220450022010,ela,G04,85,.287
190220450022010,ela,G05,53,.431
190220450022010,math,G03,76,.265
190220450022010,math,G04,85,.233
190220450022010,math,G05,53,.196
190220450022011,ela,G03,61,.257
190220450022011,ela,G04,59,.196
190220450022011,ela,G05,54,.267
190220450022011,math,G03,61,.2
190220450022011,math,G04,59,.177
190220450022011,math,G05,54,.133
190220450022013,ela,G03,68,.4
190220450022013,ela,G04,72,.58
190220450022013,ela,G05,70,.403
190220450022013,math,G03,68,.516
190220450022013,math,G04,72,.493
190220450022013,math,G05,69,.349
190220450022015,ela,G03,54,.167
190220450022015,ela,G04,46,.3
190220450022015,ela,G05,43,.4
190220450022015,math,G03,53,.379
190220450022015,math,G04,46,.225
190220450022015,math,G05,43,.3
190220480021003,ela,G05,49,.479
190220480021003,ela,G06,42,.524
190220480021003,ela,G07,42,.619
190220480021003,ela,G08,63,.65
190220480021003,math,G05,49,.292
190220480021003,math,G06,42,.214
190220480021003,math,G07,42,.405
190220480021003,math,G08,63,.365
190220480022002,ela,G03,59,.466
190220480022002,ela,G04,45,.582
190220480022002,math,G03,59,.397
190220480022002,math,G04,45,.419
190220530021001,ela,G06,58,.914
190220530021001,ela,G07,53,.849
190220530021001,ela,G08,70,.855
190220530021001,math,G06,58,.776
190220530021001,math,G07,53,.811
190220530021001,math,G08,69,.75
190220530022002,ela,G03,47,.681
190220530022002,ela,G04,49,.687
190220530022002,ela,G05,43,.81
190220530022002,math,G03,47,.83
190220530022002,math,G04,49,.584
190220530022002,math,G05,43,.762
190220580021014,ela,G07,293,.64
190220580021014,ela,G08,315,.702
190220580021014,math,G07,291,.586
190220580021014,math,G08,315,.559
190220580021015,ela,G07,206,.614
190220580021015,ela,G08,215,.607
190220580021015,math,G07,206,.391
190220580021015,math,G08,214,.328
190220580022001,ela,G03,37,.54
190220580022001,ela,G04,33,.788
190220580022001,ela,G05,34,.735
190220580022001,ela,G06,23,.826
190220580022001,math,G03,37,.702
190220580022001,math,G04,33,.818
190220580022001,math,G05,34,.706
190220580022001,math,G06,23,.478
190220580022002,ela,G03,47,.467
190220580022002,ela,G04,33,.272
190220580022002,ela,G05,36,.417
190220580022002,ela,G06,23,.609
190220580022002,math,G03,47,.467
190220580022002,math,G04,33,.242
190220580022002,math,G05,36,.472
190220580022002,math,G06,23,.391
190220580022003,ela,G03,50,.5
190220580022003,ela,G04,42,.805
190220580022003,ela,G05,48,.792
190220580022003,ela,G06,36,.828
190220580022003,math,G03,50,.56
190220580022003,math,G04,42,.757
190220580022003,math,G05,48,.75
190220580022003,math,G06,36,.686
190220580022004,ela,G03,58,.621
190220580022004,ela,G04,52,.789
190220580022004,ela,G05,58,.568
190220580022004,ela,G06,52,.941
190220580022004,math,G03,58,.672
190220580022004,math,G04,52,.692
190220580022004,math,G05,58,.638
190220580022004,math,G06,52,.666
190220580022005,ela,G03,54,.63
190220580022005,ela,G04,54,.797
190220580022005,ela,G05,35,.743
190220580022005,ela,G06,48,.708
190220580022005,math,G03,54,.723
190220580022005,math,G04,54,.611
190220580022005,math,G05,35,.772
190220580022005,math,G06,48,.667
190220580022006,ela,G03,42,.214
190220580022006,ela,G04,33,.517
190220580022006,ela,G05,42,.463
190220580022006,ela,G06,44,.558
190220580022006,ela,G07,*,--
190220580022006,math,G03,42,.334
190220580022006,math,G04,32,.567
190220580022006,math,G05,41,.375
190220580022006,math,G06,43,.358
190220580022006,math,G07,*,--
190220580022007,ela,G03,43,.302
190220580022007,ela,G04,48,.604
190220580022007,ela,G05,60,.533
190220580022007,ela,G06,43,.837
190220580022007,math,G03,43,.419
190220580022007,math,G04,48,.646
190220580022007,math,G05,60,.434
190220580022007,math,G06,43,.559
190220580022008,ela,G03,59,.644
190220580022008,ela,G04,90,.64
190220580022008,ela,G05,77,.61
190220580022008,ela,G06,83,.679
190220580022008,math,G03,59,.745
190220580022008,math,G04,90,.561
190220580022008,math,G05,77,.598
190220580022008,math,G06,84,.671
190220580022010,ela,G03,50,.34
190220580022010,ela,G04,45,.6
190220580022010,ela,G05,44,.455
190220580022010,ela,G06,56,.572
190220580022010,math,G03,50,.64
190220580022010,math,G04,45,.623
190220580022010,math,G05,44,.5
190220580022010,math,G06,56,.553
190220580022013,ela,G03,46,.622
190220580022013,ela,G04,40,.45
190220580022013,ela,G05,47,.639
190220580022013,ela,G06,46,.622
190220580022013,math,G03,46,.667
190220580022013,math,G04,40,.625
190220580022013,math,G05,47,.617
190220580022013,math,G06,47,.5
190220580022014,ela,G03,45,.489
190220580022014,ela,G04,36,.445
190220580022014,ela,G05,43,.365
190220580022014,ela,G06,40,.6
190220580022014,math,G03,45,.622
190220580022014,math,G04,36,.389
190220580022014,math,G05,43,.488
190220580022014,math,G06,40,.5
190220600021001,ela,G06,159,.66
190220600021001,ela,G07,141,.461
190220600021001,ela,G08,146,.528
190220600021001,math,G06,159,.421
190220600021001,math,G07,142,.451
190220600021001,math,G08,146,.479
190220600022001,ela,G03,*,--
190220600022001,math,G03,*,--
190220600022002,ela,G03,156,.368
190220600022002,ela,G04,161,.463
190220600022002,ela,G05,141,.652
190220600022002,math,G03,156,.464
190220600022002,math,G04,161,.431
190220600022002,math,G05,141,.624
190220610021004,ela,G06,111,.477
190220610021004,ela,G07,130,.477
190220610021004,ela,G08,155,.458
190220610021004,math,G06,111,.234
190220610021004,math,G07,130,.423
190220610021004,math,G08,154,.357
190220610022002,ela,G03,120,.491
190220610022002,ela,G04,124,.516
190220610022002,ela,G05,140,.465
190220610022002,math,G03,120,.509
190220610022002,math,G04,124,.443
190220610022002,math,G05,140,.342
190220620021001,ela,G05,113,.655
190220620021001,ela,G06,84,.841
190220620021001,ela,G07,104,.818
190220620021001,ela,G08,92,.859
190220620021001,math,G05,113,.513
190220620021001,math,G06,84,.598
190220620021001,math,G07,104,.538
190220620021001,math,G08,92,.663
190220620022002,ela,G03,94,.605
190220620022002,ela,G04,97,.649
190220620022002,math,G03,94,.528
190220620022002,math,G04,97,.556
190220630021001,ela,G05,84,.655
190220630021001,ela,G06,77,.805
190220630021001,ela,G07,75,.48
190220630021001,ela,G08,84,.714
190220630021001,math,G05,85,.294
190220630021001,math,G06,77,.442
190220630021001,math,G07,75,.333
190220630021001,math,G08,84,.44
190220630022002,ela,G03,96,.457
190220630022002,ela,G04,70,.594
190220630022002,math,G03,96,.553
190220630022002,math,G04,70,.55
190220660021001,ela,G06,109,.669
190220660021001,ela,G07,127,.677
190220660021001,ela,G08,127,.622
190220660021001,math,G06,109,.487
190220660021001,math,G07,127,.472
190220660021001,math,G08,127,.418
190220660022002,ela,G03,*,--
190220660022002,math,G03,*,--
190220660022004,ela,G03,132,.462
190220660022004,ela,G04,119,.475
190220660022004,ela,G05,109,.412
190220660022004,math,G03,132,.576
190220660022004,math,G04,119,.475
190220660022004,math,G05,110,.436
190220680021001,ela,G07,283,.65
190220680021001,ela,G08,276,.786
190220680021001,math,G07,284,.402
190220680021001,math,G08,277,.458
190220680022001,ela,G03,35,.343
190220680022001,ela,G04,51,.471
190220680022001,ela,G05,43,.512
190220680022001,ela,G06,40,.75
190220680022001,ela,G08,*,--
190220680022001,math,G03,35,.257
190220680022001,math,G04,51,.373
190220680022001,math,G05,43,.233
190220680022001,math,G06,40,.325
190220680022001,math,G08,*,--
190220680022002,ela,G03,51,.392
190220680022002,ela,G04,39,.385
190220680022002,ela,G05,50,.52
190220680022002,ela,G06,48,.667
190220680022002,ela,G07,*,--
190220680022002,math,G03,51,.529
190220680022002,math,G04,39,.256
190220680022002,math,G05,50,.46
190220680022002,math,G06,47,.532
190220680022002,math,G07,*,--
190220680022003,ela,G03,46,.413
190220680022003,ela,G04,56,.554
190220680022003,ela,G05,55,.673
190220680022003,ela,G06,54,.778
190220680022003,ela,G08,*,--
190220680022003,math,G03,46,.369
190220680022003,math,G04,56,.357
190220680022003,math,G05,55,.4
190220680022003,math,G06,54,.408
190220680022003,math,G08,*,--
190220680022004,ela,G03,45,.4
190220680022004,ela,G04,38,.631
190220680022004,ela,G05,52,.442
190220680022004,ela,G06,47,.617
190220680022004,math,G03,45,.334
190220680022004,math,G04,38,.342
190220680022004,math,G05,52,.289
190220680022004,math,G06,47,.362
190220680022005,ela,G03,37,.54
190220680022005,ela,G04,44,.432
190220680022005,ela,G05,50,.62
190220680022005,ela,G06,40,.85
190220680022005,math,G03,37,.405
190220680022005,math,G04,44,.25
190220680022005,math,G05,49,.51
190220680022005,math,G06,40,.65
190220680022006,ela,G03,55,.473
190220680022006,ela,G04,48,.604
190220680022006,ela,G05,43,.698
190220680022006,ela,G06,42,.857
190220680022006,math,G03,55,.4
190220680022006,math,G04,48,.542
190220680022006,math,G05,43,.581
190220680022006,math,G06,42,.571
190220880160002,ela,G08,*,--
190220880160002,math,G08,*,--
190220890041003,ela,G06,226,.709
190220890041003,ela,G07,243,.502
190220890041003,ela,G08,231,.663
190220890041003,math,G06,226,.422
190220890041003,math,G07,241,.422
190220890041003,math,G08,231,.377
190220890042001,ela,G03,52,.633
190220890042001,ela,G04,45,.546
190220890042001,ela,G05,48,.724
190220890042001,math,G03,52,.735
190220890042001,math,G04,45,.614
190220890042001,math,G05,48,.681
190220890042002,ela,G03,81,.538
190220890042002,ela,G04,66,.485
190220890042002,ela,G05,79,.59
190220890042002,math,G03,81,.713
190220890042002,math,G04,66,.439
190220890042002,math,G05,79,.385
190220890042004,ela,G03,65,.484
190220890042004,ela,G04,64,.64
190220890042004,ela,G05,66,.64
190220890042004,math,G03,65,.547
190220890042004,math,G04,64,.525
190220890042004,math,G05,66,.5
190220890042006,ela,G03,44,.682
190220890042006,ela,G04,58,.379
190220890042006,ela,G05,49,.646
190220890042006,math,G03,44,.659
190220890042006,math,G04,58,.448
190220890042006,math,G05,49,.312
190220930041004,ela,G06,165,.402
190220930041004,ela,G07,184,.451
190220930041004,ela,G08,197,.51
190220930041004,math,G06,165,.286
190220930041004,math,G07,184,.462
190220930041004,math,G08,197,.313
190220930042001,ela,G03,66,.323
190220930042001,ela,G04,60,.438
190220930042001,ela,G05,82,.481
190220930042001,math,G03,66,.328
190220930042001,math,G04,60,.281
190220930042001,math,G05,81,.275
190220930042004,ela,G03,29,.241
190220930042004,ela,G04,40,.475
190220930042004,ela,G05,28,.465
190220930042004,math,G03,29,.414
190220930042004,math,G04,40,.25
190220930042004,math,G05,28,.322
190220930042006,ela,G03,50,.22
190220930042006,ela,G04,51,.469
190220930042006,ela,G05,49,.354
190220930042006,math,G03,50,.36
190220930042006,math,G04,51,.34
190220930042006,math,G05,49,.167
190220930042007,ela,G03,42,.225
190220930042007,ela,G04,42,.35
190220930042007,ela,G05,37,.4
190220930042007,math,G03,42,.225
190220930042007,math,G04,42,.25
190220930042007,math,G05,38,.25
190220930042009,ela,G06,175,.517
190220930042009,ela,G07,179,.45
190220930042009,ela,G08,174,.578
190220930042009,math,G06,174,.26
190220930042009,math,G07,179,.303
190220930042009,math,G08,174,.265
190220930042010,ela,G03,51,.255
190220930042010,ela,G04,45,.523
190220930042010,ela,G05,59,.483
190220930042010,math,G03,51,.432
190220930042010,math,G04,44,.569
190220930042010,math,G05,59,.5
190220930042011,ela,G03,105,.26
190220930042011,ela,G04,77,.44
190220930042011,ela,G05,102,.47
190220930042011,math,G03,105,.375
190220930042011,math,G04,77,.347
190220930042011,math,G05,101,.454
190221800041001,ela,G05,42,.19
190221800041001,ela,G06,47,.426
190221800041001,ela,G07,48,.313
190221800041001,ela,G08,46,.522
190221800041001,math,G05,42,.095
190221800041001,math,G06,47,.127
190221800041001,math,G07,48,.063
190221800041001,math,G08,46,.13
190221800042002,ela,G03,48,.196
190221800042002,ela,G04,51,.137
190221800042002,math,G03,48,.304
190221800042002,math,G04,51,.255
190221810041002,ela,G06,263,.844
190221810041002,ela,G07,247,.817
190221810041002,ela,G08,265,.811
190221810041002,math,G06,262,.722
190221810041002,math,G07,246,.74
190221810041002,math,G08,263,.661
190221810041003,ela,G06,136,.883
190221810041003,ela,G07,172,.843
190221810041003,ela,G08,166,.892
190221810041003,math,G06,136,.816
190221810041003,math,G07,172,.773
190221810041003,math,G08,166,.753
190221810042001,ela,G03,60,.85
190221810042001,ela,G04,61,.803
190221810042001,ela,G05,57,.948
190221810042001,math,G03,61,.868
190221810042001,math,G04,61,.721
190221810042001,math,G05,57,.929
190221810042003,ela,G03,55,.618
190221810042003,ela,G04,66,.757
190221810042003,ela,G05,63,.873
190221810042003,math,G03,55,.873
190221810042003,math,G04,66,.788
190221810042003,math,G05,63,.826
190221810042004,ela,G03,53,.906
190221810042004,ela,G04,60,.783
190221810042004,ela,G05,45,.778
190221810042004,math,G03,53,.831
190221810042004,math,G04,60,.767
190221810042004,math,G05,45,.777
190221810042006,ela,G03,49,.857
190221810042006,ela,G04,59,.915
190221810042006,ela,G05,42,.881
190221810042006,math,G03,49,.959
190221810042006,math,G04,59,.898
190221810042006,math,G05,42,.905
190221810042007,ela,G03,49,.694
190221810042007,ela,G04,58,.862
190221810042007,ela,G05,58,.879
190221810042007,math,G03,49,.734
190221810042007,math,G04,58,.81
190221810042007,math,G05,58,.776
190221810042008,ela,G03,65,.753
190221810042008,ela,G04,55,.855
190221810042008,ela,G05,54,.741
190221810042008,math,G03,65,.754
190221810042008,math,G04,55,.691
190221810042008,math,G05,54,.759
190221810042009,ela,G03,52,.788
190221810042009,ela,G04,51,.745
190221810042009,ela,G05,41,.878
190221810042009,math,G03,52,.75
190221810042009,math,G04,51,.804
190221810042009,math,G05,41,.854
190222000261001,ela,G06,235,.68
190222000261001,ela,G07,224,.612
190222000261001,ela,G08,223,.747
190222000261001,math,G06,235,.367
190222000261001,math,G07,223,.557
190222000261001,math,G08,223,.484
190222000261017,ela,G06,207,.845
190222000261017,ela,G07,229,.621
190222000261017,ela,G08,211,.858
190222000261017,math,G06,207,.444
190222000261017,math,G07,229,.494
190222000261017,math,G08,211,.559
190222000261018,ela,G06,175,.74
190222000261018,ela,G07,181,.715
190222000261018,ela,G08,172,.756
190222000261018,math,G06,177,.406
190222000261018,math,G07,181,.62
190222000261018,math,G08,172,.395
190222000261020,ela,G06,214,.51
190222000261020,ela,G07,232,.573
190222000261020,ela,G08,204,.666
190222000261020,math,G06,213,.263
190222000261020,math,G07,232,.418
190222000261020,math,G08,204,.378
190222000262001,ela,G03,45,.511
190222000262001,ela,G04,45,.756
190222000262001,ela,G05,53,.66
190222000262001,math,G03,44,.478
190222000262001,math,G04,45,.711
190222000262001,math,G05,51,.372
190222000262002,ela,G03,25,.8
190222000262002,ela,G04,26,.68
190222000262002,ela,G05,23,.435
190222000262002,math,G03,25,.52
190222000262002,math,G04,26,.68
190222000262002,math,G05,23,.304
190222000262006,ela,G03,73,.699
190222000262006,ela,G04,76,.579
190222000262006,ela,G05,77,.714
190222000262006,math,G03,73,.685
190222000262006,math,G04,76,.579
190222000262006,math,G05,77,.533
190222000262007,ela,G03,50,.72
190222000262007,ela,G04,60,.729
190222000262007,ela,G05,48,.708
190222000262007,math,G03,50,.8
190222000262007,math,G04,60,.56
190222000262007,math,G05,47,.596
190222000262008,ela,G03,51,.431
190222000262008,ela,G04,40,.717
190222000262008,ela,G05,34,.606
190222000262008,math,G03,51,.51
190222000262008,math,G04,40,.641
190222000262008,math,G05,34,.576
190222000262009,ela,G03,61,.688
190222000262009,ela,G04,55,.654
190222000262009,ela,G05,56,.768
190222000262009,math,G03,61,.721
190222000262009,math,G04,55,.509
190222000262009,math,G05,56,.518
190222000262010,ela,G03,105,.477
190222000262010,ela,G04,111,.545
190222000262010,ela,G05,91,.562
190222000262010,math,G03,105,.485
190222000262010,math,G04,111,.446
190222000262010,math,G05,91,.382
190222000262011,ela,G03,75,.568
190222000262011,ela,G04,72,.5
190222000262011,ela,G05,57,.597
190222000262011,math,G03,75,.5
190222000262011,math,G04,72,.375
190222000262011,math,G05,57,.368
190222000262012,ela,G03,67,.612
190222000262012,ela,G04,61,.591
190222000262012,ela,G05,74,.795
190222000262012,math,G03,66,.53
190222000262012,math,G04,61,.509
190222000262012,math,G05,74,.63
190222000262013,ela,G03,74,.554
190222000262013,ela,G04,66,.697
190222000262013,ela,G05,57,.649
190222000262013,math,G03,74,.662
190222000262013,math,G04,66,.743
190222000262013,math,G05,57,.649
190222000262014,ela,G03,104,.462
190222000262014,ela,G04,69,.608
190222000262014,ela,G05,81,.728
190222000262014,math,G03,103,.573
190222000262014,math,G04,69,.724
190222000262014,math,G05,79,.659
190222000262016,ela,G03,57,.474
190222000262016,ela,G04,81,.728
190222000262016,ela,G05,68,.618
190222000262016,math,G03,57,.702
190222000262016,math,G04,81,.629
190222000262016,math,G05,68,.442
190222000262018,ela,G03,64,.492
190222000262018,ela,G04,79,.519
190222000262018,ela,G05,67,.388
190222000262018,math,G03,64,.46
190222000262018,math,G04,79,.393
190222000262018,math,G05,67,.314
190222010261004,ela,G06,93,.598
190222010261004,ela,G07,99,.66
190222010261004,ela,G08,98,.779
190222010261004,math,G06,93,.359
190222010261004,math,G07,99,.382
190222010261004,math,G08,98,.505
190222010262001,ela,G03,93,.55
190222010262001,ela,G04,89,.511
190222010262001,ela,G05,105,.591
190222010262001,math,G03,93,.659
190222010262001,math,G04,91,.556
190222010262001,math,G05,105,.6
190222020261002,ela,G06,109,.731
190222020261002,ela,G07,108,.565
190222020261002,ela,G08,102,.792
190222020261002,math,G06,108,.433
190222020261002,math,G07,108,.37
190222020261002,math,G08,102,.525
190222020262006,ela,G03,125,.432
190222020262006,ela,G04,120,.492
190222020262006,ela,G05,107,.741
190222020262006,math,G03,125,.624
190222020262006,math,G04,120,.434
190222020262006,math,G05,106,.592
190222030261009,ela,G06,276,.739
190222030261009,ela,G07,250,.704
190222030261009,ela,G08,266,.808
190222030261009,math,G06,276,.493
190222030261009,math,G07,249,.582
190222030261009,math,G08,265,.6
190222030261010,ela,G06,316,.691
190222030261010,ela,G07,251,.576
190222030261010,ela,G08,271,.688
190222030261010,math,G06,315,.408
190222030261010,math,G07,251,.448
190222030261010,math,G08,270,.449
190222030261011,ela,G05,50,.62
190222030261011,ela,G06,159,.767
190222030261011,ela,G07,182,.625
190222030261011,ela,G08,168,.75
190222030261011,math,G05,50,.34
190222030261011,math,G06,159,.572
190222030261011,math,G07,182,.553
190222030261011,math,G08,168,.434
190222030261012,ela,G06,190,.752
190222030261012,ela,G07,173,.752
190222030261012,ela,G08,182,.823
190222030261012,math,G06,191,.498
190222030261012,math,G07,172,.703
190222030261012,math,G08,182,.492
190222030261013,ela,G06,303,.901
190222030261013,ela,G07,280,.842
190222030261013,ela,G08,317,.861
190222030261013,math,G06,302,.695
190222030261013,math,G07,280,.762
190222030261013,math,G08,317,.707
190222030262002,ela,G03,36,.722
190222030262002,ela,G04,35,.971
190222030262002,ela,G05,36,.916
190222030262002,math,G03,36,.722
190222030262002,math,G04,35,.886
190222030262002,math,G05,36,.805
190222030262003,ela,G03,131,.454
190222030262003,ela,G04,137,.752
190222030262003,ela,G05,93,.652
190222030262003,math,G03,130,.434
190222030262003,math,G04,137,.657
190222030262003,math,G05,93,.456
190222030262004,ela,G03,89,.775
190222030262004,ela,G04,90,.855
190222030262004,ela,G05,85,.694
190222030262004,math,G03,89,.775
190222030262004,math,G04,90,.777
190222030262004,math,G05,84,.679
190222030262005,ela,G03,97,.629
190222030262005,ela,G04,98,.705
190222030262005,ela,G05,93,.761
190222030262005,math,G03,97,.722
190222030262005,math,G04,98,.505
190222030262005,math,G05,93,.598
190222030262006,ela,G03,45,.667
190222030262006,ela,G04,52,.75
190222030262006,math,G03,45,.667
190222030262006,math,G04,52,.673
190222030262007,ela,G03,91,.648
190222030262007,ela,G04,81,.679
190222030262007,ela,G05,70,.771
190222030262007,math,G03,91,.704
190222030262007,math,G04,81,.506
190222030262007,math,G05,70,.672
190222030262008,ela,G03,84,.642
190222030262008,ela,G04,93,.764
190222030262008,ela,G05,85,.659
190222030262008,math,G03,84,.762
190222030262008,math,G04,94,.638
190222030262008,math,G05,85,.541
190222030262012,ela,G03,102,.745
190222030262012,ela,G04,121,.513
190222030262012,ela,G05,89,.541
190222030262012,math,G03,102,.704
190222030262012,math,G04,121,.428
190222030262012,math,G05,88,.44
190222030262013,ela,G03,109,.642
190222030262013,ela,G04,93,.747
190222030262013,ela,G05,103,.614
190222030262013,math,G03,109,.632
190222030262013,math,G04,93,.594
190222030262013,math,G05,103,.525
190222030262014,ela,G03,67,.531
190222030262014,ela,G04,83,.723
190222030262014,ela,G05,66,.667
190222030262014,math,G03,66,.43
190222030262014,math,G04,83,.639
190222030262014,math,G05,66,.619
190222030262015,ela,G03,115,.713
190222030262015,ela,G04,94,.713
190222030262015,ela,G05,90,.694
190222030262015,math,G03,115,.661
190222030262015,math,G04,95,.684
190222030262015,math,G05,91,.539
190222030262016,ela,G03,67,.652
190222030262016,ela,G04,81,.666
190222030262016,ela,G05,89,.795
190222030262016,math,G03,67,.652
190222030262016,math,G04,81,.543
190222030262016,math,G05,89,.693
190222030262017,ela,G03,62,.822
190222030262017,ela,G04,99,.879
190222030262017,ela,G05,124,.87
190222030262017,math,G03,62,.806
190222030262017,math,G04,99,.818
190222030262017,math,G05,124,.846
190222030262018,ela,G03,68,.588
190222030262018,ela,G04,63,.698
190222030262018,ela,G05,65,.8
190222030262018,math,G03,68,.617
190222030262018,math,G04,62,.516
190222030262018,math,G05,65,.569
190222040261001,ela,G06,268,.515
190222040261001,ela,G07,279,.568
190222040261001,ela,G08,237,.642
190222040261001,math,G06,268,.41
190222040261001,math,G07,279,.489
190222040261001,math,G08,237,.463
190222040261002,ela,G06,253,.747
190222040261002,ela,G07,271,.812
190222040261002,ela,G08,302,.841
190222040261002,math,G06,253,.62
190222040261002,math,G07,270,.63
190222040261002,math,G08,302,.706
190222040261003,ela,G06,335,.544
190222040261003,ela,G07,360,.648
190222040261003,ela,G08,324,.634
190222040261003,math,G06,335,.499
190222040261003,math,G07,360,.558
190222040261003,math,G08,324,.561
190222040261004,ela,G06,295,.708
190222040261004,ela,G07,287,.753
190222040261004,ela,G08,313,.803
190222040261004,math,G06,294,.572
190222040261004,math,G07,287,.621
190222040261004,math,G08,312,.654
190222040261005,ela,G06,226,.676
190222040261005,ela,G07,195,.633
190222040261005,ela,G08,232,.792
190222040261005,math,G06,226,.542
190222040261005,math,G07,195,.495
190222040261005,math,G08,232,.632
190222040261006,ela,G06,318,.74
190222040261006,ela,G07,277,.804
190222040261006,ela,G08,319,.861
190222040261006,math,G06,318,.585
190222040261006,math,G07,277,.677
190222040261006,math,G08,319,.621
190222040261007,ela,G06,277,.438
190222040261007,ela,G07,288,.385
190222040261007,ela,G08,326,.571
190222040261007,math,G06,276,.287
190222040261007,math,G07,288,.304
190222040261007,math,G08,326,.279
190222040262002,ela,G03,59,.141
190222040262002,ela,G04,46,.174
190222040262002,ela,G05,58,.264
190222040262002,math,G03,59,.246
190222040262002,math,G04,46,.087
190222040262002,math,G05,58,.158
190222040262005,ela,G03,58,.672
190222040262005,ela,G04,68,.713
190222040262005,ela,G05,57,.75
190222040262005,math,G03,58,.655
190222040262005,math,G04,68,.561
190222040262005,math,G05,57,.661
190222040262006,ela,G03,86,.494
190222040262006,ela,G04,77,.658
190222040262006,ela,G05,78,.4
190222040262006,math,G03,86,.518
190222040262006,math,G04,77,.571
190222040262006,math,G05,78,.24
190222040262007,ela,G03,76,.203
190222040262007,ela,G04,79,.152
190222040262007,ela,G05,81,.321
190222040262007,math,G03,76,.19
190222040262007,math,G04,79,.127
190222040262007,math,G05,81,.173
190222040262008,ela,G03,62,.161
190222040262008,ela,G04,93,.22
190222040262008,ela,G05,72,.31
190222040262008,math,G03,62,.161
190222040262008,math,G04,93,.132
190222040262008,math,G05,72,.183
190222040262009,ela,G03,88,.605
190222040262009,ela,G04,105,.667
190222040262009,ela,G05,111,.667
190222040262009,math,G03,88,.721
190222040262009,math,G04,105,.676
190222040262009,math,G05,111,.666
190222040262010,ela,G03,114,.412
190222040262010,ela,G04,95,.561
190222040262010,ela,G05,90,.638
190222040262010,math,G03,114,.588
190222040262010,math,G04,95,.483
190222040262010,math,G05,91,.441
190222040262012,ela,G03,116,.505
190222040262012,ela,G04,104,.657
190222040262012,ela,G05,119,.704
190222040262012,math,G03,116,.617
190222040262012,math,G04,104,.519
190222040262012,math,G05,119,.466
190222040262013,ela,G03,78,.533
190222040262013,ela,G04,84,.691
190222040262013,ela,G05,85,.741
190222040262013,math,G03,78,.766
190222040262013,math,G04,84,.607
190222040262013,math,G05,85,.588
190222040262015,ela,G03,135,.459
190222040262015,ela,G04,124,.626
190222040262015,ela,G05,131,.606
190222040262015,math,G03,135,.57
190222040262015,math,G04,124,.602
190222040262015,math,G05,131,.638
190222040262016,ela,G03,109,.49
190222040262016,ela,G04,93,.591
190222040262016,ela,G05,99,.624
190222040262016,math,G03,109,.623
190222040262016,math,G04,93,.478
190222040262016,math,G05,99,.452
190222040262017,ela,G03,59,.758
190222040262017,ela,G04,50,.809
190222040262017,ela,G05,59,.79
190222040262017,math,G03,59,.759
190222040262017,math,G04,49,.609
190222040262017,math,G05,59,.685
190222040262018,ela,G03,92,.409
190222040262018,ela,G04,98,.398
190222040262018,ela,G05,96,.511
190222040262018,math,G03,91,.488
190222040262018,math,G04,98,.333
190222040262018,math,G05,96,.347
190222040262019,ela,G03,117,.581
190222040262019,ela,G04,90,.822
190222040262019,ela,G05,98,.67
190222040262019,math,G03,115,.73
190222040262019,math,G04,90,.7
190222040262019,math,G05,98,.618
190222040262020,ela,G03,73,.347
190222040262020,ela,G04,70,.492
190222040262020,ela,G05,64,.531
190222040262020,math,G03,73,.542
190222040262020,math,G04,70,.362
190222040262020,math,G05,64,.469
190222040262021,ela,G03,101,.505
190222040262021,ela,G04,94,.573
190222040262021,ela,G05,96,.446
190222040262021,math,G03,101,.607
190222040262021,math,G04,94,.539
190222040262021,math,G05,96,.424
190222040262022,ela,G03,94,.435
190222040262022,ela,G04,105,.445
190222040262022,ela,G05,116,.61
190222040262022,math,G03,94,.554
190222040262022,math,G04,105,.444
190222040262022,math,G05,116,.469
190222040262023,ela,G03,53,.596
190222040262023,ela,G04,53,.679
190222040262023,ela,G05,64,.563
190222040262023,math,G03,53,.711
190222040262023,math,G04,53,.774
190222040262023,math,G05,64,.688
190222040262024,ela,G03,102,.693
190222040262024,ela,G04,119,.75
190222040262024,ela,G05,105,.709
190222040262024,math,G03,102,.852
190222040262024,math,G04,119,.647
190222040262024,math,G05,105,.67
190222040262025,ela,G03,97,.478
190222040262025,ela,G04,92,.523
190222040262025,ela,G05,134,.583
190222040262025,math,G03,97,.609
190222040262025,math,G04,92,.456
190222040262025,math,G05,135,.489
190222040262026,ela,G03,101,.6
190222040262026,ela,G04,99,.68
190222040262026,ela,G05,109,.643
190222040262026,math,G03,101,.66
190222040262026,math,G04,99,.639
190222040262026,math,G05,109,.624
190222050260003,ela,G07,*,--
190222050260003,math,G07,*,--
190222050261001,ela,G06,231,.758
190222050261001,ela,G07,225,.666
190222050261001,ela,G08,224,.776
190222050261001,math,G06,231,.554
190222050261001,math,G07,225,.64
190222050261001,math,G08,224,.625
190222050261002,ela,G06,162,.637
190222050261002,ela,G07,183,.576
190222050261002,ela,G08,148,.59
190222050261002,math,G06,162,.37
190222050261002,math,G07,183,.414
190222050261002,math,G08,148,.382
190222050261012,ela,G06,197,.807
190222050261012,ela,G07,216,.736
190222050261012,ela,G08,198,.831
190222050261012,math,G06,197,.625
190222050261012,math,G07,216,.688
190222050261012,math,G08,198,.672
190222050262002,ela,G03,44,.568
190222050262002,ela,G04,56,.715
190222050262002,ela,G05,51,.607
190222050262002,math,G03,44,.66
190222050262002,math,G04,56,.714
190222050262002,math,G05,51,.666
190222050262003,ela,G03,96,.325
190222050262003,ela,G04,101,.337
190222050262003,ela,G05,84,.39
190222050262003,math,G03,96,.314
190222050262003,math,G04,101,.348
190222050262003,math,G05,83,.277
190222050262004,ela,G03,73,.672
190222050262004,ela,G04,71,.75
190222050262004,ela,G05,60,.763
190222050262004,math,G03,73,.529
190222050262004,math,G04,71,.662
190222050262004,math,G05,60,.56
190222050262005,ela,G03,72,.597
190222050262005,ela,G04,72,.75
190222050262005,ela,G05,60,.75
190222050262005,math,G03,72,.625
190222050262005,math,G04,72,.653
190222050262005,math,G05,60,.634
190222050262006,ela,G03,101,.578
190222050262006,ela,G04,100,.808
190222050262006,ela,G05,91,.736
190222050262006,math,G03,101,.588
190222050262006,math,G04,100,.777
190222050262006,math,G05,91,.55
190222050262007,ela,G03,83,.641
190222050262007,ela,G04,65,.75
190222050262007,ela,G05,67,.537
190222050262007,math,G03,83,.667
190222050262007,math,G04,65,.5
190222050262007,math,G05,67,.493
190222050262008,ela,G03,51,.882
190222050262008,ela,G04,62,.694
190222050262008,ela,G05,61,.771
190222050262008,math,G03,51,.824
190222050262008,math,G04,62,.645
190222050262008,math,G05,61,.705
190222050262009,ela,G03,90,.528
190222050262009,ela,G04,74,.676
190222050262009,ela,G05,83,.671
190222050262009,math,G03,90,.752
190222050262009,math,G04,74,.703
190222050262009,math,G05,83,.585
200240010262001,ela,G03,36,.389
200240010262001,ela,G04,47,.479
200240010262001,ela,G05,46,.457
200240010262001,ela,G06,44,.568
200240010262001,ela,G07,45,.645
200240010262001,ela,G08,41,.756
200240010262001,math,G03,36,.278
200240010262001,math,G04,47,.13
200240010262001,math,G05,46,.283
200240010262001,math,G06,44,.386
200240010262001,math,G07,46,.435
200240010262001,math,G08,41,.292
200240010262004,ela,G03,15,.667
200240010262004,ela,G04,13,.538
200240010262004,ela,G05,17,.647
200240010262004,ela,G06,21,.81
200240010262004,ela,G07,20,.7
200240010262004,ela,G08,14,.858
200240010262004,math,G03,15,.333
200240010262004,math,G04,13,.385
200240010262004,math,G05,17,.647
200240010262004,math,G06,21,.143
200240010262004,math,G07,20,.3
200240010262004,math,G08,14,.143
200300070261001,ela,G05,47,.468
200300070261001,ela,G06,44,.5
200300070261001,ela,G07,46,.587
200300070261001,ela,G08,59,.729
200300070261001,math,G05,47,.085
200300070261001,math,G06,44,.159
200300070261001,math,G07,46,.174
200300070261001,math,G08,59,.186
200300070262001,ela,G03,47,.532
200300070262001,ela,G04,42,.381
200300070262001,math,G03,47,.426
200300070262001,math,G04,42,.19
200330100260002,ela,G07,78,.449
200330100260002,ela,G08,81,.42
200330100260002,math,G07,78,.244
200330100260002,math,G08,81,.173
200330100262002,ela,G03,13,.538
200330100262002,ela,G04,24,.25
200330100262002,ela,G05,22,.591
200330100262002,ela,G06,18,.556
200330100262002,math,G03,13,.308
200330100262002,math,G04,24,.25
200330100262002,math,G05,22,.273
200330100262002,math,G06,18,.111
200330100262004,ela,G03,52,.423
200330100262004,ela,G04,53,.528
200330100262004,ela,G05,43,.489
200330100262004,ela,G06,67,.686
200330100262004,math,G03,52,.346
200330100262004,math,G04,53,.396
200330100262004,math,G05,43,.326
200330100262004,math,G06,67,.418
200350010261001,ela,G06,38,.184
200350010261001,ela,G07,43,.14
200350010261001,ela,G08,45,.044
200350010261001,math,G06,38,.053
200350010261001,math,G07,42,.024
200350010261001,math,G08,45,.022
200350010262001,ela,G03,29,.103
200350010262001,ela,G04,30,.267
200350010262001,ela,G05,31,.355
200350010262001,math,G03,29,.276
200350010262001,math,G04,30,.133
200350010262001,math,G05,31,.194
200760010262002,ela,G03,31,.258
200760010262002,ela,G04,27,.222
200760010262002,ela,G05,24,.25
200760010262002,ela,G06,36,.389
200760010262002,ela,G07,39,.411
200760010262002,ela,G08,31,.452
200760010262002,math,G03,31,.29
200760010262002,math,G04,27,.296
200760010262002,math,G05,24,.208
200760010262002,math,G06,36,.111
200760010262002,math,G07,39,.026
200760010262002,math,G08,31,.29
200830010261001,ela,G06,29,.379
200830010261001,ela,G07,24,.625
200830010261001,ela,G08,29,.759
200830010261001,math,G06,29,.31
200830010261001,math,G07,24,.167
200830010261001,math,G08,29,.275
200830010262002,ela,G03,24,.208
200830010262002,ela,G04,25,.4
200830010262002,ela,G05,39,.385
200830010262002,math,G03,24,.333
200830010262002,math,G04,25,.16
200830010262002,math,G05,39,.077
200830020262002,ela,G03,37,.108
200830020262002,ela,G04,31,.484
200830020262002,ela,G05,32,.219
200830020262002,ela,G06,29,.31
200830020262002,ela,G07,25,.4
200830020262002,ela,G08,19,.684
200830020262002,math,G03,37,.027
200830020262002,math,G04,31,.065
200830020262002,math,G05,32,.031
200830020262002,math,G06,28,0
200830020262002,math,G07,25,.08
200830020262002,math,G08,19,.105
200830030261002,ela,G06,116,.578
200830030261002,ela,G07,110,.518
200830030261002,ela,G08,105,.62
200830030261002,math,G06,115,.07
200830030261002,math,G07,110,.236
200830030261002,math,G08,106,.208
200830030262009,ela,G03,136,.361
200830030262009,ela,G04,103,.427
200830030262009,ela,G05,141,.305
200830030262009,math,G03,136,.294
200830030262009,math,G04,103,.301
200830030262009,math,G05,141,.191
200830040261002,ela,G06,78,.538
200830040261002,ela,G07,89,.348
200830040261002,ela,G08,89,.641
200830040261002,math,G06,78,.307
200830040261002,math,G07,89,.45
200830040261002,math,G08,89,.09
200830040262004,ela,G03,82,.305
200830040262004,ela,G04,63,.413
200830040262004,ela,G05,74,.203
200830040262004,math,G03,82,.5
200830040262004,math,G04,63,.445
200830040262004,math,G05,74,.23
200930170242001,ela,G03,14,.214
200930170242001,ela,G04,12,.5
200930170242001,ela,G05,12,.083
200930170242001,ela,G06,17,.471
200930170242001,ela,G07,12,.167
200930170242001,ela,G08,13,.692
200930170242001,math,G03,14,0
200930170242001,math,G04,12,.167
200930170242001,math,G05,12,0
200930170242001,math,G06,17,.235
200930170242001,math,G07,12,.167
200930170242001,math,G08,13,.231
200933480261003,ela,G07,97,.299
200933480261003,ela,G08,104,.202
200933480261003,math,G07,97,.082
200933480261003,math,G08,104,.029
200933480262005,ela,G03,72,.097
200933480262005,ela,G04,97,.361
200933480262005,ela,G05,104,.49
200933480262005,ela,G06,101,.426
200933480262005,math,G03,72,.334
200933480262005,math,G04,97,.289
200933480262005,math,G05,104,.25
200933480262005,math,G06,101,.119
200960060042001,ela,G03,21,.666
200960060042001,ela,G04,28,.678
200960060042001,ela,G05,22,.591
200960060042001,ela,G06,19,.685
200960060042001,ela,G07,27,.778
200960060042001,ela,G08,*,--
200960060042001,math,G03,21,.762
200960060042001,math,G04,28,.572
200960060042001,math,G05,22,.682
200960060042001,math,G06,19,.632
200960060042001,math,G07,27,.63
200960060042001,math,G08,*,--
200960140042001,ela,G03,13,.154
200960140042001,ela,G04,10,.3
200960140042001,ela,G05,12,.5
200960140042001,ela,G06,*,--
200960140042001,ela,G07,10,.2
200960140042001,ela,G08,*,--
200960140042001,math,G03,13,.077
200960140042001,math,G04,10,.2
200960140042001,math,G05,12,.333
200960140042001,math,G06,*,--
200960140042001,math,G07,10,.2
200960140042001,math,G08,*,--
200960170042001,ela,G03,14,.714
200960170042001,ela,G04,20,.65
200960170042001,ela,G05,18,.278
200960170042001,ela,G06,20,.85
200960170042001,ela,G07,15,.667
200960170042001,ela,G08,20,.8
200960170042001,math,G03,14,.5
200960170042001,math,G04,20,.25
200960170042001,math,G05,18,.167
200960170042001,math,G06,20,.4
200960170042001,math,G07,15,.734
200960170042001,math,G08,20,.7
200961000262005,ela,G03,35,.429
200961000262005,ela,G04,31,.452
200961000262005,ela,G05,36,.5
200961000262005,ela,G06,40,.6
200961000262005,ela,G07,37,.513
200961000262005,ela,G08,33,.576
200961000262005,math,G03,35,.4
200961000262005,math,G04,31,.58
200961000262005,math,G05,36,.333
200961000262005,math,G06,40,.725
200961000262005,math,G07,37,.54
200961000262005,math,G08,33,.757
200961120042001,ela,G04,70,.386
200961120042001,ela,G05,45,.555
200961120042001,ela,G06,60,.366
200961120042001,ela,G07,61,.442
200961120042001,ela,G08,52,.5
200961120042001,math,G04,70,.2
200961120042001,math,G05,45,.244
200961120042001,math,G06,60,.216
200961120042001,math,G07,61,.262
200961120042001,math,G08,52,.442
200961120042002,ela,G03,70,.4
200961120042002,math,G03,70,.357
200962000261001,ela,G05,23,.391
200962000261001,ela,G06,34,.676
200962000261001,ela,G07,27,.593
200962000261001,ela,G08,23,.565
200962000261001,math,G05,23,.087
200962000261001,math,G06,34,.147
200962000261001,math,G07,27,.148
200962000261001,math,G08,23,.173
200962000262002,ela,G03,11,.546
200962000262002,ela,G04,10,.3
200962000262002,math,G03,11,.455
200962000262002,math,G04,10,.3
200962000262003,ela,G03,19,.684
200962000262003,ela,G04,19,.526
200962000262003,math,G03,19,.421
200962000262003,math,G04,19,.316
200970010260003,ela,G06,22,.455
200970010260003,ela,G07,11,.546
200970010260003,ela,G08,17,.765
200970010260003,math,G06,23,.087
200970010260003,math,G07,11,.091
200970010260003,math,G08,17,.176
200970010262002,ela,G03,13,.846
200970010262002,ela,G04,20,.4
200970010262002,ela,G05,23,.435
200970010262002,math,G03,13,.846
200970010262002,math,G04,20,.3
200970010262002,math,G05,23,.391
200970030262002,ela,G03,57,.211
200970030262002,ela,G04,37,.297
200970030262002,ela,G05,48,.146
200970030262002,ela,G06,43,.395
200970030262002,ela,G07,57,.228
200970030262002,ela,G08,59,.237
200970030262002,math,G03,57,.369
200970030262002,math,G04,37,.432
200970030262002,math,G05,48,.167
200970030262002,math,G06,43,.023
200970030262002,math,G07,57,.053
200970030262002,math,G08,59,.017
200970050261007,ela,G07,108,.638
200970050261007,ela,G08,100,.6
200970050261007,math,G07,108,.38
200970050261007,math,G08,98,.428
200970050262005,ela,G03,89,.629
200970050262005,math,G03,89,.752
200970050262007,ela,G04,96,.501
200970050262007,ela,G05,76,.447
200970050262007,ela,G06,80,.663
200970050262007,math,G04,96,.49
200970050262007,math,G05,76,.302
200970050262007,math,G06,80,.675
210280470041002,ela,G05,99,.303
210280470041002,ela,G06,113,.363
210280470041002,ela,G07,94,.373
210280470041002,ela,G08,123,.545
210280470041002,math,G05,98,.224
210280470041002,math,G06,113,.08
210280470041002,math,G07,94,.266
210280470041002,math,G08,123,.26
210280470042001,ela,G03,104,.327
210280470042001,ela,G04,111,.306
210280470042001,math,G03,104,.221
210280470042001,math,G04,111,.207
210280910042001,ela,G03,16,.438
210280910042001,ela,G04,13,.385
210280910042001,ela,G05,*,--
210280910042001,ela,G06,*,--
210280910042001,ela,G07,*,--
210280910042001,ela,G08,*,--
210280910042001,math,G03,16,.688
210280910042001,math,G04,13,.539
210280910042001,math,G05,*,--
210280910042001,math,G06,*,--
210280910042001,math,G07,*,--
210280910042001,math,G08,*,--
210280990262001,ela,G03,54,.352
210280990262001,ela,G04,43,.395
210280990262001,ela,G05,65,.138
210280990262001,ela,G06,39,.41
210280990262001,ela,G07,50,.54
210280990262001,ela,G08,52,.712
210280990262001,math,G03,54,.296
210280990262001,math,G04,43,.116
210280990262001,math,G05,65,.015
210280990262001,math,G06,39,.051
210280990262001,math,G07,50,.26
210280990262001,math,G08,52,.231
210281030130001,ela,G08,*,--
210281030130001,math,G08,*,--
210281150042001,ela,G03,21,.429
210281150042001,ela,G04,22,.636
210281150042001,ela,G05,17,.647
210281150042001,ela,G06,33,.667
210281150042001,ela,G07,26,.846
210281150042001,ela,G08,17,.823
210281150042001,math,G03,21,.381
210281150042001,math,G04,22,.455
210281150042001,math,G05,17,.059
210281150042001,math,G06,33,.516
210281150042001,math,G07,26,.692
210281150042001,math,G08,17,.53
210281680261002,ela,G07,114,.359
210281680261002,ela,G08,96,.261
210281680261002,math,G07,114,.175
210281680261002,math,G08,95,.053
210281680262004,ela,G03,110,.173
210281680262004,ela,G04,96,.302
210281680262004,ela,G05,105,.248
210281680262004,ela,G06,97,.33
210281680262004,math,G03,110,.245
210281680262004,math,G04,96,.156
210281680262004,math,G05,105,.124
210281680262004,math,G06,97,.082
210281740262001,ela,G03,16,.313
210281740262001,ela,G04,17,0
210281740262001,ela,G05,27,.37
210281740262001,ela,G06,16,.313
210281740262001,ela,G07,28,.25
210281740262001,ela,G08,20,.5
210281740262001,math,G03,16,.438
210281740262001,math,G04,17,0
210281740262001,math,G05,27,0
210281740262001,math,G06,16,0
210281740262001,math,G07,28,.107
210281740262001,math,G08,20,.05
210281880261001,ela,G06,35,.315
210281880261001,ela,G07,31,.226
210281880261001,ela,G08,32,.188
210281880261001,math,G06,35,.029
210281880261001,math,G07,31,.032
210281880261001,math,G08,32,.031
210281880262003,ela,G03,42,.119
210281880262003,ela,G04,35,.143
210281880262003,ela,G05,25,.28
210281880262003,math,G03,42,.333
210281880262003,math,G04,35,.029
210281880262003,math,G05,25,.12
210281960261001,ela,G06,44,.477
210281960261001,ela,G07,38,.606
210281960261001,ela,G08,51,.51
210281960261001,math,G06,44,.25
210281960261001,math,G07,38,.395
210281960261001,math,G08,51,.255
210281960262001,ela,G03,45,.378
210281960262001,ela,G04,41,.39
210281960262001,ela,G05,37,.378
210281960262001,math,G03,45,.577
210281960262001,math,G04,41,.732
210281960262001,math,G05,37,.513
210440010262001,ela,G03,47,.17
210440010262001,ela,G04,46,.348
210440010262001,ela,G05,42,.405
210440010262001,ela,G06,41,.317
210440010262001,ela,G07,56,.304
210440010262001,ela,G08,41,.341
210440010262001,math,G03,47,.383
210440010262001,math,G04,46,.217
210440010262001,math,G05,42,.571
210440010262001,math,G06,41,.146
210440010262001,math,G07,56,.179
210440010262001,math,G08,41,.049
210440320032003,ela,G03,20,.65
210440320032003,ela,G04,19,.474
210440320032003,ela,G05,27,.333
210440320032003,ela,G06,22,.364
210440320032003,ela,G07,20,.45
210440320032003,ela,G08,23,.652
210440320032003,math,G03,20,.9
210440320032003,math,G04,19,.421
210440320032003,math,G05,27,.37
210440320032003,math,G06,22,.182
210440320032003,math,G07,20,.3
210440320032003,math,G08,23,.348
210440430032001,ela,G03,*,--
210440430032001,ela,G04,*,--
210440430032001,ela,G05,*,--
210440430032001,ela,G06,10,0
210440430032001,ela,G07,*,--
210440430032001,ela,G08,*,--
210440430032001,math,G03,*,--
210440430032001,math,G04,*,--
210440430032001,math,G05,*,--
210440430032001,math,G06,10,.1
210440430032001,math,G07,*,--
210440430032001,math,G08,*,--
210440550022001,ela,G03,31,.129
210440550022001,ela,G04,40,.5
210440550022001,ela,G05,29,.552
210440550022001,ela,G06,37,.513
210440550022001,ela,G07,39,.718
210440550022001,ela,G08,49,.816
210440550022001,math,G03,31,.29
210440550022001,math,G04,40,.075
210440550022001,math,G05,29,.137
210440550022001,math,G06,37,.243
210440550022001,math,G07,39,.128
210440550022001,math,G08,49,.163
210440640022001,ela,G03,11,.091
210440640022001,ela,G04,*,--
210440640022001,ela,G05,*,--
210440640022001,ela,G06,14,.357
210440640022001,ela,G07,11,.091
210440640022001,ela,G08,*,--
210440640022001,math,G03,11,0
210440640022001,math,G04,*,--
210440640022001,math,G05,*,--
210440640022001,math,G06,14,.143
210440640022001,math,G07,11,.091
210440640022001,math,G08,*,--
210610010261001,ela,G07,160,.594
210610010261001,ela,G08,118,.635
210610010261001,math,G07,160,.55
210610010261001,math,G08,118,.339
210610010262001,ela,G03,15,.667
210610010262001,ela,G04,18,.667
210610010262001,ela,G05,15,.8
210610010262001,ela,G06,16,.75
210610010262001,math,G03,15,.533
210610010262001,math,G04,18,.556
210610010262001,math,G05,15,.6
210610010262001,math,G06,16,.625
210610010262002,ela,G03,20,.75
210610010262002,ela,G04,14,.714
210610010262002,ela,G05,18,.556
210610010262002,ela,G06,16,.813
210610010262002,math,G03,20,.9
210610010262002,math,G04,14,.642
210610010262002,math,G05,18,.667
210610010262002,math,G06,16,.688
210610010262003,ela,G03,44,.455
210610010262003,ela,G04,62,.581
210610010262003,ela,G05,55,.363
210610010262003,ela,G06,64,.609
210610010262003,math,G03,44,.432
210610010262003,math,G04,61,.098
210610010262003,math,G05,55,.273
210610010262003,math,G06,64,.188
210610010262006,ela,G03,17,.352
210610010262006,ela,G04,15,.4
210610010262006,ela,G05,19,.789
210610010262006,ela,G06,24,.75
210610010262006,math,G03,17,.53
210610010262006,math,G04,15,.267
210610010262006,math,G05,19,.579
210610010262006,math,G06,24,.417
210610010262010,ela,G03,26,.269
210610010262010,ela,G04,22,.091
210610010262010,ela,G05,16,.625
210610010262010,ela,G06,17,.412
210610010262010,math,G03,26,.23
210610010262010,math,G04,22,.318
210610010262010,math,G05,16,.625
210610010262010,math,G06,17,.176
210610380260001,ela,G07,14,.143
210610380260001,ela,G08,15,.333
210610380260001,math,G07,14,.143
210610380260001,math,G08,15,.133
210610380262001,ela,G03,12,.25
210610380262001,ela,G04,14,.5
210610380262001,ela,G05,15,.133
210610380262001,ela,G06,14,.5
210610380262001,ela,G07,*,--
210610380262001,math,G03,12,.333
210610380262001,math,G04,14,.357
210610380262001,math,G05,15,.2
210610380262001,math,G06,14,.357
210610380262001,math,G07,*,--
211000010262002,ela,G05,66,.197
211000010262002,ela,G06,68,.221
211000010262002,ela,G07,79,.203
211000010262002,ela,G08,81,.309
211000010262002,math,G05,66,.076
211000010262002,math,G06,68,.059
211000010262002,math,G07,79,.089
211000010262002,math,G08,81,.173
211000010262004,ela,G03,67,.209
211000010262004,ela,G04,70,.4
211000010262004,math,G03,67,.209
211000010262004,math,G04,70,.443
211000020261002,ela,G06,231,.459
211000020261002,ela,G07,238,.403
211000020261002,ela,G08,236,.399
211000020261002,math,G06,230,.231
211000020261002,math,G07,238,.248
211000020261002,math,G08,236,.271
211000020262003,ela,G03,24,.75
211000020262003,ela,G04,31,.742
211000020262003,ela,G05,24,.625
211000020262003,ela,G06,30,.667
211000020262003,ela,G07,24,.709
211000020262003,ela,G08,21,.666
211000020262003,math,G03,24,.917
211000020262003,math,G04,31,.613
211000020262003,math,G05,24,.291
211000020262003,math,G06,30,.2
211000020262003,math,G07,24,.333
211000020262003,math,G08,21,.143
211000020262004,ela,G03,41,.439
211000020262004,ela,G04,32,.469
211000020262004,ela,G05,37,.324
211000020262004,math,G03,41,.61
211000020262004,math,G04,32,.344
211000020262004,math,G05,37,.297
211000020262005,ela,G03,78,.513
211000020262005,ela,G04,78,.513
211000020262005,ela,G05,85,.482
211000020262005,math,G03,78,.654
211000020262005,math,G04,78,.525
211000020262005,math,G05,85,.424
211000020262007,ela,G03,43,.582
211000020262007,ela,G04,39,.616
211000020262007,ela,G05,41,.488
211000020262007,math,G03,43,.628
211000020262007,math,G04,39,.487
211000020262007,math,G05,41,.439
211000020262010,ela,G03,74,.568
211000020262010,ela,G04,77,.676
211000020262010,ela,G05,85,.588
211000020262010,math,G03,74,.527
211000020262010,math,G04,77,.533
211000020262010,math,G05,85,.423
211000030262001,ela,G03,34,.324
211000030262001,ela,G04,26,.538
211000030262001,ela,G05,41,.634
211000030262001,ela,G06,25,.52
211000030262001,ela,G07,34,.411
211000030262001,ela,G08,44,.455
211000030262001,math,G03,34,.235
211000030262001,math,G04,26,.385
211000030262001,math,G05,41,.463
211000030262001,math,G06,25,.2
211000030262001,math,G07,33,.333
211000030262001,math,G08,44,.136
211000040261001,ela,G06,171,.497
211000040261001,ela,G07,150,.48
211000040261001,ela,G08,160,.563
211000040261001,math,G06,171,.204
211000040261001,math,G07,150,.28
211000040261001,math,G08,160,.432
211000040262010,ela,G03,170,.371
211000040262010,ela,G04,161,.515
211000040262010,ela,G05,161,.311
211000040262010,math,G03,170,.482
211000040262010,math,G04,160,.463
211000040262010,math,G05,162,.303
211000050261001,ela,G07,176,.569
211000050261001,ela,G08,167,.749
211000050261001,math,G07,176,.398
211000050261001,math,G08,167,.551
211000050262001,ela,G03,146,.538
211000050262001,math,G03,146,.538
211000050262006,ela,G04,178,.559
211000050262006,ela,G05,179,.598
211000050262006,ela,G06,161,.687
211000050262006,math,G04,178,.604
211000050262006,math,G05,179,.497
211000050262006,math,G06,161,.537
240320010261002,ela,G06,159,.767
240320010261002,ela,G07,156,.756
240320010261002,ela,G08,161,.827
240320010261002,math,G06,159,.516
240320010261002,math,G07,156,.487
240320010261002,math,G08,161,.447
240320010262003,ela,G03,149,.43
240320010262003,math,G03,149,.423
240320010262004,ela,G04,128,.539
240320010262004,ela,G05,133,.676
240320010262004,math,G04,128,.383
240320010262004,math,G05,133,.504
24032002C021002,ela,G05,33,.437
24032002C021002,ela,G06,42,.238
24032002C021002,ela,G07,37,.405
24032002C021002,ela,G08,29,.689
24032002C021002,math,G05,33,.125
24032002C021002,math,G06,42,.071
24032002C021002,math,G07,37,.216
24032002C021002,math,G08,29,.275
24032002C022001,ela,G03,31,.3
24032002C022001,ela,G04,37,.378
24032002C022001,math,G03,31,.433
24032002C022001,math,G04,37,.351
24032024C042001,ela,G03,13,.616
24032024C042001,ela,G04,*,--
24032024C042001,ela,G05,12,.5
24032024C042001,ela,G06,*,--
24032024C042001,ela,G07,*,--
24032024C042001,ela,G08,10,.7
24032024C042001,math,G03,13,.693
24032024C042001,math,G04,*,--
24032024C042001,math,G05,12,.584
24032024C042001,math,G06,*,--
24032024C042001,math,G07,*,--
24032024C042001,math,G08,10,.4
240320540021006,ela,G06,132,.542
240320540021006,ela,G07,110,.546
240320540021006,ela,G08,104,.359
240320540021006,math,G06,132,.198
240320540021006,math,G07,109,.257
240320540021006,math,G08,104,.165
240320540022004,ela,G03,98,.102
240320540022004,ela,G04,114,.378
240320540022004,ela,G05,115,.139
240320540022004,math,G03,98,.286
240320540022004,math,G04,114,.237
240320540022004,math,G05,114,.096
24032060C042001,ela,G03,88,.299
24032060C042001,ela,G04,82,.376
24032060C042001,ela,G05,76,.474
24032060C042001,ela,G06,71,.565
24032060C042001,ela,G07,94,.602
24032060C042001,ela,G08,73,.887
24032060C042001,math,G03,88,.563
24032060C042001,math,G04,82,.363
24032060C042001,math,G05,76,.434
24032060C042001,math,G06,71,.202
24032060C042001,math,G07,94,.291
24032060C042001,math,G08,73,.62
24032072C042001,ela,G03,13,.167
24032072C042001,ela,G04,16,.375
24032072C042001,ela,G05,13,.308
24032072C042001,ela,G06,16,.6
24032072C042001,ela,G07,17,.294
24032072C042001,ela,G08,13,.846
24032072C042001,math,G03,13,.333
24032072C042001,math,G04,16,.188
24032072C042001,math,G05,13,.154
24032072C042001,math,G06,16,.2
24032072C042001,math,G07,17,.529
24032072C042001,math,G08,13,.462
240320740032001,ela,G03,*,--
240320740032001,ela,G04,10,.6
240320740032001,ela,G05,*,--
240320740032001,ela,G06,*,--
240320740032001,ela,G07,*,--
240320740032001,ela,G08,12,.667
240320740032001,math,G03,*,--
240320740032001,math,G04,10,.1
240320740032001,math,G05,*,--
240320740032001,math,G06,*,--
240320740032001,math,G07,*,--
240320740032001,math,G08,12,.333
240320750022001,ela,G03,*,--
240320750022001,ela,G04,14,.143
240320750022001,ela,G05,15,.333
240320750022001,ela,G06,*,--
240320750022001,ela,G07,14,0
240320750022001,ela,G08,15,.267
240320750022001,math,G03,*,--
240320750022001,math,G04,14,.071
240320750022001,math,G05,15,0
240320750022001,math,G06,*,--
240320750022001,math,G07,14,0
240320750022001,math,G08,16,.125
240321110160001,ela,G08,*,--
240321110160001,math,G08,*,--
240322010041002,ela,G07,498,.397
240322010041002,ela,G08,509,.508
240322010041002,math,G07,495,.274
240322010041002,math,G08,502,.252
240322010042001,ela,G03,122,.207
240322010042001,ela,G04,96,.552
240322010042001,math,G03,122,.239
240322010042001,math,G04,96,.26
240322010042002,ela,G05,468,.356
240322010042002,ela,G06,485,.434
240322010042002,math,G05,468,.223
240322010042002,math,G06,485,.256
240322010042003,ela,G03,109,.422
240322010042003,ela,G04,115,.492
240322010042003,math,G03,109,.44
240322010042003,math,G04,115,.351
240322010042004,ela,G03,138,.275
240322010042004,ela,G04,103,.204
240322010042004,math,G03,138,.282
240322010042004,math,G04,102,.206
240322010042005,ela,G03,114,.22
240322010042005,ela,G04,133,.339
240322010042005,math,G03,114,.333
240322010042005,math,G04,133,.233
240470660041001,ela,G05,20,.5
240470660041001,ela,G06,24,.792
240470660041001,ela,G07,29,.586
240470660041001,ela,G08,32,.625
240470660041001,math,G05,20,.2
240470660041001,math,G06,24,.208
240470660041001,math,G07,29,.344
240470660041001,math,G08,32,.25
240470660042001,ela,G03,31,.355
240470660042001,ela,G04,17,.765
240470660042001,math,G03,31,.258
240470660042001,math,G04,17,.412
240470880261001,ela,G07,178,.269
240470880261001,ela,G08,156,.404
240470880261001,math,G07,178,.163
240470880261001,math,G08,156,.167
240470880262003,ela,G03,165,.097
240470880262003,math,G03,165,.091
240470880262004,ela,G04,154,.255
240470880262004,ela,G05,163,.307
240470880262004,ela,G06,177,.458
240470880262004,math,G04,153,.184
240470880262004,math,G05,161,.106
240470880262004,math,G06,177,.209
240470900042001,ela,G03,14,.571
240470900042001,ela,G04,24,.583
240470900042001,ela,G05,*,--
240470900042001,ela,G06,14,.929
240470900042001,ela,G07,11,.818
240470900042001,ela,G08,13,1
240470900042001,math,G03,14,.643
240470900042001,math,G04,24,.042
240470900042001,math,G05,*,--
240470900042001,math,G06,14,.642
240470900042001,math,G07,11,.546
240470900042001,math,G08,13,.847
240471150261001,ela,G07,544,.436
240471150261001,ela,G08,554,.532
240471150261001,math,G07,541,.285
240471150261001,math,G08,552,.261
240471150262002,ela,G03,141,.369
240471150262002,math,G03,141,.51
240471150262003,ela,G03,56,.25
240471150262003,math,G03,56,.268
240471150262004,ela,G03,44,.341
240471150262004,math,G03,44,.228
240471150262005,ela,G04,210,.391
240471150262005,ela,G05,224,.348
240471150262005,ela,G06,236,.44
240471150262005,ela,G08,*,--
240471150262005,math,G04,210,.21
240471150262005,math,G05,223,.192
240471150262005,math,G06,235,.2
240471150262005,math,G08,*,--
240471150262007,ela,G03,96,.274
240471150262007,ela,G04,101,.475
240471150262007,ela,G05,91,.593
240471150262007,ela,G06,101,.565
240471150262007,math,G03,96,.348
240471150262007,math,G04,101,.337
240471150262007,math,G05,89,.202
240471150262007,math,G06,101,.287
240471150262008,ela,G03,94,.33
240471150262008,ela,G04,97,.448
240471150262008,ela,G05,67,.508
240471150262008,ela,G06,105,.638
240471150262008,math,G03,94,.404
240471150262008,math,G04,97,.417
240471150262008,math,G05,67,.314
240471150262008,math,G06,105,.343
240471150262009,ela,G03,62,.306
240471150262009,ela,G04,112,.429
240471150262009,ela,G05,111,.405
240471150262009,ela,G06,124,.565
240471150262009,math,G03,61,.377
240471150262009,math,G04,111,.27
240471150262009,math,G05,114,.237
240471150262009,math,G06,123,.252
240473080261002,ela,G06,329,.459
240473080261002,ela,G07,358,.457
240473080261002,ela,G08,376,.61
240473080261002,math,G06,327,.261
240473080261002,math,G07,359,.371
240473080261002,math,G08,375,.394
240473080261003,ela,G06,268,.316
240473080261003,ela,G07,262,.331
240473080261003,ela,G08,288,.458
240473080261003,math,G06,265,.243
240473080261003,math,G07,254,.175
240473080261003,math,G08,282,.223
240473080261004,ela,G06,185,.622
240473080261004,ela,G07,179,.607
240473080261004,ela,G08,200,.7
240473080261004,math,G06,185,.444
240473080261004,math,G07,179,.466
240473080261004,math,G08,199,.377
240473080261005,ela,G06,195,.482
240473080261005,ela,G07,192,.454
240473080261005,ela,G08,192,.562
240473080261005,math,G06,196,.286
240473080261005,math,G07,190,.29
240473080261005,math,G08,191,.209
240473080261006,ela,G06,216,.665
240473080261006,ela,G07,218,.516
240473080261006,ela,G08,245,.611
240473080261006,math,G06,216,.41
240473080261006,math,G07,218,.36
240473080261006,math,G08,245,.344
240473080262004,ela,G03,92,.141
240473080262004,ela,G04,67,.242
240473080262004,ela,G05,100,.33
240473080262004,math,G03,92,.228
240473080262004,math,G04,67,.152
240473080262004,math,G05,100,.17
240473080262005,ela,G03,112,.089
240473080262005,ela,G04,82,.148
240473080262005,ela,G05,103,.245
240473080262005,math,G03,112,.188
240473080262005,math,G04,82,.086
240473080262005,math,G05,103,.147
240473080262006,ela,G03,69,.406
240473080262006,ela,G04,69,.478
240473080262006,ela,G05,69,.347
240473080262006,math,G03,69,.391
240473080262006,math,G04,71,.352
240473080262006,math,G05,69,.246
240473080262007,ela,G03,117,.325
240473080262007,ela,G04,89,.606
240473080262007,ela,G05,89,.461
240473080262007,math,G03,116,.491
240473080262007,math,G04,89,.494
240473080262007,math,G05,90,.367
240473080262008,ela,G03,117,.284
240473080262008,ela,G04,110,.409
240473080262008,ela,G05,107,.383
240473080262008,math,G03,117,.344
240473080262008,math,G04,110,.291
240473080262008,math,G05,107,.205
240473080262009,ela,G03,88,.31
240473080262009,ela,G04,75,.56
240473080262009,ela,G05,97,.73
240473080262009,math,G03,86,.412
240473080262009,math,G04,75,.387
240473080262009,math,G05,97,.427
240473080262010,ela,G03,131,.208
240473080262010,ela,G04,120,.325
240473080262010,ela,G05,116,.483
240473080262010,math,G03,133,.287
240473080262010,math,G04,120,.225
240473080262010,math,G05,116,.164
240473080262011,ela,G03,78,.41
240473080262011,ela,G04,83,.421
240473080262011,ela,G05,75,.466
240473080262011,math,G03,78,.423
240473080262011,math,G04,83,.325
240473080262011,math,G05,75,.28
240473080262012,ela,G03,62,.371
240473080262012,ela,G04,78,.577
240473080262012,ela,G05,72,.528
240473080262012,math,G03,62,.484
240473080262012,math,G04,78,.487
240473080262012,math,G05,72,.57
240473080262013,ela,G03,62,.435
240473080262013,ela,G04,70,.557
240473080262013,ela,G05,78,.667
240473080262013,math,G03,62,.516
240473080262013,math,G04,71,.507
240473080262013,math,G05,78,.513
240473080262014,ela,G03,104,.26
240473080262014,ela,G04,124,.399
240473080262014,ela,G05,114,.36
240473080262014,math,G03,104,.375
240473080262014,math,G04,124,.284
240473080262014,math,G05,114,.264
240473080262015,ela,G03,111,.369
240473080262015,ela,G04,102,.432
240473080262015,ela,G05,110,.523
240473080262015,math,G03,111,.351
240473080262015,math,G04,102,.314
240473080262015,math,G05,110,.321
240473080262016,ela,G03,70,.243
240473080262016,ela,G04,70,.333
240473080262016,ela,G05,76,.381
240473080262016,math,G03,70,.414
240473080262016,math,G04,70,.261
240473080262016,math,G05,76,.223
260290010261001,ela,G06,18,.5
260290010261001,ela,G07,14,.357
260290010261001,ela,G08,26,.5
260290010261001,math,G06,18,.167
260290010261001,math,G07,14,.429
260290010261001,math,G08,26,.115
260290010262001,ela,G03,24,.167
260290010262001,ela,G04,14,.357
260290010262001,ela,G05,12,.417
260290010262001,math,G03,24,.167
260290010262001,math,G04,14,.214
260290010262001,math,G05,12,.25
260290020261001,ela,G06,27,.519
260290020261001,ela,G07,23,.304
260290020261001,ela,G08,27,.37
260290020261001,math,G06,27,.037
260290020261001,math,G07,23,.087
260290020261001,math,G08,27,.111
260290020262006,ela,G03,14,0
260290020262006,ela,G04,30,.267
260290020262006,ela,G05,21,.143
260290020262006,math,G03,14,0
260290020262006,math,G04,30,.033
260290020262006,math,G05,21,0
260290030261001,ela,G06,16,.375
260290030261001,ela,G07,32,.344
260290030261001,ela,G08,28,.464
260290030261001,math,G06,17,.059
260290030261001,math,G07,32,.156
260290030261001,math,G08,29,.103
260290030262003,ela,G03,23,.087
260290030262003,ela,G04,26,.5
260290030262003,ela,G05,24,.458
260290030262003,math,G03,23,.043
260290030262003,math,G04,26,.154
260290030262003,math,G05,24,0
260290040261001,ela,G06,14,.5
260290040261001,ela,G07,13,.154
260290040261001,ela,G08,15,.333
260290040261001,math,G06,14,.428
260290040261001,math,G07,13,.231
260290040261001,math,G08,15,.467
260290040262005,ela,G03,20,.3
260290040262005,ela,G04,16,.688
260290040262005,ela,G05,17,.471
260290040262005,math,G03,20,.15
260290040262005,math,G04,16,.501
260290040262005,math,G05,17,.706
260290660251002,ela,G05,135,.259
260290660251002,ela,G06,144,.273
260290660251002,ela,G07,170,.329
260290660251002,ela,G08,139,.669
260290660251002,math,G05,135,.163
260290660251002,math,G06,143,.085
260290660251002,math,G07,170,.282
260290660251002,math,G08,139,.317
260290660252003,ela,G03,49,.285
260290660252003,ela,G04,70,.285
260290660252003,math,G03,49,.286
260290660252003,math,G04,70,.186
260290660252008,ela,G03,31,.355
260290660252008,ela,G04,49,.306
260290660252008,math,G03,31,.355
260290660252008,math,G04,49,.184
260290660252009,ela,G03,43,.186
260290660252009,ela,G04,58,.31
260290660252009,math,G03,43,.349
260290660252009,math,G04,59,.153
260290970260001,ela,G06,*,--
260290970260001,ela,G07,43,.279
260290970260001,ela,G08,52,.333
260290970260001,math,G06,*,--
260290970260001,math,G07,43,.186
260290970260001,math,G08,52,.157
260290970262002,ela,G03,43,.047
260290970262002,ela,G04,37,.054
260290970262002,ela,G05,34,.324
260290970262002,ela,G06,39,.051
260290970262002,math,G03,42,.071
260290970262002,math,G04,37,.027
260290970262002,math,G05,34,.264
260290970262002,math,G06,39,.026
260343160262003,ela,G03,26,.154
260343160262003,ela,G04,32,.281
260343160262003,ela,G05,30,.067
260343160262003,ela,G06,22,.272
260343160262003,math,G03,26,.23
260343160262003,math,G04,32,.219
260343160262003,math,G05,30,.033
260343160262003,math,G06,22,.273
260343170041006,ela,G05,44,.364
260343170041006,ela,G06,38,.5
260343170041006,ela,G07,41,.635
260343170041006,ela,G08,57,.736
260343170041006,math,G05,39,.103
260343170041006,math,G06,36,.111
260343170041006,math,G07,41,.244
260343170041006,math,G08,56,.197
260343170042005,ela,G03,38,.184
260343170042005,ela,G04,38,.394
260343170042005,math,G03,38,.237
260343170042005,math,G04,38,.237
260343250262002,ela,G03,17,.294
260343250262002,ela,G04,17,.353
260343250262002,ela,G05,12,.25
260343250262002,ela,G06,10,.4
260343250262002,ela,G07,45,.089
260343250262002,ela,G08,33,.333
260343250262002,math,G03,17,.412
260343250262002,math,G04,17,.059
260343250262002,math,G05,12,.25
260343250262002,math,G06,10,.1
260343250262002,math,G07,45,.133
260343250262002,math,G08,33,.03
260343270042002,ela,G03,*,--
260343270042002,ela,G04,14,.429
260343270042002,ela,G05,15,.133
260343270042002,ela,G06,24,.333
260343270042002,ela,G07,13,.154
260343270042002,ela,G08,23,.521
260343270042002,math,G03,*,--
260343270042002,math,G04,14,.429
260343270042002,math,G05,15,.133
260343270042002,math,G06,24,.042
260343270042002,math,G07,13,.077
260343270042002,math,G08,23,.174
260343280242004,ela,G03,35,.286
260343280242004,ela,G04,38,.474
260343280242004,ela,G05,37,.432
260343280242004,ela,G06,35,.771
260343280242004,ela,G07,38,.553
260343280242004,ela,G08,62,.419
260343280242004,math,G03,35,.258
260343280242004,math,G04,38,.263
260343280242004,math,G05,37,.162
260343280242004,math,G06,35,.2
260343280242004,math,G07,38,.316
260343280242004,math,G08,61,.327
260343370260001,ela,G07,24,.292
260343370260001,ela,G08,30,.367
260343370260001,math,G07,24,.208
260343370260001,math,G08,30,.067
260343370262006,ela,G03,33,.121
260343370262006,ela,G04,33,.303
260343370262006,ela,G05,30,.3
260343370262006,ela,G06,33,.363
260343370262006,math,G03,33,.152
260343370262006,math,G04,33,.091
260343370262006,math,G05,30,.033
260343370262006,math,G06,33,.091
260343470042005,ela,G03,19,.316
260343470042005,ela,G04,16,.188
260343470042005,ela,G05,18,.278
260343470042005,ela,G06,18,.389
260343470042005,ela,G07,19,.421
260343470042005,ela,G08,22,.409
260343470042005,math,G03,19,.579
260343470042005,math,G04,16,.375
260343470042005,math,G05,18,0
260343470042005,math,G06,18,0
260343470042005,math,G07,19,.105
260343470042005,math,G08,22,.091
260621030261001,ela,G07,44,.546
260621030261001,ela,G08,45,.4
260621030261001,math,G07,44,.432
260621030261001,math,G08,45,.156
260621030262001,ela,G03,11,.182
260621030262001,ela,G04,23,.217
260621030262001,ela,G05,22,.182
260621030262001,ela,G06,13,.538
260621030262001,math,G03,11,0
260621030262001,math,G04,23,.174
260621030262001,math,G05,22,.136
260621030262001,math,G06,13,.154
260621030262002,ela,G03,19,.368
260621030262002,ela,G04,14,.5
260621030262002,ela,G05,29,.62
260621030262002,ela,G06,18,.556
260621030262002,math,G03,19,.474
260621030262002,math,G04,14,.214
260621030262002,math,G05,29,.172
260621030262002,math,G06,18,.167
260621700261002,ela,G06,42,.119
260621700261002,ela,G07,44,.318
260621700261002,ela,G08,34,.333
260621700261002,math,G06,42,0
260621700261002,math,G07,44,.182
260621700261002,math,G08,33,.151
260621700262003,ela,G03,35,.057
260621700262003,ela,G04,36,.195
260621700262003,ela,G05,50,.12
260621700262003,math,G03,35,.143
260621700262003,math,G04,36,.083
260621700262003,math,G05,50,.02
260621850261001,ela,G06,154,.279
260621850261001,ela,G07,151,.338
260621850261001,ela,G08,152,.434
260621850261001,math,G06,154,.162
260621850261001,math,G07,151,.165
260621850261001,math,G08,151,.232
260621850262008,ela,G03,113,.071
260621850262008,ela,G04,127,.236
260621850262008,ela,G05,131,.336
260621850262008,math,G03,113,.186
260621850262008,math,G04,126,.183
260621850262008,math,G05,130,.246
260850050262002,ela,G03,65,.231
260850050262002,ela,G04,60,.417
260850050262002,math,G03,65,.277
260850050262002,math,G04,60,.233
260850050262004,ela,G05,54,.185
260850050262004,ela,G06,65,.092
260850050262004,ela,G07,67,.091
260850050262004,ela,G08,69,.101
260850050262004,math,G05,54,.185
260850050262004,math,G06,65,.184
260850050262004,math,G07,67,.136
260850050262004,math,G08,69,.043
280060170042001,ela,G03,*,--
280060170042001,ela,G04,*,--
280060170042001,ela,G05,10,.5
280060170042001,ela,G06,*,--
280060170042001,ela,G07,*,--
280060170042001,ela,G08,*,--
280060170042001,math,G03,*,--
280060170042001,math,G04,*,--
280060170042001,math,G05,10,.3
280060170042001,math,G06,*,--
280060170042001,math,G07,*,--
280060170042001,math,G08,*,--
280060840042001,ela,G03,*,--
280060840042001,ela,G04,*,--
280060840042001,ela,G05,*,--
280060840042001,ela,G06,*,--
280060840042001,ela,G07,10,.2
280060840042001,ela,G08,12,.5
280060840042001,math,G03,*,--
280060840042001,math,G04,*,--
280060840042001,math,G05,*,--
280060840042001,math,G06,*,--
280060840042001,math,G07,10,.3
280060840042001,math,G08,12,.5
280060940042001,ela,G03,16,.188
280060940042001,ela,G04,19,.474
280060940042001,ela,G05,21,.476
280060940042001,ela,G06,20,.45
280060940042001,ela,G07,16,.125
280060940042001,ela,G08,13,.692
280060940042001,math,G03,16,.188
280060940042001,math,G04,19,.421
280060940042001,math,G05,21,.286
280060940042001,math,G06,20,.25
280060940042001,math,G07,16,0
280060940042001,math,G08,13,.308
280060980022001,ela,G03,*,--
280060980022001,ela,G04,*,--
280060980022001,ela,G05,*,--
280060980022001,ela,G06,*,--
280060980022001,ela,G07,*,--
280060980022001,ela,G08,*,--
280060980022001,math,G03,*,--
280060980022001,math,G04,*,--
280060980022001,math,G05,*,--
280060980022001,math,G06,*,--
280060980022001,math,G07,*,--
280060980022001,math,G08,*,--
280060990042002,ela,G03,62,.246
280060990042002,ela,G04,61,.172
280060990042002,ela,G05,60,.241
280060990042002,ela,G06,53,.245
280060990042002,ela,G07,65,.077
280060990042002,ela,G08,55,.389
280060990042002,math,G03,62,.164
280060990042002,math,G04,61,.138
280060990042002,math,G05,60,.017
280060990042002,math,G06,53,.019
280060990042002,math,G07,65,.108
280060990042002,math,G08,55,.167
280061030222001,ela,G03,21,.053
280061030222001,ela,G04,15,.273
280061030222001,ela,G05,18,.167
280061030222001,ela,G06,19,.316
280061030222001,ela,G07,27,.083
280061030222001,ela,G08,21,.4
280061030222001,math,G03,21,0
280061030222001,math,G04,15,.091
280061030222001,math,G05,18,.056
280061030222001,math,G06,19,.053
280061030222001,math,G07,27,.042
280061030222001,math,G08,21,.05
280061150021001,ela,G05,104,.288
280061150021001,ela,G06,98,.419
280061150021001,ela,G07,108,.324
280061150021001,ela,G08,96,.365
280061150021001,math,G05,104,.087
280061150021001,math,G06,98,.235
280061150021001,math,G07,108,.194
280061150021001,math,G08,96,.156
280061150022004,ela,G03,106,.34
280061150022004,ela,G04,112,.411
280061150022004,math,G03,104,.317
280061150022004,math,G04,112,.295
280063030260001,ela,G07,10,0
280063030260001,ela,G08,10,.4
280063030260001,math,G07,10,.1
280063030260001,math,G08,10,.1
280063030262004,ela,G03,12,.083
280063030262004,ela,G04,12,.167
280063030262004,ela,G05,12,.333
280063030262004,ela,G06,10,.1
280063030262004,math,G03,12,.083
280063030262004,math,G04,12,0
280063030262004,math,G05,12,.083
280063030262004,math,G06,10,.1
280063400262001,ela,G03,26,.423
280063400262001,ela,G04,22,.59
280063400262001,ela,G05,17,.353
280063400262001,math,G03,26,.462
280063400262001,math,G04,22,.273
280063400262001,math,G05,17,.294
280063400262006,ela,G03,48,.333
280063400262006,ela,G04,39,.384
280063400262006,ela,G05,40,.425
280063400262006,ela,G06,62,.694
280063400262006,ela,G07,60,.65
280063400262006,ela,G08,61,.673
280063400262006,math,G03,48,.292
280063400262006,math,G04,39,.179
280063400262006,math,G05,40,.4
280063400262006,math,G06,62,.258
280063400262006,math,G07,60,.5
280063400262006,math,G08,61,.36
280065020170001,ela,G08,*,--
280065020170001,math,G08,*,--
280371900022001,ela,G03,37,.459
280371900022001,ela,G04,37,.216
280371900022001,ela,G05,29,.448
280371900022001,ela,G06,44,.182
280371900022001,ela,G07,34,.147
280371900022001,ela,G08,38,.342
280371900022001,math,G03,37,.378
280371900022001,math,G04,37,.189
280371900022001,math,G05,29,.206
280371900022001,math,G06,44,.023
280371900022001,math,G07,34,.059
280371900022001,math,G08,38,.132
280372230261003,ela,G06,79,.595
280372230261003,ela,G07,73,.375
280372230261003,ela,G08,79,.659
280372230261003,math,G06,79,.316
280372230261003,math,G07,73,.278
280372230261003,math,G08,79,.519
280372230262002,ela,G03,73,.356
280372230262002,ela,G04,69,.58
280372230262002,ela,G05,82,.452
280372230262002,math,G03,73,.466
280372230262002,math,G04,69,.463
280372230262002,math,G05,82,.378
280372240260001,ela,G07,25,.44
280372240260001,ela,G08,32,.5
280372240260001,math,G07,24,.417
280372240260001,math,G08,33,.344
280372240262004,ela,G03,33,.091
280372240262004,ela,G04,29,.345
280372240262004,ela,G05,27,.333
280372240262004,ela,G06,27,.518
280372240262004,math,G03,34,.176
280372240262004,math,G04,29,.275
280372240262004,math,G05,27,.148
280372240262004,math,G06,27,.333
280372250260001,ela,G06,33,.364
280372250260001,ela,G07,25,.48
280372250260001,ela,G08,17,.471
280372250260001,math,G06,33,.152
280372250260001,math,G07,25,.12
280372250260001,math,G08,17,0
280372250262003,ela,G03,23,.261
280372250262003,ela,G04,22,.227
280372250262003,ela,G05,30,.367
280372250262003,math,G03,23,.521
280372250262003,math,G04,22,.181
280372250262003,math,G05,30,.166
280372260262002,ela,G03,18,.444
280372260262002,ela,G04,18,.5
280372260262002,ela,G05,23,.478
280372260262002,ela,G06,28,.536
280372260262002,ela,G07,15,.333
280372260262002,ela,G08,23,.826
280372260262002,math,G03,18,.334
280372260262002,math,G04,18,.611
280372260262002,math,G05,23,.348
280372260262002,math,G06,28,.214
280372260262002,math,G07,15,.2
280372260262002,math,G08,23,.174
280372270260002,ela,G06,32,.657
280372270260002,ela,G07,41,.342
280372270260002,ela,G08,27,.519
280372270260002,math,G06,32,.25
280372270260002,math,G07,40,.275
280372270260002,math,G08,27,.37
280372270262001,ela,G03,31,.734
280372270262001,ela,G04,29,.621
280372270262001,ela,G05,33,.636
280372270262001,math,G03,31,.8
280372270262001,math,G04,29,.413
280372270262001,math,G05,33,.485
280372280261002,ela,G06,185,.362
280372280261002,ela,G07,182,.5
280372280261002,ela,G08,204,.456
280372280261002,math,G06,185,.216
280372280261002,math,G07,182,.319
280372280261002,math,G08,204,.226
280372280262003,ela,G03,61,.18
280372280262003,ela,G04,61,.246
280372280262003,ela,G05,60,.433
280372280262003,math,G03,61,.148
280372280262003,math,G04,61,.131
280372280262003,math,G05,60,.334
280372280262004,ela,G03,44,.136
280372280262004,ela,G04,39,.282
280372280262004,ela,G05,42,.571
280372280262004,math,G03,44,.205
280372280262004,math,G04,39,.179
280372280262004,math,G05,42,.238
280372280262005,ela,G03,62,.242
280372280262005,ela,G04,63,.365
280372280262005,ela,G05,64,.406
280372280262005,math,G03,62,.403
280372280262005,math,G04,63,.206
280372280262005,math,G05,64,.265
280372290261001,ela,G07,101,.534
280372290261001,ela,G08,100,.71
280372290261001,math,G07,101,.139
280372290261001,math,G08,100,.09
280372290262002,ela,G04,106,.254
280372290262002,ela,G05,124,.39
280372290262002,ela,G06,112,.464
280372290262002,math,G04,106,.103
280372290262002,math,G05,124,.171
280372290262002,math,G06,112,.17
280372290262005,ela,G03,119,.126
280372290262005,math,G03,119,.201
280372290262007,ela,G03,15,.267
280372290262007,ela,G04,14,.429
280372290262007,ela,G05,14,.643
280372290262007,ela,G06,17,.941
280372290262007,ela,G07,14,.714
280372290262007,ela,G08,16,.563
280372290262007,math,G03,15,.334
280372290262007,math,G04,14,.429
280372290262007,math,G05,14,.643
280372290262007,math,G06,17,.647
280372290262007,math,G07,14,.429
280372290262007,math,G08,16,.25
280372300260002,ela,G07,41,.537
280372300260002,ela,G08,49,.693
280372300260002,math,G07,41,.268
280372300260002,math,G08,49,.143
280372300262001,ela,G03,31,.355
280372300262001,ela,G04,31,.29
280372300262001,ela,G05,41,.561
280372300262001,ela,G06,37,.513
280372300262001,math,G03,31,.226
280372300262001,math,G04,31,.323
280372300262001,math,G05,41,.244
280372300262001,math,G06,37,.162
280880010261001,ela,G06,15,.8
280880010261001,ela,G07,13,.847
280880010261001,ela,G08,14,.858
280880010261001,math,G06,15,.734
280880010261001,math,G07,13,.923
280880010261001,math,G08,14,1
280880010262001,ela,G03,20,.55
280880010262001,ela,G04,18,.333
280880010262001,ela,G05,14,.786
280880010262001,math,G03,20,.55
280880010262001,math,G04,18,.278
280880010262001,math,G05,14,.571
280881000261001,ela,G06,42,.405
280881000261001,ela,G07,47,.341
280881000261001,ela,G08,51,.509
280881000261001,math,G06,42,.143
280881000261001,math,G07,47,.149
280881000261001,math,G08,50,.3
280881000262002,ela,G03,47,.043
280881000262002,ela,G04,46,.152
280881000262002,ela,G05,42,.358
280881000262002,math,G03,47,.149
280881000262002,math,G04,46,.196
280881000262002,math,G05,42,.214
300020010220001,ela,G07,20,.15
300020010220001,ela,G08,17,.235
300020010220001,math,G07,20,.05
300020010220001,math,G08,17,0
300020010222004,ela,G03,15,.067
300020010222004,ela,G04,19,.105
300020010222004,ela,G05,19,0
300020010222004,ela,G06,32,.125
300020010222004,math,G03,15,0
300020010222004,math,G04,19,.053
300020010222004,math,G05,19,0
300020010222004,math,G06,32,0
300020050261001,ela,G06,32,.219
300020050261001,ela,G07,18,0
300020050261001,ela,G08,25,.28
300020050261001,math,G06,32,.031
300020050261001,math,G07,18,.111
300020050261001,math,G08,25,0
300020050262002,ela,G03,24,.125
300020050262002,ela,G04,31,.097
300020050262002,ela,G05,24,.042
300020050262002,math,G03,24,0
300020050262002,math,G04,31,.065
300020050262002,math,G05,24,.042
300390860032001,ela,G03,19,.106
300390860032001,ela,G04,16,.438
300390860032001,ela,G05,18,.112
300390860032001,ela,G06,18,.111
300390860032001,ela,G07,10,.4
300390860032001,ela,G08,16,.063
300390860032001,math,G03,19,.158
300390860032001,math,G04,16,.25
300390860032001,math,G05,18,.111
300390860032001,math,G06,18,.056
300390860032001,math,G07,10,.3
300390860032001,math,G08,16,0
300390950021004,ela,G06,150,.173
300390950021004,ela,G07,146,.158
300390950021004,ela,G08,142,.211
300390950021004,math,G06,149,.067
300390950021004,math,G07,145,.104
300390950021004,math,G08,141,.099
300390950022003,ela,G03,159,.126
300390950022003,math,G03,160,.125
300390950022008,ela,G04,158,.172
300390950022008,ela,G05,144,.299
300390950022008,math,G04,158,.051
300390950022008,math,G05,144,.16
300391300042001,ela,G03,24,.583
300391300042001,ela,G04,22,.227
300391300042001,ela,G05,20,.6
300391300042001,ela,G06,20,.75
300391300042001,ela,G07,20,.65
300391300042001,ela,G08,30,.633
300391300042001,math,G03,24,.708
300391300042001,math,G04,22,.273
300391300042001,math,G05,20,.65
300391300042001,math,G06,20,.45
300391300042001,math,G07,20,.4
300391300042001,math,G08,30,.466
300391400042001,ela,G03,66,.258
300391400042001,ela,G04,47,.68
300391400042001,ela,G05,66,.508
300391400042001,ela,G06,67,.747
300391400042001,ela,G07,66,.484
300391400042001,ela,G08,54,.519
300391400042001,math,G03,65,.308
300391400042001,math,G04,47,.575
300391400042001,math,G05,66,.169
300391400042001,math,G06,67,.284
300391400042001,math,G07,66,.227
300391400042001,math,G08,54,.185
300391760261001,ela,G06,55,.5
300391760261001,ela,G07,63,.476
300391760261001,ela,G08,57,.527
300391760261001,math,G06,55,.167
300391760261001,math,G07,62,.193
300391760261001,math,G08,57,.14
300391760262008,ela,G03,64,.172
300391760262008,ela,G04,60,.416
300391760262008,ela,G05,62,.306
300391760262008,math,G03,64,.234
300391760262008,math,G04,60,.167
300391760262008,math,G05,62,.242
300391860261002,ela,G06,126,.192
300391860261002,ela,G07,148,.088
300391860261002,ela,G08,136,.224
300391860261002,math,G06,125,.04
300391860261002,math,G07,147,.096
300391860261002,math,G08,136,.142
300391860262009,ela,G03,137,.134
300391860262009,ela,G04,144,.231
300391860262009,ela,G05,128,.219
300391860262009,math,G03,137,.187
300391860262009,math,G04,144,.21
300391860262009,math,G05,128,.164
300391960261002,ela,G06,32,.687
300391960261002,ela,G07,19,.842
300391960261002,ela,G08,20,.6
300391960261002,math,G06,32,.063
300391960261002,math,G07,19,.106
300391960261002,math,G08,20,0
300391960262004,ela,G03,26,.038
300391960262004,ela,G04,29,.31
300391960262004,ela,G05,20,.45
300391960262004,math,G03,26,.115
300391960262004,math,G04,29,.207
300391960262004,math,G05,20,.5
300730050022001,ela,G03,*,--
300730050022001,ela,G04,13,.077
300730050022001,ela,G05,*,--
300730050022001,ela,G06,*,--
300730050022001,ela,G07,*,--
300730050022001,ela,G08,12,.583
300730050022001,math,G03,*,--
300730050022001,math,G04,13,0
300730050022001,math,G05,*,--
300730050022001,math,G06,*,--
300730050022001,math,G07,*,--
300730050022001,math,G08,12,.416
300730500022001,ela,G03,54,.204
300730500022001,ela,G04,52,.461
300730500022001,math,G03,54,.5
300730500022001,math,G04,52,.442
300730500022002,ela,G05,58,.396
300730500022002,ela,G06,61,.803
300730500022002,ela,G07,56,.643
300730500022002,ela,G08,48,.771
300730500022002,math,G05,58,.414
300730500022002,math,G06,61,.427
300730500022002,math,G07,56,.375
300730500022002,math,G08,48,.375
300732040042001,ela,G03,25,.08
300732040042001,ela,G04,20,.7
300732040042001,ela,G05,19,.316
300732040042001,ela,G06,18,.278
300732040042001,ela,G07,18,.444
300732040042001,ela,G08,18,.556
300732040042001,math,G03,25,0
300732040042001,math,G04,20,.4
300732040042001,math,G05,19,.053
300732040042001,math,G06,18,.222
300732040042001,math,G07,18,.111
300732040042001,math,G08,18,.167
300733000262002,ela,G05,87,.448
300733000262002,ela,G06,92,.489
300733000262002,ela,G07,90,.7
300733000262002,ela,G08,83,.519
300733000262002,math,G05,87,.195
300733000262002,math,G06,92,.239
300733000262002,math,G07,90,.333
300733000262002,math,G08,83,.169
300733000262003,ela,G03,98,.265
300733000262003,ela,G04,95,.442
300733000262003,math,G03,98,.286
300733000262003,math,G04,95,.316
300771000260001,ela,G06,23,.391
300771000260001,ela,G07,22,.273
300771000260001,ela,G08,20,.05
300771000260001,math,G06,23,.217
300771000260001,math,G07,22,.182
300771000260001,math,G08,20,0
300771000262004,ela,G03,19,.053
300771000262004,ela,G04,31,.355
300771000262004,ela,G05,19,.105
300771000262004,math,G03,19,.105
300771000262004,math,G04,31,.097
300771000262004,math,G05,19,0
300771010260001,ela,G06,22,.091
300771010260001,ela,G07,20,.05
300771010260001,ela,G08,27,0
300771010260001,math,G06,22,0
300771010260001,math,G07,20,.05
300771010260001,math,G08,27,0
300771010262005,ela,G03,40,.025
300771010262005,ela,G04,29,.103
300771010262005,ela,G05,24,.208
300771010262005,math,G03,40,.05
300771010262005,math,G04,29,.069
300771010262005,math,G05,24,0
300910160042001,ela,G03,11,.273
300910160042001,ela,G04,11,.273
300910160042001,ela,G05,18,.278
300910160042001,ela,G06,*,--
300910160042001,ela,G07,13,.462
300910160042001,ela,G08,13,.923
300910160042001,math,G03,11,.364
300910160042001,math,G04,11,.182
300910160042001,math,G05,18,.056
300910160042001,math,G06,*,--
300910160042001,math,G07,13,.308
300910160042001,math,G08,13,.154
300910170221001,ela,G06,27,.667
300910170221001,ela,G07,30,.233
300910170221001,ela,G08,32,.407
300910170221001,math,G06,27,.296
300910170221001,math,G07,30,.133
300910170221001,math,G08,32,.156
300910170222002,ela,G03,34,.206
300910170222002,ela,G04,26,.346
300910170222002,ela,G05,35,.6
300910170222002,math,G03,34,.205
300910170222002,math,G04,26,.115
300910170222002,math,G05,35,.229
300910370041001,ela,G05,60,.533
300910370041001,ela,G06,63,.349
300910370041001,ela,G07,57,.719
300910370041001,ela,G08,68,.691
300910370041001,math,G05,60,.15
300910370041001,math,G06,63,.048
300910370041001,math,G07,57,.228
300910370041001,math,G08,68,.28
300910370042002,ela,G03,65,.246
300910370042002,ela,G04,58,.327
300910370042002,math,G03,65,.369
300910370042002,math,G04,58,.224
300910430042001,ela,G03,24,.625
300910430042001,ela,G04,34,.647
300910430042001,ela,G05,34,.618
300910430042001,ela,G06,26,.846
300910430042001,ela,G07,32,.751
300910430042001,ela,G08,37,.811
300910430042001,math,G03,24,.375
300910430042001,math,G04,34,.883
300910430042001,math,G05,34,.294
300910430042001,math,G06,26,.462
300910430042001,math,G07,32,.313
300910430042001,math,G08,36,.361
300910660221001,ela,G06,13,.385
300910660221001,ela,G07,14,.286
300910660221001,ela,G08,15,.2
300910660221001,math,G06,13,.077
300910660221001,math,G07,14,.071
300910660221001,math,G08,15,0
300910660222001,ela,G03,14,0
300910660222001,ela,G04,16,0
300910660222001,ela,G05,25,.44
300910660222001,math,G03,14,.071
300910660222001,math,G04,16,0
300910660222001,math,G05,25,.24
300910840261002,ela,G06,30,.2
300910840261002,ela,G07,18,.222
300910840261002,ela,G08,22,.5
300910840261002,math,G06,30,.1
300910840261002,math,G07,18,0
300910840261002,math,G08,22,.136
300910840262005,ela,G03,19,.105
300910840262005,ela,G04,19,.158
300910840262005,ela,G05,21,0
300910840262005,math,G03,19,0
300910840262005,math,G04,19,0
300910840262005,math,G05,21,0
310450460220002,ela,G08,*,--
310450460220002,math,G08,*,--
310450460221003,ela,G07,287,.101
310450460221003,ela,G08,259,.185
310450460221003,math,G07,290,.097
310450460221003,math,G08,260,.052
310450460221004,ela,G07,376,.48
310450460221004,ela,G08,346,.585
310450460221004,math,G07,377,.383
310450460221004,math,G08,347,.321
310450460221005,ela,G07,251,.195
310450460221005,ela,G08,243,.313
310450460221005,math,G07,250,.082
310450460221005,math,G08,243,.15
310450460221006,ela,G07,242,.174
310450460221006,ela,G08,252,.196
310450460221006,math,G07,241,.077
310450460221006,math,G08,254,.054
310450460221007,ela,G07,270,.219
310450460221007,ela,G08,257,.213
310450460221007,math,G07,271,.156
310450460221007,math,G08,259,.088
310450460221008,ela,G07,328,.266
310450460221008,ela,G08,356,.314
310450460221008,math,G07,328,.174
310450460221008,math,G08,356,.143
310450460221009,ela,G07,414,.411
310450460221009,ela,G08,426,.483
310450460221009,math,G07,414,.267
310450460221009,math,G08,426,.264
310450460221045,ela,G07,282,.306
310450460221045,ela,G08,248,.307
310450460221045,math,G07,282,.229
310450460221045,math,G08,247,.14
310450460222006,ela,G03,67,.343
310450460222006,ela,G04,66,.5
310450460222006,ela,G05,48,.375
310450460222006,ela,G06,53,.359
310450460222006,math,G03,66,.227
310450460222006,math,G04,66,.348
310450460222006,math,G05,48,.292
310450460222006,math,G06,53,.151
310450460222007,ela,G03,73,.424
310450460222007,ela,G04,58,.473
310450460222007,ela,G05,75,.346
310450460222007,ela,G06,61,.433
310450460222007,math,G03,73,.452
310450460222007,math,G04,58,.281
310450460222007,math,G05,75,.187
310450460222007,math,G06,61,.316
310450460222008,ela,G03,46,.5
310450460222008,ela,G04,36,.389
310450460222008,ela,G05,55,.291
310450460222008,ela,G06,56,.286
310450460222008,math,G03,46,.435
310450460222008,math,G04,36,.334
310450460222008,math,G05,55,.345
310450460222008,math,G06,55,.2
310450460222009,ela,G03,72,.221
310450460222009,ela,G04,101,.391
310450460222009,ela,G05,77,.595
310450460222009,ela,G06,75,.507
310450460222009,ela,G08,*,--
310450460222009,math,G03,72,.324
310450460222009,math,G04,102,.244
310450460222009,math,G05,78,.452
310450460222009,math,G06,74,.273
310450460222009,math,G08,*,--
310450460222010,ela,G03,72,.071
310450460222010,ela,G04,65,.117
310450460222010,ela,G05,53,.18
310450460222010,ela,G06,70,.381
310450460222010,math,G03,72,.143
310450460222010,math,G04,65,.05
310450460222010,math,G05,53,.1
310450460222010,math,G06,69,.079
310450460222011,ela,G03,66,.103
310450460222011,ela,G04,74,.056
310450460222011,ela,G05,60,.138
310450460222011,ela,G06,83,.188
310450460222011,math,G03,66,.172
310450460222011,math,G04,74,.028
310450460222011,math,G05,60,.034
310450460222011,math,G06,83,.05
310450460222012,ela,G03,81,.376
310450460222012,ela,G04,85,.353
310450460222012,ela,G05,82,.195
310450460222012,ela,G06,78,.487
310450460222012,math,G03,81,.338
310450460222012,math,G04,85,.247
310450460222012,math,G05,83,.134
310450460222012,math,G06,78,.329
310450460222013,ela,G03,72,.028
310450460222013,ela,G04,89,.214
310450460222013,ela,G05,97,.131
310450460222013,ela,G06,98,.117
310450460222013,math,G03,72,.127
310450460222013,math,G04,89,.095
310450460222013,math,G05,97,.098
310450460222013,math,G06,98,.021
310450460222016,ela,G03,62,.129
310450460222016,ela,G04,62,.172
310450460222016,ela,G05,57,.14
310450460222016,ela,G06,60,.317
310450460222016,math,G03,62,.29
310450460222016,math,G04,62,.121
310450460222016,math,G05,57,.123
310450460222016,math,G06,60,.05
310450460222017,ela,G03,59,.31
310450460222017,ela,G04,55,.51
310450460222017,ela,G05,62,.233
310450460222017,ela,G06,41,.616
310450460222017,math,G03,59,.5
310450460222017,math,G04,55,.264
310450460222017,math,G05,62,.234
310450460222017,math,G06,41,.282
310450460222019,ela,G03,47,.239
310450460222019,ela,G04,57,.304
310450460222019,ela,G05,58,.293
310450460222019,ela,G06,40,.375
310450460222019,math,G03,47,.239
310450460222019,math,G04,57,.196
310450460222019,math,G05,58,.293
310450460222019,math,G06,40,.2
310450460222020,ela,G03,89,.107
310450460222020,ela,G04,78,.206
310450460222020,ela,G05,86,.169
310450460222020,ela,G06,87,.377
310450460222020,math,G03,89,.119
310450460222020,math,G04,78,.151
310450460222020,math,G05,86,.217
310450460222020,math,G06,87,.071
310450460222021,ela,G03,74,.182
310450460222021,ela,G04,62,.25
310450460222021,ela,G05,62,.158
310450460222021,ela,G06,67,.143
310450460222021,math,G03,74,.288
310450460222021,math,G04,62,.232
310450460222021,math,G05,61,.143
310450460222021,math,G06,66,.127
310450460222022,ela,G03,82,.038
310450460222022,ela,G04,86,.232
310450460222022,ela,G05,81,.141
310450460222022,ela,G06,74,.149
310450460222022,math,G03,82,.152
310450460222022,math,G04,86,.073
310450460222022,math,G05,81,.141
310450460222022,math,G06,75,.053
310450460222024,ela,G03,54,.226
310450460222024,ela,G04,54,.25
310450460222024,ela,G05,70,.209
310450460222024,ela,G06,49,.396
310450460222024,math,G03,54,.264
310450460222024,math,G04,53,.138
310450460222024,math,G05,70,.09
310450460222024,math,G06,48,.17
310450460222025,ela,G03,55,.038
310450460222025,ela,G04,52,.043
310450460222025,ela,G05,61,.327
310450460222025,ela,G06,48,.341
310450460222025,math,G03,55,.038
310450460222025,math,G04,52,.021
310450460222025,math,G05,61,.137
310450460222025,math,G06,48,.182
310450460222026,ela,G03,58,.182
310450460222026,ela,G04,44,.091
310450460222026,ela,G05,58,.107
310450460222026,ela,G06,49,.174
310450460222026,math,G03,58,.236
310450460222026,math,G04,44,.091
310450460222026,math,G05,58,.09
310450460222026,math,G06,49,.043
310450460222027,ela,G03,62,.213
310450460222027,ela,G04,67,.031
310450460222027,ela,G05,52,.353
310450460222027,ela,G06,52,.403
310450460222027,math,G03,62,.263
310450460222027,math,G04,67,.031
310450460222027,math,G05,52,.196
310450460222027,math,G06,52,.058
310450460222028,ela,G03,63,.241
310450460222028,ela,G04,52,.277
310450460222028,ela,G05,63,.421
310450460222028,ela,G06,54,.311
310450460222028,math,G03,63,.509
310450460222028,math,G04,51,.213
310450460222028,math,G05,63,.439
310450460222028,math,G06,54,.111
310450460222029,ela,G03,51,.176
310450460222029,ela,G04,41,.2
310450460222029,ela,G05,53,.255
310450460222029,ela,G06,44,.418
310450460222029,math,G03,51,.196
310450460222029,math,G04,41,.25
310450460222029,math,G05,53,.235
310450460222029,math,G06,44,.325
310450460222031,ela,G03,48,.128
310450460222031,ela,G04,57,.25
310450460222031,ela,G05,57,.197
310450460222031,ela,G06,66,.406
310450460222031,math,G03,49,.229
310450460222031,math,G04,57,.173
310450460222031,math,G05,57,.161
310450460222031,math,G06,66,.125
310450460222032,ela,G03,51,.106
310450460222032,ela,G04,63,.176
310450460222032,ela,G05,53,.096
310450460222032,ela,G06,71,.224
310450460222032,math,G03,51,.191
310450460222032,math,G04,63,.07
310450460222032,math,G05,54,.094
310450460222032,math,G06,71,.03
310450460222034,ela,G03,35,.294
310450460222034,ela,G04,43,.333
310450460222034,ela,G05,39,.243
310450460222034,ela,G06,40,.184
310450460222034,math,G03,35,.353
310450460222034,math,G04,43,.167
310450460222034,math,G05,39,.162
310450460222034,math,G06,41,.103
310450460222036,ela,G03,62,.035
310450460222036,ela,G04,60,.283
310450460222036,ela,G05,61,.316
310450460222036,ela,G06,63,.213
310450460222036,math,G03,63,.052
310450460222036,math,G04,61,.148
310450460222036,math,G05,61,.175
310450460222036,math,G06,63,.082
310450460222037,ela,G03,47,.196
310450460222037,ela,G04,58,.517
310450460222037,ela,G05,50,.48
310450460222037,ela,G06,33,.667
310450460222037,math,G03,47,.435
310450460222037,math,G04,58,.396
310450460222037,math,G05,50,.54
310450460222037,math,G06,33,.394
310450460222038,ela,G03,51,.306
310450460222038,ela,G04,53,.231
310450460222038,ela,G05,45,.378
310450460222038,ela,G06,67,.469
310450460222038,math,G03,51,.449
310450460222038,math,G04,53,.154
310450460222038,math,G05,45,.244
310450460222038,math,G06,68,.179
310450460222042,ela,G03,60,.354
310450460222042,ela,G04,50,.239
310450460222042,ela,G05,52,.26
310450460222042,ela,G06,49,.217
310450460222042,math,G03,60,.375
310450460222042,math,G04,50,.109
310450460222042,math,G05,52,.16
310450460222042,math,G06,49,.174
310450460222043,ela,G03,52,.196
310450460222043,ela,G04,74,.288
310450460222043,ela,G05,42,.238
310450460222043,ela,G06,48,.584
310450460222043,math,G03,53,.288
310450460222043,math,G04,74,.301
310450460222043,math,G05,42,.143
310450460222043,math,G06,48,.229
310450460222044,ela,G03,88,.157
310450460222044,ela,G04,85,.158
310450460222044,ela,G05,92,.226
310450460222044,ela,G06,88,.151
310450460222044,math,G03,88,.229
310450460222044,math,G04,85,.073
310450460222044,math,G05,92,.214
310450460222044,math,G06,88,.035
310450460222047,ela,G03,66,.569
310450460222047,ela,G04,83,.531
310450460222047,ela,G05,70,.685
310450460222047,ela,G06,79,.62
310450460222047,math,G03,66,.6
310450460222047,math,G04,83,.361
310450460222047,math,G05,70,.357
310450460222047,math,G06,79,.456
310450460222048,ela,G03,89,.261
310450460222048,ela,G04,99,.398
310450460222048,ela,G05,83,.373
310450460222048,ela,G06,96,.737
310450460222048,math,G03,89,.545
310450460222048,math,G04,99,.306
310450460222048,math,G05,83,.385
310450460222048,math,G06,95,.447
310450460222049,ela,G03,63,.476
310450460222049,ela,G04,56,.428
310450460222049,ela,G05,62,.645
310450460222049,ela,G06,59,.458
310450460222049,math,G03,63,.556
310450460222049,math,G04,56,.34
310450460222049,math,G05,62,.387
310450460222049,math,G06,59,.475
310450460222050,ela,G03,64,.445
310450460222050,ela,G04,82,.21
310450460222050,ela,G05,79,.393
310450460222050,ela,G06,70,.457
310450460222050,math,G03,64,.492
310450460222050,math,G04,82,.123
310450460222050,math,G05,79,.253
310450460222050,math,G06,70,.343
310450460222051,ela,G03,77,.468
310450460222051,ela,G04,70,.412
310450460222051,ela,G05,53,.566
310450460222051,ela,G06,69,.75
310450460222051,math,G03,77,.598
310450460222051,math,G04,70,.368
310450460222051,math,G05,53,.396
310450460222051,math,G06,69,.398
310450460222052,ela,G03,58,.035
310450460222052,ela,G04,67,.077
310450460222052,ela,G05,60,.119
310450460222052,ela,G06,64,.27
310450460222052,math,G03,58,.123
310450460222052,math,G04,67,.031
310450460222052,math,G05,60,.085
310450460222052,math,G06,64,.111
310450460222053,ela,G03,62,.279
310450460222053,ela,G04,65,.312
310450460222053,ela,G05,59,.475
310450460222053,ela,G06,78,.71
310450460222053,math,G03,62,.311
310450460222053,math,G04,65,.234
310450460222053,math,G05,59,.356
310450460222053,math,G06,78,.434
310450460222054,ela,G03,51,.432
310450460222054,ela,G04,43,.349
310450460222054,ela,G05,52,.596
310450460222054,ela,G06,64,.469
310450460222054,math,G03,51,.372
310450460222054,math,G04,43,.302
310450460222054,math,G05,51,.334
310450460222054,math,G06,64,.375
310450460222056,ela,G03,73,.302
310450460222056,ela,G04,61,.18
310450460222056,ela,G05,56,.204
310450460222056,ela,G06,62,.354
310450460222056,math,G03,73,.438
310450460222056,math,G04,61,.148
310450460222056,math,G05,56,.111
310450460222056,math,G06,62,.274
310451010221002,ela,G06,364,.582
310451010221002,ela,G07,346,.349
310451010221002,ela,G08,370,.619
310451010221002,math,G06,365,.412
310451010221002,math,G07,347,.415
310451010221002,math,G08,372,.428
310451010222003,ela,G03,56,.518
310451010222003,ela,G04,74,.473
310451010222003,ela,G05,55,.363
310451010222003,math,G03,56,.643
310451010222003,math,G04,73,.424
310451010222003,math,G05,55,.309
310451010222005,ela,G03,73,.369
310451010222005,ela,G04,68,.515
310451010222005,ela,G05,65,.569
310451010222005,math,G03,73,.575
310451010222005,math,G04,68,.309
310451010222005,math,G05,65,.507
310451010222006,ela,G03,71,.436
310451010222006,ela,G04,65,.493
310451010222006,ela,G05,65,.616
310451010222006,math,G03,71,.704
310451010222006,math,G04,65,.369
310451010222006,math,G05,65,.6
310451010222007,ela,G03,56,.418
310451010222007,ela,G04,60,.543
310451010222007,ela,G05,48,.574
310451010222007,math,G03,56,.381
310451010222007,math,G04,60,.542
310451010222007,math,G05,48,.447
310451010222009,ela,G03,44,.386
310451010222009,ela,G04,56,.5
310451010222009,ela,G05,48,.479
310451010222009,math,G03,44,.613
310451010222009,math,G04,56,.59
310451010222009,math,G05,48,.563
310451010222010,ela,G03,46,.174
310451010222010,ela,G04,64,.594
310451010222010,ela,G05,49,.694
310451010222010,math,G03,46,.522
310451010222010,math,G04,64,.547
310451010222010,math,G05,49,.633
310451290221003,ela,G06,160,.339
310451290221003,ela,G07,190,.254
310451290221003,ela,G08,215,.404
310451290221003,math,G06,160,.113
310451290221003,math,G07,189,.168
310451290221003,math,G08,215,.122
310451290221004,ela,G06,223,.354
310451290221004,ela,G07,255,.346
310451290221004,ela,G08,207,.497
310451290221004,math,G06,223,.088
310451290221004,math,G07,253,.135
310451290221004,math,G08,207,.073
310451290221005,ela,G06,154,.331
310451290221005,ela,G07,192,.282
310451290221005,ela,G08,171,.382
310451290221005,math,G06,154,.182
310451290221005,math,G07,191,.237
310451290221005,math,G08,168,.168
310451290221006,ela,G06,199,.414
310451290221006,ela,G07,166,.277
310451290221006,ela,G08,200,.382
310451290221006,math,G06,199,.227
310451290221006,math,G07,165,.279
310451290221006,math,G08,200,.266
310451290222005,ela,G03,84,.262
310451290222005,ela,G04,93,.161
310451290222005,ela,G05,75,.24
310451290222005,math,G03,84,.262
310451290222005,math,G04,93,.239
310451290222005,math,G05,75,.2
310451290222006,ela,G03,42,.214
310451290222006,ela,G04,62,.194
310451290222006,ela,G05,37,.243
310451290222006,math,G03,42,.405
310451290222006,math,G04,61,.082
310451290222006,math,G05,37,.216
310451290222007,ela,G03,86,.06
310451290222007,ela,G04,95,.1
310451290222007,ela,G05,82,.175
310451290222007,math,G03,86,.119
310451290222007,math,G04,95,.022
310451290222007,math,G05,82,.05
310451290222008,ela,G03,83,.05
310451290222008,ela,G04,93,.075
310451290222008,ela,G05,108,.136
310451290222008,math,G03,83,.038
310451290222008,math,G04,93,.097
310451290222008,math,G05,108,.058
310451290222009,ela,G03,80,.026
310451290222009,ela,G04,92,.077
310451290222009,ela,G05,94,.13
310451290222009,math,G03,80,.064
310451290222009,math,G04,92,.077
310451290222009,math,G05,93,.099
310451290222011,ela,G03,91,.023
310451290222011,ela,G04,97,.221
310451290222011,ela,G05,102,.143
310451290222011,math,G03,91,.091
310451290222011,math,G04,97,.085
310451290222011,math,G05,102,.051
310451290222012,ela,G03,76,.136
310451290222012,ela,G04,37,.25
310451290222012,ela,G05,55,.145
310451290222012,math,G03,76,.149
310451290222012,math,G04,37,.111
310451290222012,math,G05,54,.093
310451290222014,ela,G03,65,.095
310451290222014,ela,G04,58,.339
310451290222014,ela,G05,67,.145
310451290222014,math,G03,65,.159
310451290222014,math,G04,58,.107
310451290222014,math,G05,67,.21
310451290222015,ela,G03,72,.113
310451290222015,ela,G04,67,.09
310451290222015,ela,G05,56,.236
310451290222015,math,G03,72,.239
310451290222015,math,G04,67,.06
310451290222015,math,G05,56,.163
310451290222017,ela,G03,81,.235
310451290222017,ela,G04,76,.342
310451290222017,ela,G05,78,.333
310451290222017,math,G03,81,.235
310451290222017,math,G04,76,.263
310451290222017,math,G05,78,.372
310451310221002,ela,G06,230,.184
310451310221002,ela,G07,270,.193
310451310221002,ela,G08,252,.248
310451310221002,math,G06,228,.049
310451310221002,math,G07,267,.08
310451310221002,math,G08,251,.102
310451310221003,ela,G06,221,.065
310451310221003,ela,G07,247,.071
310451310221003,ela,G08,309,.183
310451310221003,math,G06,221,.028
310451310221003,math,G07,249,.029
310451310221003,math,G08,309,.053
310451310221004,ela,G06,268,.08
310451310221004,ela,G07,281,.148
310451310221004,ela,G08,301,.236
310451310221004,math,G06,266,.019
310451310221004,math,G07,281,.054
310451310221004,math,G08,300,.095
310451310222004,ela,G03,116,.053
310451310222004,ela,G04,106,.134
310451310222004,ela,G05,119,.138
310451310222004,math,G03,116,.053
310451310222004,math,G04,106,.086
310451310222004,math,G05,119,.009
310451310222005,ela,G03,106,.02
310451310222005,ela,G04,108,.039
310451310222005,ela,G05,116,.164
310451310222005,math,G03,106,.01
310451310222005,math,G04,107,.01
310451310222005,math,G05,116,.055
310451310222006,ela,G03,36,.057
310451310222006,ela,G04,22,.095
310451310222006,ela,G05,34,.161
310451310222006,math,G03,36,.086
310451310222006,math,G04,22,0
310451310222006,math,G05,34,.065
310451310222007,ela,G03,48,.042
310451310222007,ela,G04,47,.067
310451310222007,ela,G05,42,.071
310451310222007,math,G03,48,.063
310451310222007,math,G04,47,.089
310451310222007,math,G05,42,.048
310451310222008,ela,G03,75,.056
310451310222008,ela,G04,74,.071
310451310222008,ela,G05,60,.085
310451310222008,math,G03,75,.069
310451310222008,math,G04,74,.014
310451310222008,math,G05,60,.017
310451310222009,ela,G03,74,.069
310451310222009,ela,G04,59,.143
310451310222009,ela,G05,80,.139
310451310222009,math,G03,74,.042
310451310222009,math,G04,59,.054
310451310222009,math,G05,80,0
310451310222010,ela,G03,90,.124
310451310222010,ela,G04,88,.14
310451310222010,ela,G05,110,.084
310451310222010,math,G03,89,.045
310451310222010,math,G04,87,.024
310451310222010,math,G05,110,.047
310451310222011,ela,G03,79,.253
310451310222011,ela,G04,84,.536
310451310222011,ela,G05,106,.406
310451310222011,math,G03,79,.697
310451310222011,math,G04,84,.369
310451310222011,math,G05,106,.283
310451310222012,ela,G03,35,.061
310451310222012,ela,G04,39,.105
310451310222012,ela,G05,44,.159
310451310222012,math,G03,36,.088
310451310222012,math,G04,39,.053
310451310222012,math,G05,45,.089
310451310222013,ela,G03,63,.032
310451310222013,ela,G04,53,.135
310451310222013,ela,G05,42,.048
310451310222013,math,G03,63,.016
310451310222013,math,G04,53,.038
310451310222013,math,G05,42,0
310451310222014,ela,G03,52,.058
310451310222014,ela,G04,50,.102
310451310222014,ela,G05,55,.17
310451310222014,math,G03,52,.038
310451310222014,math,G04,50,.041
310451310222014,math,G05,55,.057
310451310222015,ela,G03,66,.016
310451310222015,ela,G04,75,.027
310451310222015,ela,G05,66,.092
310451310222015,math,G03,66,.063
310451310222015,math,G04,75,0
310451310222015,math,G05,66,.031
310451310222016,ela,G06,93,.861
310451310222016,ela,G07,96,.531
310451310222016,ela,G08,86,.86
310451310222016,math,G06,93,.322
310451310222016,math,G07,96,.26
310451310222016,math,G08,86,.372
310453000261001,ela,G06,389,.159
310453000261001,ela,G07,376,.14
310453000261001,ela,G08,383,.229
310453000261001,math,G06,387,.043
310453000261001,math,G07,376,.071
310453000261001,math,G08,384,.071
310453000261004,ela,G06,124,.517
310453000261004,ela,G07,119,.415
310453000261004,ela,G08,140,.667
310453000261004,math,G06,124,.267
310453000261004,math,G07,119,.373
310453000261004,math,G08,139,.328
310453000261005,ela,G06,363,.51
310453000261005,ela,G07,387,.486
310453000261005,ela,G08,402,.566
310453000261005,math,G06,362,.309
310453000261005,math,G07,386,.375
310453000261005,math,G08,402,.28
310453000261008,ela,G06,245,.351
310453000261008,ela,G07,278,.335
310453000261008,ela,G08,268,.532
310453000261008,math,G06,245,.204
310453000261008,math,G07,277,.245
310453000261008,math,G08,267,.233
310453000262001,ela,G03,72,.403
310453000262001,ela,G04,69,.478
310453000262001,ela,G05,62,.541
310453000262001,math,G03,72,.445
310453000262001,math,G04,69,.538
310453000262001,math,G05,62,.328
310453000262002,ela,G03,127,.262
310453000262002,ela,G04,131,.305
310453000262002,ela,G05,111,.44
310453000262002,math,G03,127,.446
310453000262002,math,G04,131,.32
310453000262002,math,G05,111,.358
310453000262003,ela,G03,79,.506
310453000262003,ela,G04,68,.368
310453000262003,ela,G05,58,.554
310453000262003,math,G03,82,.605
310453000262003,math,G04,67,.328
310453000262003,math,G05,59,.439
310453000262009,ela,G03,58,.351
310453000262009,ela,G04,55,.333
310453000262009,ela,G05,45,.478
310453000262009,math,G03,58,.421
310453000262009,math,G04,54,.302
310453000262009,math,G05,45,.364
310453000262010,ela,G03,57,.592
310453000262010,ela,G04,54,.704
310453000262010,ela,G05,53,.654
310453000262010,math,G03,57,.444
310453000262010,math,G04,54,.704
310453000262010,math,G05,53,.654
310453000262012,ela,G03,60,.038
310453000262012,ela,G04,62,.175
310453000262012,ela,G05,69,.161
310453000262012,math,G03,60,.173
310453000262012,math,G04,62,.211
310453000262012,math,G05,69,.145
310453000262013,ela,G03,78,.321
310453000262013,ela,G04,75,.494
310453000262013,ela,G05,51,.47
310453000262013,math,G03,78,.462
310453000262013,math,G04,75,.507
310453000262013,math,G05,51,.353
310453000262015,ela,G03,81,.25
310453000262015,ela,G04,72,.286
310453000262015,ela,G05,90,.18
310453000262015,math,G03,81,.201
310453000262015,math,G04,72,.171
310453000262015,math,G05,90,.169
310453000262016,ela,G03,70,.118
310453000262016,ela,G04,71,.176
310453000262016,ela,G05,77,.205
310453000262016,math,G03,70,.191
310453000262016,math,G04,71,.059
310453000262016,math,G05,77,.096
310453000262018,ela,G03,85,.13
310453000262018,ela,G04,100,.255
310453000262018,ela,G05,101,.111
310453000262018,math,G03,85,.141
310453000262018,math,G04,100,.193
310453000262018,math,G05,101,.162
310453000262019,ela,G03,71,.388
310453000262019,ela,G04,72,.457
310453000262019,ela,G05,59,.509
310453000262019,math,G03,71,.686
310453000262019,math,G04,72,.414
310453000262019,math,G05,59,.439
31045300026201C,ela,G03,64,.27
31045300026201C,ela,G04,73,.479
31045300026201C,ela,G05,67,.394
31045300026201C,ela,G06,68,.463
31045300026201C,ela,G07,53,.566
31045300026201C,ela,G08,50,.633
31045300026201C,math,G03,63,.242
31045300026201C,math,G04,74,.244
31045300026201C,math,G05,67,.182
31045300026201C,math,G06,68,.224
31045300026201C,math,G07,54,.352
31045300026201C,math,G08,50,.326
310453000262020,ela,G03,72,.592
310453000262020,ela,G04,82,.402
310453000262020,ela,G05,72,.528
310453000262020,math,G03,72,.662
310453000262020,math,G04,82,.488
310453000262020,math,G05,72,.5
310453000262021,ela,G03,40,.154
310453000262021,ela,G04,38,.158
310453000262021,ela,G05,37,.054
310453000262021,math,G03,40,.103
310453000262021,math,G04,40,.184
310453000262021,math,G05,39,0
310453000262022,ela,G03,87,.096
310453000262022,ela,G04,89,.111
310453000262022,ela,G05,65,.067
310453000262022,math,G03,87,.072
310453000262022,math,G04,89,.074
310453000262022,math,G05,65,.067
310453000262023,ela,G03,55,.392
310453000262023,ela,G04,64,.468
310453000262023,ela,G05,77,.44
310453000262023,ela,G06,295,.58
310453000262023,ela,G07,332,.428
310453000262023,ela,G08,308,.506
310453000262023,math,G03,55,.51
310453000262023,math,G04,64,.516
310453000262023,math,G05,77,.52
310453000262023,math,G06,294,.463
310453000262023,math,G07,332,.29
310453000262023,math,G08,308,.312
310453000262025,ela,G03,105,.109
310453000262025,ela,G04,118,.5
310453000262025,ela,G05,127,.331
310453000262025,math,G03,105,.218
310453000262025,math,G04,118,.397
310453000262025,math,G05,127,.283
310453000262026,ela,G03,106,.4
310453000262026,ela,G04,106,.433
310453000262026,ela,G05,121,.35
310453000262026,math,G03,106,.4
310453000262026,math,G04,106,.385
310453000262026,math,G05,121,.333
310453000262027,ela,G03,71,.225
310453000262027,ela,G04,63,.295
310453000262027,ela,G05,66,.258
310453000262027,math,G03,71,.324
310453000262027,math,G04,63,.246
310453000262027,math,G05,66,.121
310453010261001,ela,G08,395,.832
310453010261001,math,G08,393,.494
310453010261002,ela,G06,362,.743
310453010261002,ela,G07,406,.593
310453010261002,ela,G08,*,--
310453010261002,math,G06,362,.485
310453010261002,math,G07,406,.437
310453010261002,math,G08,*,--
310453010262003,ela,G03,103,.388
310453010262003,ela,G04,106,.575
310453010262003,ela,G05,91,.681
310453010262003,math,G03,103,.31
310453010262003,math,G04,105,.419
310453010262003,math,G05,91,.297
310453010262004,ela,G03,39,.538
310453010262004,ela,G04,50,.5
310453010262004,ela,G05,55,.764
310453010262004,math,G03,39,.41
310453010262004,math,G04,50,.5
310453010262004,math,G05,55,.455
310453010262006,ela,G03,108,.38
310453010262006,ela,G04,106,.528
310453010262006,ela,G05,127,.559
310453010262006,math,G03,108,.574
310453010262006,math,G04,106,.387
310453010262006,math,G05,127,.338
310453010262007,ela,G03,131,.5
310453010262007,ela,G04,112,.646
310453010262007,ela,G05,114,.664
310453010262007,math,G03,131,.408
310453010262007,math,G04,111,.431
310453010262007,math,G05,114,.389
310453020261001,ela,G06,253,.376
310453020261001,ela,G07,261,.264
310453020261001,ela,G08,281,.484
310453020261001,math,G06,252,.25
310453020261001,math,G07,260,.261
310453020261001,math,G08,281,.27
310453020262007,ela,G03,71,.169
310453020262007,ela,G04,66,.424
310453020262007,ela,G05,68,.618
310453020262007,math,G03,70,.229
310453020262007,math,G04,64,.172
310453020262007,math,G05,67,.343
310453020262008,ela,G03,63,.286
310453020262008,ela,G04,65,.323
310453020262008,ela,G05,61,.377
310453020262008,math,G03,62,.371
310453020262008,math,G04,64,.266
310453020262008,math,G05,59,.22
310453020262009,ela,G03,50,.44
310453020262009,ela,G04,80,.513
310453020262009,ela,G05,70,.357
310453020262009,math,G03,50,.4
310453020262009,math,G04,80,.263
310453020262009,math,G05,68,.22
310453020262010,ela,G03,66,.621
310453020262010,ela,G04,73,.37
310453020262010,ela,G05,62,.355
310453020262010,math,G03,63,.524
310453020262010,math,G04,73,.137
310453020262010,math,G05,62,.161
310453030261011,ela,G06,424,.751
310453030261011,ela,G07,450,.744
310453030261011,ela,G08,407,.774
310453030261011,math,G06,423,.499
310453030261011,math,G07,447,.59
310453030261011,math,G08,404,.632
310453030261012,ela,G06,389,.791
310453030261012,ela,G07,428,.74
310453030261012,ela,G08,476,.757
310453030261012,math,G06,387,.575
310453030261012,math,G07,427,.646
310453030261012,math,G08,475,.526
310453030262001,ela,G03,74,.311
310453030262001,ela,G04,74,.527
310453030262001,ela,G05,91,.451
310453030262001,math,G03,74,.311
310453030262001,math,G04,74,.365
310453030262001,math,G05,91,.396
310453030262003,ela,G03,27,.593
310453030262003,ela,G04,32,.657
310453030262003,ela,G05,26,.731
310453030262003,math,G03,27,.518
310453030262003,math,G04,32,.563
310453030262003,math,G05,26,.5
310453030262005,ela,G03,91,.539
310453030262005,ela,G04,88,.648
310453030262005,ela,G05,95,.642
310453030262005,math,G03,92,.652
310453030262005,math,G04,88,.523
310453030262005,math,G05,95,.463
310453030262006,ela,G03,116,.435
310453030262006,ela,G04,129,.512
310453030262006,ela,G05,127,.528
310453030262006,math,G03,116,.496
310453030262006,math,G04,129,.392
310453030262006,math,G05,127,.408
310453030262008,ela,G03,64,.407
310453030262008,ela,G04,86,.593
310453030262008,ela,G05,90,.711
310453030262008,math,G03,64,.484
310453030262008,math,G04,86,.5
310453030262008,math,G05,90,.544
310453030262009,ela,G03,89,.551
310453030262009,ela,G04,100,.67
310453030262009,ela,G05,99,.697
310453030262009,math,G03,89,.674
310453030262009,math,G04,100,.73
310453030262009,math,G05,99,.495
310453030262010,ela,G03,108,.74
310453030262010,ela,G04,105,.74
310453030262010,ela,G05,92,.739
310453030262010,math,G03,108,.797
310453030262010,math,G04,105,.663
310453030262010,math,G05,92,.652
310453030262012,ela,G03,90,.667
310453030262012,ela,G04,88,.773
310453030262012,ela,G05,72,.778
310453030262012,math,G03,90,.634
310453030262012,math,G04,88,.659
310453030262012,math,G05,72,.723
310453030262013,ela,G03,101,.574
310453030262013,ela,G04,99,.647
310453030262013,ela,G05,99,.747
310453030262013,math,G03,101,.604
310453030262013,math,G04,99,.576
310453030262013,math,G05,99,.667
310453030262014,ela,G03,72,.639
310453030262014,ela,G04,80,.713
310453030262014,ela,G05,86,.814
310453030262014,math,G03,72,.708
310453030262014,math,G04,80,.65
310453030262014,math,G05,86,.721
310453040261002,ela,G06,185,.681
310453040261002,ela,G07,197,.457
310453040261002,ela,G08,186,.742
310453040261002,math,G06,185,.438
310453040261002,math,G07,197,.528
310453040261002,math,G08,186,.527
310453040261003,ela,G06,206,.675
310453040261003,ela,G07,208,.687
310453040261003,ela,G08,189,.782
310453040261003,math,G06,206,.34
310453040261003,math,G07,209,.488
310453040261003,math,G08,187,.479
310453040262001,ela,G03,51,.667
310453040262001,ela,G04,53,.509
310453040262001,ela,G05,65,.631
310453040262001,math,G03,51,.49
310453040262001,math,G04,53,.472
310453040262001,math,G05,65,.415
310453040262003,ela,G03,80,.601
310453040262003,ela,G04,70,.529
310453040262003,ela,G05,93,.673
310453040262003,math,G03,80,.513
310453040262003,math,G04,70,.414
310453040262003,math,G05,93,.544
310453040262004,ela,G03,64,.328
310453040262004,ela,G04,60,.267
310453040262004,ela,G05,65,.385
310453040262004,math,G03,64,.469
310453040262004,math,G04,60,.217
310453040262004,math,G05,65,.262
310453040262006,ela,G03,53,.377
310453040262006,ela,G04,56,.571
310453040262006,ela,G05,63,.666
310453040262006,math,G03,53,.264
310453040262006,math,G04,55,.327
310453040262006,math,G05,63,.365
310453040262007,ela,G03,57,.526
310453040262007,ela,G04,69,.637
310453040262007,ela,G05,70,.514
310453040262007,math,G03,57,.421
310453040262007,math,G04,69,.449
310453040262007,math,G05,70,.371
310453040262008,ela,G03,41,.61
310453040262008,ela,G04,33,.848
310453040262008,ela,G05,42,.928
310453040262008,math,G03,41,.488
310453040262008,math,G04,33,.667
310453040262008,math,G05,41,.585
31045900025201C,ela,G03,54,.223
31045900025201C,ela,G04,52,.231
31045900025201C,ela,G05,52,.192
31045900025201C,ela,G06,55,.309
31045900025201C,ela,G07,46,.266
31045900025201C,ela,G08,45,.4
31045900025201C,math,G03,54,.389
31045900025201C,math,G04,52,.135
31045900025201C,math,G05,52,.25
31045900025201C,math,G06,55,.218
31045900025201C,math,G07,47,.174
31045900025201C,math,G08,45,.289
320380030261001,ela,G06,16,.625
320380030261001,ela,G07,23,.478
320380030261001,ela,G08,15,.734
320380030261001,math,G06,16,.188
320380030261001,math,G07,23,.609
320380030261001,math,G08,15,.4
320380030262002,ela,G03,23,.348
320380030262002,ela,G04,27,.593
320380030262002,ela,G05,14,.642
320380030262002,math,G03,23,.391
320380030262002,math,G04,27,.37
320380030262002,math,G05,14,.571
320380040261002,ela,G05,59,.356
320380040261002,ela,G06,72,.25
320380040261002,ela,G07,75,.293
320380040261002,ela,G08,63,.365
320380040261002,math,G05,59,.22
320380040261002,math,G06,72,.208
320380040261002,math,G07,75,.347
320380040261002,math,G08,63,.333
320380040262003,ela,G03,63,.302
320380040262003,ela,G04,62,.435
320380040262003,math,G03,63,.492
320380040262003,math,G04,62,.419
320380060261001,ela,G06,18,.5
320380060261001,ela,G07,21,.428
320380060261001,ela,G08,22,.818
320380060261001,math,G06,18,.389
320380060261001,math,G07,21,.285
320380060261001,math,G08,22,.591
320380060262001,ela,G03,26,.538
320380060262001,ela,G04,18,.389
320380060262001,ela,G05,24,.208
320380060262001,math,G03,26,.576
320380060262001,math,G04,18,.333
320380060262001,math,G05,24,.208
320380090261002,ela,G06,61,.656
320380090261002,ela,G07,67,.477
320380090261002,ela,G08,72,.68
320380090261002,math,G06,61,.262
320380090261002,math,G07,67,.254
320380090261002,math,G08,72,.347
320380090262009,ela,G03,46,.305
320380090262009,ela,G04,58,.404
320380090262009,ela,G05,53,.519
320380090262009,math,G03,46,.152
320380090262009,math,G04,58,.105
320380090262009,math,G05,53,.25
320380100261001,ela,G06,80,.513
320380100261001,ela,G07,63,.397
320380100261001,ela,G08,72,.459
320380100261001,math,G06,80,.413
320380100261001,math,G07,63,.175
320380100261001,math,G08,72,.278
320380100262002,ela,G03,47,.639
320380100262002,math,G03,47,.829
320380100262004,ela,G04,54,.537
320380100262004,ela,G05,59,.424
320380100262004,math,G04,54,.445
320380100262004,math,G05,59,.186
320381240262001,ela,G03,24,.125
320381240262001,ela,G04,34,.235
320381240262001,ela,G05,27,.185
320381240262001,ela,G06,30,.4
320381240262001,ela,G07,39,.23
320381240262001,ela,G08,34,.471
320381240262001,math,G03,24,.375
320381240262001,math,G04,34,.176
320381240262001,math,G05,26,.154
320381240262001,math,G06,30,.167
320381240262001,math,G07,39,.205
320381240262001,math,G08,34,.206
320382490262001,ela,G03,*,--
320382490262001,ela,G04,*,--
320382490262001,ela,G05,*,--
320382490262001,math,G03,*,--
320382490262001,math,G04,*,--
320382490262001,math,G05,*,--
320460010261002,ela,G05,69,.147
320460010261002,ela,G06,65,.188
320460010261002,ela,G07,59,.254
320460010261002,ela,G08,68,.294
320460010261002,math,G05,69,.132
320460010261002,math,G06,65,.203
320460010261002,math,G07,59,.322
320460010261002,math,G08,68,.309
320460010262004,ela,G03,73,.111
320460010262004,ela,G04,65,.215
320460010262004,math,G03,73,.097
320460010262004,math,G04,65,.108
320460020262002,ela,G03,133,.286
320460020262002,ela,G04,116,.362
320460020262002,math,G03,134,.254
320460020262002,math,G04,116,.293
320460020262003,ela,G05,109,.606
320460020262003,ela,G06,123,.659
320460020262003,ela,G07,100,.6
320460020262003,ela,G08,120,.475
320460020262003,math,G05,109,.339
320460020262003,math,G06,123,.252
320460020262003,math,G07,100,.36
320460020262003,math,G08,120,.384
320460050261004,ela,G05,117,.539
320460050261004,ela,G06,148,.574
320460050261004,ela,G07,129,.566
320460050261004,ela,G08,144,.653
320460050261004,math,G05,117,.333
320460050261004,math,G06,148,.243
320460050261004,math,G07,127,.26
320460050261004,math,G08,144,.32
320460050262003,ela,G03,109,.422
320460050262003,ela,G04,126,.373
320460050262003,math,G03,109,.449
320460050262003,math,G04,126,.349
320460060262002,ela,G03,29,.414
320460060262002,ela,G04,32,.531
320460060262002,ela,G05,29,.517
320460060262002,ela,G06,29,.621
320460060262002,ela,G07,36,.667
320460060262002,ela,G08,29,.62
320460060262002,math,G03,29,.586
320460060262002,math,G04,32,.469
320460060262002,math,G05,29,.551
320460060262002,math,G06,29,.206
320460060262002,math,G07,36,.389
320460060262002,math,G08,29,.241
320460530021001,ela,G07,224,.518
320460530021001,ela,G08,254,.37
320460530021001,math,G07,224,.34
320460530021001,math,G08,254,.209
320460530022002,ela,G03,60,.35
320460530022002,math,G03,60,.417
320460530022003,ela,G03,99,.283
320460530022003,math,G03,99,.282
320460530022004,ela,G03,76,.25
320460530022004,math,G03,76,.276
320460530022005,ela,G04,236,.424
320460530022005,ela,G05,239,.439
320460530022005,ela,G06,258,.686
320460530022005,math,G04,236,.352
320460530022005,math,G05,239,.364
320460530022005,math,G06,258,.403
320460610021001,ela,G06,121,.496
320460610021001,ela,G07,110,.328
320460610021001,ela,G08,140,.503
320460610021001,math,G06,120,.108
320460610021001,math,G07,109,.128
320460610021001,math,G08,139,.109
320460610022003,ela,G03,140,.187
320460610022003,ela,G04,125,.282
320460610022003,ela,G05,125,.272
320460610022003,math,G03,138,.181
320460610022003,math,G04,123,.211
320460610022003,math,G05,123,.106
320461110251008,ela,G07,224,.21
320461110251008,ela,G08,257,.2
320461110251008,math,G07,223,.113
320461110251008,math,G08,256,.035
320461110252003,ela,G03,121,.033
320461110252003,math,G03,121,.033
320461110252009,ela,G03,55,.093
320461110252009,math,G03,55,.13
320461110252010,ela,G03,27,.074
320461110252010,math,G03,27,0
320461110252011,ela,G03,26,.04
320461110252011,math,G03,26,0
320461110252013,ela,G03,40,.3
320461110252013,ela,G04,44,.318
320461110252013,ela,G05,43,.023
320461110252013,ela,G06,44,.25
320461110252013,ela,G07,39,.18
320461110252013,ela,G08,37,.351
320461110252013,math,G03,40,.3
320461110252013,math,G04,44,.25
320461110252013,math,G05,43,0
320461110252013,math,G06,44,.114
320461110252013,math,G07,38,.184
320461110252013,math,G08,37,.162
320461110252015,ela,G03,36,.139
320461110252015,ela,G04,157,.096
320461110252015,ela,G05,127,.119
320461110252015,ela,G06,140,.16
320461110252015,math,G03,36,.056
320461110252015,math,G04,156,.051
320461110252015,math,G05,127,.048
320461110252015,math,G06,136,.083
320461110252016,ela,G03,20,.4
320461110252016,ela,G04,109,.167
320461110252016,ela,G05,107,.094
320461110252016,ela,G06,128,.222
320461110252016,math,G03,20,.25
320461110252016,math,G04,108,.103
320461110252016,math,G05,107,.009
320461110252016,math,G06,127,.12
320462560042001,ela,G03,28,.357
320462560042001,ela,G04,34,.411
320462560042001,ela,G05,29,.448
320462560042001,ela,G06,18,.389
320462560042001,ela,G07,24,.25
320462560042001,ela,G08,23,.347
320462560042001,math,G03,28,.393
320462560042001,math,G04,34,.412
320462560042001,math,G05,28,.25
320462560042001,math,G06,18,.333
320462560042001,math,G07,23,.087
320462560042001,math,G08,23,.174
320462580042001,ela,G03,38,.631
320462580042001,ela,G04,37,.405
320462580042001,ela,G05,38,.368
320462580042001,ela,G06,35,.458
320462580042001,ela,G07,47,.574
320462580042001,ela,G08,41,.781
320462580042001,math,G03,38,.579
320462580042001,math,G04,37,.324
320462580042001,math,G05,38,.368
320462580042001,math,G06,36,.194
320462580042001,math,G07,47,.51
320462580042001,math,G08,41,.537
320462590042001,ela,G03,21,.048
320462590042001,ela,G04,23,.087
320462590042001,ela,G05,10,.2
320462590042001,ela,G06,21,.238
320462590042001,ela,G07,15,.466
320462590042001,ela,G08,23,.261
320462590042001,math,G03,21,0
320462590042001,math,G04,23,0
320462590042001,math,G05,10,0
320462590042001,math,G06,21,.048
320462590042001,math,G07,15,.133
320462590042001,math,G08,23,.043
330362350261001,ela,G06,52,.135
330362350261001,ela,G07,69,.13
330362350261001,ela,G08,52,.308
330362350261001,math,G06,52,.058
330362350261001,math,G07,69,.087
330362350261001,math,G08,52,.058
330362350262001,ela,G03,46,.152
330362350262001,ela,G04,63,.254
330362350262001,ela,G05,51,.216
330362350262001,math,G03,46,.283
330362350262001,math,G04,63,.063
330362350262001,math,G05,51,.098
330482020261002,ela,G05,64,.407
330482020261002,ela,G06,51,.314
330482020261002,ela,G07,77,.247
330482020261002,ela,G08,50,.18
330482020261002,math,G05,64,.031
330482020261002,math,G06,51,.196
330482020261002,math,G07,76,.237
330482020261002,math,G08,51,.196
330482020262002,ela,G03,73,.466
330482020262002,ela,G04,66,.516
330482020262002,math,G03,73,.329
330482020262002,math,G04,66,.303
330482050261021,ela,G07,257,.341
330482050261021,ela,G08,273,.199
330482050261021,math,G07,256,.122
330482050261021,math,G08,272,.052
330482050262015,ela,G03,81,.308
330482050262015,ela,G04,76,.355
330482050262015,math,G03,81,.284
330482050262015,math,G04,76,.302
330482050262017,ela,G03,104,.135
330482050262017,ela,G04,110,.245
330482050262017,math,G03,104,.115
330482050262017,math,G04,110,.154
330482050262021,ela,G03,106,.192
330482050262021,ela,G04,86,.372
330482050262021,math,G03,106,.211
330482050262021,math,G04,86,.268
330482050262023,ela,G05,255,.235
330482050262023,ela,G06,244,.328
330482050262023,math,G05,254,.146
330482050262023,math,G06,244,.086
330482080260001,ela,G07,38,.237
330482080260001,ela,G08,40,.525
330482080260001,math,G07,38,.158
330482080260001,math,G08,40,.075
330482080262001,ela,G03,47,.106
330482080262001,ela,G04,29,.448
330482080262001,ela,G05,43,.279
330482080262001,ela,G06,41,.561
330482080262001,math,G03,47,.191
330482080262001,math,G04,29,.241
330482080262001,math,G05,43,.116
330482080262001,math,G06,41,.195
330482100261001,ela,G05,22,.409
330482100261001,ela,G06,12,.417
330482100261001,ela,G07,25,.28
330482100261001,ela,G08,18,.389
330482100261001,math,G05,22,.273
330482100261001,math,G06,12,.25
330482100261001,math,G07,25,.2
330482100261001,math,G08,18,.167
330482100262003,ela,G03,17,.294
330482100262003,ela,G04,16,.501
330482100262003,math,G03,17,.176
330482100262003,math,G04,16,.501
330482760261001,ela,G06,70,.569
330482760261001,ela,G07,61,.492
330482760261001,ela,G08,62,.758
330482760261001,math,G06,70,.237
330482760261001,math,G07,61,.22
330482760261001,math,G08,63,.063
330482760262001,ela,G03,59,.441
330482760262001,ela,G04,59,.475
330482760262001,ela,G05,55,.491
330482760262001,math,G03,59,.492
330482760262001,math,G04,59,.525
330482760262001,math,G05,55,.255
330664040261001,ela,G06,85,.412
330664040261001,ela,G07,77,.208
330664040261001,ela,G08,98,.449
330664040261001,math,G06,85,.082
330664040261001,math,G07,77,.091
330664040261001,math,G08,98,.082
330664040262001,ela,G03,51,.275
330664040262001,ela,G04,66,.333
330664040262001,ela,G05,57,.158
330664040262001,math,G03,50,.28
330664040262001,math,G04,66,.091
330664040262001,math,G05,57,.088
330664040262002,ela,G03,28,.286
330664040262002,ela,G04,20,.4
330664040262002,ela,G05,35,.572
330664040262002,math,G03,28,.322
330664040262002,math,G04,20,.05
330664040262002,math,G05,35,.171
330942380261001,ela,G07,106,.267
330942380261001,ela,G08,96,.375
330942380261001,math,G07,106,.076
330942380261001,math,G08,95,.126
330942380262001,ela,G03,102,.089
330942380262001,math,G03,102,.178
330942380262005,ela,G04,100,.242
330942380262005,ela,G05,95,.106
330942380262005,ela,G06,94,.388
330942380262005,math,G04,100,.202
330942380262005,math,G05,95,.096
330942380262005,math,G06,94,.097
330943040261001,ela,G06,67,.523
330943040261001,ela,G07,63,.603
330943040261001,ela,G08,64,.516
330943040261001,math,G06,67,.134
330943040261001,math,G07,63,.143
330943040261001,math,G08,64,.141
330943040262001,ela,G03,46,.457
330943040262001,ela,G04,36,.25
330943040262001,ela,G05,30,.4
330943040262001,math,G03,46,.413
330943040262001,math,G04,36,.139
330943040262001,math,G05,30,.167
330943040262002,ela,G03,20,.35
330943040262002,ela,G04,24,.375
330943040262002,ela,G05,43,.396
330943040262002,math,G03,20,.35
330943040262002,math,G04,24,.292
330943040262002,math,G05,43,.163
340490010021003,ela,G05,46,.283
340490010021003,ela,G06,70,.5
340490010021003,ela,G07,58,.275
340490010021003,ela,G08,67,.358
340490010021003,math,G05,46,.218
340490010021003,math,G06,70,.314
340490010021003,math,G07,58,.293
340490010021003,math,G08,66,.273
340490010022002,ela,G03,65,.108
340490010022002,ela,G04,70,.314
340490010022002,math,G03,65,.277
340490010022002,math,G04,69,.232
340490030041006,ela,G04,*,--
340490030041006,ela,G06,233,.254
340490030041006,ela,G07,218,.289
340490030041006,ela,G08,217,.314
340490030041006,math,G04,*,--
340490030041006,math,G06,233,.056
340490030041006,math,G07,217,.112
340490030041006,math,G08,217,.057
340490030042002,ela,G03,50,.14
340490030042002,ela,G04,58,.172
340490030042002,ela,G05,54,.093
340490030042002,math,G03,50,.16
340490030042002,math,G04,58,.155
340490030042002,math,G05,54,.056
340490030042004,ela,G03,48,.104
340490030042004,ela,G04,53,.094
340490030042004,ela,G05,58,.123
340490030042004,math,G03,48,.146
340490030042004,math,G04,53,.057
340490030042004,math,G05,58,.018
340490030042005,ela,G03,34,.091
340490030042005,ela,G04,41,.225
340490030042005,ela,G05,54,.151
340490030042005,math,G03,35,.205
340490030042005,math,G04,41,.225
340490030042005,math,G05,54,.075
340490030042006,ela,G03,51,.08
340490030042006,ela,G04,70,.103
340490030042006,ela,G05,73,.164
340490030042006,ela,G06,*,--
340490030042006,math,G03,51,.1
340490030042006,math,G04,70,.044
340490030042006,math,G05,73,.123
340490030042006,math,G06,*,--
340490060021001,ela,G06,121,.115
340490060021001,ela,G07,101,.255
340490060021001,ela,G08,117,.25
340490060021001,math,G06,118,.027
340490060021001,math,G07,96,.034
340490060021001,math,G08,107,.041
340490060021002,ela,G06,103,.108
340490060021002,ela,G07,112,.135
340490060021002,ela,G08,126,.159
340490060021002,math,G06,102,.03
340490060021002,math,G07,113,.036
340490060021002,math,G08,126,.016
340490060022006,ela,G03,159,.026
340490060022006,ela,G04,145,.078
340490060022006,ela,G05,150,.093
340490060022006,math,G03,158,.007
340490060022006,math,G04,145,.016
340490060022006,math,G05,149,.036
340490060022008,ela,G03,83,.086
340490060022008,ela,G04,63,.048
340490060022008,ela,G05,85,.106
340490060022008,math,G03,82,.075
340490060022008,math,G04,64,.047
340490060022008,math,G05,85,.035
340490240042001,ela,G03,111,.491
340490240042001,ela,G04,131,.585
340490240042001,ela,G05,116,.627
340490240042001,math,G03,111,.473
340490240042001,math,G04,130,.45
340490240042001,math,G05,116,.513
340490240042002,ela,G06,130,.653
340490240042002,ela,G07,133,.704
340490240042002,ela,G08,127,.666
340490240042002,math,G06,128,.484
340490240042002,math,G07,132,.581
340490240042002,math,G08,126,.44
340490330022001,ela,G03,28,.214
340490330022001,ela,G04,28,.535
340490330022001,ela,G05,23,.609
340490330022001,ela,G06,36,.714
340490330022001,ela,G07,32,.5
340490330022001,ela,G08,46,.674
340490330022001,math,G03,28,.357
340490330022001,math,G04,28,.429
340490330022001,math,G05,23,.434
340490330022001,math,G06,36,.458
340490330022001,math,G07,32,.5
340490330022001,math,G08,46,.543
340490340041002,ela,G06,302,.54
340490340041002,ela,G07,276,.52
340490340041002,ela,G08,331,.622
340490340041002,math,G06,303,.292
340490340041002,math,G07,275,.301
340490340041002,math,G08,327,.367
340490340042004,ela,G03,83,.358
340490340042004,ela,G04,89,.596
340490340042004,ela,G05,104,.554
340490340042004,math,G03,83,.494
340490340042004,math,G04,89,.427
340490340042004,math,G05,104,.388
340490340042005,ela,G03,87,.198
340490340042005,ela,G04,75,.373
340490340042005,ela,G05,76,.5
340490340042005,math,G03,87,.349
340490340042005,math,G04,75,.36
340490340042005,math,G05,76,.289
340490340042006,ela,G03,109,.174
340490340042006,ela,G04,96,.354
340490340042006,ela,G05,101,.33
340490340042006,math,G03,109,.331
340490340042006,math,G04,96,.25
340490340042006,math,G05,101,.23
340490360022001,ela,G03,14,.214
340490360022001,ela,G04,18,.222
340490360022001,ela,G05,22,.182
340490360022001,ela,G06,17,.765
340490360022001,ela,G07,17,.706
340490360022001,ela,G08,20,.75
340490360022001,math,G03,13,.462
340490360022001,math,G04,18,0
340490360022001,math,G05,22,.182
340490360022001,math,G06,17,.118
340490360022001,math,G07,17,.471
340490360022001,math,G08,20,.45
340490370021001,ela,G05,78,.282
340490370021001,ela,G06,72,.417
340490370021001,ela,G07,73,.246
340490370021001,ela,G08,60,.417
340490370021001,math,G05,78,.243
340490370021001,math,G06,72,.097
340490370021001,math,G07,73,.082
340490370021001,math,G08,60,.233
340490370022003,ela,G03,83,.096
340490370022003,ela,G04,90,.2
340490370022003,math,G03,83,.205
340490370022003,math,G04,90,.144
340490380021001,ela,G05,173,.422
340490380021001,ela,G06,190,.795
340490380021001,ela,G07,191,.524
340490380021001,ela,G08,212,.448
340490380021001,math,G05,173,.168
340490380021001,math,G06,189,.143
340490380021001,math,G07,191,.199
340490380021001,math,G08,211,.299
340490380022002,ela,G03,177,.192
340490380022002,ela,G04,189,.381
340490380022002,math,G03,177,.294
340490380022002,math,G04,189,.259
340490410041004,ela,G06,274,.443
340490410041004,ela,G07,274,.327
340490410041004,ela,G08,281,.41
340490410041004,math,G06,273,.191
340490410041004,math,G07,274,.202
340490410041004,math,G08,281,.169
340490410042001,ela,G03,84,.307
340490410042001,ela,G04,72,.435
340490410042001,ela,G05,95,.351
340490410042001,math,G03,84,.226
340490410042001,math,G04,72,.194
340490410042001,math,G05,94,.183
340490410042003,ela,G03,97,.451
340490410042003,ela,G04,97,.341
340490410042003,ela,G05,98,.347
340490410042003,math,G03,97,.385
340490410042003,math,G04,97,.187
340490410042003,math,G05,98,.225
340490410042004,ela,G03,73,.435
340490410042004,ela,G04,81,.4
340490410042004,ela,G05,70,.472
340490410042004,math,G03,73,.333
340490410042004,math,G04,81,.1
340490410042004,math,G05,70,.3
340490460041001,ela,G06,*,--
340490460041001,ela,G07,310,.352
340490460041001,ela,G08,331,.482
340490460041001,math,G06,*,--
340490460041001,math,G07,309,.287
340490460041001,math,G08,333,.191
340490460041002,ela,G05,73,.616
340490460041002,ela,G06,65,.585
340490460041002,ela,G07,89,.427
340490460041002,ela,G08,69,.478
340490460041002,math,G05,72,.292
340490460041002,math,G06,65,.292
340490460041002,math,G07,88,.227
340490460041002,math,G08,69,.275
340490460042001,ela,G03,69,.239
340490460042001,ela,G04,77,.39
340490460042001,math,G03,69,.224
340490460042001,math,G04,77,.195
340490460042003,ela,G03,75,.374
340490460042003,ela,G04,96,.59
340490460042003,ela,G05,*,--
340490460042003,math,G03,75,.32
340490460042003,math,G04,97,.365
340490460042003,math,G05,*,--
340490460042004,ela,G03,69,.463
340490460042004,ela,G04,72,.743
340490460042004,math,G03,69,.42
340490460042004,math,G04,72,.557
340490460042005,ela,G05,304,.331
340490460042005,ela,G06,294,.498
340490460042005,math,G05,304,.278
340490460042005,math,G06,293,.288
340490460042006,ela,G03,75,.554
340490460042006,ela,G04,68,.531
340490460042006,math,G03,75,.514
340490460042006,math,G04,68,.424
340490460042007,ela,G03,75,.527
340490460042007,ela,G04,78,.692
340490460042007,math,G03,75,.379
340490460042007,math,G04,79,.595
340490500041004,ela,G06,476,.426
340490500041004,ela,G07,529,.307
340490500041004,ela,G08,511,.391
340490500041004,math,G06,474,.235
340490500041004,math,G07,529,.313
340490500041004,math,G08,509,.246
340490500042003,ela,G04,491,.362
340490500042003,ela,G05,483,.409
340490500042003,math,G04,489,.267
340490500042003,math,G05,483,.215
340490500042006,ela,G03,471,.319
340490500042006,math,G03,472,.301
340490560021002,ela,G06,156,.167
340490560021002,ela,G07,164,.256
340490560021002,ela,G08,180,.29
340490560021002,math,G06,152,.039
340490560021002,math,G07,164,.171
340490560021002,math,G08,181,.181
340490560022001,ela,G03,116,.104
340490560022001,ela,G04,152,.143
340490560022001,ela,G05,122,.221
340490560022001,ela,G06,*,--
340490560022001,math,G03,116,.198
340490560022001,math,G04,152,.082
340490560022001,math,G05,122,.082
340490560022001,math,G06,*,--
340490560022003,ela,G03,63,.197
340490560022003,ela,G04,38,.158
340490560022003,ela,G05,71,.383
340490560022003,ela,G06,39,.297
340490560022003,ela,G07,65,.354
340490560022003,ela,G08,36,.417
340490560022003,math,G03,63,.246
340490560022003,math,G04,38,.079
340490560022003,math,G05,71,.265
340490560022003,math,G06,39,.081
340490560022003,math,G07,65,.184
340490560022003,math,G08,36,.222
340490600260022,ela,G08,*,--
340490600260022,math,G08,*,--
340490600261001,ela,G06,168,.106
340490600261001,ela,G07,174,.113
340490600261001,ela,G08,173,.169
340490600261001,math,G06,168,.062
340490600261001,math,G07,175,.059
340490600261001,math,G08,173,.048
340490600261002,ela,G06,231,.283
340490600261002,ela,G07,242,.286
340490600261002,ela,G08,264,.238
340490600261002,math,G06,230,.126
340490600261002,math,G07,242,.188
340490600261002,math,G08,262,.073
340490600261003,ela,G06,157,.178
340490600261003,ela,G07,163,.103
340490600261003,ela,G08,165,.161
340490600261003,math,G06,156,.028
340490600261003,math,G07,158,.06
340490600261003,math,G08,163,.081
340490600261004,ela,G06,180,.159
340490600261004,ela,G07,202,.101
340490600261004,ela,G08,206,.243
340490600261004,math,G06,180,.045
340490600261004,math,G07,200,.071
340490600261004,math,G08,206,.025
340490600261005,ela,G06,234,.095
340490600261005,ela,G07,198,.12
340490600261005,ela,G08,217,.076
340490600261005,math,G06,235,.03
340490600261005,math,G07,198,.036
340490600261005,math,G08,219,.005
340490600262004,ela,G03,71,.045
340490600262004,ela,G04,68,.032
340490600262004,ela,G05,75,.116
340490600262004,math,G03,71,.121
340490600262004,math,G04,68,.097
340490600262004,math,G05,75,.072
340490600262005,ela,G03,50,.341
340490600262005,ela,G04,45,.405
340490600262005,ela,G05,37,.469
340490600262005,math,G03,50,.365
340490600262005,math,G04,45,.285
340490600262005,math,G05,37,.219
340490600262006,ela,G03,56,.382
340490600262006,ela,G04,63,.461
340490600262006,ela,G05,50,.54
340490600262006,math,G03,56,.472
340490600262006,math,G04,63,.349
340490600262006,math,G05,50,.18
340490600262007,ela,G03,64,.016
340490600262007,ela,G04,63,.049
340490600262007,ela,G05,58,.093
340490600262007,math,G03,64,.016
340490600262007,math,G04,62,.05
340490600262007,math,G05,58,.093
340490600262008,ela,G03,91,.092
340490600262008,ela,G04,62,.102
340490600262008,ela,G05,84,.15
340490600262008,math,G03,91,.08
340490600262008,math,G04,62,.169
340490600262008,math,G05,83,.038
340490600262009,ela,G03,93,.146
340490600262009,ela,G04,90,.131
340490600262009,ela,G05,109,.159
340490600262009,math,G03,93,.224
340490600262009,math,G04,90,.095
340490600262009,math,G05,109,.079
340490600262010,ela,G03,44,.175
340490600262010,ela,G04,45,.14
340490600262010,ela,G05,44,.256
340490600262010,math,G03,44,.35
340490600262010,math,G04,45,.232
340490600262010,math,G05,44,.349
340490600262011,ela,G03,47,.085
340490600262011,ela,G04,46,.273
340490600262011,ela,G05,37,.324
340490600262011,math,G03,47,.17
340490600262011,math,G04,46,.114
340490600262011,math,G05,37,.162
340490600262013,ela,G03,89,.253
340490600262013,ela,G04,85,.301
340490600262013,ela,G05,62,.2
340490600262013,math,G03,89,.31
340490600262013,math,G04,85,.301
340490600262013,math,G05,62,.217
340490600262014,ela,G03,103,.088
340490600262014,ela,G04,89,.034
340490600262014,ela,G05,69,.088
340490600262014,math,G03,103,.147
340490600262014,math,G04,89,.011
340490600262014,math,G05,69,.088
340490600262015,ela,G03,60,.281
340490600262015,ela,G04,54,.51
340490600262015,ela,G05,60,.4
340490600262015,math,G03,60,.193
340490600262015,math,G04,54,.372
340490600262015,math,G05,60,.2
340490600262016,ela,G03,59,.071
340490600262016,ela,G04,70,.095
340490600262016,ela,G05,78,.053
340490600262016,math,G03,60,.105
340490600262016,math,G04,70,.079
340490600262016,math,G05,78,.053
340490600262017,ela,G03,63,.07
340490600262017,ela,G04,64,.15
340490600262017,ela,G05,49,.229
340490600262017,math,G03,63,.07
340490600262017,math,G04,64,.067
340490600262017,math,G05,49,.063
340490600262018,ela,G03,68,.031
340490600262018,ela,G04,56,.273
340490600262018,ela,G05,72,.157
340490600262018,math,G03,68,.125
340490600262018,math,G04,56,.236
340490600262018,math,G05,72,.115
340490600262021,ela,G03,83,.091
340490600262021,ela,G04,60,.035
340490600262021,ela,G05,88,.107
340490600262021,math,G03,83,.065
340490600262021,math,G04,60,.053
340490600262021,math,G05,86,.073
340490650021003,ela,G06,87,.791
340490650021003,ela,G07,94,.83
340490650021003,ela,G08,104,.693
340490650021003,math,G06,87,.431
340490650021003,math,G07,94,.649
340490650021003,math,G08,105,.4
340490650022006,ela,G03,97,.453
340490650022006,ela,G04,91,.561
340490650022006,ela,G05,106,.594
340490650022006,math,G03,97,.536
340490650022006,math,G04,91,.451
340490650022006,math,G05,106,.471
340490670051003,ela,G07,177,.737
340490670051003,ela,G08,200,.689
340490670051003,math,G07,177,.714
340490670051003,math,G08,201,.595
340490670052001,ela,G03,73,.452
340490670052001,ela,G04,62,.484
340490670052001,math,G03,73,.643
340490670052001,math,G04,62,.532
340490670052004,ela,G03,56,.643
340490670052004,ela,G04,72,.736
340490670052004,math,G03,56,.803
340490670052004,math,G04,72,.791
340490670052005,ela,G03,42,.667
340490670052005,ela,G04,43,.814
340490670052005,math,G03,42,.667
340490670052005,math,G04,43,.744
340490670052007,ela,G05,185,.596
340490670052007,ela,G06,173,.821
340490670052007,math,G05,185,.514
340490670052007,math,G06,173,.52
340490680022001,ela,G03,83,.63
340490680022001,ela,G04,117,.753
340490680022001,ela,G05,110,.605
340490680022001,ela,G06,113,.857
340490680022001,ela,G07,119,.816
340490680022001,ela,G08,102,.863
340490680022001,math,G03,83,.741
340490680022001,math,G04,117,.769
340490680022001,math,G05,110,.624
340490680022001,math,G06,113,.545
340490680022001,math,G07,119,.706
340490680022001,math,G08,102,.578
340490700021005,ela,G06,215,.771
340490700021005,ela,G07,253,.84
340490700021005,ela,G08,242,.85
340490700021005,math,G06,215,.406
340490700021005,math,G07,253,.504
340490700021005,math,G08,242,.539
340490700022002,ela,G03,74,.315
340490700022002,ela,G04,94,.713
340490700022002,ela,G05,65,.769
340490700022002,math,G03,73,.569
340490700022002,math,G04,93,.656
340490700022002,math,G05,65,.615
340490700022004,ela,G03,68,.612
340490700022004,ela,G04,60,.783
340490700022004,ela,G05,69,.695
340490700022004,math,G03,69,.633
340490700022004,math,G04,60,.75
340490700022004,math,G05,69,.521
340490700022006,ela,G03,62,.581
340490700022006,ela,G04,60,.7
340490700022006,ela,G05,43,.619
340490700022006,math,G03,62,.629
340490700022006,math,G04,60,.516
340490700022006,math,G05,43,.476
340490700022007,ela,G03,31,.742
340490700022007,ela,G04,45,.867
340490700022007,ela,G05,31,.742
340490700022007,math,G03,31,.807
340490700022007,math,G04,45,.823
340490700022007,math,G05,31,.742
340490720022001,ela,G03,23,.521
340490720022001,ela,G04,12,.5
340490720022001,ela,G05,19,.579
340490720022001,ela,G06,14,.786
340490720022001,ela,G07,20,.8
340490720022001,ela,G08,22,.727
340490720022001,math,G03,23,.521
340490720022001,math,G04,12,.333
340490720022001,math,G05,19,.369
340490720022001,math,G06,14,.572
340490720022001,math,G07,20,.6
340490720022001,math,G08,22,.591
340490730041001,ela,G06,209,.516
340490730041001,ela,G07,210,.539
340490730041001,ela,G08,224,.552
340490730041001,math,G06,209,.369
340490730041001,math,G07,210,.403
340490730041001,math,G08,224,.365
340490730042001,ela,G06,183,.578
340490730042001,ela,G07,213,.663
340490730042001,ela,G08,191,.632
340490730042001,math,G06,180,.395
340490730042001,math,G07,213,.463
340490730042001,math,G08,189,.446
340490730042002,ela,G03,70,.536
340490730042002,ela,G04,77,.727
340490730042002,ela,G05,99,.677
340490730042002,math,G03,70,.594
340490730042002,math,G04,77,.559
340490730042002,math,G05,99,.637
340490730042004,ela,G03,113,.306
340490730042004,ela,G04,114,.315
340490730042004,ela,G05,94,.578
340490730042004,math,G03,113,.463
340490730042004,math,G04,114,.387
340490730042004,math,G05,94,.522
340490730042006,ela,G03,60,.397
340490730042006,ela,G04,57,.412
340490730042006,ela,G05,72,.731
340490730042006,math,G03,60,.587
340490730042006,math,G04,57,.373
340490730042006,math,G05,72,.642
340490730042007,ela,G03,63,.429
340490730042007,ela,G04,56,.535
340490730042007,ela,G05,68,.627
340490730042007,math,G03,63,.619
340490730042007,math,G04,56,.517
340490730042007,math,G05,68,.478
340490730042008,ela,G03,72,.376
340490730042008,ela,G04,69,.397
340490730042008,ela,G05,66,.292
340490730042008,math,G03,72,.434
340490730042008,math,G04,69,.22
340490730042008,math,G05,66,.123
340490750021004,ela,G06,158,.461
340490750021004,ela,G07,188,.371
340490750021004,ela,G08,180,.468
340490750021004,math,G06,158,.294
340490750021004,math,G07,188,.307
340490750021004,math,G08,180,.212
340490750022003,ela,G03,137,.316
340490750022003,ela,G04,185,.438
340490750022003,ela,G05,162,.459
340490750022003,math,G03,137,.188
340490750022003,math,G04,185,.2
340490750022003,math,G05,162,.171
340490760021003,ela,G06,80,.215
340490760021003,ela,G07,112,.225
340490760021003,ela,G08,97,.295
340490760021003,math,G06,82,.086
340490760021003,math,G07,111,.172
340490760021003,math,G08,96,.16
340490760022003,ela,G03,88,.165
340490760022003,ela,G04,76,.2
340490760022003,ela,G05,80,.257
340490760022003,math,G03,89,.244
340490760022003,math,G04,75,.081
340490760022003,math,G05,80,.077
340490790021001,ela,G06,221,.724
340490790021001,ela,G07,226,.643
340490790021001,ela,G08,249,.695
340490790021001,math,G06,221,.375
340490790021001,math,G07,224,.451
340490790021001,math,G08,249,.409
340490790022002,ela,G03,210,.377
340490790022002,ela,G04,212,.573
340490790022002,ela,G05,223,.641
340490790022002,math,G03,210,.44
340490790022002,math,G04,212,.474
340490790022002,math,G05,223,.336
340490950261002,ela,G06,215,.685
340490950261002,ela,G07,244,.7
340490950261002,ela,G08,231,.814
340490950261002,math,G06,215,.451
340490950261002,math,G07,243,.586
340490950261002,math,G08,231,.62
340490950261003,ela,G06,211,.787
340490950261003,ela,G07,192,.911
340490950261003,ela,G08,188,.734
340490950261003,math,G06,212,.449
340490950261003,math,G07,192,.79
340490950261003,math,G08,188,.644
340490950262003,ela,G03,80,.526
340490950262003,ela,G04,67,.728
340490950262003,ela,G05,74,.708
340490950262003,math,G03,80,.448
340490950262003,math,G04,66,.647
340490950262003,math,G05,74,.5
340490950262005,ela,G03,96,.632
340490950262005,ela,G04,105,.735
340490950262005,ela,G05,111,.645
340490950262005,math,G03,96,.6
340490950262005,math,G04,105,.666
340490950262005,math,G05,111,.536
340490950262006,ela,G03,71,.714
340490950262006,ela,G04,61,.75
340490950262006,ela,G05,71,.747
340490950262006,math,G03,71,.642
340490950262006,math,G04,60,.75
340490950262006,math,G05,71,.55
340490950262007,ela,G03,99,.602
340490950262007,ela,G04,79,.709
340490950262007,ela,G05,73,.767
340490950262007,math,G03,99,.602
340490950262007,math,G04,79,.633
340490950262007,math,G05,73,.534
340490950262008,ela,G03,84,.679
340490950262008,ela,G04,81,.838
340490950262008,ela,G05,69,.754
340490950262008,math,G03,84,.738
340490950262008,math,G04,81,.825
340490950262008,math,G05,69,.667
340490960041002,ela,G06,171,.776
340490960041002,ela,G07,187,.757
340490960041002,ela,G08,166,.805
340490960041002,math,G06,173,.559
340490960041002,math,G07,192,.6
340490960041002,math,G08,169,.73
340490960041003,ela,G06,192,.741
340490960041003,ela,G07,210,.777
340490960041003,ela,G08,229,.75
340490960041003,math,G06,193,.516
340490960041003,math,G07,211,.578
340490960041003,math,G08,229,.644
340490960042003,ela,G03,80,.426
340490960042003,ela,G04,104,.683
340490960042003,ela,G05,111,.703
340490960042003,math,G03,81,.692
340490960042003,math,G04,104,.789
340490960042003,math,G05,112,.59
340490960042004,ela,G03,89,.632
340490960042004,ela,G04,103,.765
340490960042004,ela,G05,109,.778
340490960042004,math,G03,89,.758
340490960042004,math,G04,103,.637
340490960042004,math,G05,109,.731
340490960042005,ela,G03,76,.555
340490960042005,ela,G04,90,.45
340490960042005,ela,G05,79,.654
340490960042005,math,G03,76,.54
340490960042005,math,G04,90,.505
340490960042005,math,G05,79,.616
340490960042006,ela,G03,81,.588
340490960042006,ela,G04,114,.655
340490960042006,ela,G05,99,.786
340490960042006,math,G03,81,.675
340490960042006,math,G04,114,.646
340490960042006,math,G05,99,.683
340491020041002,ela,G06,283,.718
340491020041002,ela,G07,317,.731
340491020041002,ela,G08,265,.668
340491020041002,math,G06,282,.614
340491020041002,math,G07,317,.633
340491020041002,math,G08,261,.634
340491020042002,ela,G03,145,.657
340491020042002,math,G03,145,.65
340491020042003,ela,G03,144,.538
340491020042003,math,G03,144,.605
340491020042005,ela,G04,263,.629
340491020042005,ela,G05,294,.624
340491020042005,math,G04,262,.639
340491020042005,math,G05,294,.521
340491030021001,ela,G06,227,.832
340491030021001,ela,G07,248,.844
340491030021001,ela,G08,267,.868
340491030021001,math,G06,227,.677
340491030021001,math,G07,247,.803
340491030021001,math,G08,267,.808
340491030022003,ela,G03,195,.634
340491030022003,ela,G04,203,.672
340491030022003,ela,G05,214,.794
340491030022003,math,G03,194,.685
340491030022003,math,G04,203,.657
340491030022003,math,G05,213,.764
340491060022001,ela,G03,21,.809
340491060022001,ela,G04,20,.65
340491060022001,ela,G05,19,.895
340491060022001,ela,G06,16,.813
340491060022001,ela,G07,18,.765
340491060022001,ela,G08,17,.882
340491060022001,math,G03,21,.762
340491060022001,math,G04,20,.7
340491060022001,math,G05,19,.421
340491060022001,math,G06,15,.734
340491060022001,math,G07,18,.647
340491060022001,math,G08,17,.705
340491090021005,ela,G06,139,.898
340491090021005,ela,G07,154,.862
340491090021005,ela,G08,155,.761
340491090021005,math,G06,139,.66
340491090021005,math,G07,154,.638
340491090021005,math,G08,153,.634
340491090021006,ela,G06,135,.77
340491090021006,ela,G07,144,.827
340491090021006,ela,G08,133,.812
340491090021006,math,G06,135,.6
340491090021006,math,G07,143,.734
340491090021006,math,G08,133,.676
340491090022003,ela,G03,73,.479
340491090022003,ela,G04,75,.667
340491090022003,ela,G05,80,.525
340491090022003,math,G03,73,.671
340491090022003,math,G04,75,.627
340491090022003,math,G05,80,.538
340491090022006,ela,G03,79,.649
340491090022006,ela,G04,62,.532
340491090022006,ela,G05,95,.673
340491090022006,math,G03,80,.73
340491090022006,math,G04,61,.574
340491090022006,math,G05,95,.568
340491090022007,ela,G03,87,.643
340491090022007,ela,G04,75,.676
340491090022007,ela,G05,83,.783
340491090022007,math,G03,87,.678
340491090022007,math,G04,75,.567
340491090022007,math,G05,83,.639
340491090022008,ela,G03,45,.667
340491090022008,ela,G04,59,.78
340491090022008,ela,G05,65,.57
340491090022008,math,G03,45,.756
340491090022008,math,G04,59,.576
340491090022008,math,G05,65,.553
340491120021001,ela,G06,177,.538
340491120021001,ela,G07,195,.578
340491120021001,ela,G08,156,.442
340491120021001,math,G06,177,.409
340491120021001,math,G07,195,.438
340491120021001,math,G08,156,.337
340491120021002,ela,G06,208,.582
340491120021002,ela,G07,215,.688
340491120021002,ela,G08,214,.617
340491120021002,math,G06,209,.474
340491120021002,math,G07,216,.541
340491120021002,math,G08,214,.49
340491120022002,ela,G03,46,.543
340491120022002,ela,G04,48,.625
340491120022002,ela,G05,36,.472
340491120022002,math,G03,46,.674
340491120022002,math,G04,48,.583
340491120022002,math,G05,36,.695
340491120022003,ela,G03,80,.463
340491120022003,ela,G04,74,.662
340491120022003,ela,G05,90,.544
340491120022003,math,G03,80,.6
340491120022003,math,G04,74,.649
340491120022003,math,G05,90,.489
340491120022004,ela,G03,52,.788
340491120022004,ela,G04,47,.723
340491120022004,ela,G05,42,.881
340491120022004,math,G03,51,.765
340491120022004,math,G04,47,.574
340491120022004,math,G05,42,.785
340491120022005,ela,G03,69,.493
340491120022005,ela,G04,48,.729
340491120022005,ela,G05,58,.707
340491120022005,math,G03,69,.449
340491120022005,math,G04,48,.646
340491120022005,math,G05,58,.724
340491120022006,ela,G03,34,.441
340491120022006,ela,G04,33,.545
340491120022006,ela,G05,23,.391
340491120022006,math,G03,34,.442
340491120022006,math,G04,33,.485
340491120022006,math,G05,23,.478
340491120022007,ela,G03,71,.277
340491120022007,ela,G04,63,.5
340491120022007,ela,G05,69,.302
340491120022007,math,G03,71,.323
340491120022007,math,G04,63,.483
340491120022007,math,G05,69,.269
340491120022008,ela,G03,70,.557
340491120022008,ela,G04,67,.773
340491120022008,ela,G05,76,.855
340491120022008,math,G03,70,.614
340491120022008,math,G04,67,.667
340491120022008,math,G05,76,.698
340491130170002,ela,G08,*,--
340491130170002,math,G08,*,--
340491140021001,ela,G05,60,.167
340491140021001,ela,G06,64,.219
340491140021001,ela,G07,65,.307
340491140021001,ela,G08,79,.405
340491140021001,math,G05,60,.217
340491140021001,math,G06,64,.125
340491140021001,math,G07,65,.246
340491140021001,math,G08,79,.254
340491140022003,ela,G03,51,.157
340491140022003,ela,G04,61,.278
340491140022003,math,G03,51,.274
340491140022003,math,G04,61,.246
340491160261003,ela,G06,252,.215
340491160261003,ela,G07,268,.124
340491160261003,ela,G08,261,.193
340491160261003,math,G06,253,.053
340491160261003,math,G07,268,.066
340491160261003,math,G08,261,.091
340491160261004,ela,G06,216,.203
340491160261004,ela,G07,208,.097
340491160261004,ela,G08,207,.22
340491160261004,math,G06,216,.052
340491160261004,math,G07,206,.029
340491160261004,math,G08,208,.122
340491160262001,ela,G03,114,.037
340491160262001,ela,G04,118,.103
340491160262001,ela,G05,130,.142
340491160262001,math,G03,114,.037
340491160262001,math,G04,117,.052
340491160262001,math,G05,130,.063
340491160262002,ela,G03,99,.031
340491160262002,ela,G04,92,.176
340491160262002,ela,G05,86,.188
340491160262002,math,G03,99,.021
340491160262002,math,G04,92,.011
340491160262002,math,G05,86,.083
340491160262004,ela,G03,83,.063
340491160262004,ela,G04,87,.058
340491160262004,ela,G05,76,.08
340491160262004,math,G03,83,.025
340491160262004,math,G04,87,.035
340491160262004,math,G05,77,.079
340491160262005,ela,G03,91,.034
340491160262005,ela,G04,86,.146
340491160262005,ela,G05,94,.131
340491160262005,math,G03,91,.068
340491160262005,math,G04,85,.099
340491160262005,math,G05,94,.043
340491160262006,ela,G03,69,.147
340491160262006,ela,G04,64,.063
340491160262006,ela,G05,73,.153
340491160262006,math,G03,69,.059
340491160262006,math,G04,64,.032
340491160262006,math,G05,73,.028
340491180261003,ela,G06,159,.481
340491180261003,ela,G07,160,.387
340491180261003,ela,G08,164,.507
340491180261003,math,G06,155,.24
340491180261003,math,G07,163,.295
340491180261003,math,G08,162,.321
340491180261004,ela,G06,143,.427
340491180261004,ela,G07,154,.357
340491180261004,ela,G08,158,.497
340491180261004,math,G06,143,.196
340491180261004,math,G07,153,.197
340491180261004,math,G08,158,.248
340491180262001,ela,G03,76,.381
340491180262001,ela,G04,69,.412
340491180262001,ela,G05,65,.46
340491180262001,math,G03,76,.435
340491180262001,math,G04,69,.411
340491180262001,math,G05,65,.27
340491180262005,ela,G03,142,.419
340491180262005,ela,G04,125,.528
340491180262005,ela,G05,154,.516
340491180262005,math,G03,142,.44
340491180262005,math,G04,125,.488
340491180262005,math,G05,154,.412
340491180262007,ela,G03,92,.402
340491180262007,ela,G04,98,.423
340491180262007,ela,G05,90,.233
340491180262007,math,G03,91,.473
340491180262007,math,G04,98,.32
340491180262007,math,G05,90,.289
340491250130001,ela,G08,*,--
340491250130001,math,G08,*,--
340491870261003,ela,G06,186,.202
340491870261003,ela,G07,178,.102
340491870261003,ela,G08,188,.241
340491870261003,math,G06,184,.051
340491870261003,math,G07,178,.036
340491870261003,math,G08,186,.085
340491870262002,ela,G03,111,.057
340491870262002,math,G03,112,.046
340491870262008,ela,G04,168,.063
340491870262008,ela,G05,161,.053
340491870262008,math,G04,168,.031
340491870262008,math,G05,162,.026
340491870262009,ela,G03,87,.013
340491870262009,math,G03,87,.025
34049187026202C,ela,G03,56,.339
34049187026202C,ela,G04,55,.315
34049187026202C,ela,G05,52,.25
34049187026202C,ela,G06,52,.558
34049187026202C,ela,G07,51,.471
34049187026202C,ela,G08,49,.551
34049187026202C,math,G03,56,.411
34049187026202C,math,G04,55,.222
34049187026202C,math,G05,52,.096
34049187026202C,math,G06,52,.365
34049187026202C,math,G07,51,.216
34049187026202C,math,G08,49,.327
34049187026203C,ela,G03,39,.205
34049187026203C,ela,G04,39,.231
34049187026203C,ela,G05,26,.308
34049187026203C,ela,G06,27,.444
34049187026203C,ela,G07,26,.346
34049187026203C,ela,G08,20,.45
34049187026203C,math,G03,39,.308
34049187026203C,math,G04,39,.051
34049187026203C,math,G05,26,.077
34049187026203C,math,G06,27,.111
34049187026203C,math,G07,26,.153
34049187026203C,math,G08,20,.05
340492200260004,ela,G07,*,--
340492200260004,math,G07,*,--
340492200261003,ela,G06,289,.819
340492200261003,ela,G07,304,.755
340492200261003,ela,G08,344,.758
340492200261003,math,G06,289,.434
340492200261003,math,G07,304,.53
340492200261003,math,G08,340,.43
340492200261004,ela,G06,299,.795
340492200261004,ela,G07,339,.713
340492200261004,ela,G08,290,.723
340492200261004,math,G06,299,.483
340492200261004,math,G07,337,.634
340492200261004,math,G08,289,.473
340492200262001,ela,G03,47,.383
340492200262001,ela,G04,93,.699
340492200262001,ela,G05,108,.593
340492200262001,math,G03,47,.468
340492200262001,math,G04,92,.554
340492200262001,math,G05,107,.392
340492200262002,ela,G03,43,.628
340492200262002,ela,G04,57,.93
340492200262002,ela,G05,60,.7
340492200262002,math,G03,43,.582
340492200262002,math,G04,57,.807
340492200262002,math,G05,60,.567
340492200262003,ela,G03,46,.13
340492200262003,ela,G04,54,.208
340492200262003,ela,G05,59,.327
340492200262003,math,G03,46,.217
340492200262003,math,G04,53,.058
340492200262003,math,G05,59,.121
340492200262004,ela,G03,71,.69
340492200262004,ela,G04,70,.843
340492200262004,ela,G05,62,.839
340492200262004,math,G03,71,.535
340492200262004,math,G04,73,.602
340492200262004,math,G05,62,.613
340492200262005,ela,G03,102,.653
340492200262005,ela,G04,68,.824
340492200262005,ela,G05,67,.776
340492200262005,math,G03,102,.564
340492200262005,math,G04,68,.559
340492200262005,math,G05,67,.508
340492200262006,ela,G03,63,.715
340492200262006,ela,G04,50,.62
340492200262006,ela,G05,111,.546
340492200262006,math,G03,63,.54
340492200262006,math,G04,50,.58
340492200262006,math,G05,111,.4
340492200262007,ela,G03,104,.625
340492200262007,ela,G04,113,.72
340492200262007,ela,G05,69,.899
340492200262007,math,G03,105,.59
340492200262007,math,G04,113,.576
340492200262007,math,G05,69,.768
340492200262009,ela,G03,59,.627
340492200262009,ela,G04,67,.716
340492200262009,ela,G05,58,.672
340492200262009,math,G03,59,.593
340492200262009,math,G04,67,.656
340492200262009,math,G05,58,.586
34049900025201C,ela,G03,48,.387
34049900025201C,ela,G04,48,.75
34049900025201C,ela,G05,47,.426
34049900025201C,ela,G06,48,.626
34049900025201C,ela,G07,48,.542
34049900025201C,ela,G08,48,.646
34049900025201C,math,G03,48,.546
34049900025201C,math,G04,48,.542
34049900025201C,math,G05,47,.51
34049900025201C,math,G06,48,.501
34049900025201C,math,G07,48,.479
34049900025201C,math,G08,48,.479
34049901025201C,ela,G03,28,.5
34049901025201C,ela,G04,44,.613
34049901025201C,ela,G05,57,.421
34049901025201C,ela,G06,70,.458
34049901025201C,ela,G07,55,.6
34049901025201C,ela,G08,54,.667
34049901025201C,math,G03,28,.357
34049901025201C,math,G04,44,.295
34049901025201C,math,G05,57,.211
34049901025201C,math,G06,70,.271
34049901025201C,math,G07,55,.236
34049901025201C,math,G08,54,.278
350500010262001,ela,G03,18,.444
350500010262001,ela,G04,19,.369
350500010262001,ela,G05,18,.167
350500010262001,ela,G06,15,.333
350500010262001,ela,G07,18,.389
350500010262001,ela,G08,24,.583
350500010262001,math,G03,18,.5
350500010262001,math,G04,19,.211
350500010262001,math,G05,18,.111
350500010262001,math,G06,15,.134
350500010262001,math,G07,18,.5
350500010262001,math,G08,23,.304
350500020261001,ela,G05,51,.5
350500020261001,ela,G06,31,.645
350500020261001,ela,G07,59,.254
350500020261001,ela,G08,49,.285
350500020261001,math,G05,51,.1
350500020261001,math,G06,31,.194
350500020261001,math,G07,59,.186
350500020261001,math,G08,49,.286
350500020262002,ela,G03,22,.227
350500020262002,ela,G04,19,.631
350500020262002,math,G03,22,.454
350500020262002,math,G04,19,.316
350500020262004,ela,G03,33,.242
350500020262004,ela,G04,21,.238
350500020262004,math,G03,33,.303
350500020262004,math,G04,21,.19
350500090262001,ela,G03,23,.174
350500090262001,ela,G04,17,.059
350500090262001,ela,G05,32,.5
350500090262001,ela,G06,30,.3
350500090262001,ela,G07,29,.379
350500090262001,ela,G08,25,.52
350500090262001,math,G03,23,.217
350500090262001,math,G04,17,.059
350500090262001,math,G05,32,.531
350500090262001,math,G06,30,.2
350500090262001,math,G07,29,.138
350500090262001,math,G08,25,.28
350500175042001,ela,G03,15,.734
350500175042001,ela,G04,12,.75
350500175042001,ela,G05,16,.563
350500175042001,ela,G06,14,.571
350500175042001,ela,G07,24,.458
350500175042001,ela,G08,22,.636
350500175042001,math,G03,15,.666
350500175042001,math,G04,12,.417
350500175042001,math,G05,16,.188
350500175042001,math,G06,14,.071
350500175042001,math,G07,24,.208
350500175042001,math,G08,22,.136
350500400170001,ela,G08,*,--
350500400170001,math,G08,*,--
350500440021005,ela,G04,*,--
350500440021005,ela,G05,156,.218
350500440021005,ela,G06,130,.354
350500440021005,ela,G07,157,.159
350500440021005,ela,G08,150,.167
350500440021005,math,G04,*,--
350500440021005,math,G05,157,.076
350500440021005,math,G06,130,.062
350500440021005,math,G07,155,.09
350500440021005,math,G08,151,.047
350500440022001,ela,G03,130,.161
350500440022001,ela,G04,157,.261
350500440022001,ela,G05,*,--
350500440022001,math,G03,130,.177
350500440022001,math,G04,156,.154
350500440022001,math,G05,*,--
350500650042001,ela,G03,17,.235
350500650042001,ela,G04,*,--
350500650042001,ela,G05,*,--
350500650042001,ela,G06,*,--
350500650042001,ela,G07,*,--
350500650042001,ela,G08,12,.417
350500650042001,math,G03,17,.118
350500650042001,math,G04,*,--
350500650042001,math,G05,*,--
350500650042001,math,G06,*,--
350500650042001,math,G07,*,--
350500650042001,math,G08,12,.583
350500790042001,ela,G03,17,.059
350500790042001,ela,G04,11,.545
350500790042001,ela,G05,15,.333
350500790042001,ela,G06,*,--
350500790042001,ela,G07,11,.364
350500790042001,ela,G08,18,.722
350500790042001,math,G03,16,.125
350500790042001,math,G04,11,0
350500790042001,math,G05,15,.067
350500790042001,math,G06,*,--
350500790042001,math,G07,11,.091
350500790042001,math,G08,18,.333
350500820042001,ela,G03,*,--
350500820042001,ela,G04,*,--
350500820042001,ela,G05,*,--
350500820042001,ela,G06,*,--
350500820042001,ela,G07,*,--
350500820042001,ela,G08,*,--
350500820042001,math,G03,*,--
350500820042001,math,G04,*,--
350500820042001,math,G05,*,--
350500820042001,math,G06,*,--
350500820042001,math,G07,*,--
350500820042001,math,G08,*,--
350500950042001,ela,G03,29,.413
350500950042001,ela,G04,25,.64
350500950042001,ela,G05,19,.684
350500950042001,ela,G06,23,.608
350500950042001,ela,G07,19,.685
350500950042001,ela,G08,19,.632
350500950042001,math,G03,29,.31
350500950042001,math,G04,25,.48
350500950042001,math,G05,19,.368
350500950042001,math,G06,23,.391
350500950042001,math,G07,19,.527
350500950042001,math,G08,19,.579
350501220021006,ela,G06,91,.077
350501220021006,ela,G07,78,.128
350501220021006,ela,G08,86,.073
350501220021006,math,G06,91,.022
350501220021006,math,G07,78,.064
350501220021006,math,G08,85,.025
350501220022005,ela,G03,88,.284
350501220022005,ela,G04,83,.337
350501220022005,ela,G05,94,.308
350501220022005,math,G03,88,.057
350501220022005,math,G04,83,.072
350501220022005,math,G05,94,.128
350501240021001,ela,G05,99,.485
350501240021001,ela,G06,91,.495
350501240021001,ela,G07,82,.425
350501240021001,ela,G08,79,.532
350501240021001,math,G05,98,.326
350501240021001,math,G06,91,.198
350501240021001,math,G07,82,.313
350501240021001,math,G08,79,.278
350501240022003,ela,G03,105,.258
350501240022003,ela,G04,101,.387
350501240022003,math,G03,105,.477
350501240022003,math,G04,101,.446
350501250022001,ela,G06,40,.425
350501250022001,ela,G07,39,.461
350501250022001,ela,G08,46,.413
350501250022001,math,G06,40,.025
350501250022001,math,G07,39,.256
350501250022001,math,G08,46,.087
350501250022002,ela,G03,36,.056
350501250022002,ela,G04,38,.368
350501250022002,ela,G05,38,.394
350501250022002,math,G03,36,.194
350501250022002,math,G04,38,.237
350501250022002,math,G05,38,.158
350501410021009,ela,G07,176,.352
350501410021009,ela,G08,186,.42
350501410021009,math,G07,176,.194
350501410021009,math,G08,186,.091
350501410022004,ela,G03,48,.354
350501410022004,ela,G04,50,.46
350501410022004,math,G03,48,.375
350501410022004,math,G04,50,.26
350501410022005,ela,G03,72,.555
350501410022005,ela,G04,65,.677
350501410022005,math,G03,72,.472
350501410022005,math,G04,65,.385
350501410022006,ela,G03,68,.162
350501410022006,ela,G04,46,.282
350501410022006,math,G03,68,.161
350501410022006,math,G04,46,.13
350501410022009,ela,G05,158,.418
350501410022009,ela,G06,160,.497
350501410022009,ela,G07,*,--
350501410022009,math,G05,158,.146
350501410022009,math,G06,160,.22
350501410022009,math,G07,*,--
350501500022001,ela,G03,51,.098
350501500022001,ela,G04,58,.19
350501500022001,ela,G05,46,.043
350501500022001,ela,G06,47,.128
350501500022001,ela,G07,45,.222
350501500022001,ela,G08,42,.214
350501500022001,math,G03,51,.157
350501500022001,math,G04,58,.19
350501500022001,math,G05,46,.087
350501500022001,math,G06,47,.085
350501500022001,math,G07,45,.2
350501500022001,math,G08,43,.116
350501700041001,ela,G05,57,.457
350501700041001,ela,G06,54,.556
350501700041001,ela,G07,51,.334
350501700041001,ela,G08,55,.473
350501700041001,math,G05,57,.369
350501700041001,math,G06,54,.463
350501700041001,math,G07,51,.334
350501700041001,math,G08,54,.407
350501700042001,ela,G03,57,.421
350501700042001,ela,G04,47,.426
350501700042001,math,G03,57,.368
350501700042001,math,G04,47,.255
350501850042001,ela,G03,29,.172
350501850042001,ela,G04,27,.333
350501850042001,ela,G05,14,0
350501850042001,ela,G06,20,.85
350501850042001,ela,G07,25,.84
350501850042001,ela,G08,36,.723
350501850042001,math,G03,29,.414
350501850042001,math,G04,27,.37
350501850042001,math,G05,14,.286
350501850042001,math,G06,20,.2
350501850042001,math,G07,25,.4
350501850042001,math,G08,36,.472
350501950042001,ela,G03,46,.63
350501950042001,ela,G04,39,.718
350501950042001,ela,G05,40,.425
350501950042001,ela,G06,33,.879
350501950042001,ela,G07,33,.455
350501950042001,ela,G08,34,.735
350501950042001,math,G03,46,.479
350501950042001,math,G04,39,.436
350501950042001,math,G05,40,.675
350501950042001,math,G06,33,.333
350501950042001,math,G07,33,.394
350501950042001,math,G08,34,.412
350502100042001,ela,G03,23,.652
350502100042001,ela,G04,19,.579
350502100042001,ela,G05,19,.263
350502100042001,ela,G06,20,.1
350502100042001,ela,G07,18,.167
350502100042001,ela,G08,22,.545
350502100042001,math,G03,23,.609
350502100042001,math,G04,19,.263
350502100042001,math,G05,19,.316
350502100042001,math,G06,20,.05
350502100042001,math,G07,18,.056
350502100042001,math,G08,22,.272
350502300042001,ela,G03,*,--
350502300042001,ela,G04,*,--
350502300042001,ela,G05,*,--
350502300042001,ela,G06,*,--
350502300042001,ela,G07,10,.6
350502300042001,ela,G08,*,--
350502300042001,math,G03,*,--
350502300042001,math,G04,*,--
350502300042001,math,G05,*,--
350502300042001,math,G06,*,--
350502300042001,math,G07,10,.4
350502300042001,math,G08,*,--
350502890041002,ela,G05,94,.293
350502890041002,ela,G06,123,.406
350502890041002,ela,G07,110,.51
350502890041002,ela,G08,109,.349
350502890041002,math,G05,93,.163
350502890041002,math,G06,123,.114
350502890041002,math,G07,111,.243
350502890041002,math,G08,109,.183
350502890042002,ela,G03,99,.263
350502890042002,ela,G04,114,.257
350502890042002,math,G03,99,.152
350502890042002,math,G04,114,.159
350504250262001,ela,G03,*,--
350504250262001,ela,G04,*,--
350504250262001,ela,G05,*,--
350504250262001,ela,G06,*,--
350504250262001,ela,G07,*,--
350504250262001,ela,G08,10,.9
350504250262001,math,G03,*,--
350504250262001,math,G04,*,--
350504250262001,math,G05,*,--
350504250262001,math,G06,*,--
350504250262001,math,G07,*,--
350504250262001,math,G08,10,.5
350590050262001,ela,G03,37,.216
350590050262001,ela,G04,33,.212
350590050262001,ela,G05,30,.367
350590050262001,ela,G06,30,.3
350590050262001,ela,G07,38,.289
350590050262001,ela,G08,42,.19
350590050262001,math,G03,37,.324
350590050262001,math,G04,33,.152
350590050262001,math,G05,30,.167
350590050262001,math,G06,30,.067
350590050262001,math,G07,38,.211
350590050262001,math,G08,42,.071
350590070261001,ela,G05,55,.273
350590070261001,ela,G06,56,.357
350590070261001,ela,G07,55,.6
350590070261001,ela,G08,46,.935
350590070261001,math,G05,55,.382
350590070261001,math,G06,56,.34
350590070261001,math,G07,55,.309
350590070261001,math,G08,46,.63
350590070262001,ela,G03,42,.357
350590070262001,ela,G04,41,.365
350590070262001,math,G03,42,.238
350590070262001,math,G04,41,.22
350785350261001,ela,G06,66,.197
350785350261001,ela,G07,47,.511
350785350261001,ela,G08,53,.434
350785350261001,math,G06,66,.106
350785350261001,math,G07,47,.191
350785350261001,math,G08,53,.226
350785350262004,ela,G03,56,.411
350785350262004,ela,G04,50,.62
350785350262004,ela,G05,46,.544
350785350262004,math,G03,56,.304
350785350262004,math,G04,50,.36
350785350262004,math,G05,46,.304
390550010261001,ela,G06,51,.588
390550010261001,ela,G07,64,.391
390550010261001,ela,G08,62,.483
390550010261001,math,G06,51,.157
390550010261001,math,G07,64,.109
390550010261001,math,G08,62,.21
390550010262002,ela,G03,58,.31
390550010262002,ela,G04,71,.324
390550010262002,ela,G05,63,.333
390550010262002,math,G03,58,.5
390550010262002,math,G04,71,.324
390550010262002,math,G05,63,.063
390550020261001,ela,G06,88,.534
390550020261001,ela,G07,70,.7
390550020261001,ela,G08,91,.747
390550020261001,math,G06,88,.261
390550020261001,math,G07,70,.414
390550020261001,math,G08,91,.33
390550020262003,ela,G03,83,.434
390550020262003,ela,G04,89,.477
390550020262003,ela,G05,99,.636
390550020262003,math,G03,83,.434
390550020262003,math,G04,89,.295
390550020262003,math,G05,99,.364
390550030261001,ela,G06,*,--
390550030261001,ela,G07,197,.396
390550030261001,ela,G08,191,.571
390550030261001,math,G06,*,--
390550030261001,math,G07,197,.285
390550030261001,math,G08,192,.292
390550030262005,ela,G03,177,.412
390550030262005,math,G03,177,.452
390550030262006,ela,G04,169,.373
390550030262006,ela,G05,193,.399
390550030262006,ela,G06,165,.515
390550030262006,math,G04,169,.296
390550030262006,math,G05,193,.337
390550030262006,math,G06,165,.315
390550090261001,ela,G06,42,.286
390550090261001,ela,G07,38,.237
390550090261001,ela,G08,53,.321
390550090261001,math,G06,42,.119
390550090261001,math,G07,38,.105
390550090261001,math,G08,53,.057
390550090262002,ela,G03,36,.361
390550090262002,ela,G04,38,.316
390550090262002,ela,G05,58,.431
390550090262002,math,G03,36,.333
390550090262002,math,G04,38,.316
390550090262002,math,G05,58,.207
390550110261002,ela,G06,58,.62
390550110261002,ela,G07,64,.734
390550110261002,ela,G08,89,.798
390550110261002,math,G06,58,.293
390550110261002,math,G07,64,.204
390550110261002,math,G08,89,.269
390550110262001,ela,G03,71,.338
390550110262001,ela,G04,57,.701
390550110262001,ela,G05,61,.541
390550110262001,math,G03,72,.445
390550110262001,math,G04,57,.526
390550110262001,math,G05,61,.246
390550150261001,ela,G06,63,.381
390550150261001,ela,G07,63,.365
390550150261001,ela,G08,71,.422
390550150261001,math,G06,63,.175
390550150261001,math,G07,63,.302
390550150261001,math,G08,71,.169
390550150262001,ela,G03,59,.254
390550150262001,ela,G04,66,.424
390550150262001,ela,G05,64,.328
390550150262001,math,G03,59,.593
390550150262001,math,G04,66,.227
390550150262001,math,G05,64,.266
390550610251034,ela,G07,191,.047
390550610251034,ela,G08,223,.08
390550610251034,math,G07,187,.021
390550610251034,math,G08,227,.004
390550610252004,ela,G03,55,0
390550610252004,ela,G04,48,.083
390550610252004,ela,G05,58,.052
390550610252004,ela,G06,62,.161
390550610252004,ela,G07,61,.082
390550610252004,ela,G08,55,.127
390550610252004,math,G03,55,.018
390550610252004,math,G04,49,.042
390550610252004,math,G05,57,.018
390550610252004,math,G06,62,.065
390550610252004,math,G07,61,.016
390550610252004,math,G08,55,.055
390550610252009,ela,G03,74,.027
390550610252009,ela,G04,77,.013
390550610252009,ela,G05,55,.036
390550610252009,ela,G06,49,.102
390550610252009,math,G03,74,.027
390550610252009,math,G04,77,.026
390550610252009,math,G05,55,0
390550610252009,math,G06,48,.021
390550610252010,ela,G03,28,.036
390550610252010,ela,G04,38,.053
390550610252010,ela,G05,42,0
390550610252010,ela,G06,45,.156
390550610252010,ela,G07,40,.125
390550610252010,ela,G08,27,.185
390550610252010,math,G03,28,.107
390550610252010,math,G04,38,.026
390550610252010,math,G05,41,0
390550610252010,math,G06,46,0
390550610252010,math,G07,40,0
390550610252010,math,G08,27,.037
390550610252011,ela,G03,57,.106
390550610252011,ela,G04,72,.361
390550610252011,ela,G05,48,.208
390550610252011,ela,G06,54,.315
390550610252011,ela,G07,51,.157
390550610252011,ela,G08,55,.109
390550610252011,math,G03,57,.105
390550610252011,math,G04,72,.153
390550610252011,math,G05,47,.021
390550610252011,math,G06,54,.037
390550610252011,math,G07,51,.098
390550610252011,math,G08,55,.036
390550610252016,ela,G03,59,.034
390550610252016,ela,G04,67,.06
390550610252016,ela,G05,56,.018
390550610252016,ela,G06,49,.143
390550610252016,math,G03,59,.034
390550610252016,math,G04,67,.015
390550610252016,math,G05,56,.036
390550610252016,math,G06,49,.082
390550610252019,ela,G03,77,.026
390550610252019,ela,G04,60,.083
390550610252019,ela,G05,59,.068
390550610252019,ela,G06,65,.046
390550610252019,math,G03,77,.039
390550610252019,math,G04,60,.017
390550610252019,math,G05,59,.017
390550610252019,math,G06,66,0
39055061025201C,ela,G03,28,.179
39055061025201C,ela,G04,28,.143
39055061025201C,ela,G05,27,.444
39055061025201C,ela,G06,38,.079
39055061025201C,ela,G07,43,.233
39055061025201C,ela,G08,36,.5
39055061025201C,math,G03,28,.072
39055061025201C,math,G04,28,0
39055061025201C,math,G05,27,.037
39055061025201C,math,G06,38,0
39055061025201C,math,G07,43,.047
39055061025201C,math,G08,36,0
390550610252023,ela,G03,43,0
390550610252023,ela,G04,44,.068
390550610252023,ela,G05,44,.114
390550610252023,ela,G06,36,.056
390550610252023,math,G03,43,0
390550610252023,math,G04,44,.023
390550610252023,math,G05,44,0
390550610252023,math,G06,36,0
390550610252031,ela,G03,49,.122
390550610252031,ela,G04,43,.116
390550610252031,ela,G05,43,.023
390550610252031,ela,G06,35,.057
390550610252031,math,G03,49,.143
390550610252031,math,G04,43,.023
390550610252031,math,G05,43,0
390550610252031,math,G06,35,.057
390550610252032,ela,G03,74,0
390550610252032,ela,G04,66,.159
390550610252032,ela,G05,77,.053
390550610252032,ela,G06,73,.147
390550610252032,ela,G07,75,.087
390550610252032,ela,G08,71,.254
390550610252032,math,G03,75,.07
390550610252032,math,G04,66,.111
390550610252032,math,G05,77,.053
390550610252032,math,G06,74,.101
390550610252032,math,G07,75,.014
390550610252032,math,G08,71,.045
390550610252034,ela,G03,44,0
390550610252034,ela,G04,53,0
390550610252034,ela,G05,53,0
390550610252034,ela,G06,50,0
390550610252034,ela,G07,47,.021
390550610252034,ela,G08,47,0
390550610252034,math,G03,44,.023
390550610252034,math,G04,53,0
390550610252034,math,G05,55,0
390550610252034,math,G06,50,0
390550610252034,math,G07,47,0
390550610252034,math,G08,47,0
390740050261001,ela,G06,25,.68
390740050261001,ela,G07,22,.5
390740050261001,ela,G08,21,.7
390740050261001,math,G06,25,.2
390740050261001,math,G07,22,.182
390740050261001,math,G08,21,.2
390740050262001,ela,G03,20,.2
390740050262001,ela,G04,17,.706
390740050262001,ela,G05,15,.6
390740050262001,math,G03,20,.15
390740050262001,math,G04,17,.118
390740050262001,math,G05,15,.333
390740250261002,ela,G06,134,.612
390740250261002,ela,G07,127,.598
390740250261002,ela,G08,111,.703
390740250261002,math,G06,134,.373
390740250261002,math,G07,125,.32
390740250261002,math,G08,111,.333
390740250262005,ela,G04,121,.475
390740250262005,ela,G05,139,.54
390740250262005,math,G04,121,.391
390740250262005,math,G05,139,.417
390740250262006,ela,G03,138,.333
390740250262006,math,G03,138,.384
390740570261001,ela,G07,10,.1
390740570261001,ela,G08,12,.417
390740570261001,math,G07,10,.2
390740570261001,math,G08,12,.167
390740570262002,ela,G03,17,0
390740570262002,ela,G04,11,.455
390740570262002,ela,G05,12,.5
390740570262002,ela,G06,*,--
390740570262002,math,G03,17,.235
390740570262002,math,G04,11,.364
390740570262002,math,G05,12,.25
390740570262002,math,G06,*,--
390741000260001,ela,G06,29,.758
390741000260001,ela,G07,32,.687
390741000260001,ela,G08,35,.628
390741000260001,math,G06,29,.207
390741000260001,math,G07,32,.344
390741000260001,math,G08,35,.258
390741000262003,ela,G03,27,.259
390741000262003,ela,G04,35,.371
390741000262003,ela,G05,34,.706
390741000262003,math,G03,27,.259
390741000262003,math,G04,35,.229
390741000262003,math,G05,34,.176
400070400262001,ela,G03,35,.4
400070400262001,ela,G04,31,.548
400070400262001,ela,G05,24,.542
400070400262001,ela,G06,44,.296
400070400262001,ela,G07,41,.171
400070400262001,ela,G08,38,.342
400070400262001,math,G03,35,.543
400070400262001,math,G04,31,.452
400070400262001,math,G05,24,.459
400070400262001,math,G06,44,.068
400070400262001,math,G07,41,.171
400070400262001,math,G08,38,.079
400070420260001,ela,G07,*,--
400070420260001,ela,G08,*,--
400070420260001,math,G07,*,--
400070420260001,math,G08,*,--
400070420262001,ela,G03,*,--
400070420262001,ela,G04,*,--
400070420262001,ela,G05,*,--
400070420262001,ela,G06,*,--
400070420262001,math,G03,*,--
400070420262001,math,G04,*,--
400070420262001,math,G05,*,--
400070420262001,math,G06,*,--
400310010262001,ela,G03,29,.241
400310010262001,ela,G04,21,.095
400310010262001,ela,G05,25,.12
400310010262001,ela,G06,30,.366
400310010262001,ela,G07,25,.24
400310010262001,ela,G08,28,.286
400310010262001,math,G03,29,.31
400310010262001,math,G04,21,.048
400310010262001,math,G05,25,.12
400310010262001,math,G06,30,.067
400310010262001,math,G07,25,.08
400310010262001,math,G08,28,.071
400310030260001,ela,G07,50,.38
400310030260001,ela,G08,61,.36
400310030260001,math,G07,50,.24
400310030260001,math,G08,61,.147
400310030262002,ela,G03,50,.06
400310030262002,ela,G04,55,.236
400310030262002,ela,G05,58,.345
400310030262002,ela,G06,54,.352
400310030262002,math,G03,50,.16
400310030262002,math,G04,55,.091
400310030262002,math,G05,58,.207
400310030262002,math,G06,54,.167
400310100262003,ela,G03,38,.079
400310100262003,ela,G04,34,.294
400310100262003,ela,G05,26,.538
400310100262003,ela,G06,33,.212
400310100262003,ela,G07,31,.162
400310100262003,ela,G08,27,.185
400310100262003,math,G03,38,.158
400310100262003,math,G04,34,.235
400310100262003,math,G05,26,.346
400310100262003,math,G06,33,.091
400310100262003,math,G07,31,.097
400310100262003,math,G08,27,.074
400421000260001,ela,G08,180,.566
400421000260001,math,G08,180,.217
400421000261002,ela,G05,154,.461
400421000261002,ela,G06,178,.528
400421000261002,ela,G07,144,.507
400421000261002,math,G05,154,.207
400421000261002,math,G06,178,.298
400421000261002,math,G07,144,.375
400421000262006,ela,G03,18,.222
400421000262006,ela,G04,13,.231
400421000262006,math,G03,18,.389
400421000262006,math,G04,13,.154
400421000262007,ela,G03,109,.413
400421000262007,ela,G04,139,.388
400421000262007,math,G03,109,.436
400421000262007,math,G04,139,.295
400560010261001,ela,G06,92,.565
400560010261001,ela,G07,102,.569
400560010261001,ela,G08,80,.701
400560010261001,math,G06,92,.196
400560010261001,math,G07,102,.353
400560010261001,math,G08,80,.463
400560010262006,ela,G03,95,.453
400560010262006,ela,G04,83,.373
400560010262006,ela,G05,84,.452
400560010262006,math,G03,95,.61
400560010262006,math,G04,83,.325
400560010262006,math,G05,84,.417
400560020261001,ela,G07,22,0
400560020261001,ela,G08,28,.25
400560020261001,math,G07,22,.136
400560020261001,math,G08,28,.071
400560020262005,ela,G03,24,.583
400560020262005,ela,G04,19,.158
400560020262005,ela,G05,25,.2
400560020262005,ela,G06,21,.333
400560020262005,math,G03,24,.292
400560020262005,math,G04,19,0
400560020262005,math,G05,25,.28
400560020262005,math,G06,21,.143
400560050262001,ela,G03,37,.189
400560050262001,ela,G04,24,.417
400560050262001,ela,G05,24,.25
400560050262001,ela,G06,40,.5
400560050262001,ela,G07,38,.368
400560050262001,ela,G08,37,.649
400560050262001,math,G03,37,.324
400560050262001,math,G04,24,.208
400560050262001,math,G05,24,.333
400560050262001,math,G06,40,.125
400560050262001,math,G07,38,.237
400560050262001,math,G08,38,.342
400560060261001,ela,G06,74,.703
400560060261001,ela,G07,77,.61
400560060261001,ela,G08,85,.624
400560060261001,math,G06,74,.311
400560060261001,math,G07,76,.184
400560060261001,math,G08,85,.4
400560060262001,ela,G03,78,.41
400560060262001,ela,G04,86,.471
400560060262001,ela,G05,85,.589
400560060262001,math,G03,78,.5
400560060262001,math,G04,86,.188
400560060262001,math,G05,85,.329
400560070261002,ela,G06,88,.352
400560070261002,ela,G07,76,.289
400560070261002,ela,G08,89,.427
400560070261002,math,G06,88,.193
400560070261002,math,G07,76,.382
400560070261002,math,G08,89,.37
400560070262003,ela,G03,69,.246
400560070262003,ela,G04,68,.53
400560070262003,ela,G05,72,.528
400560070262003,math,G03,67,.224
400560070262003,math,G04,68,.412
400560070262003,math,G05,71,.295
400560080260001,ela,G08,33,.485
400560080260001,math,G08,33,.091
400560080262003,ela,G03,34,.353
400560080262003,ela,G04,37,.216
400560080262003,ela,G05,42,.381
400560080262003,ela,G06,36,.361
400560080262003,ela,G07,47,.362
400560080262003,math,G03,34,.206
400560080262003,math,G04,37,.162
400560080262003,math,G05,42,.071
400560080262003,math,G06,36,.111
400560080262003,math,G07,47,.085
400560090261002,ela,G07,90,.356
400560090261002,ela,G08,79,.393
400560090261002,math,G07,90,.156
400560090261002,math,G08,79,.19
400560090262004,ela,G05,82,.61
400560090262004,ela,G06,80,.713
400560090262004,math,G05,82,.207
400560090262004,math,G06,80,.226
400560090262005,ela,G03,77,.416
400560090262005,ela,G04,77,.61
400560090262005,math,G03,77,.52
400560090262005,math,G04,77,.312
400560340261001,ela,G06,86,.418
400560340261001,ela,G07,68,.265
400560340261001,ela,G08,81,.358
400560340261001,math,G06,86,.116
400560340261001,math,G07,67,.134
400560340261001,math,G08,81,.16
400560340262001,ela,G03,70,.243
400560340262001,ela,G04,66,.409
400560340262001,ela,G05,64,.344
400560340262001,math,G03,70,.372
400560340262001,math,G04,66,.394
400560340262001,math,G05,64,.109
410570010261001,ela,G06,134,.298
410570010261001,ela,G07,117,.307
410570010261001,ela,G08,120,.459
410570010261001,math,G06,134,.126
410570010261001,math,G07,117,.231
410570010261001,math,G08,120,.225
410570010262004,ela,G03,108,.167
410570010262004,ela,G04,109,.33
410570010262004,ela,G05,119,.252
410570010262004,math,G03,108,.204
410570010262004,math,G04,109,.257
410570010262004,math,G05,119,.176
410570020261008,ela,G06,324,.623
410570020261008,ela,G07,301,.49
410570020261008,ela,G08,303,.68
410570020261008,math,G06,324,.449
410570020261008,math,G07,301,.436
410570020261008,math,G08,303,.521
410570020262003,ela,G03,20,.25
410570020262003,ela,G04,18,.611
410570020262003,ela,G05,20,.6
410570020262003,math,G03,20,.4
410570020262003,math,G04,18,.611
410570020262003,math,G05,20,.3
410570020262004,ela,G03,104,.346
410570020262004,ela,G04,122,.467
410570020262004,ela,G05,126,.461
410570020262004,ela,G06,*,--
410570020262004,ela,G07,*,--
410570020262004,math,G03,104,.443
410570020262004,math,G04,122,.385
410570020262004,math,G05,126,.262
410570020262004,math,G06,*,--
410570020262004,math,G07,*,--
410570020262005,ela,G03,40,.375
410570020262005,ela,G04,42,.547
410570020262005,ela,G05,27,.778
410570020262005,math,G03,40,.425
410570020262005,math,G04,42,.524
410570020262005,math,G05,28,.393
410570020262008,ela,G03,117,.402
410570020262008,ela,G04,134,.441
410570020262008,ela,G05,115,.557
410570020262008,math,G03,116,.466
410570020262008,math,G04,134,.418
410570020262008,math,G05,115,.287
410570030262002,ela,G03,*,--
410570030262002,ela,G04,*,--
410570030262002,ela,G05,*,--
410570030262002,ela,G06,*,--
410570030262002,ela,G07,*,--
410570030262002,ela,G08,*,--
410570030262002,math,G03,*,--
410570030262002,math,G04,*,--
410570030262002,math,G05,*,--
410570030262002,math,G06,*,--
410570030262002,math,G07,*,--
410570030262002,math,G08,*,--
410570050261002,ela,G06,198,.636
410570050261002,ela,G07,197,.507
410570050261002,ela,G08,195,.605
410570050261002,math,G06,198,.41
410570050261002,math,G07,197,.309
410570050261002,math,G08,195,.328
410570050262004,ela,G03,44,.387
410570050262004,ela,G04,*,--
410570050262004,ela,G05,*,--
410570050262004,math,G03,44,.591
410570050262004,math,G04,*,--
410570050262004,math,G05,*,--
410570050262005,ela,G04,25,.76
410570050262005,ela,G05,26,.731
410570050262005,math,G04,25,.6
410570050262005,math,G05,26,.576
410570050262008,ela,G03,167,.428
410570050262008,ela,G04,165,.303
410570050262008,ela,G05,178,.399
410570050262008,math,G03,167,.512
410570050262008,math,G04,165,.279
410570050262008,math,G05,178,.23
410570070261001,ela,G06,282,.408
410570070261001,ela,G07,277,.466
410570070261001,ela,G08,319,.464
410570070261001,math,G06,282,.326
410570070261001,math,G07,278,.378
410570070261001,math,G08,319,.498
410570070261002,ela,G06,251,.482
410570070261002,ela,G07,263,.319
410570070261002,ela,G08,281,.391
410570070261002,math,G06,250,.252
410570070261002,math,G07,262,.29
410570070261002,math,G08,281,.31
410570070262003,ela,G03,123,.398
410570070262003,ela,G04,118,.398
410570070262003,ela,G05,133,.534
410570070262003,math,G03,123,.496
410570070262003,math,G04,118,.246
410570070262003,math,G05,133,.504
410570070262005,ela,G03,75,.413
410570070262005,ela,G04,97,.299
410570070262005,ela,G05,88,.307
410570070262005,math,G03,75,.347
410570070262005,math,G04,97,.299
410570070262005,math,G05,88,.375
410570070262010,ela,G03,144,.301
410570070262010,ela,G04,146,.575
410570070262010,ela,G05,129,.391
410570070262010,math,G03,144,.427
410570070262010,math,G04,146,.369
410570070262010,math,G05,129,.359
410570070262012,ela,G03,156,.192
410570070262012,ela,G04,157,.465
410570070262012,ela,G05,160,.407
410570070262012,math,G03,156,.231
410570070262012,math,G04,157,.331
410570070262012,math,G05,160,.357
410570080261002,ela,G06,170,.395
410570080261002,ela,G07,177,.35
410570080261002,ela,G08,169,.397
410570080261002,math,G06,170,.224
410570080261002,math,G07,177,.221
410570080261002,math,G08,169,.29
410570080262007,ela,G04,174,.39
410570080262007,ela,G05,174,.526
410570080262007,math,G04,174,.247
410570080262007,math,G05,173,.226
410570080262009,ela,G03,164,.293
410570080262009,math,G03,164,.286
410570090261003,ela,G07,383,.197
410570090261003,ela,G08,429,.206
410570090261003,math,G07,382,.071
410570090261003,math,G08,427,.047
410570090262007,ela,G03,207,.126
410570090262007,ela,G04,210,.138
410570090262007,ela,G05,*,--
410570090262007,math,G03,207,.179
410570090262007,math,G04,210,.076
410570090262007,math,G05,*,--
410570090262013,ela,G03,195,.113
410570090262013,ela,G04,190,.206
410570090262013,math,G03,193,.125
410570090262013,math,G04,190,.127
410570090262024,ela,G05,387,.119
410570090262024,ela,G06,407,.19
410570090262024,math,G05,387,.052
410570090262024,math,G06,403,.064
410570100261003,ela,G07,465,.35
410570100261003,ela,G08,436,.346
410570100261003,math,G07,467,.171
410570100261003,math,G08,437,.192
410570100262001,ela,G03,48,.25
410570100262001,ela,G04,47,.468
410570100262001,math,G03,48,.25
410570100262001,math,G04,47,.255
410570100262006,ela,G03,70,.203
410570100262006,ela,G04,64,.141
410570100262006,math,G03,69,.118
410570100262006,math,G04,64,.141
410570100262011,ela,G03,75,.139
410570100262011,ela,G04,62,.369
410570100262011,math,G03,75,.181
410570100262011,math,G04,62,.228
410570100262013,ela,G03,17,.471
410570100262013,ela,G04,18,.222
410570100262013,math,G03,17,.529
410570100262013,math,G04,18,.333
410570100262014,ela,G03,93,.216
410570100262014,ela,G04,100,.21
410570100262014,math,G03,93,.183
410570100262014,math,G04,100,.16
410570100262020,ela,G03,16,.501
410570100262020,ela,G04,18,.222
410570100262020,math,G03,16,.5
410570100262020,math,G04,18,0
410570100262022,ela,G03,62,.549
410570100262022,ela,G04,65,.631
410570100262022,math,G03,62,.612
410570100262022,math,G04,65,.539
410570100262023,ela,G03,27,.148
410570100262023,ela,G04,36,.5
410570100262023,math,G03,27,.148
410570100262023,math,G04,36,.25
410570100262024,ela,G05,410,.419
410570100262024,ela,G06,400,.541
410570100262024,math,G05,409,.23
410570100262024,math,G06,399,.165
410570110261006,ela,G06,406,.217
410570110261006,ela,G07,378,.249
410570110261006,ela,G08,396,.288
410570110261006,math,G06,404,.096
410570110261006,math,G07,378,.152
410570110261006,math,G08,395,.101
410570110262015,ela,G05,*,--
410570110262015,math,G05,*,--
410570110262028,ela,G03,80,.238
410570110262028,ela,G04,92,.185
410570110262028,ela,G05,117,.188
410570110262028,math,G03,80,.288
410570110262028,math,G04,92,.152
410570110262028,math,G05,117,.171
410570110262029,ela,G03,152,.118
410570110262029,ela,G04,136,.237
410570110262029,ela,G05,137,.278
410570110262029,math,G03,152,.197
410570110262029,math,G04,136,.142
410570110262029,math,G05,137,.205
410570110262030,ela,G03,145,.255
410570110262030,ela,G04,139,.245
410570110262030,ela,G05,156,.199
410570110262030,math,G03,145,.296
410570110262030,math,G04,138,.174
410570110262030,math,G05,156,.154
410570120261003,ela,G06,32,.094
410570120261003,ela,G07,32,.156
410570120261003,ela,G08,49,.313
410570120261003,math,G06,30,.1
410570120261003,math,G07,32,.031
410570120261003,math,G08,48,.021
410570120262008,ela,G03,55,.073
410570120262008,ela,G04,48,.064
410570120262008,ela,G05,50,.08
410570120262008,math,G03,55,.091
410570120262008,math,G04,48,.043
410570120262008,math,G05,50,0
410570130021001,ela,G06,50,.44
410570130021001,ela,G07,64,.391
410570130021001,ela,G08,62,.29
410570130021001,math,G06,50,.14
410570130021001,math,G07,64,.266
410570130021001,math,G08,62,.145
410570130022002,ela,G03,79,.064
410570130022002,ela,G04,68,.118
410570130022002,ela,G05,59,.458
410570130022002,math,G03,79,.127
410570130022002,math,G04,68,.044
410570130022002,math,G05,59,.203
410570150031001,ela,G06,48,.333
410570150031001,ela,G07,63,.191
410570150031001,ela,G08,53,.226
410570150031001,math,G06,48,.188
410570150031001,math,G07,63,.222
410570150031001,math,G08,54,.111
410570150032002,ela,G03,31,.097
410570150032002,ela,G04,37,.378
410570150032002,ela,G05,42,.333
410570150032002,math,G03,31,.193
410570150032002,math,G04,37,.243
410570150032002,math,G05,42,.191
410570150032004,ela,G03,15,.067
410570150032004,ela,G04,13,.308
410570150032004,ela,G05,18,.556
410570150032004,math,G03,15,.133
410570150032004,math,G04,13,0
410570150032004,math,G05,18,.278
440630020031001,ela,G06,131,.687
440630020031001,ela,G07,124,.524
440630020031001,ela,G08,135,.607
440630020031001,math,G06,127,.378
440630020031001,math,G07,123,.366
440630020031001,math,G08,131,.389
440630020032001,ela,G03,86,.407
440630020032001,ela,G04,66,.47
440630020032001,ela,G05,63,.603
440630020032001,math,G03,86,.337
440630020032001,math,G04,66,.288
440630020032001,math,G05,62,.323
440630020032002,ela,G03,47,.66
440630020032002,ela,G04,42,.69
440630020032002,ela,G05,41,.366
440630020032002,math,G03,47,.703
440630020032002,math,G04,42,.333
440630020032002,math,G05,41,.268
440630030031001,ela,G05,43,.365
440630030031001,ela,G06,47,.277
440630030031001,ela,G07,40,.1
440630030031001,ela,G08,51,.196
440630030031001,math,G05,46,.205
440630030031001,math,G06,47,.17
440630030031001,math,G07,40,.3
440630030031001,math,G08,52,.154
440630030032001,ela,G03,44,.25
440630030032001,ela,G04,43,.643
440630030032001,math,G03,44,.227
440630030032001,math,G04,43,.429
440630120261003,ela,G06,134,.425
440630120261003,ela,G07,101,.376
440630120261003,ela,G08,119,.446
440630120261003,math,G06,134,.201
440630120261003,math,G07,101,.149
440630120261003,math,G08,118,.161
440630120262001,ela,G03,125,.256
440630120262001,ela,G04,109,.404
440630120262001,ela,G05,118,.313
440630120262001,math,G03,125,.48
440630120262001,math,G04,109,.285
440630120262001,math,G05,119,.277
440630150041006,ela,G06,208,.48
440630150041006,ela,G07,238,.445
440630150041006,ela,G08,228,.483
440630150041006,math,G06,208,.221
440630150041006,math,G07,238,.199
440630150041006,math,G08,227,.286
440630150041007,ela,G05,*,--
440630150041007,ela,G06,235,.464
440630150041007,ela,G07,224,.446
440630150041007,ela,G08,221,.41
440630150041007,math,G05,*,--
440630150041007,math,G06,234,.183
440630150041007,math,G07,224,.341
440630150041007,math,G08,221,.226
440630150041008,ela,G04,209,.235
440630150041008,ela,G05,204,.379
440630150041008,math,G04,209,.129
440630150041008,math,G05,204,.192
440630150042001,ela,G03,86,.244
440630150042001,math,G03,87,.379
440630150042002,ela,G03,119,.356
440630150042002,math,G03,119,.348
440630150042003,ela,G03,48,.34
440630150042003,ela,G04,26,.384
440630150042003,ela,G05,31,.58
440630150042003,math,G03,48,.383
440630150042003,math,G04,26,.269
440630150042003,math,G05,31,.42
440630150042004,ela,G03,91,.355
440630150042004,ela,G04,90,.422
440630150042004,ela,G05,76,.473
440630150042004,math,G03,91,.478
440630150042004,math,G04,90,.356
440630150042004,math,G05,74,.23
440630150042005,ela,G03,105,.24
440630150042005,ela,G04,105,.423
440630150042005,ela,G05,89,.379
440630150042005,math,G03,105,.173
440630150042005,math,G04,105,.279
440630150042005,math,G05,89,.172
440630180042001,ela,G03,23,.434
440630180042001,ela,G04,20,.556
440630180042001,ela,G05,36,.647
440630180042001,ela,G06,35,.5
440630180042001,ela,G07,33,.563
440630180042001,ela,G08,37,.622
440630180042001,math,G03,23,.565
440630180042001,math,G04,20,.333
440630180042001,math,G05,37,.629
440630180042001,math,G06,34,.485
440630180042001,math,G07,33,.376
440630180042001,math,G08,37,.486
440630190241001,ela,G06,41,.55
440630190241001,ela,G07,26,.36
440630190241001,ela,G08,28,.714
440630190241001,math,G06,41,.225
440630190241001,math,G07,26,.44
440630190241001,math,G08,28,.572
440630190242001,ela,G03,36,.5
440630190242001,ela,G04,20,.579
440630190242001,ela,G05,32,.594
440630190242001,math,G03,36,.412
440630190242001,math,G04,20,.211
440630190242001,math,G05,32,.125
440630260041004,ela,G06,236,.496
440630260041004,ela,G07,267,.549
440630260041004,ela,G08,219,.598
440630260041004,math,G06,236,.205
440630260041004,math,G07,268,.375
440630260041004,math,G08,219,.22
440630260042002,ela,G03,76,.274
440630260042002,ela,G04,77,.395
440630260042002,ela,G05,93,.286
440630260042002,math,G03,76,.301
440630260042002,math,G04,77,.263
440630260042002,math,G05,93,.363
440630260042004,ela,G03,84,.366
440630260042004,ela,G04,97,.389
440630260042004,ela,G05,66,.446
440630260042004,math,G03,85,.361
440630260042004,math,G04,97,.295
440630260042004,math,G05,66,.215
440630260042005,ela,G03,94,.424
440630260042005,ela,G04,101,.42
440630260042005,ela,G05,80,.436
440630260042005,math,G03,94,.435
440630260042005,math,G04,101,.3
440630260042005,math,G05,79,.312
440630360022001,ela,G03,43,.372
440630360022001,ela,G04,50,.22
440630360022001,ela,G05,29,.207
440630360022001,ela,G06,37,.27
440630360022001,ela,G07,39,.077
440630360022001,ela,G08,55,.556
440630360022001,math,G03,43,.279
440630360022001,math,G04,50,.14
440630360022001,math,G05,29,.138
440630360022001,math,G06,37,.108
440630360022001,math,G07,39,.128
440630360022001,math,G08,55,.296
440630460031001,ela,G05,92,.473
440630460031001,ela,G06,91,.681
440630460031001,ela,G07,88,.494
440630460031001,ela,G08,70,.428
440630460031001,math,G05,92,.264
440630460031001,math,G06,91,.319
440630460031001,math,G07,88,.275
440630460031001,math,G08,70,.186
440630460032001,ela,G03,91,.451
440630460032001,ela,G04,78,.641
440630460032001,math,G03,91,.561
440630460032001,math,G04,80,.476
440630470041004,ela,G06,260,.44
440630470041004,ela,G07,248,.327
440630470041004,ela,G08,278,.452
440630470041004,math,G06,260,.205
440630470041004,math,G07,248,.243
440630470041004,math,G08,278,.14
440630470041005,ela,G06,266,.512
440630470041005,ela,G07,270,.344
440630470041005,ela,G08,293,.602
440630470041005,math,G06,266,.229
440630470041005,math,G07,270,.263
440630470041005,math,G08,291,.327
440630470041006,ela,G06,242,.541
440630470041006,ela,G07,257,.358
440630470041006,ela,G08,252,.571
440630470041006,math,G06,242,.19
440630470041006,math,G07,257,.289
440630470041006,math,G08,252,.25
440630470042001,ela,G03,70,.147
440630470042001,ela,G04,70,.217
440630470042001,ela,G05,79,.165
440630470042001,math,G03,70,.191
440630470042001,math,G04,70,.087
440630470042001,math,G05,79,.038
440630470042002,ela,G03,78,.208
440630470042002,ela,G04,112,.327
440630470042002,ela,G05,67,.424
440630470042002,math,G03,79,.192
440630470042002,math,G04,112,.136
440630470042002,math,G05,67,.197
440630470042003,ela,G03,92,.244
440630470042003,ela,G04,110,.315
440630470042003,ela,G05,107,.311
440630470042003,math,G03,93,.286
440630470042003,math,G04,110,.213
440630470042003,math,G05,108,.103
440630470042005,ela,G03,124,.358
440630470042005,ela,G04,97,.573
440630470042005,ela,G05,126,.413
440630470042005,math,G03,124,.285
440630470042005,math,G04,97,.354
440630470042005,math,G05,126,.31
440630470042007,ela,G03,60,.483
440630470042007,ela,G04,65,.554
440630470042007,ela,G05,79,.519
440630470042007,math,G03,60,.552
440630470042007,math,G04,65,.323
440630470042007,math,G05,78,.346
440630470042008,ela,G03,88,.379
440630470042008,ela,G04,94,.431
440630470042008,ela,G05,88,.443
440630470042008,math,G03,88,.459
440630470042008,math,G04,94,.29
440630470042008,math,G05,88,.193
440630470042009,ela,G03,93,.322
440630470042009,ela,G04,60,.373
440630470042009,ela,G05,71,.423
440630470042009,math,G03,93,.3
440630470042009,math,G04,60,.339
440630470042009,math,G05,71,.211
440630470042010,ela,G03,86,.395
440630470042010,ela,G04,89,.573
440630470042010,ela,G05,90,.511
440630470042010,math,G03,86,.384
440630470042010,math,G04,89,.348
440630470042010,math,G05,90,.344
440630470042011,ela,G03,66,.415
440630470042011,ela,G04,71,.493
440630470042011,ela,G05,58,.604
440630470042011,math,G03,66,.477
440630470042011,math,G04,71,.239
440630470042011,math,G05,58,.431
440630500261002,ela,G06,207,.283
440630500261002,ela,G07,185,.195
440630500261002,ela,G08,187,.3
440630500261002,math,G06,206,.041
440630500261002,math,G07,186,.057
440630500261002,math,G08,185,.048
440630500262003,ela,G04,180,.11
440630500262003,ela,G05,181,.198
440630500262003,math,G04,180,.046
440630500262003,math,G05,181,.096
440630500262007,ela,G03,139,.06
440630500262007,math,G03,139,.06
440631580221002,ela,G06,248,.631
440631580221002,ela,G07,241,.511
440631580221002,ela,G08,260,.682
440631580221002,math,G06,248,.373
440631580221002,math,G07,241,.403
440631580221002,math,G08,262,.346
440631580221003,ela,G06,396,.587
440631580221003,ela,G07,386,.681
440631580221003,ela,G08,380,.687
440631580221003,math,G06,398,.359
440631580221003,math,G07,388,.422
440631580221003,math,G08,381,.483
440631580222003,ela,G03,*,--
440631580222003,ela,G04,*,--
440631580222003,math,G03,*,--
440631580222003,math,G04,*,--
440631580222004,ela,G03,154,.544
440631580222004,ela,G04,150,.608
440631580222004,ela,G05,160,.554
440631580222004,math,G03,154,.483
440631580222004,math,G04,150,.52
440631580222004,math,G05,161,.466
440631580222005,ela,G03,257,.401
440631580222005,ela,G04,262,.502
440631580222005,ela,G05,236,.457
440631580222005,math,G03,257,.417
440631580222005,math,G04,262,.439
440631580222005,math,G05,236,.393
440631580222006,ela,G03,*,--
440631580222006,ela,G04,*,--
440631580222006,math,G03,*,--
440631580222006,math,G04,*,--
440631580222007,ela,G03,202,.415
440631580222007,ela,G04,180,.558
440631580222007,ela,G05,184,.561
440631580222007,math,G03,202,.469
440631580222007,math,G04,180,.453
440631580222007,math,G05,184,.416
440631650031001,ela,G06,128,.425
440631650031001,ela,G07,110,.509
440631650031001,ela,G08,84,.329
440631650031001,math,G06,128,.315
440631650031001,math,G07,110,.315
440631650031001,math,G08,84,.329
440631650032002,ela,G03,123,.363
440631650032002,math,G03,123,.306
440631650032004,ela,G04,124,.419
440631650032004,ela,G05,99,.285
440631650032004,math,G04,122,.418
440631650032004,math,G05,98,.206
440632000261006,ela,G06,199,.637
440632000261006,ela,G07,186,.625
440632000261006,ela,G08,238,.736
440632000261006,math,G06,194,.285
440632000261006,math,G07,186,.239
440632000261006,math,G08,236,.348
440632000261007,ela,G06,232,.74
440632000261007,ela,G07,253,.639
440632000261007,ela,G08,231,.786
440632000261007,math,G06,232,.383
440632000261007,math,G07,250,.395
440632000261007,math,G08,230,.43
440632000262003,ela,G03,52,.404
440632000262003,ela,G04,67,.409
440632000262003,ela,G05,77,.403
440632000262003,math,G03,53,.264
440632000262003,math,G04,67,.152
440632000262003,math,G05,76,.145
440632000262004,ela,G03,53,.377
440632000262004,ela,G04,54,.5
440632000262004,ela,G05,55,.563
440632000262004,math,G03,53,.453
440632000262004,math,G04,54,.259
440632000262004,math,G05,55,.328
440632000262006,ela,G03,75,.429
440632000262006,ela,G04,79,.474
440632000262006,ela,G05,62,.442
440632000262006,math,G03,75,.357
440632000262006,math,G04,79,.205
440632000262006,math,G05,62,.114
440632000262007,ela,G03,100,.49
440632000262007,ela,G04,70,.434
440632000262007,ela,G05,71,.408
440632000262007,math,G03,100,.43
440632000262007,math,G04,70,.26
440632000262007,math,G05,70,.143
440632000262008,ela,G03,87,.409
440632000262008,ela,G04,76,.676
440632000262008,ela,G05,71,.577
440632000262008,math,G03,87,.253
440632000262008,math,G04,75,.205
440632000262008,math,G05,71,.141
440632000262010,ela,G03,71,.285
440632000262010,ela,G04,73,.528
440632000262010,ela,G05,62,.5
440632000262010,math,G03,71,.243
440632000262010,math,G04,73,.278
440632000262010,math,G05,62,.242
450670030261001,ela,G06,21,.333
450670030261001,ela,G07,31,.129
450670030261001,ela,G08,29,.138
450670030261001,math,G06,21,.048
450670030261001,math,G07,31,.129
450670030261001,math,G08,29,0
450670030262001,ela,G03,21,.429
450670030262001,ela,G04,28,.214
450670030262001,ela,G05,23,.26
450670030262001,math,G03,21,.333
450670030262001,math,G04,28,.036
450670030262001,math,G05,23,.304
450670040261001,ela,G05,142,.415
450670040261001,ela,G06,169,.758
450670040261001,ela,G07,152,.559
450670040261001,ela,G08,145,.814
450670040261001,math,G05,142,.422
450670040261001,math,G06,169,.775
450670040261001,math,G07,152,.441
450670040261001,math,G08,146,.363
450670040262001,ela,G03,148,.493
450670040262001,ela,G04,142,.641
450670040262001,math,G03,148,.629
450670040262001,math,G04,142,.634
450670050261001,ela,G06,190,.732
450670050261001,ela,G07,189,.651
450670050261001,ela,G08,189,.784
450670050261001,math,G06,190,.358
450670050261001,math,G07,189,.471
450670050261001,math,G08,189,.524
450670050262004,ela,G03,201,.627
450670050262004,math,G03,201,.761
450670050262005,ela,G04,164,.604
450670050262005,ela,G05,207,.459
450670050262005,math,G04,164,.525
450670050262005,math,G05,207,.415
450790010221002,ela,G06,17,.412
450790010221002,ela,G07,17,.176
450790010221002,ela,G08,14,.642
450790010221002,math,G06,17,.059
450790010221002,math,G07,17,.118
450790010221002,math,G08,14,.214
450790010222001,ela,G03,10,.2
450790010222001,ela,G04,*,--
450790010222001,ela,G05,14,.286
450790010222001,math,G03,10,.6
450790010222001,math,G04,*,--
450790010222001,math,G05,14,.429
450791320260001,ela,G08,*,--
450791320260001,math,G08,*,--
450791320262002,ela,G03,66,.454
450791320262002,ela,G04,76,.5
450791320262002,ela,G05,57,.299
450791320262002,ela,G06,52,.615
450791320262002,ela,G07,70,.557
450791320262002,ela,G08,62,.613
450791320262002,math,G03,66,.53
450791320262002,math,G04,76,.329
450791320262002,math,G05,57,.158
450791320262002,math,G06,52,.25
450791320262002,math,G07,70,.157
450791320262002,math,G08,62,.065
450791340042001,ela,G03,*,--
450791340042001,ela,G04,*,--
450791340042001,ela,G05,13,.308
450791340042001,ela,G06,14,.571
450791340042001,ela,G07,14,.714
450791340042001,ela,G08,12,.75
450791340042001,math,G03,*,--
450791340042001,math,G04,*,--
450791340042001,math,G05,13,.231
450791340042001,math,G06,14,.143
450791340042001,math,G07,14,.572
450791340042001,math,G08,12,.167
450791380262002,ela,G03,30,.067
450791380262002,ela,G04,29,.138
450791380262002,ela,G05,32,.063
450791380262002,ela,G06,29,.413
450791380262002,ela,G07,18,.667
450791380262002,ela,G08,31,.516
450791380262002,math,G03,30,.067
450791380262002,math,G04,29,.034
450791380262002,math,G05,32,.125
450791380262002,math,G06,29,.241
450791380262002,math,G07,18,.333
450791380262002,math,G08,31,.194
450791390262002,ela,G03,61,.254
450791390262002,ela,G04,45,.5
450791390262002,ela,G05,61,.45
450791390262002,ela,G06,71,.443
450791390262002,ela,G07,71,.493
450791390262002,ela,G08,63,.397
450791390262002,math,G03,61,.271
450791390262002,math,G04,45,.295
450791390262002,math,G05,61,.15
450791390262002,math,G06,71,.2
450791390262002,math,G07,71,.197
450791390262002,math,G08,63,.079
450791400262002,ela,G03,76,.145
450791400262002,ela,G04,63,.191
450791400262002,ela,G05,75,.12
450791400262002,ela,G06,75,.613
450791400262002,ela,G07,62,.242
450791400262002,ela,G08,59,.119
450791400262002,math,G03,76,.197
450791400262002,math,G04,63,.143
450791400262002,math,G05,75,.04
450791400262002,math,G06,75,.2
450791400262002,math,G07,63,.159
450791400262002,math,G08,59,.068
450791400262008,ela,G03,11,.182
450791400262008,ela,G04,14,.214
450791400262008,ela,G05,15,.333
450791400262008,ela,G06,14,.286
450791400262008,ela,G07,16,.626
450791400262008,ela,G08,17,.353
450791400262008,math,G03,11,.182
450791400262008,math,G04,14,.071
450791400262008,math,G05,15,.067
450791400262008,math,G06,14,.071
450791400262008,math,G07,16,.188
450791400262008,math,G08,17,.177
470521700221001,ela,G06,190,.426
470521700221001,ela,G07,188,.319
470521700221001,ela,G08,185,.432
470521700221001,math,G06,190,.2
470521700221001,math,G07,187,.181
470521700221001,math,G08,182,.208
470521700222003,ela,G04,170,.306
470521700222003,ela,G05,195,.41
470521700222003,math,G04,170,.194
470521700222003,math,G05,194,.191
470521700222004,ela,G03,147,.15
470521700222004,math,G03,147,.15
470522200022001,ela,G03,*,--
470522200022001,ela,G04,*,--
470522200022001,ela,G05,*,--
470522200022001,ela,G06,*,--
470522200022001,ela,G07,10,.3
470522200022001,ela,G08,10,.2
470522200022001,math,G03,*,--
470522200022001,math,G04,*,--
470522200022001,math,G05,*,--
470522200022001,math,G06,*,--
470522200022001,math,G07,10,.4
470522200022001,math,G08,10,.3
470522710261001,ela,G06,*,--
470522710261001,ela,G07,12,.583
470522710261001,ela,G08,*,--
470522710261001,math,G06,*,--
470522710261001,math,G07,12,.417
470522710261001,math,G08,*,--
470522710262005,ela,G03,15,.133
470522710262005,ela,G04,*,--
470522710262005,ela,G05,21,.286
470522710262005,math,G03,15,.334
470522710262005,math,G04,*,--
470522710262005,math,G05,21,.095
470522720261002,ela,G05,51,.451
470522720261002,ela,G06,51,.491
470522720261002,ela,G07,43,.256
470522720261002,ela,G08,56,.393
470522720261002,math,G05,51,.451
470522720261002,math,G06,51,.16
470522720261002,math,G07,43,.163
470522720261002,math,G08,56,.125
470522720262003,ela,G03,40,.5
470522720262003,ela,G04,55,.509
470522720262003,math,G03,40,.55
470522720262003,math,G04,55,.352
470522750260001,ela,G07,38,.447
470522750260001,ela,G08,26,.692
470522750260001,math,G07,38,.342
470522750260001,math,G08,26,.384
470522750262003,ela,G03,34,.294
470522750262003,ela,G04,34,.264
470522750262003,ela,G05,35,.314
470522750262003,ela,G06,41,.512
470522750262003,math,G03,34,.176
470522750262003,math,G04,34,.147
470522750262003,math,G05,35,.229
470522750262003,math,G06,41,.415
470711440032001,ela,G03,*,--
470711440032001,ela,G04,*,--
470711440032001,ela,G05,*,--
470711440032001,ela,G06,*,--
470711440032001,ela,G07,11,.364
470711440032001,ela,G08,10,.7
470711440032001,math,G03,*,--
470711440032001,math,G04,*,--
470711440032001,math,G05,*,--
470711440032001,math,G06,*,--
470711440032001,math,G07,11,.091
470711440032001,math,G08,10,.3
470711610042001,ela,G03,10,.4
470711610042001,ela,G04,10,.7
470711610042001,ela,G05,*,--
470711610042001,ela,G06,*,--
470711610042001,ela,G07,11,.455
470711610042001,ela,G08,*,--
470711610042001,math,G03,10,.4
470711610042001,math,G04,10,.7
470711610042001,math,G05,*,--
470711610042001,math,G06,*,--
470711610042001,math,G07,11,.545
470711610042001,math,G08,*,--
470712200260001,ela,G07,97,.701
470712200260001,ela,G08,104,.683
470712200260001,math,G07,97,.258
470712200260001,math,G08,104,.317
470712200262006,ela,G03,89,.517
470712200262006,ela,G04,99,.485
470712200262006,ela,G05,89,.573
470712200262006,ela,G06,88,.363
470712200262006,math,G03,89,.663
470712200262006,math,G04,99,.475
470712200262006,math,G05,89,.382
470712200262006,math,G06,88,.181
470712210260004,ela,G06,53,.698
470712210260004,ela,G07,63,.54
470712210260004,ela,G08,64,.359
470712210260004,math,G06,53,.415
470712210260004,math,G07,63,.381
470712210260004,math,G08,64,.125
470712210262003,ela,G03,49,.347
470712210262003,ela,G04,46,.521
470712210262003,ela,G05,51,.51
470712210262003,math,G03,49,.449
470712210262003,math,G04,46,.391
470712210262003,math,G05,51,.294
470712220261001,ela,G06,27,.481
470712220261001,ela,G07,38,.526
470712220261001,ela,G08,40,.775
470712220261001,math,G06,27,.185
470712220261001,math,G07,38,.263
470712220261001,math,G08,40,.15
470712220262001,ela,G03,35,.486
470712220262001,ela,G04,36,.417
470712220262001,ela,G05,45,.489
470712220262001,math,G03,35,.772
470712220262001,math,G04,36,.445
470712220262001,math,G05,45,.423
470712230261001,ela,G06,116,.508
470712230261001,ela,G07,105,.409
470712230261001,ela,G08,101,.564
470712230261001,math,G06,116,.284
470712230261001,math,G07,105,.19
470712230261001,math,G08,101,.317
470712230262004,ela,G03,102,.314
470712230262004,ela,G04,107,.308
470712230262004,ela,G05,95,.305
470712230262004,math,G03,102,.402
470712230262004,math,G04,107,.233
470712230262004,math,G05,95,.19
470712260261001,ela,G06,126,.826
470712260261001,ela,G07,128,.696
470712260261001,ela,G08,106,.67
470712260261001,math,G06,126,.31
470712260261001,math,G07,128,.406
470712260261001,math,G08,106,.217
470712260262003,ela,G03,100,.38
470712260262003,ela,G04,95,.484
470712260262003,ela,G05,103,.417
470712260262003,math,G03,100,.55
470712260262003,math,G04,95,.4
470712260262003,math,G05,103,.457
470712310041002,ela,G06,157,.414
470712310041002,ela,G07,142,.359
470712310041002,ela,G08,158,.367
470712310041002,math,G06,157,.134
470712310041002,math,G07,142,.253
470712310041002,math,G08,158,.108
470712310042001,ela,G03,146,.096
470712310042001,math,G03,146,.103
470712310042005,ela,G04,136,.118
470712310042005,ela,G05,165,.172
470712310042005,math,G04,136,.088
470712310042005,math,G05,166,.097
470712690042002,ela,G03,*,--
470712690042002,ela,G04,10,.8
470712690042002,ela,G05,12,.667
470712690042002,ela,G06,*,--
470712690042002,ela,G07,*,--
470712690042002,ela,G08,*,--
470712690042002,math,G03,*,--
470712690042002,math,G04,10,.7
470712690042002,math,G05,12,.417
470712690042002,math,G06,*,--
470712690042002,math,G07,*,--
470712690042002,math,G08,*,--
470980010261002,ela,G05,38,.526
470980010261002,ela,G06,36,.694
470980010261002,ela,G07,46,.717
470980010261002,ela,G08,43,.535
470980010261002,math,G05,38,.473
470980010261002,math,G06,36,.333
470980010261002,math,G07,46,.326
470980010261002,math,G08,43,.442
470980010262003,ela,G03,30,.4
470980010262003,ela,G04,43,.396
470980010262003,ela,G05,*,--
470980010262003,math,G03,29,.586
470980010262003,math,G04,43,.581
470980010262003,math,G05,*,--
470980020261002,ela,G06,76,.592
470980020261002,ela,G07,75,.374
470980020261002,ela,G08,78,.462
470980020261002,math,G06,76,.184
470980020261002,math,G07,74,.257
470980020261002,math,G08,79,.367
470980020262005,ela,G03,63,.143
470980020262005,ela,G04,58,.397
470980020262005,ela,G05,69,.333
470980020262005,math,G03,63,.222
470980020262005,math,G04,58,.276
470980020262005,math,G05,69,.261
470980030261004,ela,G06,63,.698
470980030261004,ela,G07,41,.805
470980030261004,ela,G08,54,.87
470980030261004,math,G06,63,.333
470980030261004,math,G07,41,.512
470980030261004,math,G08,54,.13
470980030262005,ela,G03,14,.286
470980030262005,ela,G04,42,.5
470980030262005,ela,G05,42,.381
470980030262005,math,G03,14,.286
470980030262005,math,G04,42,.262
470980030262005,math,G05,42,.238
470980030262006,ela,G03,37,.162
470980030262006,math,G03,37,.324
470980050261006,ela,G06,234,.299
470980050261006,ela,G07,231,.298
470980050261006,ela,G08,241,.382
470980050261006,math,G06,233,.107
470980050261006,math,G07,232,.176
470980050261006,math,G08,241,.286
470980050262008,ela,G03,91,.275
470980050262008,ela,G04,101,.397
470980050262008,ela,G05,105,.239
470980050262008,math,G03,91,.451
470980050262008,math,G04,101,.188
470980050262008,math,G05,105,.181
470980050262010,ela,G03,127,.338
470980050262010,ela,G04,117,.393
470980050262010,ela,G05,129,.349
470980050262010,math,G03,127,.299
470980050262010,math,G04,117,.333
470980050262010,math,G05,129,.241
470980060261001,ela,G06,62,.596
470980060261001,ela,G07,66,.393
470980060261001,ela,G08,79,.519
470980060261001,math,G06,62,.339
470980060261001,math,G07,67,.299
470980060261001,math,G08,79,.203
470980060262003,ela,G03,66,.061
470980060262003,ela,G04,71,.522
470980060262003,ela,G05,76,.487
470980060262003,math,G03,66,.348
470980060262003,math,G04,71,.465
470980060262003,math,G05,75,.346
470980130021004,ela,G06,76,.605
470980130021004,ela,G07,73,.397
470980130021004,ela,G08,87,.781
470980130021004,math,G06,76,.224
470980130021004,math,G07,74,.271
470980130021004,math,G08,87,.344
470980130022002,ela,G03,70,.343
470980130022002,ela,G04,90,.278
470980130022002,ela,G05,81,.272
470980130022002,math,G03,70,.428
470980130022002,math,G04,91,.176
470980130022002,math,G05,81,.135
470980200022001,ela,G03,23,.26
470980200022001,ela,G04,21,.571
470980200022001,ela,G05,25,.44
470980200022001,ela,G06,23,.26
470980200022001,ela,G07,24,.417
470980200022001,ela,G08,29,.482
470980200022001,math,G03,23,.174
470980200022001,math,G04,21,.191
470980200022001,math,G05,25,.16
470980200022001,math,G06,23,.13
470980200022001,math,G07,24,.334
470980200022001,math,G08,29,.241
470981450042001,ela,G03,18,.278
470981450042001,ela,G04,30,.434
470981450042001,ela,G05,21,.429
470981450042001,ela,G06,15,.733
470981450042001,ela,G07,19,.368
470981450042001,ela,G08,26,.538
470981450042001,math,G03,18,.722
470981450042001,math,G04,30,.233
470981450042001,math,G05,21,.238
470981450042001,math,G06,15,.533
470981450042001,math,G07,19,.369
470981450042001,math,G08,26,.346
480720620022001,ela,G03,43,.256
480720620022001,math,G03,43,.14
480720620022003,ela,G04,41,.22
480720620022003,ela,G05,26,.308
480720620022003,ela,G06,32,.344
480720620022003,ela,G07,32,.156
480720620022003,ela,G08,36,.611
480720620022003,math,G04,41,.122
480720620022003,math,G05,26,.192
480720620022003,math,G06,32,.094
480720620022003,math,G07,32,.031
480720620022003,math,G08,36,.111
480720630021001,ela,G05,32,.312
480720630021001,ela,G06,36,.584
480720630021001,ela,G07,36,.389
480720630021001,ela,G08,49,.653
480720630021001,math,G05,32,.469
480720630021001,math,G06,36,.25
480720630021001,math,G07,36,.139
480720630021001,math,G08,50,.16
480720630022002,ela,G03,37,.027
480720630022002,ela,G04,37,.162
480720630022002,math,G03,37,.108
480720630022002,math,G04,37,.162
480720660022001,ela,G03,21,.143
480720660022001,ela,G04,16,.25
480720660022001,ela,G05,14,.286
480720660022001,ela,G06,23,.261
480720660022001,ela,G07,15,0
480720660022001,ela,G08,18,.111
480720660022001,math,G03,22,.227
480720660022001,math,G04,16,.063
480720660022001,math,G05,14,.143
480720660022001,math,G06,23,0
480720660022001,math,G07,15,0
480720660022001,math,G08,17,0
480720680022002,ela,G03,30,.2
480720680022002,ela,G04,34,.412
480720680022002,ela,G05,29,.345
480720680022002,ela,G06,31,.581
480720680022002,ela,G07,25,.48
480720680022002,ela,G08,25,.4
480720680022002,math,G03,30,.233
480720680022002,math,G04,34,.5
480720680022002,math,G05,29,.172
480720680022002,math,G06,31,.129
480720680022002,math,G07,25,.32
480720680022002,math,G08,25,.28
480720690022001,ela,G03,*,--
480720690022001,ela,G04,10,.2
480720690022001,ela,G05,16,.188
480720690022001,ela,G06,11,.091
480720690022001,ela,G07,18,.389
480720690022001,ela,G08,15,.357
480720690022001,math,G03,*,--
480720690022001,math,G04,10,0
480720690022001,math,G05,16,0
480720690022001,math,G06,11,0
480720690022001,math,G07,18,.111
480720690022001,math,G08,15,.143
480720700022001,ela,G03,35,.543
480720700022001,ela,G04,35,.485
480720700022001,ela,G05,32,.5
480720700022001,ela,G06,28,.465
480720700022001,ela,G07,23,.522
480720700022001,ela,G08,36,.805
480720700022001,math,G03,35,.486
480720700022001,math,G04,35,.457
480720700022001,math,G05,30,.467
480720700022001,math,G06,28,.464
480720700022001,math,G07,23,.304
480720700022001,math,G08,35,.343
48072150025027C,ela,G05,63,.048
48072150025027C,ela,G06,55,.109
48072150025027C,ela,G07,41,.024
48072150025027C,ela,G08,45,.089
48072150025027C,math,G05,63,.016
48072150025027C,math,G06,56,0
48072150025027C,math,G07,42,.095
48072150025027C,math,G08,45,0
480721500251001,ela,G05,79,.063
480721500251001,ela,G06,73,.178
480721500251001,ela,G07,79,.203
480721500251001,ela,G08,69,.333
480721500251001,math,G05,79,.063
480721500251001,math,G06,73,.082
480721500251001,math,G07,79,.088
480721500251001,math,G08,68,.294
480721500251002,ela,G05,71,.099
480721500251002,ela,G06,78,.064
480721500251002,ela,G07,83,.157
480721500251002,ela,G08,97,.052
480721500251002,math,G05,71,0
480721500251002,math,G06,78,0
480721500251002,math,G07,83,.036
480721500251002,math,G08,97,.021
480721500251003,ela,G05,47,.191
480721500251003,ela,G06,55,.148
480721500251003,ela,G07,74,.135
480721500251003,ela,G08,51,.216
480721500251003,math,G05,47,.064
480721500251003,math,G06,55,0
480721500251003,math,G07,74,0
480721500251003,math,G08,51,0
480721500251006,ela,G05,76,.039
480721500251006,ela,G06,80,.163
480721500251006,ela,G07,81,.062
480721500251006,ela,G08,81,.284
480721500251006,math,G05,77,0
480721500251006,math,G06,81,0
480721500251006,math,G07,80,0
480721500251006,math,G08,81,0
480721500251009,ela,G05,70,.119
480721500251009,ela,G06,65,.246
480721500251009,ela,G07,62,.311
480721500251009,ela,G08,85,.53
480721500251009,math,G05,70,.119
480721500251009,math,G06,64,.172
480721500251009,math,G07,62,.23
480721500251009,math,G08,85,.253
480721500251013,ela,G05,57,.283
480721500251013,ela,G06,64,.266
480721500251013,ela,G07,53,.132
480721500251013,ela,G08,58,.086
480721500251013,math,G05,57,.245
480721500251013,math,G06,64,.016
480721500251013,math,G07,53,.057
480721500251013,math,G08,58,.103
480721500251015,ela,G05,84,.952
480721500251015,ela,G06,76,.921
480721500251015,ela,G07,66,.894
480721500251015,ela,G08,61,.967
480721500251015,math,G05,84,.881
480721500251015,math,G06,76,.789
480721500251015,math,G07,66,.742
480721500251015,math,G08,61,.836
480721500252010,ela,G03,54,.148
480721500252010,ela,G04,59,.102
480721500252010,math,G03,54,.149
480721500252010,math,G04,58,.052
480721500252011,ela,G03,75,.08
480721500252011,ela,G04,60,.086
480721500252011,math,G03,75,.04
480721500252011,math,G04,60,.034
480721500252028,ela,G03,67,0
480721500252028,ela,G04,67,.03
480721500252028,ela,G05,60,0
480721500252028,ela,G06,58,.017
480721500252028,ela,G07,51,.02
480721500252028,ela,G08,54,.074
480721500252028,math,G03,67,.03
480721500252028,math,G04,68,0
480721500252028,math,G05,60,0
480721500252028,math,G06,58,0
480721500252028,math,G07,51,0
480721500252028,math,G08,54,.019
480721500252032,ela,G03,77,.091
480721500252032,ela,G04,65,.092
480721500252032,math,G03,76,.013
480721500252032,math,G04,65,.062
480721500252034,ela,G03,73,.042
480721500252034,ela,G04,89,.07
480721500252034,ela,G05,79,.067
480721500252034,ela,G06,67,.09
480721500252034,ela,G07,78,.064
480721500252034,ela,G08,59,.085
480721500252034,math,G03,73,.042
480721500252034,math,G04,87,.036
480721500252034,math,G05,78,.027
480721500252034,math,G06,68,.015
480721500252034,math,G07,77,.013
480721500252034,math,G08,60,.017
480721500252036,ela,G03,73,.045
480721500252036,ela,G04,72,.074
480721500252036,ela,G05,51,.021
480721500252036,ela,G06,54,.04
480721500252036,ela,G07,54,.13
480721500252036,ela,G08,50,.16
480721500252036,math,G03,73,.134
480721500252036,math,G04,72,.029
480721500252036,math,G05,51,0
480721500252036,math,G06,54,.02
480721500252036,math,G07,54,.037
480721500252036,math,G08,50,0
480721500252037,ela,G03,86,.105
480721500252037,ela,G04,78,.141
480721500252037,math,G03,86,.128
480721500252037,math,G04,77,.078
480721500252038,ela,G03,98,.032
480721500252038,ela,G04,87,.047
480721500252038,ela,G05,76,.041
480721500252038,ela,G06,110,.039
480721500252038,ela,G07,97,.044
480721500252038,ela,G08,101,.069
480721500252038,math,G03,98,.095
480721500252038,math,G04,86,.024
480721500252038,math,G05,75,.028
480721500252038,math,G06,110,0
480721500252038,math,G07,97,.011
480721500252038,math,G08,101,.023
480721500252039,ela,G03,76,.184
480721500252039,ela,G04,63,.143
480721500252039,math,G03,76,.237
480721500252039,math,G04,63,.063
480721500252040,ela,G03,77,.455
480721500252040,ela,G04,65,.354
480721500252040,math,G03,77,.377
480721500252040,math,G04,65,.4
480721500252047,ela,G03,60,.267
480721500252047,ela,G04,65,.422
480721500252047,math,G03,60,.333
480721500252047,math,G04,64,.235
480721500252051,ela,G03,76,.24
480721500252051,ela,G04,64,.444
480721500252051,math,G03,76,.373
480721500252051,math,G04,64,.429
480721500252052,ela,G03,43,.07
480721500252052,ela,G04,47,0
480721500252052,ela,G05,36,.083
480721500252052,ela,G06,39,.051
480721500252052,ela,G07,26,.038
480721500252052,ela,G08,42,.119
480721500252052,math,G03,43,.093
480721500252052,math,G04,46,0
480721500252052,math,G05,36,0
480721500252052,math,G06,37,0
480721500252052,math,G07,26,.038
480721500252052,math,G08,42,.024
480722650261001,ela,G06,73,.602
480722650261001,ela,G07,76,.592
480722650261001,ela,G08,97,.547
480722650261001,math,G06,73,.384
480722650261001,math,G07,76,.381
480722650261001,math,G08,97,.268
480722650262002,ela,G03,92,.304
480722650262002,ela,G04,81,.395
480722650262002,ela,G05,92,.402
480722650262002,math,G03,92,.424
480722650262002,math,G04,81,.26
480722650262002,math,G05,92,.316
480723090262002,ela,G03,35,.2
480723090262002,ela,G04,38,.394
480723090262002,ela,G05,40,.375
480723090262002,ela,G06,40,.7
480723090262002,ela,G07,49,.49
480723090262002,ela,G08,47,.787
480723090262002,math,G03,35,.229
480723090262002,math,G04,38,.184
480723090262002,math,G05,40,.175
480723090262002,math,G06,40,.625
480723090262002,math,G07,49,.449
480723090262002,math,G08,47,.724
480723160042001,ela,G03,28,.5
480723160042001,ela,G04,19,.579
480723160042001,ela,G05,25,.32
480723160042001,ela,G06,20,.2
480723160042001,ela,G07,18,.333
480723160042001,ela,G08,19,.579
480723160042001,math,G03,28,.464
480723160042001,math,G04,19,.211
480723160042001,math,G05,25,.28
480723160042001,math,G06,20,.2
480723160042001,math,G07,18,.5
480723160042001,math,G08,19,.316
480723210261001,ela,G06,63,.699
480723210261001,ela,G07,65,.4
480723210261001,ela,G08,55,.618
480723210261001,math,G06,63,.492
480723210261001,math,G07,65,.2
480723210261001,math,G08,55,.254
480723210261002,ela,G06,64,.719
480723210261002,ela,G07,81,.691
480723210261002,ela,G08,89,.607
480723210261002,math,G06,64,.407
480723210261002,math,G07,81,.284
480723210261002,math,G08,88,.25
480723210262004,ela,G03,77,.403
480723210262004,math,G03,77,.468
480723210262005,ela,G03,79,.329
480723210262005,ela,G04,55,.673
480723210262005,ela,G05,53,.453
480723210262005,math,G03,79,.367
480723210262005,math,G04,55,.636
480723210262005,math,G05,53,.359
480723210262008,ela,G04,75,.413
480723210262008,ela,G05,79,.367
480723210262008,math,G04,75,.32
480723210262008,math,G05,79,.266
480723220261001,ela,G07,50,.7
480723220261001,ela,G08,47,.574
480723220261001,math,G07,50,.38
480723220261001,math,G08,47,.383
480723220262002,ela,G03,43,.419
480723220262002,ela,G04,48,.313
480723220262002,ela,G05,44,.636
480723220262002,ela,G06,49,.673
480723220262002,math,G03,43,.535
480723220262002,math,G04,48,.313
480723220262002,math,G05,44,.569
480723220262002,math,G06,49,.51
480723230261001,ela,G06,167,.715
480723230261001,ela,G07,171,.707
480723230261001,ela,G08,175,.854
480723230261001,math,G06,167,.557
480723230261001,math,G07,171,.602
480723230261001,math,G08,176,.64
480723230261002,ela,G06,187,.852
480723230261002,ela,G07,210,.658
480723230261002,ela,G08,193,.797
480723230261002,math,G06,187,.5
480723230261002,math,G07,210,.57
480723230261002,math,G08,193,.567
480723230262002,ela,G03,44,.454
480723230262002,ela,G04,37,.622
480723230262002,ela,G05,41,.537
480723230262002,math,G03,44,.318
480723230262002,math,G04,37,.27
480723230262002,math,G05,41,.463
480723230262003,ela,G03,52,.589
480723230262003,ela,G04,61,.525
480723230262003,ela,G05,56,.604
480723230262003,math,G03,52,.529
480723230262003,math,G04,60,.533
480723230262003,math,G05,56,.584
480723230262004,ela,G03,58,.649
480723230262004,ela,G04,57,.684
480723230262004,ela,G05,58,.562
480723230262004,math,G03,58,.509
480723230262004,math,G04,57,.526
480723230262004,math,G05,58,.421
480723230262005,ela,G03,70,.529
480723230262005,ela,G04,86,.607
480723230262005,ela,G05,60,.586
480723230262005,math,G03,69,.449
480723230262005,math,G04,85,.47
480723230262005,math,G05,60,.293
480723230262006,ela,G03,143,.639
480723230262006,ela,G04,145,.705
480723230262006,ela,G05,128,.696
480723230262006,math,G03,143,.677
480723230262006,math,G04,145,.626
480723230262006,math,G05,127,.516
480723250262005,ela,G03,51,.176
480723250262005,ela,G04,41,.293
480723250262005,ela,G05,54,.333
480723250262005,ela,G06,41,.39
480723250262005,ela,G07,49,.102
480723250262005,ela,G08,49,.163
480723250262005,math,G03,51,.255
480723250262005,math,G04,41,.122
480723250262005,math,G05,54,.037
480723250262005,math,G06,41,.024
480723250262005,math,G07,49,.102
480723250262005,math,G08,49,0
480723260260005,ela,G06,47,.696
480723260260005,ela,G07,46,.587
480723260260005,ela,G08,42,.761
480723260260005,math,G06,47,.5
480723260260005,math,G07,46,.587
480723260260005,math,G08,42,.834
480723260262004,ela,G03,50,.265
480723260262004,ela,G04,41,.268
480723260262004,ela,G05,59,.424
480723260262004,math,G03,50,.347
480723260262004,math,G04,41,.171
480723260262004,math,G05,59,.339
480723270262004,ela,G03,48,.271
480723270262004,ela,G04,64,.454
480723270262004,ela,G05,57,.614
480723270262004,math,G03,48,.271
480723270262004,math,G04,64,.156
480723270262004,math,G05,57,.351
480723270262006,ela,G06,59,.61
480723270262006,ela,G07,64,.203
480723270262006,ela,G08,56,.678
480723270262006,math,G06,59,.186
480723270262006,math,G07,64,.203
480723270262006,math,G08,56,.572
480723280032001,ela,G03,18,.444
480723280032001,ela,G04,12,.75
480723280032001,ela,G05,19,.631
480723280032001,ela,G06,10,.7
480723280032001,ela,G07,18,.5
480723280032001,ela,G08,17,.706
480723280032001,math,G03,18,.112
480723280032001,math,G04,12,.25
480723280032001,math,G05,19,.474
480723280032001,math,G06,10,.3
480723280032001,math,G07,18,.389
480723280032001,math,G08,17,.706
490810290022001,ela,G03,19,0
490810290022001,ela,G04,33,.303
490810290022001,ela,G05,25,.32
490810290022001,ela,G06,24,.458
490810290022001,ela,G07,23,.434
490810290022001,ela,G08,24,.667
490810290022001,math,G03,19,.056
490810290022001,math,G04,33,.273
490810290022001,math,G05,25,.12
490810290022001,math,G06,24,.25
490810290022001,math,G07,23,.347
490810290022001,math,G08,24,.542
490810300170001,ela,G08,*,--
490810300170001,math,G08,*,--
490810340021001,ela,G06,76,.276
490810340021001,ela,G07,58,.21
490810340021001,ela,G08,66,.439
490810340021001,math,G06,75,.04
490810340021001,math,G07,58,.07
490810340021001,math,G08,66,.076
490810340022003,ela,G03,50,.22
490810340022003,ela,G04,69,.231
490810340022003,ela,G05,57,.211
490810340022003,math,G03,50,.16
490810340022003,math,G04,69,.086
490810340022003,math,G05,57,.105
490810360022002,ela,G03,21,.048
490810360022002,ela,G04,24,.167
490810360022002,ela,G05,30,.067
490810360022002,ela,G06,29,.069
490810360022002,ela,G07,25,.08
490810360022002,ela,G08,29,.103
490810360022002,math,G03,21,0
490810360022002,math,G04,24,.042
490810360022002,math,G05,30,0
490810360022002,math,G06,29,0
490810360022002,math,G07,25,0
490810360022002,math,G08,29,.034
490810370021002,ela,G05,244,.099
490810370021002,ela,G06,287,.212
490810370021002,ela,G07,267,.199
490810370021002,ela,G08,303,.223
490810370021002,math,G05,243,.096
490810370021002,math,G06,284,.12
490810370021002,math,G07,265,.155
490810370021002,math,G08,303,.157
490810370022001,ela,G03,72,.194
490810370022001,ela,G04,67,.254
490810370022001,math,G03,72,.195
490810370022001,math,G04,67,.209
490810370022003,ela,G03,69,.075
490810370022003,ela,G04,63,.08
490810370022003,math,G03,69,.03
490810370022003,math,G04,63,.097
490810370022008,ela,G03,81,.272
490810370022008,ela,G04,74,.284
490810370022008,math,G03,81,.21
490810370022008,math,G04,74,.216
490810370022009,ela,G03,57,.07
490810370022009,ela,G04,45,.289
490810370022009,math,G03,57,.105
490810370022009,math,G04,45,.178
490810400221003,ela,G06,238,.268
490810400221003,ela,G07,269,.265
490810400221003,ela,G08,229,.345
490810400221003,math,G06,238,.128
490810400221003,math,G07,266,.122
490810400221003,math,G08,228,.097
490810400221004,ela,G06,262,.309
490810400221004,ela,G07,290,.202
490810400221004,ela,G08,271,.249
490810400221004,math,G06,262,.131
490810400221004,math,G07,290,.104
490810400221004,math,G08,272,.146
490810400222007,ela,G03,38,.184
490810400222007,ela,G04,20,.35
490810400222007,ela,G05,40,.125
490810400222007,math,G03,38,.158
490810400222007,math,G04,20,.2
490810400222007,math,G05,40,.2
490810400222011,ela,G03,55,.236
490810400222011,ela,G04,59,.339
490810400222011,ela,G05,46,.152
490810400222011,math,G03,55,.381
490810400222011,math,G04,59,.254
490810400222011,math,G05,46,.217
490810400222014,ela,G03,98,.326
490810400222014,ela,G04,94,.383
490810400222014,ela,G05,110,.354
490810400222014,math,G03,98,.367
490810400222014,math,G04,94,.234
490810400222014,math,G05,110,.263
490810400222016,ela,G03,59,.074
490810400222016,ela,G04,57,.018
490810400222016,ela,G05,54,.078
490810400222016,math,G03,58,.038
490810400222016,math,G04,57,.018
490810400222016,math,G05,54,.02
490810400222017,ela,G03,60,.237
490810400222017,ela,G04,44,.25
490810400222017,ela,G05,47,.065
490810400222017,math,G03,60,.254
490810400222017,math,G04,44,.091
490810400222017,math,G05,47,.022
490810400222019,ela,G03,63,.206
490810400222019,ela,G04,52,.432
490810400222019,ela,G05,45,.511
490810400222019,math,G03,64,.313
490810400222019,math,G04,53,.327
490810400222019,math,G05,45,.244
490810400222021,ela,G03,70,.188
490810400222021,ela,G04,63,.175
490810400222021,ela,G05,68,.364
490810400222021,math,G03,70,.275
490810400222021,math,G04,63,.175
490810400222021,math,G05,68,.151
490810400222022,ela,G03,58,.105
490810400222022,ela,G04,59,.203
490810400222022,ela,G05,41,.051
490810400222022,math,G03,59,.034
490810400222022,math,G04,59,.136
490810400222022,math,G05,41,0
490810400222023,ela,G03,31,.032
490810400222023,ela,G04,31,.129
490810400222023,ela,G05,18,.176
490810400222023,math,G03,31,.097
490810400222023,math,G04,32,.188
490810400222023,math,G05,18,.118
490810400222026,ela,G03,52,.44
490810400222026,ela,G04,62,.317
490810400222026,ela,G05,46,.435
490810400222026,math,G03,52,.52
490810400222026,math,G04,62,.317
490810400222026,math,G05,46,.304
490810410250001,ela,G07,*,--
490810410250001,ela,G08,*,--
490810410250001,math,G07,*,--
490810410250001,math,G08,*,--
490810410251003,ela,G07,205,.175
490810410251003,ela,G08,203,.138
490810410251003,math,G07,196,.133
490810410251003,math,G08,196,.092
490810410251005,ela,G07,282,.24
490810410251005,ela,G08,244,.255
490810410251005,math,G07,281,.14
490810410251005,math,G08,235,.154
490810410252007,ela,G03,43,.14
490810410252007,ela,G04,48,.104
490810410252007,ela,G05,43,.256
490810410252007,ela,G06,69,.58
490810410252007,math,G03,43,.14
490810410252007,math,G04,48,.063
490810410252007,math,G05,43,.233
490810410252007,math,G06,69,.232
490810410252008,ela,G03,31,.069
490810410252008,ela,G04,23,.522
490810410252008,ela,G05,35,.412
490810410252008,ela,G06,26,.48
490810410252008,math,G03,31,0
490810410252008,math,G04,23,.261
490810410252008,math,G05,35,.412
490810410252008,math,G06,26,.2
490810410252009,ela,G03,65,.384
490810410252009,ela,G04,69,.265
490810410252009,ela,G05,64,.204
490810410252009,ela,G06,68,.508
490810410252009,math,G03,65,.477
490810410252009,math,G04,69,.279
490810410252009,math,G05,64,.172
490810410252009,math,G06,68,.359
490810410252010,ela,G03,48,.064
490810410252010,ela,G04,39,.158
490810410252010,ela,G05,48,.152
490810410252010,ela,G06,45,.182
490810410252010,math,G03,48,.106
490810410252010,math,G04,39,.079
490810410252010,math,G05,48,.152
490810410252010,math,G06,45,.045
490810410252015,ela,G03,38,.086
490810410252015,ela,G04,27,.077
490810410252015,ela,G05,40,.026
490810410252015,ela,G06,31,.071
490810410252015,math,G03,38,.057
490810410252015,math,G04,27,.038
490810410252015,math,G05,40,.077
490810410252015,math,G06,31,.036
490810410252016,ela,G03,38,.131
490810410252016,ela,G04,31,.097
490810410252016,ela,G05,22,.091
490810410252016,ela,G06,31,.452
490810410252016,math,G03,38,.211
490810410252016,math,G04,31,.065
490810410252016,math,G05,22,.045
490810410252016,math,G06,31,.291
490810410252017,ela,G03,30,.233
490810410252017,ela,G04,40,.25
490810410252017,ela,G05,35,.143
490810410252017,ela,G06,37,.27
490810410252017,math,G03,30,.267
490810410252017,math,G04,40,.225
490810410252017,math,G05,35,.143
490810410252017,math,G06,37,.243
490810410252020,ela,G03,82,.12
490810410252020,ela,G04,71,.056
490810410252020,ela,G05,70,.072
490810410252020,ela,G06,70,.147
490810410252020,math,G03,80,.11
490810410252020,math,G04,71,.042
490810410252020,math,G05,69,.029
490810410252020,math,G06,68,.015
490810410252021,ela,G03,64,.11
490810410252021,ela,G04,57,.158
490810410252021,ela,G05,63,.175
490810410252021,ela,G06,51,.216
490810410252021,math,G03,64,.265
490810410252021,math,G04,57,.053
490810410252021,math,G05,63,.27
490810410252021,math,G06,51,.118
490811000261002,ela,G06,69,.594
490811000261002,ela,G07,101,.535
490811000261002,ela,G08,87,.678
490811000261002,math,G06,69,.362
490811000261002,math,G07,101,.416
490811000261002,math,G08,87,.23
490811000262007,ela,G03,55,.509
490811000262007,ela,G04,76,.5
490811000262007,ela,G05,82,.622
490811000262007,math,G03,55,.581
490811000262007,math,G04,76,.421
490811000262007,math,G05,81,.37
490812000261001,ela,G07,90,.322
490812000261001,ela,G08,110,.409
490812000261001,math,G07,89,.146
490812000261001,math,G08,111,.207
490812000262003,ela,G05,89,.371
490812000262003,ela,G06,97,.423
490812000262003,math,G05,89,.191
490812000262003,math,G06,97,.216
490812000262006,ela,G03,48,.188
490812000262006,ela,G04,50,.3
490812000262006,math,G03,48,.209
490812000262006,math,G04,50,.14
490812000262007,ela,G03,39,.411
490812000262007,ela,G04,40,.55
490812000262007,math,G03,39,.256
490812000262007,math,G04,40,.35
490813000261002,ela,G06,81,.494
490813000261002,ela,G07,76,.474
490813000261002,ela,G08,85,.553
490813000261002,math,G06,81,.123
490813000261002,math,G07,76,.289
490813000261002,math,G08,85,.318
490813000262003,ela,G03,72,.306
490813000262003,ela,G04,76,.395
490813000262003,ela,G05,76,.368
490813000262003,math,G03,72,.347
490813000262003,math,G04,76,.408
490813000262003,math,G05,76,.105
500820090260003,ela,G06,21,.619
500820090260003,ela,G07,41,.439
500820090260003,ela,G08,31,.517
500820090260003,math,G06,21,.286
500820090260003,math,G07,41,.219
500820090260003,math,G08,31,.097
500820090262002,ela,G03,46,.391
500820090262002,ela,G04,47,.532
500820090262002,ela,G05,33,.667
500820090262002,math,G03,46,.565
500820090262002,math,G04,47,.32
500820090262002,math,G05,33,.425
500820190261002,ela,G06,331,.699
500820190261002,ela,G07,310,.579
500820190261002,ela,G08,299,.729
500820190261002,math,G06,331,.42
500820190261002,math,G07,310,.404
500820190261002,math,G08,299,.653
500820190262003,ela,G03,132,.631
500820190262003,ela,G04,136,.705
500820190262003,ela,G05,140,.6
500820190262003,math,G03,132,.523
500820190262003,math,G04,135,.682
500820190262003,math,G05,140,.521
500820190262006,ela,G03,128,.446
500820190262006,ela,G04,96,.779
500820190262006,ela,G05,99,.724
500820190262006,math,G03,128,.524
500820190262006,math,G04,96,.579
500820190262006,math,G05,99,.592
500820190262007,ela,G03,73,.445
500820190262007,ela,G04,57,.649
500820190262007,ela,G05,78,.717
500820190262007,math,G03,73,.583
500820190262007,math,G04,57,.561
500820190262007,math,G05,78,.551
500820300032001,ela,G03,*,--
500820300032001,ela,G04,*,--
500820300032001,ela,G05,*,--
500820300032001,ela,G06,*,--
500820300032001,ela,G07,*,--
500820300032001,ela,G08,*,--
500820300032001,math,G03,*,--
500820300032001,math,G04,*,--
500820300032001,math,G05,*,--
500820300032001,math,G06,*,--
500820300032001,math,G07,*,--
500820300032001,math,G08,*,--
500820400260001,ela,G07,30,.267
500820400260001,ela,G08,42,.262
500820400260001,math,G07,30,.133
500820400260001,math,G08,42,.214
500820400262002,ela,G03,27,.296
500820400262002,ela,G04,29,.103
500820400262002,ela,G05,31,.323
500820400262002,ela,G06,30,.367
500820400262002,math,G03,27,.222
500820400262002,math,G04,29,.138
500820400262002,math,G05,31,.226
500820400262002,math,G06,30,.4
500820600261001,ela,G06,29,.827
500820600261001,ela,G07,24,.625
500820600261001,ela,G08,40,.825
500820600261001,math,G06,29,.379
500820600261001,math,G07,24,.416
500820600261001,math,G08,40,.5
500820600262001,ela,G03,32,.656
500820600262001,ela,G04,30,.5
500820600262001,ela,G05,40,.5
500820600262001,ela,G07,*,--
500820600262001,math,G03,32,.501
500820600262001,math,G04,30,.233
500820600262001,math,G05,40,.4
500820600262001,math,G07,*,--
500820700042003,ela,G03,79,.316
500820700042003,ela,G04,89,.416
500820700042003,ela,G05,83,.566
500820700042003,ela,G06,87,.604
500820700042003,ela,G07,78,.513
500820700042003,ela,G08,108,.694
500820700042003,math,G03,79,.532
500820700042003,math,G04,89,.472
500820700042003,math,G05,83,.409
500820700042003,math,G06,87,.384
500820700042003,math,G07,78,.41
500820700042003,math,G08,108,.482
500820850021001,ela,G04,63,.444
500820850021001,ela,G05,70,.471
500820850021001,ela,G06,61,.655
500820850021001,ela,G07,71,.521
500820850021001,ela,G08,51,.529
500820850021001,math,G04,62,.468
500820850021001,math,G05,70,.272
500820850021001,math,G06,61,.443
500820850021001,math,G07,71,.465
500820850021001,math,G08,51,.235
500820850022001,ela,G03,55,.4
500820850022001,math,G03,55,.472
500820900041002,ela,G06,220,.845
500820900041002,ela,G07,212,.698
500820900041002,ela,G08,222,.734
500820900041002,math,G06,220,.514
500820900041002,math,G07,212,.491
500820900041002,math,G08,222,.491
500820900041003,ela,G06,239,.641
500820900041003,ela,G07,207,.532
500820900041003,ela,G08,238,.647
500820900041003,math,G06,239,.406
500820900041003,math,G07,207,.377
500820900041003,math,G08,238,.349
500820900042002,ela,G03,78,.5
500820900042002,ela,G04,67,.537
500820900042002,ela,G05,73,.671
500820900042002,math,G03,78,.538
500820900042002,math,G04,67,.433
500820900042002,math,G05,73,.424
500820900042003,ela,G03,80,.538
500820900042003,ela,G04,77,.585
500820900042003,ela,G05,94,.574
500820900042003,math,G03,80,.701
500820900042003,math,G04,77,.585
500820900042003,math,G05,94,.585
500820900042004,ela,G03,48,.229
500820900042004,ela,G04,52,.538
500820900042004,ela,G05,61,.525
500820900042004,math,G03,48,.375
500820900042004,math,G04,52,.327
500820900042004,math,G05,61,.443
500820900042005,ela,G03,106,.34
500820900042005,ela,G04,102,.5
500820900042005,ela,G05,121,.595
500820900042005,math,G03,106,.453
500820900042005,math,G04,102,.363
500820900042005,math,G05,121,.529
500820900042006,ela,G03,104,.653
500820900042006,ela,G04,106,.471
500820900042006,ela,G05,86,.652
500820900042006,math,G03,103,.641
500820900042006,math,G04,106,.491
500820900042006,math,G05,86,.582
500821040021001,ela,G05,57,.211
500821040021001,ela,G06,61,.377
500821040021001,ela,G07,63,.19
500821040021001,ela,G08,64,.329
500821040021001,math,G05,57,.175
500821040021001,math,G06,61,.148
500821040021001,math,G07,63,.206
500821040021001,math,G08,64,.172
500821040022001,ela,G03,64,.281
500821040022001,ela,G04,56,.358
500821040022001,math,G03,64,.313
500821040022001,math,G04,56,.286
500821050021001,ela,G06,74,.378
500821050021001,ela,G07,79,.569
500821050021001,ela,G08,62,.484
500821050021001,math,G06,74,.068
500821050021001,math,G07,79,.228
500821050021001,math,G08,62,.161
500821050022002,ela,G03,74,.108
500821050022002,ela,G04,62,.226
500821050022002,ela,G05,58,.259
500821050022002,math,G03,74,.149
500821050022002,math,G04,62,.193
500821050022002,math,G05,57,.158
500821100041006,ela,G05,62,.242
500821100041006,ela,G06,62,.468
500821100041006,ela,G07,63,.35
500821100041006,ela,G08,54,.426
500821100041006,math,G05,62,.097
500821100041006,math,G06,62,.113
500821100041006,math,G07,63,.111
500821100041006,math,G08,54,.037
500821100042002,ela,G03,54,.111
500821100042002,ela,G04,65,.384
500821100042002,math,G03,53,.075
500821100042002,math,G04,65,.154
500821130021001,ela,G05,80,.588
500821130021001,ela,G06,104,.529
500821130021001,ela,G07,82,.609
500821130021001,ela,G08,76,.777
500821130021001,math,G05,78,.513
500821130021001,math,G06,104,.337
500821130021001,math,G07,82,.512
500821130021001,math,G08,76,.579
500821130022001,ela,G03,76,.644
500821130022001,ela,G04,70,.457
500821130022001,math,G03,76,.592
500821130022001,math,G04,70,.5
500821150021001,ela,G05,132,.394
500821150021001,ela,G06,127,.409
500821150021001,ela,G07,107,.302
500821150021001,ela,G08,144,.375
500821150021001,math,G05,132,.197
500821150021001,math,G06,127,.055
500821150021001,math,G07,107,.17
500821150021001,math,G08,143,.07
500821150022001,ela,G03,114,.316
500821150022001,ela,G04,114,.307
500821150022001,math,G03,114,.254
500821150022001,math,G04,114,.167
500821160022001,ela,G03,30,.2
500821160022001,ela,G04,30,.206
500821160022001,ela,G05,40,.2
500821160022001,ela,G06,26,.461
500821160022001,ela,G07,36,.334
500821160022001,ela,G08,29,.31
500821160022001,math,G03,30,.267
500821160022001,math,G04,30,.069
500821160022001,math,G05,40,.025
500821160022001,math,G06,26,.077
500821160022001,math,G07,36,.056
500821160022001,math,G08,29,.034
500821180021012,ela,G07,155,.529
500821180021012,ela,G08,175,.615
500821180021012,math,G07,155,.219
500821180021012,math,G08,175,.282
500821180021013,ela,G07,184,.44
500821180021013,ela,G08,211,.464
500821180021013,math,G07,184,.163
500821180021013,math,G08,211,.204
500821180022001,ela,G03,79,.14
500821180022001,ela,G04,76,.224
500821180022001,ela,G05,70,.257
500821180022001,ela,G06,69,.347
500821180022001,math,G03,79,.038
500821180022001,math,G04,75,.08
500821180022001,math,G05,70,.157
500821180022001,math,G06,69,.072
500821180022004,ela,G03,49,.285
500821180022004,ela,G04,28,.107
500821180022004,ela,G05,29,.276
500821180022004,ela,G06,24,.334
500821180022004,math,G03,48,.229
500821180022004,math,G04,28,.214
500821180022004,math,G05,29,.275
500821180022004,math,G06,24,.167
500821180022005,ela,G03,21,.19
500821180022005,ela,G04,24,0
500821180022005,ela,G05,21,.238
500821180022005,ela,G06,20,.25
500821180022005,math,G03,21,.095
500821180022005,math,G04,24,0
500821180022005,math,G05,21,.286
500821180022005,math,G06,20,.05
500821180022006,ela,G03,26,.423
500821180022006,ela,G04,20,.2
500821180022006,ela,G05,18,.667
500821180022006,ela,G06,21,.714
500821180022006,math,G03,26,.385
500821180022006,math,G04,20,0
500821180022006,math,G05,18,.611
500821180022006,math,G06,21,.81
500821180022007,ela,G03,47,.362
500821180022007,ela,G04,29,.344
500821180022007,ela,G05,36,.222
500821180022007,ela,G06,27,.37
500821180022007,math,G03,47,.362
500821180022007,math,G04,29,.275
500821180022007,math,G05,36,.139
500821180022007,math,G06,27,.148
500821180022009,ela,G03,25,.6
500821180022009,ela,G04,43,.442
500821180022009,ela,G05,40,.625
500821180022009,ela,G06,33,.303
500821180022009,math,G03,25,.4
500821180022009,math,G04,43,.465
500821180022009,math,G05,40,.425
500821180022009,math,G06,33,.242
500821180022010,ela,G03,53,.434
500821180022010,ela,G04,53,.302
500821180022010,ela,G05,75,.213
500821180022010,ela,G06,66,.409
500821180022010,math,G03,53,.509
500821180022010,math,G04,53,.189
500821180022010,math,G05,75,.107
500821180022010,math,G06,66,.121
500821180022013,ela,G03,50,.24
500821180022013,ela,G04,49,.531
500821180022013,ela,G05,50,.22
500821180022013,ela,G06,46,.609
500821180022013,math,G03,50,.3
500821180022013,math,G04,49,.429
500821180022013,math,G05,50,.26
500821180022013,math,G06,45,.355
500821190022001,ela,G03,108,.231
500821190022001,ela,G04,104,.288
500821190022001,ela,G05,105,.257
500821190022001,ela,G06,87,.425
500821190022001,ela,G07,101,.554
500821190022001,ela,G08,114,.553
500821190022001,math,G03,108,.268
500821190022001,math,G04,104,.289
500821190022001,math,G05,105,.124
500821190022001,math,G06,87,.195
500821190022001,math,G07,101,.199
500821190022001,math,G08,114,.211
500821300042001,ela,G03,70,.543
500821300042001,ela,G04,56,.465
500821300042001,ela,G05,60,.683
500821300042001,ela,G06,65,.569
500821300042001,ela,G07,67,.717
500821300042001,ela,G08,62,.694
500821300042001,math,G03,70,.571
500821300042001,math,G04,56,.357
500821300042001,math,G05,60,.466
500821300042001,math,G06,65,.369
500821300042001,math,G07,67,.538
500821300042001,math,G08,62,.258
500821600042001,ela,G03,68,.559
500821600042001,ela,G04,73,.506
500821600042001,ela,G05,59,.661
500821600042001,ela,G06,89,.595
500821600042001,ela,G07,77,.611
500821600042001,ela,G08,89,.652
500821600042001,math,G03,68,.736
500821600042001,math,G04,73,.466
500821600042001,math,G05,59,.593
500821600042001,math,G06,89,.449
500821600042001,math,G07,77,.455
500821600042001,math,G08,89,.528
500821750021001,ela,G07,80,.438
500821750021001,ela,G08,69,.362
500821750021001,math,G07,80,.238
500821750021001,math,G08,69,.13
500821750022002,ela,G03,67,.149
500821750022002,math,G03,67,.06
500821750022003,ela,G04,64,.188
500821750022003,ela,G05,74,.244
500821750022003,ela,G06,59,.559
500821750022003,math,G04,64,.125
500821750022003,math,G05,74,.109
500821750022003,math,G06,59,.305
500821810022001,ela,G03,24,.625
500821810022001,ela,G04,23,.435
500821810022001,ela,G05,25,.24
500821810022001,ela,G06,34,.265
500821810022001,ela,G07,31,.258
500821810022001,ela,G08,29,.379
500821810022001,math,G03,24,.584
500821810022001,math,G04,23,.217
500821810022001,math,G05,24,.125
500821810022001,math,G06,34,.118
500821810022001,math,G07,31,.258
500821810022001,math,G08,29,.207
500821870261014,ela,G06,199,.08
500821870261014,ela,G07,181,.062
500821870261014,ela,G08,213,.09
500821870261014,math,G06,199,.005
500821870261014,math,G07,181,.011
500821870261014,math,G08,213,.009
500821870262005,ela,G03,76,.118
500821870262005,ela,G04,87,.138
500821870262005,ela,G05,99,.153
500821870262005,math,G03,75,.027
500821870262005,math,G04,87,.023
500821870262005,math,G05,99,0
500821870262007,ela,G03,40,.025
500821870262007,math,G03,40,.025
500821870262008,ela,G05,*,--
500821870262008,math,G05,*,--
500821870262009,ela,G03,42,.073
500821870262009,math,G03,42,.098
500821870262010,ela,G03,45,.044
500821870262010,ela,G04,98,.031
500821870262010,ela,G05,103,.029
500821870262010,ela,G07,*,--
500821870262010,math,G03,45,.044
500821870262010,math,G04,98,.02
500821870262010,math,G05,103,.01
500821870262010,math,G07,*,--
500821870262014,ela,G03,27,.222
500821870262014,ela,G04,25,.04
500821870262014,ela,G05,28,.036
500821870262014,ela,G06,25,.16
500821870262014,ela,G07,26,0
500821870262014,ela,G08,27,.111
500821870262014,math,G03,27,.111
500821870262014,math,G04,25,.04
500821870262014,math,G05,28,0
500821870262014,math,G06,25,.04
500821870262014,math,G07,25,0
500821870262014,math,G08,27,.074
500821880221001,ela,G06,*,--
500821880221001,ela,G07,*,--
500821880221001,ela,G08,15,.067
500821880221001,math,G06,*,--
500821880221001,math,G07,*,--
500821880221001,math,G08,15,0
500821880222001,ela,G03,12,.083
500821880222001,ela,G04,13,0
500821880222001,ela,G05,10,0
500821880222001,math,G03,12,.083
500821880222001,math,G04,13,0
500821880222001,math,G05,10,0
500821890221007,ela,G05,104,.058
500821890221007,ela,G06,148,.136
500821890221007,ela,G07,136,.11
500821890221007,ela,G08,176,.278
500821890221007,math,G05,104,.029
500821890221007,math,G06,148,.014
500821890221007,math,G07,136,.044
500821890221007,math,G08,176,.028
500821890221036,ela,G05,87,.057
500821890221036,ela,G06,94,.181
500821890221036,ela,G07,93,.204
500821890221036,ela,G08,118,.271
500821890221036,math,G05,85,0
500821890221036,math,G06,94,0
500821890221036,math,G07,92,.033
500821890221036,math,G08,117,.035
500821890222008,ela,G03,60,.1
500821890222008,ela,G04,77,.169
500821890222008,math,G03,60,.084
500821890222008,math,G04,76,.092
500821890222038,ela,G03,70,.3
500821890222038,ela,G04,63,.318
500821890222038,math,G03,70,.257
500821890222038,math,G04,63,.27
500821890222054,ela,G03,68,.118
500821890222054,ela,G04,56,.143
500821890222054,math,G03,68,.044
500821890222054,math,G04,56,.089
500821890222055,ela,G03,59,.136
500821890222055,ela,G04,68,.191
500821890222055,ela,G05,43,.256
500821890222055,ela,G06,42,.548
500821890222055,ela,G07,30,.566
500821890222055,ela,G08,25,.56
500821890222055,math,G03,59,.204
500821890222055,math,G04,68,.059
500821890222055,math,G05,43,.047
500821890222055,math,G06,42,.071
500821890222055,math,G07,29,.103
500821890222055,math,G08,25,.08
500821890222056,ela,G03,71,.324
500821890222056,ela,G04,51,.215
500821890222056,ela,G05,25,.72
500821890222056,math,G03,70,.371
500821890222056,math,G04,51,.255
500821890222056,math,G05,25,.16
500821960261001,ela,G07,61,.377
500821960261001,ela,G08,63,.587
500821960261001,math,G07,61,.082
500821960261001,math,G08,63,.254
500821960262006,ela,G03,54,.259
500821960262006,ela,G04,61,.541
500821960262006,ela,G05,44,.295
500821960262006,ela,G06,62,.597
500821960262006,math,G03,54,.371
500821960262006,math,G04,61,.098
500821960262006,math,G05,44,.136
500821960262006,math,G06,62,.242
510652000260001,ela,G06,11,.273
510652000260001,ela,G07,14,.143
510652000260001,ela,G08,23,.478
510652000260001,math,G06,11,.091
510652000260001,math,G07,14,.286
510652000260001,math,G08,23,.13
510652000262001,ela,G03,21,.571
510652000262001,ela,G04,13,.154
510652000262001,ela,G05,10,.5
510652000262001,math,G03,21,.762
510652000262001,math,G04,13,.308
510652000262001,math,G05,10,.3
510652020260001,ela,G07,72,.278
510652020260001,ela,G08,63,.302
510652020260001,math,G07,72,.111
510652020260001,math,G08,63,.048
510652020262006,ela,G03,72,.528
510652020262006,ela,G04,77,.429
510652020262006,ela,G05,66,.303
510652020262006,ela,G06,55,.618
510652020262006,math,G03,72,.32
510652020262006,math,G04,77,.117
510652020262006,math,G05,66,.091
510652020262006,math,G06,55,.054
510652130261001,ela,G07,63,.381
510652130261001,ela,G08,78,.539
510652130261001,math,G07,63,.19
510652130261001,math,G08,78,.27
510652130262001,ela,G04,58,.552
510652130262001,ela,G05,64,.469
510652130262001,ela,G06,79,.722
510652130262001,math,G04,58,.328
510652130262001,math,G05,64,.313
510652130262001,math,G06,79,.241
510652130262003,ela,G03,63,.476
510652130262003,math,G03,63,.523
510840010261001,ela,G06,49,.551
510840010261001,ela,G07,43,.535
510840010261001,ela,G08,33,.394
510840010261001,math,G06,49,.244
510840010261001,math,G07,43,.349
510840010261001,math,G08,33,.212
510840010262001,ela,G03,22,.455
510840010262001,ela,G04,38,.447
510840010262001,ela,G05,42,.667
510840010262001,math,G03,22,.636
510840010262001,math,G04,37,.378
510840010262001,math,G05,42,.5
51084003A261002,ela,G07,136,.323
51084003A261002,ela,G08,152,.592
51084003A261002,math,G07,136,.287
51084003A261002,math,G08,152,.217
51084003A262004,ela,G04,132,.334
51084003A262004,ela,G05,136,.338
51084003A262004,ela,G06,143,.546
51084003A262004,math,G04,132,.295
51084003A262004,math,G05,136,.294
51084003A262004,math,G06,143,.301
51084003A262005,ela,G03,124,.266
51084003A262005,math,G03,124,.346
510840050261002,ela,G07,360,.479
510840050261002,ela,G08,387,.499
510840050261002,math,G07,360,.287
510840050261002,math,G08,388,.363
510840050262003,ela,G03,98,.439
510840050262003,ela,G04,103,.544
510840050262003,math,G03,98,.541
510840050262003,math,G04,103,.436
510840050262004,ela,G03,94,.415
510840050262004,ela,G04,103,.563
510840050262004,math,G03,94,.51
510840050262004,math,G04,103,.417
510840050262005,ela,G05,323,.503
510840050262005,ela,G06,353,.443
510840050262005,math,G05,323,.341
510840050262005,math,G06,353,.318
510840050262006,ela,G03,110,.345
510840050262006,ela,G04,129,.524
510840050262006,math,G03,111,.414
510840050262006,math,G04,129,.411
510840080261001,ela,G05,95,.622
510840080261001,ela,G06,102,.569
510840080261001,ela,G07,96,.593
510840080261001,ela,G08,91,.659
510840080261001,math,G05,95,.327
510840080261001,math,G06,102,.284
510840080261001,math,G07,96,.333
510840080261001,math,G08,91,.407
510840080262004,ela,G03,96,.406
510840080262004,ela,G04,95,.554
510840080262004,math,G03,96,.5
510840080262004,math,G04,95,.351
510840100261001,ela,G06,77,.805
510840100261001,ela,G07,85,.529
510840100261001,ela,G08,75,.506
510840100261001,math,G06,77,.169
510840100261001,math,G07,85,.236
510840100261001,math,G08,75,.214
510840100262004,ela,G03,65,.092
510840100262004,ela,G04,68,.265
510840100262004,ela,G05,63,.333
510840100262004,math,G03,65,.231
510840100262004,math,G04,68,.147
510840100262004,math,G05,63,.095
510840110260001,ela,G07,46,.196
510840110260001,ela,G08,52,.519
510840110260001,math,G07,46,.131
510840110260001,math,G08,52,.115
510840110262001,ela,G03,26,.038
510840110262001,ela,G04,38,.342
510840110262001,ela,G05,39,.744
510840110262001,ela,G06,31,.775
510840110262001,math,G03,26,.269
510840110262001,math,G04,38,.184
510840110262001,math,G05,39,.205
510840110262001,math,G06,31,.097
510840140260001,ela,G08,*,--
510840140260001,math,G08,*,--
510840140261001,ela,G05,82,.414
510840140261001,ela,G06,106,.462
510840140261001,ela,G07,77,.39
510840140261001,ela,G08,83,.53
510840140261001,math,G05,81,.172
510840140261001,math,G06,106,.094
510840140261001,math,G07,77,.156
510840140261001,math,G08,83,.157
510840140262003,ela,G03,91,.143
510840140262003,ela,G04,73,.261
510840140262003,math,G03,91,.121
510840140262003,math,G04,72,.167
510840150261001,ela,G05,99,.515
510840150261001,ela,G06,126,.627
510840150261001,ela,G07,113,.655
510840150261001,ela,G08,94,.755
510840150261001,math,G05,99,.454
510840150261001,math,G06,125,.408
510840150261001,math,G07,113,.443
510840150261001,math,G08,94,.373
510840150262004,ela,G03,88,.534
510840150262004,ela,G04,91,.681
510840150262004,math,G03,88,.5
510840150262004,math,G04,90,.622
510840160261001,ela,G06,59,.644
510840160261001,ela,G07,39,.564
510840160261001,ela,G08,67,.821
510840160261001,math,G06,59,.254
510840160261001,math,G07,39,.307
510840160261001,math,G08,67,.388
510840160262001,ela,G03,60,.55
510840160262001,ela,G04,53,.434
510840160262001,ela,G05,51,.334
510840160262001,math,G03,60,.6
510840160262001,math,G04,53,.377
510840160262001,math,G05,51,.216
510841860251006,ela,G06,217,.396
510841860251006,ela,G07,255,.26
510841860251006,ela,G08,224,.375
510841860251006,math,G06,217,.278
510841860251006,math,G07,255,.184
510841860251006,math,G08,225,.186
510841860251007,ela,G06,171,.222
510841860251007,ela,G07,148,.095
510841860251007,ela,G08,187,.177
510841860251007,math,G06,171,.029
510841860251007,math,G07,147,.055
510841860251007,math,G08,187,.032
510841860251009,ela,G06,166,.072
510841860251009,ela,G07,177,.091
510841860251009,ela,G08,174,.109
510841860251009,math,G06,166,.006
510841860251009,math,G07,177,.045
510841860251009,math,G08,173,.04
510841860252010,ela,G03,43,.19
510841860252010,ela,G04,45,.111
510841860252010,ela,G05,44,.068
510841860252010,math,G03,43,.262
510841860252010,math,G04,45,.111
510841860252010,math,G05,44,.045
510841860252012,ela,G03,56,.286
510841860252012,ela,G04,62,.419
510841860252012,ela,G05,45,.341
510841860252012,math,G03,56,.197
510841860252012,math,G04,62,.339
510841860252012,math,G05,45,.25
510841860252013,ela,G03,39,.205
510841860252013,ela,G04,40,.179
510841860252013,ela,G05,36,.229
510841860252013,math,G03,39,.077
510841860252013,math,G04,40,.128
510841860252013,math,G05,36,.086
510841860252015,ela,G03,75,.013
510841860252015,ela,G04,56,.143
510841860252015,ela,G05,73,.194
510841860252015,math,G03,75,.013
510841860252015,math,G04,56,.089
510841860252015,math,G05,73,.028
510841860252016,ela,G03,29,.241
510841860252016,ela,G04,40,.125
510841860252016,ela,G05,39,.385
510841860252016,math,G03,29,.069
510841860252016,math,G04,40,.075
510841860252016,math,G05,39,.154
510841860252017,ela,G03,51,.02
510841860252017,ela,G04,46,.217
510841860252017,ela,G05,48,.188
510841860252017,math,G03,51,.098
510841860252017,math,G04,46,.043
510841860252017,math,G05,48,.125
51084186025201C,ela,G03,44,.182
51084186025201C,ela,G04,42,.238
51084186025201C,ela,G05,45,.311
51084186025201C,ela,G06,46,.239
51084186025201C,ela,G07,43,.349
51084186025201C,ela,G08,40,.525
51084186025201C,math,G03,44,.432
51084186025201C,math,G04,42,.143
51084186025201C,math,G05,45,.2
51084186025201C,math,G06,46,.109
51084186025201C,math,G07,43,.256
51084186025201C,math,G08,40,.2
510841860252020,ela,G03,18,.056
510841860252020,ela,G04,13,0
510841860252020,ela,G05,16,.5
510841860252020,math,G03,18,.389
510841860252020,math,G04,13,0
510841860252020,math,G05,16,.188
510841860252021,ela,G03,74,.609
510841860252021,ela,G04,70,.829
510841860252021,ela,G05,53,.755
510841860252021,ela,G06,21,.81
510841860252021,ela,G07,26,.846
510841860252021,ela,G08,11,1
510841860252021,math,G03,74,.919
510841860252021,math,G04,70,.843
510841860252021,math,G05,53,.68
510841860252021,math,G06,21,.761
510841860252021,math,G07,26,.731
510841860252021,math,G08,11,.819
510841860252022,ela,G03,13,0
510841860252022,ela,G04,17,.118
510841860252022,ela,G05,18,.389
510841860252022,math,G03,13,.231
510841860252022,math,G04,17,0
510841860252022,math,G05,18,.222
510841860252024,ela,G06,103,.602
510841860252024,ela,G07,96,.646
510841860252024,ela,G08,94,.872
510841860252024,math,G06,103,.271
510841860252024,math,G07,95,.527
510841860252024,math,G08,94,.468
510841860252026,ela,G03,41,.2
510841860252026,ela,G04,49,.531
510841860252026,ela,G05,49,.673
510841860252026,math,G03,41,.4
510841860252026,math,G04,49,.306
510841860252026,math,G05,49,.449
510841860252027,ela,G03,33,0
510841860252027,ela,G04,32,.031
510841860252027,ela,G05,33,.03
510841860252027,math,G03,33,.03
510841860252027,math,G04,32,0
510841860252027,math,G05,33,.03
510841860252028,ela,G03,39,.077
510841860252028,ela,G04,42,.143
510841860252028,ela,G05,23,.087
510841860252028,math,G03,39,.077
510841860252028,math,G04,42,.048
510841860252028,math,G05,23,0
510841860252032,ela,G03,38,0
510841860252032,ela,G04,38,.184
510841860252032,ela,G05,40,.125
510841860252032,math,G03,38,.026
510841860252032,math,G04,38,.184
510841860252032,math,G05,40,.05
510841860252033,ela,G03,45,.4
510841860252033,ela,G04,35,.371
510841860252033,ela,G05,50,.64
510841860252033,math,G03,45,.333
510841860252033,math,G04,35,.286
510841860252033,math,G05,50,.26
510841860252035,ela,G03,21,.095
510841860252035,ela,G04,21,.35
510841860252035,ela,G05,23,.095
510841860252035,math,G03,21,.048
510841860252035,math,G04,21,.15
510841860252035,math,G05,23,.048
510841860252037,ela,G03,46,0
510841860252037,ela,G04,45,.022
510841860252037,ela,G05,53,.038
510841860252037,math,G03,46,0
510841860252037,math,G04,45,.022
510841860252037,math,G05,53,0
510841860252040,ela,G03,40,.125
510841860252040,ela,G04,37,.243
510841860252040,ela,G05,39,.333
510841860252040,math,G03,40,.225
510841860252040,math,G04,37,.054
510841860252040,math,G05,39,.128
510841860252042,ela,G06,145,.138
510841860252042,ela,G07,165,.103
510841860252042,ela,G08,163,.166
510841860252042,math,G06,145,.041
510841860252042,math,G07,166,.018
510841860252042,math,G08,163,.018
510841860252044,ela,G03,57,.105
510841860252044,ela,G04,61,.131
510841860252044,ela,G05,67,.03
510841860252044,math,G03,57,.07
510841860252044,math,G04,61,.016
510841860252044,math,G05,67,0
510841860252045,ela,G03,20,.1
510841860252045,ela,G04,16,.125
510841860252045,ela,G05,20,.05
510841860252045,math,G03,20,.05
510841860252045,math,G04,16,.063
510841860252045,math,G05,20,0
510841860252046,ela,G03,38,.105
510841860252046,ela,G04,40,.23
510841860252046,ela,G05,33,.121
510841860252046,math,G03,38,.132
510841860252046,math,G04,40,.103
510841860252046,math,G05,33,.091
510841860252049,ela,G03,66,.261
510841860252049,ela,G04,77,.421
510841860252049,ela,G05,71,.394
510841860252049,math,G03,66,.323
510841860252049,math,G04,77,.158
510841860252049,math,G05,71,.127
530601260261001,ela,G05,53,.434
530601260261001,ela,G06,51,.235
530601260261001,ela,G07,54,.5
530601260261001,ela,G08,67,.567
530601260261001,math,G05,53,.189
530601260261001,math,G06,51,.059
530601260261001,math,G07,54,.371
530601260261001,math,G08,67,.314
530601260262002,ela,G03,46,.13
530601260262002,ela,G04,44,.455
530601260262002,math,G03,46,.283
530601260262002,math,G04,44,.295
530601890261001,ela,G06,49,.245
530601890261001,ela,G07,45,.222
530601890261001,ela,G08,47,.511
530601890261001,math,G06,49,.184
530601890261001,math,G07,45,.156
530601890261001,math,G08,47,.298
530601890262001,ela,G03,40,.175
530601890262001,ela,G04,44,.273
530601890262001,ela,G05,37,.216
530601890262001,math,G03,40,.25
530601890262001,math,G04,44,.273
530601890262001,math,G05,37,.162
530601910261003,ela,G06,59,.475
530601910261003,ela,G07,62,.355
530601910261003,ela,G08,64,.375
530601910261003,math,G06,59,.102
530601910261003,math,G07,62,.306
530601910261003,math,G08,63,.238
530601910262003,ela,G03,69,.174
530601910262003,ela,G04,63,.222
530601910262003,ela,G05,63,.524
530601910262003,math,G03,69,.217
530601910262003,math,G04,63,.206
530601910262003,math,G05,63,.302
530900500022001,ela,G03,59,.051
530900500022001,math,G03,59,.153
530900500022002,ela,G04,62,.177
530900500022002,ela,G05,65,.215
530900500022002,ela,G06,65,.215
530900500022002,ela,G07,58,.207
530900500022002,ela,G08,67,.134
530900500022002,math,G04,62,.097
530900500022002,math,G05,65,.092
530900500022002,math,G06,65,.138
530900500022002,math,G07,58,.189
530900500022002,math,G08,66,.015
530900510022001,ela,G05,137,.789
530900510022001,ela,G06,152,.757
530900510022001,ela,G07,170,.671
530900510022001,ela,G08,128,.852
530900510022001,math,G05,137,.526
530900510022001,math,G06,152,.533
530900510022001,math,G07,170,.453
530900510022001,math,G08,128,.625
530900510022004,ela,G03,137,.314
530900510022004,ela,G04,157,.465
530900510022004,math,G03,137,.482
530900510022004,math,G04,157,.394
530900520021001,ela,G05,79,.62
530900520021001,ela,G06,103,.767
530900520021001,ela,G07,91,.748
530900520021001,ela,G08,77,.689
530900520021001,math,G05,79,.443
530900520021001,math,G06,104,.486
530900520021001,math,G07,92,.533
530900520021001,math,G08,77,.598
530900520022002,ela,G03,89,.528
530900520022002,ela,G04,106,.482
530900520022002,math,G03,89,.438
530900520022002,math,G04,106,.32
530900760021005,ela,G05,48,.125
530900760021005,ela,G06,55,.164
530900760021005,ela,G07,45,.156
530900760021005,ela,G08,51,.157
530900760021005,math,G05,48,.125
530900760021005,math,G06,55,.055
530900760021005,math,G07,45,.089
530900760021005,math,G08,50,0
530900760022004,ela,G03,39,.333
530900760022004,ela,G04,41,.195
530900760022004,math,G03,39,.231
530900760022004,math,G04,41,.049
530900850022001,ela,G03,*,--
530900850022001,ela,G04,26,.384
530900850022001,ela,G05,16,.563
530900850022001,ela,G06,18,.667
530900850022001,ela,G07,15,.333
530900850022001,ela,G08,13,.615
530900850022001,math,G03,*,--
530900850022001,math,G04,26,.154
530900850022001,math,G05,16,.063
530900850022001,math,G06,18,.222
530900850022001,math,G07,15,.133
530900850022001,math,G08,13,.077
530900860021011,ela,G06,135,.311
530900860021011,ela,G07,150,.313
530900860021011,ela,G08,130,.33
530900860021011,math,G06,135,.163
530900860021011,math,G07,149,.282
530900860021011,math,G08,130,.177
530900860022002,ela,G03,48,.292
530900860022002,ela,G04,49,.551
530900860022002,ela,G05,35,.486
530900860022002,math,G03,48,.396
530900860022002,math,G04,49,.367
530900860022002,math,G05,35,.4
530900860022003,ela,G03,47,.17
530900860022003,ela,G04,54,.396
530900860022003,ela,G05,50,.42
530900860022003,math,G03,47,.298
530900860022003,math,G04,54,.26
530900860022003,math,G05,49,.244
530900860022005,ela,G03,46,.261
530900860022005,ela,G04,39,.154
530900860022005,ela,G05,53,.227
530900860022005,math,G03,46,.26
530900860022005,math,G04,39,.051
530900860022005,math,G05,53,.113
530900980022001,ela,G03,20,.2
530900980022001,ela,G04,20,.4
530900980022001,ela,G05,20,.6
530900980022001,ela,G06,19,.527
530900980022001,ela,G07,25,.64
530900980022001,ela,G08,39,.744
530900980022001,math,G03,20,.45
530900980022001,math,G04,20,.05
530900980022001,math,G05,20,.15
530900980022001,math,G06,19,.105
530900980022001,math,G07,25,.16
530900980022001,math,G08,39,.513
530901020022002,ela,G03,39,.359
530901020022002,math,G03,39,.359
530901020022003,ela,G04,44,.432
530901020022003,ela,G05,47,.404
530901020022003,ela,G06,48,.25
530901020022003,ela,G07,47,.383
530901020022003,ela,G08,50,.6
530901020022003,math,G04,44,.227
530901020022003,math,G05,47,.191
530901020022003,math,G06,48,.188
530901020022003,math,G07,47,.234
530901020022003,math,G08,50,.16
530901080021002,ela,G07,142,.239
530901080021002,ela,G08,153,.444
530901080021002,math,G07,142,.155
530901080021002,math,G08,153,.229
530901080021012,ela,G07,201,.239
530901080021012,ela,G08,162,.346
530901080021012,math,G07,201,.139
530901080021012,math,G08,162,.154
530901080022004,ela,G03,66,.152
530901080022004,math,G03,66,.106
530901080022008,ela,G03,67,.299
530901080022008,math,G03,67,.224
530901080022009,ela,G03,27,.222
530901080022009,math,G03,27,.259
530901080022010,ela,G03,46,.435
530901080022010,math,G03,46,.457
530901080022012,ela,G03,54,.333
530901080022012,math,G03,54,.186
530901080022013,ela,G04,190,.353
530901080022013,ela,G05,191,.204
530901080022013,ela,G06,183,.394
530901080022013,math,G04,190,.084
530901080022013,math,G05,191,.083
530901080022013,math,G06,183,.137
530901080022014,ela,G03,36,.194
530901080022014,math,G03,36,.056
530901080022015,ela,G04,149,.396
530901080022015,ela,G05,124,.371
530901080022015,ela,G06,124,.459
530901080022015,math,G04,149,.175
530901080022015,math,G05,124,.097
530901080022015,math,G06,124,.113
530901370022001,ela,G03,19,0
530901370022001,ela,G04,15,.067
530901370022001,ela,G05,21,.429
530901370022001,ela,G06,16,.313
530901370022001,ela,G07,16,.188
530901370022001,ela,G08,15,.533
530901370022001,math,G03,19,0
530901370022001,math,G04,15,0
530901370022001,math,G05,21,.095
530901370022001,math,G06,16,.125
530901370022001,math,G07,16,.125
530901370022001,math,G08,15,.467
530906060042001,ela,G03,*,--
530906060042001,ela,G04,*,--
530906060042001,ela,G05,*,--
530906060042001,ela,G06,*,--
530906060042001,ela,G07,*,--
530906060042001,ela,G08,*,--
530906060042001,math,G03,*,--
530906060042001,math,G04,*,--
530906060042001,math,G05,*,--
530906060042001,math,G06,*,--
530906060042001,math,G07,*,--
530906060042001,math,G08,*,--
530907010262002,ela,G04,78,.576
530907010262002,ela,G05,65,.661
530907010262002,ela,G06,84,.488
530907010262002,math,G04,78,.295
530907010262002,math,G05,65,.138
530907010262002,math,G06,84,.095
530907010262003,ela,G03,64,.406
530907010262003,ela,G07,62,.436
530907010262003,ela,G08,80,.625
530907010262003,math,G03,64,.375
530907010262003,math,G07,62,.274
530907010262003,math,G08,80,.388
530907020261001,ela,G05,55,.564
530907020261001,ela,G06,78,.513
530907020261001,ela,G07,85,.577
530907020261001,ela,G08,68,.5
530907020261001,math,G05,55,.327
530907020261001,math,G06,78,.308
530907020261001,math,G07,85,.459
530907020261001,math,G08,68,.397
530907020262003,ela,G03,55,.455
530907020262003,ela,G04,66,.561
530907020262003,math,G03,55,.363
530907020262003,math,G04,66,.318
530907030261001,ela,G07,29,0
530907030261001,ela,G08,28,.321
530907030261001,math,G07,29,.138
530907030261001,math,G08,29,.241
530907030262001,ela,G03,24,.125
530907030262001,ela,G04,38,.264
530907030262001,ela,G05,26,.192
530907030262001,ela,G06,25,.36
530907030262001,math,G03,24,.333
530907030262001,math,G04,38,.132
530907030262001,math,G05,26,.077
530907030262001,math,G06,25,.12
530907090261005,ela,G07,246,.809
530907090261005,ela,G08,245,.81
530907090261005,math,G07,247,.571
530907090261005,math,G08,243,.44
530907090262001,ela,G03,53,.604
530907090262001,ela,G04,54,.778
530907090262001,ela,G05,54,.649
530907090262001,ela,G06,54,.889
530907090262001,math,G03,53,.566
530907090262001,math,G04,54,.575
530907090262001,math,G05,54,.593
530907090262001,math,G06,54,.593
530907090262002,ela,G03,54,.444
530907090262002,ela,G04,49,.459
530907090262002,ela,G05,51,.627
530907090262002,ela,G06,53,.75
530907090262002,math,G03,54,.463
530907090262002,math,G04,49,.376
530907090262002,math,G05,51,.314
530907090262002,math,G06,53,.462
530907090262003,ela,G03,81,.469
530907090262003,ela,G04,79,.43
530907090262003,ela,G05,56,.679
530907090262003,ela,G06,75,.72
530907090262003,math,G03,81,.481
530907090262003,math,G04,79,.443
530907090262003,math,G05,56,.482
530907090262003,math,G06,74,.608
530907090262004,ela,G03,52,.673
530907090262004,ela,G04,53,.641
530907090262004,ela,G05,49,.551
530907090262004,ela,G06,50,.62
530907090262004,math,G03,52,.596
530907090262004,math,G04,53,.509
530907090262004,math,G05,49,.531
530907090262004,math,G06,50,.5
531020010042001,ela,G03,88,.364
531020010042001,ela,G04,92,.75
531020010042001,ela,G05,101,.594
531020010042001,ela,G06,85,.482
531020010042001,ela,G07,114,.535
531020010042001,ela,G08,92,.642
531020010042001,math,G03,88,.409
531020010042001,math,G04,92,.359
531020010042001,math,G05,101,.376
531020010042001,math,G06,85,.353
531020010042001,math,G07,114,.509
531020010042001,math,G08,92,.456
531020020042001,ela,G03,25,.04
531020020042001,ela,G04,17,.176
531020020042001,ela,G05,21,.19
531020020042001,ela,G06,23,.13
531020020042001,ela,G07,20,.2
531020020042001,ela,G08,14,.143
531020020042001,math,G03,25,.04
531020020042001,math,G04,17,.118
531020020042001,math,G05,21,.048
531020020042001,math,G06,23,.043
531020020042001,math,G07,20,.1
531020020042001,math,G08,15,.133
531020060261003,ela,G06,61,.491
531020060261003,ela,G07,71,.471
531020060261003,ela,G08,56,.643
531020060261003,math,G06,61,.295
531020060261003,math,G07,71,.228
531020060261003,math,G08,56,.482
531020060262002,ela,G03,62,.129
531020060262002,ela,G04,70,.171
531020060262002,ela,G05,62,.306
531020060262002,math,G03,63,.095
531020060262002,math,G04,70,.143
531020060262002,math,G05,62,.016
531020110261001,ela,G05,79,.405
531020110261001,ela,G06,80,.401
531020110261001,ela,G07,108,.458
531020110261001,ela,G08,112,.595
531020110261001,math,G05,79,.215
531020110261001,math,G06,80,.25
531020110261001,math,G07,108,.365
531020110261001,math,G08,112,.378
531020110262001,ela,G03,92,.326
531020110262001,ela,G04,77,.351
531020110262001,math,G03,92,.478
531020110262001,math,G04,77,.117
531020210260001,ela,G06,29,.379
531020210260001,ela,G07,24,.541
531020210260001,ela,G08,22,.318
531020210260001,math,G06,29,.241
531020210260001,math,G07,24,.208
531020210260001,math,G08,22,.272
531020210262003,ela,G03,28,.214
531020210262003,ela,G04,21,.286
531020210262003,ela,G05,27,.444
531020210262003,math,G03,28,.357
531020210262003,math,G04,21,.095
531020210262003,math,G05,27,.333
531020600261002,ela,G05,29,.621
531020600261002,ela,G06,39,.692
531020600261002,ela,G07,39,.487
531020600261002,ela,G08,28,.785
531020600261002,math,G05,29,.793
531020600261002,math,G06,39,.282
531020600261002,math,G07,39,.308
531020600261002,math,G08,28,.393
531020600262003,ela,G03,26,.5
531020600262003,ela,G04,33,.455
531020600262003,math,G03,26,.308
531020600262003,math,G04,33,.697
531020690022001,ela,G05,95,.695
531020690022001,ela,G06,83,.855
531020690022001,ela,G07,85,.906
531020690022001,ela,G08,101,.921
531020690022001,math,G05,95,.59
531020690022001,math,G06,83,.445
531020690022001,math,G07,85,.647
531020690022001,math,G08,101,.703
531020690022002,ela,G03,84,.702
531020690022002,ela,G04,97,.722
531020690022002,math,G03,84,.524
531020690022002,math,G04,97,.577
531021400261002,ela,G05,105,.714
531021400261002,ela,G06,113,.707
531021400261002,ela,G07,112,.706
531021400261002,ela,G08,125,.8
531021400261002,math,G05,105,.476
531021400261002,math,G06,113,.371
531021400261002,math,G07,112,.526
531021400261002,math,G08,125,.504
531021400262003,ela,G03,79,.405
531021400262003,ela,G04,74,.54
531021400262003,math,G03,79,.455
531021400262003,math,G04,74,.473
531021400262004,ela,G03,16,.813
531021400262004,ela,G04,14,.643
531021400262004,math,G03,16,.813
531021400262004,math,G04,14,.429
531021400262005,ela,G03,15,.667
531021400262005,ela,G04,*,--
531021400262005,math,G03,15,.8
531021400262005,math,G04,*,--
540920010261001,ela,G05,68,.313
540920010261001,ela,G06,51,.666
540920010261001,ela,G07,69,.25
540920010261001,ela,G08,63,.333
540920010261001,math,G05,68,.09
540920010261001,math,G06,51,.275
540920010261001,math,G07,69,.162
540920010261001,math,G08,60,.15
540920010262001,ela,G03,60,.169
540920010262001,ela,G04,55,.218
540920010262001,math,G03,60,.305
540920010262001,math,G04,55,.255
540920020261003,ela,G07,99,.101
540920020261003,ela,G08,79,.178
540920020261003,math,G07,97,.041
540920020261003,math,G08,79,.025
540920020262001,ela,G03,77,.182
540920020262001,ela,G04,81,.263
540920020262001,ela,G05,85,.212
540920020262001,ela,G06,94,.16
540920020262001,math,G03,77,.182
540920020262001,math,G04,81,.213
540920020262001,math,G05,85,.141
540920020262001,math,G06,94,.043
540920040261003,ela,G06,62,.323
540920040261003,ela,G07,65,.246
540920040261003,ela,G08,68,.544
540920040261003,math,G06,62,.065
540920040261003,math,G07,65,.092
540920040261003,math,G08,68,.191
540920040262002,ela,G03,48,.188
540920040262002,ela,G04,47,.17
540920040262002,ela,G05,64,.36
540920040262002,math,G03,48,.167
540920040262002,math,G04,47,.043
540920040262002,math,G05,64,.11
540920070262001,ela,G03,30,.1
540920070262001,ela,G04,38,.342
540920070262001,ela,G05,23,.348
540920070262001,ela,G06,40,.25
540920070262001,ela,G07,26,.269
540920070262001,ela,G08,29,.345
540920070262001,math,G03,30,.067
540920070262001,math,G04,38,.263
540920070262001,math,G05,23,.13
540920070262001,math,G06,40,.075
540920070262001,math,G07,26,.153
540920070262001,math,G08,29,.172
540920100262001,ela,G03,14,.357
540920100262001,ela,G04,13,.308
540920100262001,ela,G05,10,.6
540920100262001,ela,G06,11,.182
540920100262001,ela,G07,*,--
540920100262001,ela,G08,16,.376
540920100262001,math,G03,14,.357
540920100262001,math,G04,13,.077
540920100262001,math,G05,10,.4
540920100262001,math,G06,11,.091
540920100262001,math,G07,*,--
540920100262001,math,G08,16,.188
540920110261001,ela,G06,71,.141
540920110261001,ela,G07,75,.226
540920110261001,ela,G08,67,.284
540920110261001,math,G06,71,.056
540920110261001,math,G07,74,.109
540920110261001,math,G08,67,.134
540920110262002,ela,G03,75,.253
540920110262002,ela,G04,74,.365
540920110262002,ela,G05,80,.325
540920110262002,math,G03,76,.203
540920110262002,math,G04,75,.284
540920110262002,math,G05,81,.101
540920610032001,ela,G03,*,--
540920610032001,ela,G04,*,--
540920610032001,ela,G05,*,--
540920610032001,ela,G06,12,.75
540920610032001,ela,G07,12,.417
540920610032001,ela,G08,11,.818
540920610032001,math,G03,*,--
540920610032001,math,G04,*,--
540920610032001,math,G05,*,--
540920610032001,math,G06,12,.167
540920610032001,math,G07,12,0
540920610032001,math,G08,11,.273
540920760262003,ela,G03,54,.074
540920760262003,ela,G04,58,.19
540920760262003,ela,G05,59,.305
540920760262003,ela,G06,69,.188
540920760262003,ela,G07,50,.32
540920760262003,ela,G08,70,.357
540920760262003,math,G03,54,.13
540920760262003,math,G04,57,.088
540920760262003,math,G05,59,.203
540920760262003,math,G06,69,.072
540920760262003,math,G07,50,.08
540920760262003,math,G08,70,.1
540921180241020,ela,G07,351,.177
540921180241020,ela,G08,304,.194
540921180241020,math,G07,350,.074
540921180241020,math,G08,303,.043
540921180241021,ela,G05,320,.091
540921180241021,ela,G06,302,.106
540921180241021,math,G05,321,.04
540921180241021,math,G06,304,.036
540921180242005,ela,G03,38,.079
540921180242005,ela,G04,51,0
540921180242005,math,G03,37,.243
540921180242005,math,G04,51,.02
540921180242010,ela,G03,61,.066
540921180242010,ela,G04,57,.193
540921180242010,math,G03,61,.033
540921180242010,math,G04,57,.053
540921180242013,ela,G03,45,.178
540921180242013,ela,G04,47,.447
540921180242013,ela,G05,55,.164
540921180242013,ela,G06,46,.543
540921180242013,math,G03,45,.2
540921180242013,math,G04,47,.234
540921180242013,math,G05,55,.145
540921180242013,math,G06,46,.13
540921180242019,ela,G03,54,.093
540921180242019,ela,G04,47,.064
540921180242019,math,G03,54,.13
540921180242019,math,G04,47,.043
540921180242020,ela,G03,100,.03
540921180242020,ela,G04,114,.149
540921180242020,math,G03,100,.12
540921180242020,math,G04,114,.079
540921180242021,ela,G03,35,.143
540921180242021,ela,G04,48,.208
540921180242021,math,G03,35,.114
540921180242021,math,G04,48,.167
540925120261001,ela,G06,68,.47
540925120261001,ela,G07,62,.29
540925120261001,ela,G08,66,.455
540925120261001,math,G06,67,.09
540925120261001,math,G07,62,.097
540925120261001,math,G08,66,.091
540925120262001,ela,G03,43,.163
540925120262001,ela,G04,39,.462
540925120262001,ela,G05,36,.222
540925120262001,math,G03,43,.186
540925120262001,math,G04,39,.154
540925120262001,math,G05,36,.056
540925120262002,ela,G03,21,.286
540925120262002,ela,G04,20,.2
540925120262002,ela,G05,24,.208
540925120262002,math,G03,21,.238
540925120262002,math,G04,20,.05
540925120262002,math,G05,24,.125
560990170021001,ela,G07,124,.669
560990170021001,ela,G08,132,.765
560990170021001,math,G07,124,.346
560990170021001,math,G08,132,.485
560990170022002,ela,G05,125,.6
560990170022002,ela,G06,138,.71
560990170022002,math,G05,125,.368
560990170022002,math,G06,138,.442
560990170022003,ela,G03,112,.402
560990170022003,ela,G04,135,.533
560990170022003,math,G03,112,.553
560990170022003,math,G04,135,.378
56099030C041001,ela,G07,431,.506
56099030C041001,ela,G08,438,.541
56099030C041001,math,G07,437,.234
56099030C041001,math,G08,438,.315
56099030C042002,ela,G03,69,.348
56099030C042002,ela,G04,72,.527
56099030C042002,math,G03,69,.594
56099030C042002,math,G04,72,.459
56099030C042003,ela,G03,77,.429
56099030C042003,ela,G04,96,.532
56099030C042003,math,G03,76,.447
56099030C042003,math,G04,96,.23
56099030C042004,ela,G03,100,.21
56099030C042004,ela,G04,83,.482
56099030C042004,math,G03,100,.24
56099030C042004,math,G04,83,.337
56099030C042005,ela,G03,76,.36
56099030C042005,ela,G04,83,.41
56099030C042005,math,G03,76,.413
56099030C042005,math,G04,82,.219
56099030C042006,ela,G05,379,.388
56099030C042006,ela,G06,415,.537
56099030C042006,math,G05,377,.221
56099030C042006,math,G06,411,.209
56099030C042007,ela,G03,80,.388
56099030C042007,ela,G04,80,.651
56099030C042007,math,G03,80,.4
56099030C042007,math,G04,80,.551
56099033C041001,ela,G07,390,.797
56099033C041001,ela,G08,402,.788
56099033C041001,math,G07,390,.504
56099033C041001,math,G08,401,.606
56099033C042003,ela,G03,*,--
56099033C042003,math,G03,*,--
56099033C042005,ela,G05,413,.565
56099033C042005,ela,G06,449,.722
56099033C042005,math,G05,413,.455
56099033C042005,math,G06,449,.403
56099033C042006,ela,G03,190,.405
56099033C042006,ela,G04,213,.594
56099033C042006,math,G03,190,.558
56099033C042006,math,G04,213,.594
56099033C042007,ela,G03,192,.5
56099033C042007,ela,G04,188,.454
56099033C042007,math,G03,191,.513
56099033C042007,math,G04,188,.433
56099070C042001,ela,G03,35,.229
56099070C042001,ela,G04,50,.28
56099070C042001,ela,G05,50,.16
56099070C042001,ela,G06,47,.5
56099070C042001,ela,G07,47,.553
56099070C042001,ela,G08,54,.558
56099070C042001,math,G03,35,.343
56099070C042001,math,G04,50,.04
56099070C042001,math,G05,50,.02
56099070C042001,math,G06,46,.044
56099070C042001,math,G07,47,.17
56099070C042001,math,G08,54,.038
560990810022001,ela,G03,15,.333
560990810022001,ela,G04,16,.563
560990810022001,ela,G05,14,.571
560990810022001,ela,G06,*,--
560990810022001,ela,G07,10,.7
560990810022001,ela,G08,10,.7
560990810022001,math,G03,15,.667
560990810022001,math,G04,16,.625
560990810022001,math,G05,14,.357
560990810022001,math,G06,*,--
560990810022001,math,G07,10,.6
560990810022001,math,G08,10,.2
560990840022001,ela,G03,29,.034
560990840022001,ela,G04,25,.25
560990840022001,ela,G05,26,.038
560990840022001,ela,G06,22,.524
560990840022001,ela,G07,23,.333
560990840022001,ela,G08,23,.565
560990840022001,math,G03,29,.069
560990840022001,math,G04,25,.125
560990840022001,math,G05,26,0
560990840022001,math,G06,22,.191
560990840022001,math,G07,23,.286
560990840022001,math,G08,23,.304
560990860051001,ela,G06,222,.271
560990860051001,ela,G07,198,.333
560990860051001,ela,G08,226,.312
560990860051001,math,G06,221,.055
560990860051001,math,G07,195,.128
560990860051001,math,G08,226,.107
560990860051002,ela,G06,206,.312
560990860051002,ela,G07,194,.287
560990860051002,ela,G08,194,.354
560990860051002,math,G06,206,.045
560990860051002,math,G07,194,.13
560990860051002,math,G08,193,.126
560990860051003,ela,G06,360,.278
560990860051003,ela,G07,343,.261
560990860051003,ela,G08,364,.345
560990860051003,math,G06,360,.039
560990860051003,math,G07,343,.107
560990860051003,math,G08,362,.14
560990860051004,ela,G06,226,.223
560990860051004,ela,G07,255,.167
560990860051004,ela,G08,255,.238
560990860051004,math,G06,225,.046
560990860051004,math,G07,254,.104
560990860051004,math,G08,253,.116
560990860052001,ela,G03,62,.084
560990860052001,ela,G04,54,.308
560990860052001,ela,G05,70,.286
560990860052001,math,G03,62,.117
560990860052001,math,G04,54,.25
560990860052001,math,G05,70,.086
560990860052002,ela,G03,80,.091
560990860052002,ela,G04,88,.115
560990860052002,ela,G05,82,.205
560990860052002,math,G03,80,.117
560990860052002,math,G04,88,.069
560990860052002,math,G05,81,.13
560990860052003,ela,G03,45,.8
560990860052003,ela,G04,43,.814
560990860052003,ela,G05,47,.788
560990860052003,math,G03,45,.844
560990860052003,math,G04,43,.675
560990860052003,math,G05,47,.787
560990860052004,ela,G03,98,.126
560990860052004,ela,G04,87,.119
560990860052004,ela,G05,90,.202
560990860052004,math,G03,97,.053
560990860052004,math,G04,87,.071
560990860052004,math,G05,89,.068
560990860052005,ela,G03,44,.295
560990860052005,ela,G04,45,.378
560990860052005,ela,G05,48,.563
560990860052005,math,G03,44,.205
560990860052005,math,G04,45,.333
560990860052005,math,G05,48,.167
560990860052006,ela,G03,43,.268
560990860052006,ela,G04,36,.056
560990860052006,ela,G05,48,.277
560990860052006,math,G03,43,.415
560990860052006,math,G04,36,.139
560990860052006,math,G05,48,.085
560990860052007,ela,G03,59,.103
560990860052007,ela,G04,59,.089
560990860052007,ela,G05,70,.03
560990860052007,math,G03,59,.103
560990860052007,math,G04,58,.055
560990860052007,math,G05,70,0
560990860052011,ela,G03,46,.089
560990860052011,ela,G04,38,.222
560990860052011,ela,G05,37,.143
560990860052011,math,G03,46,.022
560990860052011,math,G04,38,.028
560990860052011,math,G05,37,.057
560990860052013,ela,G03,48,.064
560990860052013,ela,G04,46,.047
560990860052013,ela,G05,43,.072
560990860052013,math,G03,48,.085
560990860052013,math,G04,46,.023
560990860052013,math,G05,43,.095
560990860052015,ela,G03,119,.076
560990860052015,ela,G04,97,.132
560990860052015,ela,G05,97,.198
560990860052015,math,G03,117,.078
560990860052015,math,G04,97,.099
560990860052015,math,G05,96,.074
560990860052020,ela,G03,77,.186
560990860052020,ela,G04,61,.23
560990860052020,ela,G05,60,.153
560990860052020,math,G03,76,.213
560990860052020,math,G04,61,.148
560990860052020,math,G05,60,.051
560990860052022,ela,G03,70,.032
560990860052022,ela,G04,62,.155
560990860052022,ela,G05,69,.179
560990860052022,math,G03,70,.127
560990860052022,math,G04,62,.086
560990860052022,math,G05,69,.075
560990860052024,ela,G03,115,.045
560990860052024,ela,G04,107,.1
560990860052024,ela,G05,104,.089
560990860052024,math,G03,115,.036
560990860052024,math,G04,107,.05
560990860052024,math,G05,104,.03
560990860052025,ela,G03,116,.045
560990860052025,ela,G04,92,.163
560990860052025,ela,G05,111,.215
560990860052025,math,G03,114,.037
560990860052025,math,G04,92,.098
560990860052025,math,G05,111,.056
560990860052027,ela,G03,53,.189
560990860052027,ela,G04,39,.108
560990860052027,ela,G05,49,.255
560990860052027,math,G03,53,.113
560990860052027,math,G04,39,.027
560990860052027,math,G05,49,.043
560990880022002,ela,G03,41,.122
560990880022002,ela,G04,49,.229
560990880022002,ela,G05,48,.319
560990880022002,ela,G06,51,.3
560990880022002,ela,G07,48,.276
560990880022002,ela,G08,56,.418
560990880022002,math,G03,41,.219
560990880022002,math,G04,49,.063
560990880022002,math,G05,48,.021
560990880022002,math,G06,51,.02
560990880022002,math,G07,48,.128
560990880022002,math,G08,54,.075
56099088A022001,ela,G03,82,.297
56099088A022001,ela,G04,66,.545
56099088A022001,ela,G05,90,.389
56099088A022001,ela,G06,85,.589
56099088A022001,ela,G07,86,.593
56099088A022001,ela,G08,113,.495
56099088A022001,math,G03,81,.275
56099088A022001,math,G04,66,.318
56099088A022001,math,G05,89,.235
56099088A022001,math,G06,85,.141
56099088A022001,math,G07,86,.325
56099088A022001,math,G08,112,.134
560990890022002,ela,G03,33,.156
560990890022002,ela,G04,25,.36
560990890022002,ela,G05,18,.167
560990890022002,ela,G06,36,.194
560990890022002,ela,G07,25,.2
560990890022002,ela,G08,34,.559
560990890022002,math,G03,33,.125
560990890022002,math,G04,25,.2
560990890022002,math,G05,18,.167
560990890022002,math,G06,36,.083
560990890022002,math,G07,25,.12
560990890022002,math,G08,33,.121
560990900022001,ela,G03,26,.308
560990900022001,ela,G04,30,.233
560990900022001,ela,G05,28,.107
560990900022001,ela,G06,23,.304
560990900022001,ela,G07,21,.095
560990900022001,ela,G08,30,.467
560990900022001,math,G03,26,.231
560990900022001,math,G04,30,.133
560990900022001,math,G05,28,.107
560990900022001,math,G06,23,.087
560990900022001,math,G07,21,.095
560990900022001,math,G08,30,.3
560990910021001,ela,G04,60,.666
560990910021001,ela,G05,42,.619
560990910021001,ela,G06,47,.766
560990910021001,ela,G07,58,.638
560990910021001,ela,G08,59,.441
560990910021001,math,G04,60,.4
560990910021001,math,G05,42,.572
560990910021001,math,G06,47,.34
560990910021001,math,G07,58,.345
560990910021001,math,G08,59,.254
560990910022001,ela,G03,51,.569
560990910022001,math,G03,51,.529
560990920021001,ela,G06,140,.814
560990920021001,ela,G07,150,.833
560990920021001,ela,G08,159,.798
560990920021001,math,G06,140,.314
560990920021001,math,G07,150,.42
560990920021001,math,G08,158,.338
560990920022004,ela,G03,150,.55
560990920022004,math,G03,150,.544
560990920022005,ela,G04,162,.598
560990920022005,ela,G05,156,.633
560990920022005,math,G04,162,.463
560990920022005,math,G05,156,.323
560991140021001,ela,G06,212,.693
560991140021001,ela,G07,207,.541
560991140021001,ela,G08,182,.846
560991140021001,math,G06,212,.358
560991140021001,math,G07,207,.363
560991140021001,math,G08,182,.637
560991140022001,ela,G03,193,.399
560991140022001,ela,G04,210,.634
560991140022001,ela,G05,181,.685
560991140022001,math,G03,193,.461
560991140022001,math,G04,210,.514
560991140022001,math,G05,181,.436
560991220021005,ela,G07,281,.498
560991220021005,ela,G08,275,.618
560991220021005,math,G07,281,.47
560991220021005,math,G08,274,.438
560991220021006,ela,G07,285,.586
560991220021006,ela,G08,286,.667
560991220021006,math,G07,285,.459
560991220021006,math,G08,286,.465
560991220022002,ela,G03,110,.327
560991220022002,math,G03,109,.45
560991220022004,ela,G03,131,.618
560991220022004,math,G03,131,.527
560991220022005,ela,G04,138,.486
560991220022005,ela,G05,154,.487
560991220022005,ela,G06,162,.734
560991220022005,math,G04,138,.544
560991220022005,math,G05,154,.493
560991220022005,math,G06,162,.451
560991220022008,ela,G04,134,.611
560991220022008,ela,G05,111,.712
560991220022008,ela,G06,133,.82
560991220022008,math,G04,134,.508
560991220022008,math,G05,111,.648
560991220022008,math,G06,133,.481
560991220022010,ela,G03,114,.465
560991220022010,math,G03,114,.474
560991220022013,ela,G04,121,.463
560991220022013,ela,G05,113,.372
560991220022013,ela,G06,121,.529
560991220022013,math,G04,121,.422
560991220022013,math,G05,113,.309
560991220022013,math,G06,121,.348
560991220022015,ela,G03,158,.335
560991220022015,math,G03,158,.487
560991220022016,ela,G04,175,.514
560991220022016,ela,G05,195,.348
560991220022016,ela,G06,161,.581
560991220022016,math,G04,175,.606
560991220022016,math,G05,195,.359
560991220022016,math,G06,161,.532
56099157C041001,ela,G06,319,.934
56099157C041001,ela,G07,300,.886
56099157C041001,ela,G08,329,.921
56099157C041001,math,G06,318,.77
56099157C041001,math,G07,299,.742
56099157C041001,math,G08,329,.705
56099157C042002,ela,G03,296,.662
56099157C042002,ela,G04,290,.704
56099157C042002,ela,G05,301,.838
56099157C042002,math,G03,295,.685
56099157C042002,math,G04,290,.666
56099157C042002,math,G05,301,.601
560991590021001,ela,G06,173,.767
560991590021001,ela,G07,167,.715
560991590021001,ela,G08,158,.817
560991590021001,math,G06,173,.517
560991590021001,math,G07,167,.534
560991590021001,math,G08,158,.386
560991590022002,ela,G03,175,.512
560991590022002,math,G03,175,.592
560991590022004,ela,G04,171,.512
560991590022004,ela,G05,165,.464
560991590022004,math,G04,170,.514
560991590022004,math,G05,165,.543
560991610021001,ela,G07,293,.599
560991610021001,ela,G08,306,.682
560991610021001,math,G07,293,.527
560991610021001,math,G08,305,.494
560991610022001,ela,G03,47,.447
560991610022001,ela,G04,38,.595
560991610022001,math,G03,47,.617
560991610022001,math,G04,38,.459
560991610022003,ela,G03,34,.617
560991610022003,ela,G04,60,.617
560991610022003,math,G03,34,.764
560991610022003,math,G04,60,.667
560991610022004,ela,G03,73,.712
560991610022004,ela,G04,90,.689
560991610022004,math,G03,73,.726
560991610022004,math,G04,90,.656
560991610022005,ela,G05,268,.504
560991610022005,ela,G06,258,.582
560991610022005,math,G05,268,.351
560991610022005,math,G06,258,.291
560991610022006,ela,G03,71,.577
560991610022006,ela,G04,76,.48
560991610022006,math,G03,71,.563
560991610022006,math,G04,76,.453
56099200U261001,ela,G06,77,.429
56099200U261001,ela,G07,88,.488
56099200U261001,ela,G08,94,.564
56099200U261001,math,G06,78,.18
56099200U261001,math,G07,88,.25
56099200U261001,math,G08,94,.234
56099200U262002,ela,G03,71,.605
56099200U262002,ela,G04,89,.629
56099200U262002,ela,G05,74,.433
56099200U262002,math,G03,68,.308
56099200U262002,math,G04,89,.303
56099200U262002,math,G05,74,.135
56099201U261002,ela,G06,330,.297
56099201U261002,ela,G07,332,.298
56099201U261002,ela,G08,319,.323
56099201U261002,math,G06,328,.097
56099201U261002,math,G07,330,.097
56099201U261002,math,G08,316,.082
56099201U262003,ela,G03,92,.109
56099201U262003,ela,G04,79,.291
56099201U262003,ela,G05,74,.216
56099201U262003,math,G03,92,.141
56099201U262003,math,G04,79,.114
56099201U262003,math,G05,74,.108
56099201U262004,ela,G03,76,.171
56099201U262004,ela,G04,68,.206
56099201U262004,ela,G05,61,.492
56099201U262004,math,G03,76,.105
56099201U262004,math,G04,68,.029
56099201U262004,math,G05,60,.117
56099201U262006,ela,G03,59,.102
56099201U262006,ela,G04,69,.333
56099201U262006,ela,G05,78,.295
56099201U262006,math,G03,59,.22
56099201U262006,math,G04,69,.144
56099201U262006,math,G05,77,.169
56099201U262007,ela,G03,51,.078
56099201U262007,ela,G04,51,.138
56099201U262007,ela,G05,42,.048
56099201U262007,math,G03,50,.04
56099201U262007,math,G04,51,.118
56099201U262007,math,G05,42,0
56099201U262008,ela,G03,46,.391
56099201U262008,ela,G04,48,.396
56099201U262008,ela,G05,35,.314
56099201U262008,math,G03,46,.195
56099201U262008,math,G04,48,.313
56099201U262008,math,G05,35,.143
560992020221002,ela,G06,152,.506
560992020221002,ela,G07,187,.417
560992020221002,ela,G08,190,.642
560992020221002,math,G06,151,.192
560992020221002,math,G07,188,.256
560992020221002,math,G08,189,.391
560992020221003,ela,G06,267,.522
560992020221003,ela,G07,311,.309
560992020221003,ela,G08,252,.5
560992020221003,math,G06,268,.179
560992020221003,math,G07,311,.26
560992020221003,math,G08,253,.241
560992020221004,ela,G06,252,.55
560992020221004,ela,G07,301,.764
560992020221004,ela,G08,276,.806
560992020221004,math,G06,252,.311
560992020221004,math,G07,301,.525
560992020221004,math,G08,275,.441
560992020221005,ela,G06,220,.569
560992020221005,ela,G07,206,.393
560992020221005,ela,G08,240,.556
560992020221005,math,G06,220,.179
560992020221005,math,G07,206,.165
560992020221005,math,G08,240,.272
560992020221006,ela,G06,282,.637
560992020221006,ela,G07,266,.589
560992020221006,ela,G08,308,.679
560992020221006,math,G06,283,.334
560992020221006,math,G07,265,.344
560992020221006,math,G08,309,.436
560992020221007,ela,G06,258,.42
560992020221007,ela,G07,254,.49
560992020221007,ela,G08,305,.54
560992020221007,math,G06,258,.183
560992020221007,math,G07,255,.293
560992020221007,math,G08,305,.276
560992020221008,ela,G06,295,.656
560992020221008,ela,G07,284,.505
560992020221008,ela,G08,336,.619
560992020221008,math,G06,295,.316
560992020221008,math,G07,284,.388
560992020221008,math,G08,339,.345
560992020222003,ela,G03,94,.538
560992020222003,ela,G04,103,.398
560992020222003,ela,G05,91,.44
560992020222003,math,G03,93,.533
560992020222003,math,G04,104,.192
560992020222003,math,G05,91,.374
560992020222004,ela,G03,55,.2
560992020222004,ela,G04,41,.463
560992020222004,ela,G05,65,.292
560992020222004,math,G03,54,.241
560992020222004,math,G04,41,.341
560992020222004,math,G05,64,.047
560992020222005,ela,G03,77,.182
560992020222005,ela,G04,93,.291
560992020222005,ela,G05,101,.347
560992020222005,math,G03,77,.26
560992020222005,math,G04,93,.108
560992020222005,math,G05,102,.091
560992020222006,ela,G03,105,.686
560992020222006,ela,G04,103,.573
560992020222006,ela,G05,104,.794
560992020222006,math,G03,106,.614
560992020222006,math,G04,103,.457
560992020222006,math,G05,105,.446
560992020222007,ela,G03,86,.244
560992020222007,ela,G04,100,.28
560992020222007,ela,G05,114,.263
560992020222007,math,G03,86,.314
560992020222007,math,G04,100,.2
560992020222007,math,G05,114,.175
560992020222008,ela,G03,90,.292
560992020222008,ela,G04,84,.417
560992020222008,ela,G05,89,.348
560992020222008,math,G03,90,.225
560992020222008,math,G04,84,.322
560992020222008,math,G05,89,.135
560992020222009,ela,G03,101,.55
560992020222009,ela,G04,103,.427
560992020222009,ela,G05,96,.383
560992020222009,math,G03,102,.455
560992020222009,math,G04,103,.292
560992020222009,math,G05,96,.192
560992020222010,ela,G03,102,.402
560992020222010,ela,G04,82,.366
560992020222010,ela,G05,110,.389
560992020222010,math,G03,102,.343
560992020222010,math,G04,82,.195
560992020222010,math,G05,110,.148
560992020222011,ela,G03,88,.443
560992020222011,ela,G04,81,.263
560992020222011,ela,G05,82,.341
560992020222011,math,G03,89,.303
560992020222011,math,G04,84,.193
560992020222011,math,G05,82,.11
560992020222012,ela,G03,85,.435
560992020222012,ela,G04,94,.32
560992020222012,ela,G05,81,.581
560992020222012,math,G03,85,.33
560992020222012,math,G04,93,.183
560992020222012,math,G05,81,.148
560992020222013,ela,G03,80,.701
560992020222013,ela,G04,109,.556
560992020222013,ela,G05,112,.599
560992020222013,math,G03,80,.598
560992020222013,math,G04,109,.417
560992020222013,math,G05,112,.447
560992020222014,ela,G03,92,.51
560992020222014,ela,G04,83,.687
560992020222014,ela,G05,93,.685
560992020222014,math,G03,92,.435
560992020222014,math,G04,82,.585
560992020222014,math,G05,93,.598
560992020222015,ela,G03,109,.266
560992020222015,ela,G04,88,.363
560992020222015,ela,G05,120,.227
560992020222015,math,G03,109,.33
560992020222015,math,G04,88,.295
560992020222015,math,G05,120,.159
560992020222016,ela,G03,86,.454
560992020222016,ela,G04,101,.476
560992020222016,ela,G05,92,.51
560992020222016,math,G03,86,.465
560992020222016,math,G04,101,.416
560992020222016,math,G05,93,.409
560992020222017,ela,G03,87,.575
560992020222017,ela,G04,91,.649
560992020222017,ela,G05,97,.701
560992020222017,math,G03,87,.46
560992020222017,math,G04,91,.583
560992020222017,math,G05,97,.464
560992020222018,ela,G03,101,.248
560992020222018,ela,G04,112,.369
560992020222018,ela,G05,109,.294
560992020222018,math,G03,101,.178
560992020222018,math,G04,113,.188
560992020222018,math,G05,110,.164
560992020222019,ela,G03,84,.476
560992020222019,ela,G04,91,.6
560992020222019,ela,G05,104,.495
560992020222019,math,G03,84,.476
560992020222019,math,G04,91,.445
560992020222019,math,G05,103,.353
560992020222021,ela,G03,94,.5
560992020222021,ela,G04,115,.522
560992020222021,ela,G05,112,.518
560992020222021,math,G03,94,.436
560992020222021,math,G04,115,.363
560992020222021,math,G05,112,.357
560992030042001,ela,G03,34,.411
560992030042001,ela,G04,33,.387
560992030042001,ela,G05,28,.464
560992030042001,ela,G06,24,.708
560992030042001,ela,G07,28,.465
560992030042001,ela,G08,34,.529
560992030042001,math,G03,34,.353
560992030042001,math,G04,33,.419
560992030042001,math,G05,28,.428
560992030042001,math,G06,24,.292
560992030042001,math,G07,28,.465
560992030042001,math,G08,34,.382
56099207U261002,ela,G06,104,.462
56099207U261002,ela,G07,97,.516
56099207U261002,ela,G08,94,.72
56099207U261002,math,G06,104,.23
56099207U261002,math,G07,97,.309
56099207U261002,math,G08,94,.312
56099207U262003,ela,G03,62,.419
56099207U262003,math,G03,62,.274
56099207U262005,ela,G04,77,.494
56099207U262005,ela,G05,81,.333
56099207U262005,math,G04,77,.403
56099207U262005,math,G05,81,.123
56099209U261002,ela,G06,76,.776
56099209U261002,ela,G07,88,.568
56099209U261002,ela,G08,102,.755
56099209U261002,math,G06,76,.25
56099209U261002,math,G07,88,.306
56099209U261002,math,G08,102,.432
56099209U262004,ela,G03,79,.405
56099209U262004,ela,G04,97,.361
56099209U262004,ela,G05,84,.595
56099209U262004,math,G03,79,.494
56099209U262004,math,G04,97,.382
56099209U262004,math,G05,84,.393
560992100160001,ela,G08,*,--
560992100160001,math,G08,*,--
560992100160002,ela,G08,*,--
560992100160002,math,G08,*,--
56099255U261001,ela,G06,91,.593
56099255U261001,ela,G07,96,.573
56099255U261001,ela,G08,89,.719
56099255U261001,math,G06,91,.33
56099255U261001,math,G07,96,.281
56099255U261001,math,G08,89,.37
56099255U262001,ela,G03,110,.321
56099255U262001,ela,G04,100,.5
56099255U262001,ela,G05,107,.57
56099255U262001,math,G03,110,.312
56099255U262001,math,G04,100,.33
56099255U262001,math,G05,107,.28
56099365U260007,ela,G08,*,--
56099365U261003,ela,G06,182,.489
56099365U261003,ela,G07,207,.529
56099365U261003,ela,G08,207,.753
56099365U261003,math,G06,182,.313
56099365U261003,math,G07,207,.318
56099365U261003,math,G08,207,.345
56099365U261004,ela,G06,287,.379
56099365U261004,ela,G07,270,.455
56099365U261004,ela,G08,308,.539
56099365U261004,math,G06,287,.177
56099365U261004,math,G07,270,.374
56099365U261004,math,G08,308,.245
56099365U261005,ela,G06,182,.629
56099365U261005,ela,G07,169,.572
56099365U261005,ela,G08,202,.745
56099365U261005,math,G06,182,.303
56099365U261005,math,G07,169,.397
56099365U261005,math,G08,202,.365
56099365U261006,ela,G06,174,.38
56099365U261006,ela,G07,217,.484
56099365U261006,ela,G08,226,.632
56099365U261006,math,G06,174,.199
56099365U261006,math,G07,217,.225
56099365U261006,math,G08,226,.249
56099365U261007,ela,G06,208,.505
56099365U261007,ela,G07,187,.652
56099365U261007,ela,G08,204,.748
56099365U261007,math,G06,208,.264
56099365U261007,math,G07,187,.381
56099365U261007,math,G08,201,.276
56099365U262001,ela,G03,76,.289
56099365U262001,ela,G04,84,.607
56099365U262001,ela,G05,98,.316
56099365U262001,math,G03,75,.294
56099365U262001,math,G04,84,.333
56099365U262001,math,G05,98,.235
56099365U262002,ela,G03,91,.281
56099365U262002,ela,G04,94,.57
56099365U262002,ela,G05,85,.41
56099365U262002,math,G03,91,.337
56099365U262002,math,G04,91,.444
56099365U262002,math,G05,85,.337
56099365U262003,ela,G03,55,.208
56099365U262003,ela,G04,61,.2
56099365U262003,ela,G05,64,.344
56099365U262003,math,G03,55,.17
56099365U262003,math,G04,61,.083
56099365U262003,math,G05,62,.145
56099365U262006,ela,G03,60,.345
56099365U262006,ela,G04,54,.445
56099365U262006,ela,G05,59,.327
56099365U262006,math,G03,59,.351
56099365U262006,math,G04,53,.415
56099365U262006,math,G05,57,.207
56099365U262008,ela,G03,64,.365
56099365U262008,ela,G04,74,.26
56099365U262008,ela,G05,84,.325
56099365U262008,math,G03,63,.484
56099365U262008,math,G04,74,.178
56099365U262008,math,G05,84,.241
56099365U262009,ela,G03,101,.289
56099365U262009,ela,G04,102,.283
56099365U262009,ela,G05,112,.287
56099365U262009,math,G03,101,.268
56099365U262009,math,G04,101,.214
56099365U262009,math,G05,112,.176
56099365U262010,ela,G03,65,.27
56099365U262010,ela,G04,69,.254
56099365U262010,ela,G05,71,.514
56099365U262010,math,G03,65,.365
56099365U262010,math,G04,69,.119
56099365U262010,math,G05,71,.228
56099365U262011,ela,G03,78,.231
56099365U262011,ela,G04,70,.357
56099365U262011,ela,G05,71,.428
56099365U262011,math,G03,77,.273
56099365U262011,math,G04,70,.228
56099365U262011,math,G05,71,.286
56099365U262012,ela,G03,109,.274
56099365U262012,ela,G04,109,.281
56099365U262012,ela,G05,102,.324
56099365U262012,math,G03,108,.276
56099365U262012,math,G04,109,.159
56099365U262012,math,G05,101,.218
56099365U262014,ela,G03,99,.212
56099365U262014,ela,G04,81,.395
56099365U262014,ela,G05,80,.3
56099365U262014,math,G03,99,.272
56099365U262014,math,G04,81,.235
56099365U262014,math,G05,80,.275
56099365U262015,ela,G03,79,.156
56099365U262015,ela,G04,68,.382
56099365U262015,ela,G05,78,.487
56099365U262015,math,G03,79,.286
56099365U262015,math,G04,68,.265
56099365U262015,math,G05,78,.382
56099365U262016,ela,G03,90,.416
56099365U262016,ela,G04,87,.39
56099365U262016,ela,G05,89,.333
56099365U262016,math,G03,91,.444
56099365U262016,math,G04,87,.275
56099365U262016,math,G05,89,.218
651089010802001,ela,G03,47,.511
651089010802001,ela,G04,48,.708
651089010802001,ela,G05,51,.667
651089010802001,ela,G06,52,.711
651089010802001,ela,G07,50,.78
651089010802001,ela,G08,51,.843
651089010802001,math,G03,47,.425
651089010802001,math,G04,48,.5
651089010802001,math,G05,51,.393
651089010802001,math,G06,52,.462
651089010802001,math,G07,50,.76
651089010802001,math,G08,51,.843
651089020800001,ela,G08,63,.921
651089020800001,math,G08,63,.905
