"school_id","year","name","enrollment","low_income","income_label"
"610229",2015,"A.N. Pritzker School",725.0,386.0,"Economically Disadvantaged"
"610038",2015,"Abraham Lincoln Elementary School",824.0,119.0,"Economically Disadvantaged"
"400009",2015,"Academy for Global Citizenship Elementary School",391.0,306.0,"Economically Disadvantaged"
"610281",2015,"Adam Clayton Powell Paideia Community Academy ES",575.0,552.0,"Economically Disadvantaged"
"610185",2015,"Adlai E Stevenson Elementary School",1275.0,1208.0,"Economically Disadvantaged"
"609993",2015,"Agustin Lara Elementary Academy",498.0,491.0,"Economically Disadvantaged"
"610513",2015,"Air Force Academy High School",373.0,327.0,"Economically Disadvantaged"
"610334",2015,"Al Raby High School",488.0,479.0,"Economically Disadvantaged"
"400011",2015,"Alain Locke Charter Elementary Academy",581.0,545.0,"Economically Disadvantaged"
"610212",2015,"Albany Park Multicultural Academy",269.0,262.0,"Economically Disadvantaged"
"609720",2015,"Albert G Lane Technical High School",4071.0,2384.0,"Economically Disadvantaged"
"610342",2015,"Albert R Sabin Elementary Magnet School",604.0,546.0,"Economically Disadvantaged"
"610524",2015,"Alcott High School for the Humanities",274.0,219.0,"Economically Disadvantaged"
"610209",2015,"Alessandro Volta Elementary School",1004.0,959.0,"Economically Disadvantaged"
"609808",2015,"Alex Haley Elementary Academy",617.0,600.0,"Economically Disadvantaged"
"609799",2015,"Alexander Graham Bell Elementary School",1028.0,197.0,"Economically Disadvantaged"
"609947",2015,"Alexander Graham Elementary School",486.0,460.0,"Economically Disadvantaged"
"609963",2015,"Alexander Hamilton Elementary School",419.0,120.0,"Economically Disadvantaged"
"610098",2015,"Alfred Nobel Elementary School",852.0,817.0,"Economically Disadvantaged"
"609788",2015,"Alice L Barnard Computer Math & Science Ctr ES",307.0,256.0,"Economically Disadvantaged"
"400012",2015,"Amandla Charter High School",325.0,314.0,"Economically Disadvantaged"
"610131",2015,"Ambrose Plamondon Elementary School",145.0,145.0,"Economically Disadvantaged"
"610316",2015,"Amelia Earhart Options for Knowledge ES",247.0,186.0,"Economically Disadvantaged"
"610339",2015,"Amos Alonzo Stagg Elementary School",558.0,547.0,"Economically Disadvantaged"
"609837",2015,"Andrew Carnegie Elementary School",609.0,530.0,"Economically Disadvantaged"
"610060",2015,"Andrew Jackson Elementary Language Academy",566.0,242.0,"Economically Disadvantaged"
"609869",2015,"Anna R. Langford Community Academy",409.0,408.0,"Economically Disadvantaged"
"610084",2015,"Annie Keller Elementary Gifted Magnet School",245.0,52.0,"Economically Disadvantaged"
"400010",2015,"Architecture, Construction, and Engineering(ACE)Technical Charter School",448.0,438.0,"Economically Disadvantaged"
"609951",2015,"Ariel Elementary Community Academy",550.0,455.0,"Economically Disadvantaged"
"610171",2015,"Arnold Mireles Elementary Academy",708.0,697.0,"Economically Disadvantaged"
"610037",2015,"Arthur A Libby Elementary School",495.0,491.0,"Economically Disadvantaged"
"609887",2015,"Arthur Dixon Elementary School",644.0,579.0,"Economically Disadvantaged"
"609836",2015,"Arthur E Canty Elementary School",799.0,448.0,"Economically Disadvantaged"
"610268",2015,"Arthur R Ashe Elementary School",362.0,358.0,"Economically Disadvantaged"
"609941",2015,"Asa Philip Randolph Elementary School",501.0,492.0,"Economically Disadvantaged"
"610287",2015,"Ashburn Community Elementary School",456.0,407.0,"Economically Disadvantaged"
"400060",2015,"Asian Human Services - Passages Charter School",456.0,349.0,"Economically Disadvantaged"
"400013",2015,"ASPIRA Charter - Early College",508.0,482.0,"Economically Disadvantaged"
"400017",2015,"ASPIRA Charter - Haugan Campus",578.0,568.0,"Economically Disadvantaged"
"400015",2015,"ASPIRA Charter - Mirta Ramirez Computer Science",77.0,77.0,"Economically Disadvantaged"
"609820",2015,"Augustus H Burley Elementary School",518.0,111.0,"Economically Disadvantaged"
"400018",2015,"Austin Business and Entrepreneurship Academy HS",150.0,148.0,"Economically Disadvantaged"
"610501",2015,"Austin Polytechnical Academy High School",165.0,159.0,"Economically Disadvantaged"
"609786",2015,"Avalon Park Elementary School",352.0,339.0,"Economically Disadvantaged"
"610563",2015,"Back of the Yards IB HS",550.0,543.0,"Economically Disadvantaged"
"610555",2015,"Banner Academy West",301.0,289.0,"Economically Disadvantaged"
"609871",2015,"Barbara Vick Early Childhood & Family Center",327.0,189.0,"Economically Disadvantaged"
"609922",2015,"Belmont-Cragin Elementary School",600.0,577.0,"Economically Disadvantaged"
"609764",2015,"Benito Juarez Community Academy High School",1676.0,1619.0,"Economically Disadvantaged"
"610290",2015,"Benjamin E Mays Elementary Academy",483.0,445.0,"Economically Disadvantaged"
"610076",2015,"Bernhard Moos Elementary School",498.0,485.0,"Economically Disadvantaged"
"400072",2015,"Betty Shabazz Intl Charter",305.0,288.0,"Economically Disadvantaged"
"400074",2015,"Betty Shabazz Intl Charter - Barbara A Sizemore",268.0,260.0,"Economically Disadvantaged"
"400073",2015,"Betty Shabazz Intl Charter - DuSable Leadership",145.0,142.0,"Economically Disadvantaged"
"610175",2015,"Beulah Shoesmith Elementary School",344.0,302.0,"Economically Disadvantaged"
"610087",2015,"Blair Early Childhood Center",195.0,153.0,"Economically Disadvantaged"
"610323",2015,"Bowen High School",382.0,373.0,"Economically Disadvantaged"
"609969",2015,"Bret Harte Elementary School",376.0,303.0,"Economically Disadvantaged"
"610106",2015,"Brian Piccolo Elementary Specialty School",531.0,528.0,"Economically Disadvantaged"
"610317",2015,"Brighton Park Elementary School",526.0,519.0,"Economically Disadvantaged"
"400019",2015,"Bronzeville Lighthouse Charter Elementary School",472.0,414.0,"Economically Disadvantaged"
"610381",2015,"Bronzeville Scholastic Academy High School",487.0,465.0,"Economically Disadvantaged"
"609821",2015,"Burnham Elementary Inclusive Academy",572.0,550.0,"Economically Disadvantaged"
"609827",2015,"Burnside Elementary Scholastic Academy",600.0,528.0,"Economically Disadvantaged"
"610353",2015,"Calmeca Academy of Fine Arts and Dual Language",807.0,780.0,"Economically Disadvantaged"
"610572",2015,"Camelot Safe Academy Elementary",27.0,27.0,"Economically Disadvantaged"
"610573",2015,"Camelot Safe Academy High School",21.0,21.0,"Economically Disadvantaged"
"609729",2015,"Carl Schurz High School",2302.0,2156.0,"Economically Disadvantaged"
"610039",2015,"Carl von Linne Elementary School",654.0,619.0,"Economically Disadvantaged"
"610238",2015,"Carrie Jacobs Bond Elementary School",367.0,366.0,"Economically Disadvantaged"
"609839",2015,"Carroll-Rosenwald Specialty Elementary School",499.0,450.0,"Economically Disadvantaged"
"610345",2015,"Carter G Woodson South Elementary School",347.0,336.0,"Economically Disadvantaged"
"400020",2015,"Catalyst Charter ES - Howland",468.0,460.0,"Economically Disadvantaged"
"400021",2015,"Catalyst Elementary School - Circle Rock",516.0,500.0,"Economically Disadvantaged"
"400115",2015,"Catalyst-Maria Charter School",956.0,873.0,"Economically Disadvantaged"
"610148",2015,"Cesar E Chavez Multicultural Academic Center ES",959.0,949.0,"Economically Disadvantaged"
"609679",2015,"Charles Allen Prosser Career Academy High School",1476.0,1404.0,"Economically Disadvantaged"
"610005",2015,"Charles Evans Hughes Elementary School",308.0,304.0,"Economically Disadvantaged"
"609966",2015,"Charles G Hammond Elementary School",497.0,491.0,"Economically Disadvantaged"
"609879",2015,"Charles Gates Dawes Elementary School",1059.0,1025.0,"Economically Disadvantaged"
"610366",2015,"Charles H Wacker Elementary School",250.0,223.0,"Economically Disadvantaged"
"610030",2015,"Charles Kozminski Elementary Community Academy",362.0,333.0,"Economically Disadvantaged"
"609996",2015,"Charles N Holden Elementary School",545.0,527.0,"Economically Disadvantaged"
"609833",2015,"Charles P Caldwell Academy of Math & Science ES",300.0,264.0,"Economically Disadvantaged"
"609732",2015,"Charles P Steinmetz College Preparatory HS",1709.0,1599.0,"Economically Disadvantaged"
"609875",2015,"Charles R Darwin Elementary School",568.0,536.0,"Economically Disadvantaged"
"609986",2015,"Charles R Henderson Elementary School",338.0,329.0,"Economically Disadvantaged"
"609813",2015,"Charles S Brownell Elementary School",258.0,257.0,"Economically Disadvantaged"
"609883",2015,"Charles S Deneen Elementary School",619.0,612.0,"Economically Disadvantaged"
"610194",2015,"Charles Sumner  Math & Science Community Acad ES",312.0,297.0,"Economically Disadvantaged"
"609897",2015,"Charles W Earle Elementary School",516.0,508.0,"Economically Disadvantaged"
"610248",2015,"Chicago Academy Elementary School",612.0,482.0,"Economically Disadvantaged"
"610340",2015,"Chicago Academy High School",526.0,446.0,"Economically Disadvantaged"
"400161",2015,"Chicago Charter Collegiate HS",173.0,157.0,"Economically Disadvantaged"
"400147",2015,"Chicago Excel Academy",374.0,343.0,"Economically Disadvantaged"
"609753",2015,"Chicago High School for Agricultural Sciences",690.0,354.0,"Economically Disadvantaged"
"400022",2015,"Chicago High School for the Arts",577.0,296.0,"Economically Disadvantaged"
"400023",2015,"Chicago Intl Charter - Avalon / South Shore",402.0,382.0,"Economically Disadvantaged"
"400024",2015,"Chicago Intl Charter - Basil",634.0,608.0,"Economically Disadvantaged"
"400025",2015,"Chicago Intl Charter - Bucktown",675.0,563.0,"Economically Disadvantaged"
"400113",2015,"Chicago Intl Charter - Chicago Quest North",295.0,253.0,"Economically Disadvantaged"
"400027",2015,"Chicago Intl Charter - Irving Park",536.0,335.0,"Economically Disadvantaged"
"400108",2015,"Chicago Intl Charter - Larry Hawkins",237.0,225.0,"Economically Disadvantaged"
"400092",2015,"Chicago Intl Charter - Lloyd Bond",343.0,334.0,"Economically Disadvantaged"
"400033",2015,"Chicago Intl Charter - Longwood",1266.0,1129.0,"Economically Disadvantaged"
"400026",2015,"Chicago Intl Charter - Loomis Primary",578.0,479.0,"Economically Disadvantaged"
"400034",2015,"Chicago Intl Charter - Northtown",860.0,705.0,"Economically Disadvantaged"
"400028",2015,"Chicago Intl Charter - Prairie",405.0,399.0,"Economically Disadvantaged"
"400032",2015,"Chicago Intl Charter - Ralph Ellison",479.0,447.0,"Economically Disadvantaged"
"400029",2015,"Chicago Intl Charter - Washington Park",432.0,423.0,"Economically Disadvantaged"
"400030",2015,"Chicago Intl Charter - West Belden",501.0,480.0,"Economically Disadvantaged"
"400031",2015,"Chicago Intl Charter - Wrightwood",731.0,608.0,"Economically Disadvantaged"
"400035",2015,"Chicago Math and Science Academy High School",606.0,564.0,"Economically Disadvantaged"
"609754",2015,"Chicago Military Academy High School",395.0,375.0,"Economically Disadvantaged"
"400091",2015,"Chicago Technology Academy High School",377.0,351.0,"Economically Disadvantaged"
"400036",2015,"Chicago Virtual Charter High School",682.0,497.0,"Economically Disadvantaged"
"609674",2015,"Chicago Vocational Career Academy High School",953.0,910.0,"Economically Disadvantaged"
"609899",2015,"Christian Ebinger Elementary School",711.0,137.0,"Economically Disadvantaged"
"609705",2015,"Christian Fenger Academy High School",333.0,325.0,"Economically Disadvantaged"
"400159",2015,"Christopher Charter House ES",167.0,151.0,"Economically Disadvantaged"
"609863",2015,"Christopher Columbus Elementary School",285.0,219.0,"Economically Disadvantaged"
"609790",2015,"Clara Barton Elementary School",531.0,477.0,"Economically Disadvantaged"
"610347",2015,"Claremont Academy Elementary School",503.0,501.0,"Economically Disadvantaged"
"610499",2015,"Collins Academy High School",419.0,413.0,"Economically Disadvantaged"
"610170",2015,"Columbia Explorers Elementary Academy",1098.0,1076.0,"Economically Disadvantaged"
"400038",2015,"Community Services West Academy",156.0,104.0,"Economically Disadvantaged"
"609748",2015,"Consuella B York Alternative High School",341.0,330.0,"Economically Disadvantaged"
"610004",2015,"Countee Cullen Elementary School",243.0,236.0,"Economically Disadvantaged"
"609781",2015,"Crispus Attucks Elementary School",132.0,131.0,"Economically Disadvantaged"
"609873",2015,"Crown Community Academy of Fine Arts Center ES",307.0,287.0,"Economically Disadvantaged"
"610063",2015,"Cyrus H McCormick Elementary School",825.0,811.0,"Economically Disadvantaged"
"609804",2015,"Daniel Boone Elementary School",818.0,762.0,"Economically Disadvantaged"
"610083",2015,"Daniel C Beard Elementary School",149.0,65.0,"Economically Disadvantaged"
"610380",2015,"Daniel Hale Williams Prep School of Medicine",290.0,278.0,"Economically Disadvantaged"
"609870",2015,"Daniel J Corkery Elementary School",597.0,579.0,"Economically Disadvantaged"
"609835",2015,"Daniel R Cameron Elementary School",855.0,851.0,"Economically Disadvantaged"
"610223",2015,"Daniel S Wentworth Elementary School",558.0,549.0,"Economically Disadvantaged"
"610221",2015,"Daniel Webster Elementary School",314.0,310.0,"Economically Disadvantaged"
"609704",2015,"David G Farragut Career Academy High School",987.0,978.0,"Economically Disadvantaged"
"610402",2015,"DeVry University Advantage Academy HS",196.0,149.0,"Economically Disadvantaged"
"609885",2015,"Dewey Elementary Academy of Fine Arts",365.0,364.0,"Economically Disadvantaged"
"609859",2015,"DeWitt Clinton Elementary School",1134.0,979.0,"Economically Disadvantaged"
"610564",2015,"Disney II Magnet High School",493.0,312.0,"Economically Disadvantaged"
"610515",2015,"Disney II Magnet School",420.0,138.0,"Economically Disadvantaged"
"610077",2015,"Donald Morrill Math & Science Elementary School",845.0,739.0,"Economically Disadvantaged"
"610198",2015,"Douglas Taylor Elementary School",529.0,522.0,"Economically Disadvantaged"
"609751",2015,"Dr  Martin Luther King  Jr  College Prep HS",739.0,596.0,"Economically Disadvantaged"
"610533",2015,"Dr Jorge Prieto Math and Science",1039.0,1009.0,"Economically Disadvantaged"
"610299",2015,"Dr. Martin L. King Jr Academy of Social Justice",237.0,237.0,"Economically Disadvantaged"
"610188",2015,"Dunne Technology Academy",246.0,233.0,"Economically Disadvantaged"
"610352",2015,"Durkin Park Elementary School",635.0,591.0,"Economically Disadvantaged"
"610254",2015,"Dvorak Technology Academy",472.0,470.0,"Economically Disadvantaged"
"609736",2015,"Dyett High School",13.0,13.0,"Economically Disadvantaged"
"610132",2015,"Edgar Allan Poe Elementary Classical School",200.0,87.0,"Economically Disadvantaged"
"609901",2015,"Edgebrook Elementary School",511.0,77.0,"Economically Disadvantaged"
"610523",2015,"Edison Park Elementary School",493.0,113.0,"Economically Disadvantaged"
"609819",2015,"Edmond Burke Elementary School",442.0,427.0,"Economically Disadvantaged"
"609815",2015,"Edward A Bouchet Math & Science Academy ES",666.0,664.0,"Economically Disadvantaged"
"610246",2015,"Edward Beasley Elementary Magnet Academic Center",1415.0,1160.0,"Economically Disadvantaged"
"609862",2015,"Edward Coles Elementary Language Academy",548.0,526.0,"Economically Disadvantaged"
"609909",2015,"Edward Everett Elementary School",238.0,232.0,"Economically Disadvantaged"
"610012",2015,"Edward Jenner Elementary Academy of the Arts",245.0,236.0,"Economically Disadvantaged"
"609904",2015,"Edward K Ellington Elementary School",696.0,687.0,"Economically Disadvantaged"
"610006",2015,"Edward N Hurley Elementary School",846.0,816.0,"Economically Disadvantaged"
"609735",2015,"Edward Tilden Career Community Academy HS",328.0,319.0,"Economically Disadvantaged"
"610315",2015,"Edward White Elementary Career Academy",178.0,177.0,"Economically Disadvantaged"
"609708",2015,"Edwin G Foreman High School",1276.0,1229.0,"Economically Disadvantaged"
"610227",2015,"Eli Whitney Elementary School",1104.0,1082.0,"Economically Disadvantaged"
"609852",2015,"Eliza Chappell Elementary School",554.0,463.0,"Economically Disadvantaged"
"610195",2015,"Elizabeth H Sutherland Elementary School",729.0,246.0,"Economically Disadvantaged"
"610235",2015,"Ella Flagg Young Elementary School",1024.0,1006.0,"Economically Disadvantaged"
"609682",2015,"Ellen H Richards Career Academy High School",354.0,348.0,"Economically Disadvantaged"
"610073",2015,"Ellen Mitchell Elementary School",367.0,247.0,"Economically Disadvantaged"
"609712",2015,"Emil G Hirsch Metropolitan High School",201.0,200.0,"Economically Disadvantaged"
"609973",2015,"Emiliano Zapata Elementary Academy",903.0,884.0,"Economically Disadvantaged"
"610065",2015,"Emmett Louis Till Math and Science Academy",386.0,383.0,"Economically Disadvantaged"
"610203",2015,"Enrico Tonti Elementary School",1082.0,1048.0,"Economically Disadvantaged"
"400094",2015,"EPIC Academy High School",421.0,405.0,"Economically Disadvantaged"
"610543",2015,"Eric Solorio Academy High School",1083.0,1046.0,"Economically Disadvantaged"
"400039",2015,"Erie Elementary Charter School",440.0,397.0,"Economically Disadvantaged"
"610137",2015,"Ernst Prussing Elementary School",700.0,543.0,"Economically Disadvantaged"
"609908",2015,"Esmond Elementary School",329.0,310.0,"Economically Disadvantaged"
"609918",2015,"Eugene Field Elementary School",352.0,337.0,"Economically Disadvantaged"
"609874",2015,"Everett McKinley Dirksen Elementary School",842.0,681.0,"Economically Disadvantaged"
"610319",2015,"Evergreen Academy Middle School",371.0,356.0,"Economically Disadvantaged"
"400176",2015,"Excel Academy - Southwest",2.0,1.0,"Economically Disadvantaged"
"610565",2015,"Excel Academy of Englewood",340.0,322.0,"Economically Disadvantaged"
"610057",2015,"Fairfield Elementary Academy",612.0,605.0,"Economically Disadvantaged"
"610541",2015,"Federico Garcia Lorca Elementary School",903.0,885.0,"Economically Disadvantaged"
"610120",2015,"Ferdinand Peck Elementary School",1644.0,1594.0,"Economically Disadvantaged"
"609917",2015,"Fernwood Elementary School",342.0,334.0,"Economically Disadvantaged"
"610096",2015,"Florence Nightingale Elementary School",1310.0,1285.0,"Economically Disadvantaged"
"609924",2015,"Fort Dearborn Elementary School",392.0,385.0,"Economically Disadvantaged"
"609927",2015,"Foster Park Elementary School",356.0,333.0,"Economically Disadvantaged"
"400171",2015,"Foundations College Prep Charter School",112.0,106.0,"Economically Disadvantaged"
"610067",2015,"Francis M McKay Elementary School",868.0,846.0,"Economically Disadvantaged"
"610112",2015,"Francis W Parker Elementary Community Academy",785.0,783.0,"Economically Disadvantaged"
"610215",2015,"Francisco I Madero Middle School",323.0,321.0,"Economically Disadvantaged"
"609800",2015,"Frank I Bennett Elementary School",373.0,359.0,"Economically Disadvantaged"
"609939",2015,"Frank L Gillespie Elementary School",573.0,553.0,"Economically Disadvantaged"
"609958",2015,"Frank W Gunsaulus Elementary Scholastic Academy",860.0,797.0,"Economically Disadvantaged"
"610144",2015,"Frank W Reilly Elementary School",1087.0,1043.0,"Economically Disadvantaged"
"609926",2015,"Franklin Elementary Fine Arts Center",367.0,158.0,"Economically Disadvantaged"
"610165",2015,"Franz Peter Schubert Elementary School",939.0,911.0,"Economically Disadvantaged"
"400040",2015,"Frazier Preparatory Academy Elementary School",406.0,395.0,"Economically Disadvantaged"
"610503",2015,"Frazier Prospective IB Magnet ES",292.0,270.0,"Economically Disadvantaged"
"609854",2015,"Frederic Chopin Elementary School",544.0,526.0,"Economically Disadvantaged"
"610245",2015,"Frederick A Douglass Academy High School",243.0,236.0,"Economically Disadvantaged"
"609930",2015,"Frederick Funston Elementary School",550.0,543.0,"Economically Disadvantaged"
"610163",2015,"Frederick Stock Elementary School",248.0,72.0,"Economically Disadvantaged"
"610010",2015,"Friedrich Ludwig Jahn Elementary School",338.0,261.0,"Economically Disadvantaged"
"609737",2015,"Friedrich W von Steuben Metropolitan Science HS",1687.0,1320.0,"Economically Disadvantaged"
"609709",2015,"Gage Park High School",465.0,458.0,"Economically Disadvantaged"
"400041",2015,"Galapagos Elementary Charter School",338.0,327.0,"Economically Disadvantaged"
"610009",2015,"Galileo Math & Science Scholastic Academy ES",560.0,379.0,"Economically Disadvantaged"
"610293",2015,"Genevieve Melody Elementary School",608.0,559.0,"Economically Disadvantaged"
"609779",2015,"George Armstrong International Studies ES",1461.0,1367.0,"Economically Disadvantaged"
"610062",2015,"George B McClellan Elementary School",306.0,280.0,"Economically Disadvantaged"
"610196",2015,"George B Swift Elementary Specialty School",718.0,624.0,"Economically Disadvantaged"
"609849",2015,"George F Cassell Elementary School",394.0,100.0,"Economically Disadvantaged"
"609761",2015,"George H Corliss High School",421.0,409.0,"Economically Disadvantaged"
"610305",2015,"George Leland Elementary School",630.0,628.0,"Economically Disadvantaged"
"610139",2015,"George M Pullman Elementary School",286.0,278.0,"Economically Disadvantaged"
"610048",2015,"George Manierre Elementary School",359.0,347.0,"Economically Disadvantaged"
"609795",2015,"George Rogers Clark Elementary School",290.0,272.0,"Economically Disadvantaged"
"609900",2015,"George W Curtis Elementary School",647.0,642.0,"Economically Disadvantaged"
"610202",2015,"George W Tilton Elementary School",377.0,376.0,"Economically Disadvantaged"
"609760",2015,"George Washington Carver Military Academy HS",504.0,477.0,"Economically Disadvantaged"
"609845",2015,"George Washington Carver Primary School",447.0,444.0,"Economically Disadvantaged"
"610219",2015,"George Washington Elementary School",867.0,689.0,"Economically Disadvantaged"
"609739",2015,"George Washington High School",1474.0,1367.0,"Economically Disadvantaged"
"609693",2015,"George Westinghouse College Prep",1123.0,947.0,"Economically Disadvantaged"
"609920",2015,"Gerald Delgado Kanoon Elementary Magnet School",716.0,712.0,"Economically Disadvantaged"
"400168",2015,"Great Lakes Academy Charter School",125.0,115.0,"Economically Disadvantaged"
"610383",2015,"Greater Lawndale High School For Social Justice",326.0,317.0,"Economically Disadvantaged"
"609857",2015,"Grover Cleveland Elementary School",659.0,598.0,"Economically Disadvantaged"
"609741",2015,"Gurdon S Hubbard High School",1701.0,1663.0,"Economically Disadvantaged"
"609726",2015,"Gwendolyn Brooks College Preparatory Academy HS",790.0,588.0,"Economically Disadvantaged"
"610182",2015,"Hannah G Solomon Elementary School",358.0,226.0,"Economically Disadvantaged"
"610068",2015,"Hanson Park Elementary School",1570.0,1539.0,"Economically Disadvantaged"
"610124",2015,"Harold Washington Elementary School",447.0,435.0,"Economically Disadvantaged"
"610192",2015,"Harriet Beecher Stowe Elementary School",773.0,764.0,"Economically Disadvantaged"
"610158",2015,"Harriet E Sayre Elementary Language Academy",530.0,420.0,"Economically Disadvantaged"
"609974",2015,"Hawthorne Elementary Scholastic Academy",574.0,127.0,"Economically Disadvantaged"
"609985",2015,"Helen M Hefferan Elementary School",436.0,402.0,"Economically Disadvantaged"
"610122",2015,"Helen Peirce International Studies ES",1033.0,731.0,"Economically Disadvantaged"
"609972",2015,"Helge A Haugan Elementary School",1154.0,1128.0,"Economically Disadvantaged"
"609856",2015,"Henry Clay Elementary School",595.0,566.0,"Economically Disadvantaged"
"610040",2015,"Henry D Lloyd Elementary School",1243.0,1201.0,"Economically Disadvantaged"
"400042",2015,"Henry Ford Academy Power House Charter HS",97.0,95.0,"Economically Disadvantaged"
"610092",2015,"Henry H Nash Elementary School",360.0,359.0,"Economically Disadvantaged"
"610279",2015,"Henry O Tanner Elementary School",402.0,359.0,"Economically Disadvantaged"
"609861",2015,"Henry R Clissold Elementary School",546.0,288.0,"Economically Disadvantaged"
"609798",2015,"Hiram H Belding Elementary School",617.0,446.0,"Economically Disadvantaged"
"609768",2015,"Hope College Preparatory High School",272.0,271.0,"Economically Disadvantaged"
"400043",2015,"Hope Institute Learning Academy",394.0,288.0,"Economically Disadvantaged"
"609850",2015,"Horace Greeley Elementary School",683.0,590.0,"Economically Disadvantaged"
"610052",2015,"Horace Mann Elementary School",388.0,381.0,"Economically Disadvantaged"
"400167",2015,"Horizon Science Academy-Southwest Chicago Charter",445.0,369.0,"Economically Disadvantaged"
"609713",2015,"Hyde Park Academy High School",946.0,922.0,"Economically Disadvantaged"
"610390",2015,"Hyman G Rickover Naval Academy High School",553.0,481.0,"Economically Disadvantaged"
"610110",2015,"Ida B Wells Preparatory Elementary Academy",458.0,432.0,"Economically Disadvantaged"
"610384",2015,"Infinity Math Science and Technology High School",418.0,404.0,"Economically Disadvantaged"
"400164",2015,"Instituto Charter Rudy Lozano - RLLAM",76.0,73.0,"Economically Disadvantaged"
"400104",2015,"Instituto Health Sciences Career Academy HS",769.0,750.0,"Economically Disadvantaged"
"400148",2015,"Instituto Justice and Leadership Acad Charter HS",167.0,162.0,"Economically Disadvantaged"
"610078",2015,"Inter-American Elementary Magnet School",654.0,369.0,"Economically Disadvantaged"
"400162",2015,"Intrinsic Charter HS",449.0,393.0,"Economically Disadvantaged"
"609848",2015,"Ira F Aldridge Elementary School",223.0,221.0,"Economically Disadvantaged"
"610532",2015,"Irene C. Hernandez Middle School for the Advancement of Science",943.0,929.0,"Economically Disadvantaged"
"610125",2015,"Irma C Ruiz Elementary School",839.0,804.0,"Economically Disadvantaged"
"610276",2015,"Irvin C Mollison Elementary School",466.0,399.0,"Economically Disadvantaged"
"610103",2015,"Isabelle C O'Keeffe Elementary School",676.0,662.0,"Economically Disadvantaged"
"610256",2015,"Jackie Robinson Elementary School",141.0,138.0,"Economically Disadvantaged"
"609797",2015,"Jacob Beidler Elementary School",505.0,463.0,"Economically Disadvantaged"
"609766",2015,"Jacqueline B Vaughn Occupational High School",201.0,161.0,"Economically Disadvantaged"
"609912",2015,"James B Farnsworth Elementary School",586.0,383.0,"Economically Disadvantaged"
"610070",2015,"James B McPherson Elementary School",782.0,680.0,"Economically Disadvantaged"
"610066",2015,"James E McDade Elementary Classical School",182.0,80.0,"Economically Disadvantaged"
"609803",2015,"James G Blaine Elementary School",898.0,185.0,"Economically Disadvantaged"
"609983",2015,"James Hedges Elementary School",781.0,774.0,"Economically Disadvantaged"
"610047",2015,"James Madison Elementary School",210.0,209.0,"Economically Disadvantaged"
"610074",2015,"James Monroe Elementary School",982.0,962.0,"Economically Disadvantaged"
"610200",2015,"James N Thorp Elementary School",364.0,358.0,"Economically Disadvantaged"
"610107",2015,"James Otis Elementary School",596.0,570.0,"Economically Disadvantaged"
"609891",2015,"James R Doolittle Jr Elementary School",307.0,300.0,"Economically Disadvantaged"
"610044",2015,"James Russell Lowell Elementary School",632.0,608.0,"Economically Disadvantaged"
"610174",2015,"James Shields Elementary School",1057.0,1050.0,"Economically Disadvantaged"
"610559",2015,"James Shields Middle School",706.0,696.0,"Economically Disadvantaged"
"610213",2015,"James Wadsworth Elementary School",550.0,540.0,"Economically Disadvantaged"
"610217",2015,"James Ward Elementary School",520.0,451.0,"Economically Disadvantaged"
"610274",2015,"James Weldon Johnson Elementary School",396.0,396.0,"Economically Disadvantaged"
"610093",2015,"Jane A Neil Elementary School",300.0,282.0,"Economically Disadvantaged"
"609772",2015,"Jane Addams Elementary School",890.0,788.0,"Economically Disadvantaged"
"609796",2015,"Jean Baptiste Beaubien Elementary School",1146.0,639.0,"Economically Disadvantaged"
"610271",2015,"Jensen Elementary Scholastic Academy",477.0,466.0,"Economically Disadvantaged"
"609943",2015,"Jesse Owens Elementary Community Academy",536.0,511.0,"Economically Disadvantaged"
"610173",2015,"Jesse Sherwood Elementary School",354.0,352.0,"Economically Disadvantaged"
"609942",2015,"Johann W von Goethe Elementary School",802.0,629.0,"Economically Disadvantaged"
"610216",2015,"John A Walsh Elementary School",450.0,412.0,"Economically Disadvantaged"
"609894",2015,"John B Drake Elementary School",462.0,415.0,"Economically Disadvantaged"
"610089",2015,"John B Murphy Elementary School",585.0,493.0,"Economically Disadvantaged"
"609789",2015,"John Barry Elementary School",839.0,807.0,"Economically Disadvantaged"
"609829",2015,"John C Burroughs Elementary School",490.0,469.0,"Economically Disadvantaged"
"609866",2015,"John C Coonley Elementary School",834.0,236.0,"Economically Disadvantaged"
"609893",2015,"John C Dore Elementary School",673.0,379.0,"Economically Disadvantaged"
"609959",2015,"John Charles Haines Elementary School",651.0,619.0,"Economically Disadvantaged"
"610176",2015,"John D Shoop Math-Science Technical Academy ES",504.0,497.0,"Economically Disadvantaged"
"609898",2015,"John F Eberhart Elementary School",1550.0,1521.0,"Economically Disadvantaged"
"609718",2015,"John F Kennedy High School",1568.0,1346.0,"Economically Disadvantaged"
"609919",2015,"John Fiske Elementary School",512.0,506.0,"Economically Disadvantaged"
"610263",2015,"John Foster Dulles Elementary School",778.0,776.0,"Economically Disadvantaged"
"610228",2015,"John Greenleaf Whittier Elementary School",324.0,319.0,"Economically Disadvantaged"
"609964",2015,"John H Hamline Elementary School",642.0,639.0,"Economically Disadvantaged"
"610026",2015,"John H Kinzie Elementary School",673.0,469.0,"Economically Disadvantaged"
"610207",2015,"John H Vanderpoel Elementary Magnet School",300.0,207.0,"Economically Disadvantaged"
"609694",2015,"John Hancock College Preparatory High School",920.0,891.0,"Economically Disadvantaged"
"609971",2015,"John Harvard Elementary School of Excellence",468.0,463.0,"Economically Disadvantaged"
"609975",2015,"John Hay Elementary Community Academy",541.0,533.0,"Economically Disadvantaged"
"609782",2015,"John J Audubon Elementary School",586.0,140.0,"Economically Disadvantaged"
"610126",2015,"John J Pershing Elementary Humanities Magnet",522.0,419.0,"Economically Disadvantaged"
"610054",2015,"John L Marsh Elementary School",864.0,803.0,"Economically Disadvantaged"
"609710",2015,"John M Harlan Community Academy High School",760.0,714.0,"Economically Disadvantaged"
"610180",2015,"John M Smyth Elementary School",459.0,448.0,"Economically Disadvantaged"
"609723",2015,"John Marshall Metropolitan High School",514.0,431.0,"Economically Disadvantaged"
"609954",2015,"John Milton Gregory Elementary School",416.0,415.0,"Economically Disadvantaged"
"610111",2015,"John Palmer Elementary School",890.0,784.0,"Economically Disadvantaged"
"610184",2015,"John Spry Elementary Community School",680.0,675.0,"Economically Disadvantaged"
"610269",2015,"John T McCutcheon Elementary School",470.0,461.0,"Economically Disadvantaged"
"610130",2015,"John T Pirie Fine Arts & Academic Center ES",342.0,304.0,"Economically Disadvantaged"
"609864",2015,"John W Cook Elementary School",404.0,370.0,"Economically Disadvantaged"
"609937",2015,"John W Garvy Elementary School",784.0,372.0,"Economically Disadvantaged"
"610225",2015,"John Whistler Elementary School",290.0,273.0,"Economically Disadvantaged"
"610199",2015,"Johnnie Colemon Elementary Academy",269.0,236.0,"Economically Disadvantaged"
"609828",2015,"Jonathan Burr Elementary School",398.0,204.0,"Economically Disadvantaged"
"610159",2015,"Jonathan Y Scammon Elementary School",951.0,912.0,"Economically Disadvantaged"
"609865",2015,"Jordan Elementary Community School",601.0,591.0,"Economically Disadvantaged"
"610313",2015,"Jose De Diego Elementary Community Academy",770.0,709.0,"Economically Disadvantaged"
"609950",2015,"Josefa Ortiz De Dominguez Elementary School",746.0,728.0,"Economically Disadvantaged"
"610242",2015,"Joseph Brennemann Elementary School",499.0,476.0,"Economically Disadvantaged"
"609938",2015,"Joseph E Gary Elementary School",1169.0,1158.0,"Economically Disadvantaged"
"610015",2015,"Joseph Jungman Elementary School",285.0,278.0,"Economically Disadvantaged"
"609925",2015,"Joseph Kellman Corporate Community ES",416.0,394.0,"Economically Disadvantaged"
"610043",2015,"Joseph Lovett Elementary School",452.0,429.0,"Economically Disadvantaged"
"610218",2015,"Joseph Warren Elementary School",300.0,289.0,"Economically Disadvantaged"
"610041",2015,"Josephine C Locke Elementary School",1370.0,1230.0,"Economically Disadvantaged"
"610019",2015,"Joshua D Kershaw Elementary School",266.0,243.0,"Economically Disadvantaged"
"610129",2015,"Josiah Pickard Elementary School",584.0,573.0,"Economically Disadvantaged"
"610022",2015,"Joyce Kilmer Elementary School",784.0,760.0,"Economically Disadvantaged"
"610000",2015,"Julia Ward Howe Elementary School of Excellence",587.0,586.0,"Economically Disadvantaged"
"610016",2015,"Kate S Kellogg Elementary School",251.0,126.0,"Economically Disadvantaged"
"609716",2015,"Kelvyn Park High School",887.0,853.0,"Economically Disadvantaged"
"609746",2015,"Kenwood Academy High School",1757.0,1268.0,"Economically Disadvantaged"
"400044",2015,"KIPP Ascend Academy Charter Elementary School",722.0,695.0,"Economically Disadvantaged"
"400177",2015,"KIPP Ascend Primary Charter",109.0,106.0,"Economically Disadvantaged"
"400163",2015,"KIPP Charter Bloom",165.0,156.0,"Economically Disadvantaged"
"400146",2015,"KIPP Charter Create",233.0,225.0,"Economically Disadvantaged"
"400045",2015,"Kwame Nkrumah Academy Elementary School",312.0,264.0,"Economically Disadvantaged"
"609719",2015,"Lake View High School",1347.0,1188.0,"Economically Disadvantaged"
"610368",2015,"Langston Hughes Elementary School",549.0,540.0,"Economically Disadvantaged"
"610033",2015,"LaSalle Elementary Language Academy",553.0,193.0,"Economically Disadvantaged"
"610520",2015,"LaSalle II Magnet Elementary School",605.0,310.0,"Economically Disadvantaged"
"609910",2015,"Laughlin Falconer Elementary School",1402.0,1347.0,"Economically Disadvantaged"
"610133",2015,"Laura S Ward Elementary School",654.0,647.0,"Economically Disadvantaged"
"610034",2015,"Lawndale Elementary Community Academy",418.0,417.0,"Economically Disadvantaged"
"610024",2015,"Lazaro Cardenas Elementary School",709.0,700.0,"Economically Disadvantaged"
"400107",2015,"LEARN  Charter School-South Chicago Campus",450.0,422.0,"Economically Disadvantaged"
"400165",2015,"LEARN Charter - Middle School Campus",284.0,263.0,"Economically Disadvantaged"
"400151",2015,"Learn Charter 7 ES",267.0,245.0,"Economically Disadvantaged"
"400047",2015,"LEARN Charter ES - Charles and Dorothy Campbell",488.0,485.0,"Economically Disadvantaged"
"400048",2015,"LEARN Charter ES - Excel",448.0,433.0,"Economically Disadvantaged"
"400046",2015,"LEARN Charter ES - Romano Butler Campus",638.0,601.0,"Economically Disadvantaged"
"400111",2015,"LEARN Charter School - Hunter Perkins",456.0,420.0,"Economically Disadvantaged"
"400049",2015,"Legacy Charter Elementary School",496.0,454.0,"Economically Disadvantaged"
"400119",2015,"Legal Prep Charter Academy",251.0,238.0,"Economically Disadvantaged"
"609907",2015,"Leif Ericson Elementary Scholastic Academy",460.0,449.0,"Economically Disadvantaged"
"610298",2015,"Lenart Elementary Regional Gifted Center",289.0,111.0,"Economically Disadvantaged"
"610036",2015,"Leslie Lewis Elementary School",511.0,509.0,"Economically Disadvantaged"
"609738",2015,"Lincoln Park High School",2267.0,1321.0,"Economically Disadvantaged"
"609807",2015,"Lionel Hampton Fine & Performing Arts ES",563.0,524.0,"Economically Disadvantaged"
"400137",2015,"Little Black Pearl Art and Design Academy",190.0,179.0,"Economically Disadvantaged"
"609834",2015,"Little Village Elementary School",892.0,886.0,"Economically Disadvantaged"
"610325",2015,"Logandale Middle School",846.0,818.0,"Economically Disadvantaged"
"609809",2015,"Lorenz Brentano Math & Science Academy ES",426.0,368.0,"Economically Disadvantaged"
"609773",2015,"Louis A Agassiz Elementary School",510.0,250.0,"Economically Disadvantaged"
"610094",2015,"Louis Nettelhorst Elementary School",840.0,235.0,"Economically Disadvantaged"
"610117",2015,"Louis Pasteur Elementary School",1260.0,1190.0,"Economically Disadvantaged"
"609774",2015,"Louisa May Alcott Elementary School",567.0,95.0,"Economically Disadvantaged"
"610237",2015,"Ludwig Van Beethoven Elementary School",376.0,370.0,"Economically Disadvantaged"
"610108",2015,"Luke O'Toole Elementary School",467.0,448.0,"Economically Disadvantaged"
"609818",2015,"Luther Burbank Elementary School",995.0,968.0,"Economically Disadvantaged"
"609817",2015,"Lyman A Budlong Elementary School",866.0,754.0,"Economically Disadvantaged"
"610566",2015,"Magic Johnson Bridgescape Academy North Lawndale",200.0,165.0,"Economically Disadvantaged"
"610567",2015,"Magic Johnson Bridgescape Academy South Shore",200.0,183.0,"Economically Disadvantaged"
"610582",2015,"Magic Johnson Englewood",200.0,190.0,"Economically Disadvantaged"
"610580",2015,"Magic Johnson Humboldt Park",95.0,89.0,"Economically Disadvantaged"
"610369",2015,"Mahalia Jackson Elementary School",359.0,355.0,"Economically Disadvantaged"
"610197",2015,"Mancel Talcott Elementary School",540.0,448.0,"Economically Disadvantaged"
"609722",2015,"Manley Career Academy High School",356.0,308.0,"Economically Disadvantaged"
"609872",2015,"Manuel Perez Elementary School",338.0,335.0,"Economically Disadvantaged"
"610128",2015,"Marcus Moziah Garvey Elementary School",294.0,291.0,"Economically Disadvantaged"
"610017",2015,"Maria Saucedo Elementary Scholastic Academy",1222.0,1155.0,"Economically Disadvantaged"
"610544",2015,"Mariano Azuela Elementary School",970.0,897.0,"Economically Disadvantaged"
"609756",2015,"Marie Sklodowska Curie Metropolitan High School",3060.0,2914.0,"Economically Disadvantaged"
"609780",2015,"Marine Leadership Academy at Ames",760.0,737.0,"Economically Disadvantaged"
"610081",2015,"Mark Sheridan Elementary Math & Science Academy",557.0,316.0,"Economically Disadvantaged"
"610177",2015,"Mark Skinner Elementary School",966.0,262.0,"Economically Disadvantaged"
"610206",2015,"Mark Twain Elementary School",1196.0,1056.0,"Economically Disadvantaged"
"610053",2015,"Marquette Elementary School",1274.0,1254.0,"Economically Disadvantaged"
"610152",2015,"Martha Ruggles Elementary School",409.0,407.0,"Economically Disadvantaged"
"610539",2015,"Marvin Camras Elementary School",1032.0,957.0,"Economically Disadvantaged"
"610355",2015,"Mary E Courtenay Elementary Language Arts Center",576.0,498.0,"Economically Disadvantaged"
"610312",2015,"Mary E McDowell Elementary School",185.0,172.0,"Economically Disadvantaged"
"610127",2015,"Mary Gage Peterson Elementary School",888.0,707.0,"Economically Disadvantaged"
"610046",2015,"Mary Lyon Elementary School",1417.0,1353.0,"Economically Disadvantaged"
"609888",2015,"Mary Mapes Dodge Elementary Renaissance Academy",192.0,186.0,"Economically Disadvantaged"
"609935",2015,"Matthew Gallistel Elementary Language Academy",1261.0,1226.0,"Economically Disadvantaged"
"610362",2015,"Medgar Evers Elementary School",365.0,326.0,"Economically Disadvantaged"
"609928",2015,"Melville W Fuller Elementary School",383.0,373.0,"Economically Disadvantaged"
"610055",2015,"Michael Faraday Elementary School",370.0,368.0,"Economically Disadvantaged"
"609832",2015,"Michael M Byrne Elementary School",637.0,393.0,"Economically Disadvantaged"
"610244",2015,"Michele Clark Academic Prep Magnet High School",511.0,506.0,"Economically Disadvantaged"
"610208",2015,"Mildred I Lavizzo Elementary School",393.0,382.0,"Economically Disadvantaged"
"609830",2015,"Milton Brunson Math & Science Specialty ES",620.0,613.0,"Economically Disadvantaged"
"610011",2015,"Minnie Mars Jamieson Elementary School",913.0,705.0,"Economically Disadvantaged"
"609725",2015,"Morgan Park High School",1436.0,1234.0,"Economically Disadvantaged"
"610257",2015,"Morton School of Excellence",404.0,399.0,"Economically Disadvantaged"
"610075",2015,"Moses Montefiore Special Elementary School",26.0,25.0,"Economically Disadvantaged"
"610082",2015,"Mount Greenwood Elementary School",1059.0,268.0,"Economically Disadvantaged"
"610086",2015,"Mount Vernon Elementary School",293.0,283.0,"Economically Disadvantaged"
"610385",2015,"Multicultural Academy of Scholarship",276.0,271.0,"Economically Disadvantaged"
"609806",2015,"Myra Bradwell Communications Arts & Sciences ES",736.0,728.0,"Economically Disadvantaged"
"400050",2015,"Namaste Charter Elementary School",485.0,410.0,"Economically Disadvantaged"
"609783",2015,"Nancy B Jefferson Alternative High School",333.0,277.0,"Economically Disadvantaged"
"609960",2015,"Nathan Hale Elementary School",951.0,721.0,"Economically Disadvantaged"
"609876",2015,"Nathan S Davis Elementary School",913.0,898.0,"Economically Disadvantaged"
"609952",2015,"Nathanael Greene Elementary School",620.0,597.0,"Economically Disadvantaged"
"610231",2015,"National Teachers Elementary Academy",626.0,553.0,"Economically Disadvantaged"
"609692",2015,"Neal F Simeon Career Academy High School",1402.0,1296.0,"Economically Disadvantaged"
"610284",2015,"New Field Elementary School",607.0,574.0,"Economically Disadvantaged"
"609792",2015,"Newton Bateman Elementary School",1011.0,917.0,"Economically Disadvantaged"
"609730",2015,"Nicholas Senn High School",1281.0,1120.0,"Economically Disadvantaged"
"609793",2015,"Nicholson Technology Academy",559.0,557.0,"Economically Disadvantaged"
"609961",2015,"Ninos Heroes Elementary Academic Center",407.0,403.0,"Economically Disadvantaged"
"400170",2015,"Noble Charter School - The Noble Academy Campus",194.0,165.0,"Economically Disadvantaged"
"400097",2015,"Noble Street Charter - Chicago Bulls College",1085.0,989.0,"Economically Disadvantaged"
"400156",2015,"Noble Street Charter  Crimson HS",266.0,239.0,"Economically Disadvantaged"
"400052",2015,"Noble Street Charter - Gary Comer College Prep",1022.0,909.0,"Economically Disadvantaged"
"400053",2015,"Noble Street Charter - Golder College Prep",645.0,602.0,"Economically Disadvantaged"
"400098",2015,"Noble Street Charter - Muchin College Prep",842.0,725.0,"Economically Disadvantaged"
"400051",2015,"Noble Street Charter - Noble Street College Prep",615.0,565.0,"Economically Disadvantaged"
"400054",2015,"Noble Street Charter - Pritzker College Prep",929.0,875.0,"Economically Disadvantaged"
"400055",2015,"Noble Street Charter - Rauner College Prep",619.0,526.0,"Economically Disadvantaged"
"400056",2015,"Noble Street Charter - Rowe-Clark Math & Sci Acad",624.0,584.0,"Economically Disadvantaged"
"400057",2015,"Noble Street Charter - UIC College Prep",887.0,781.0,"Economically Disadvantaged"
"400157",2015,"Noble Street Charter Orange HS",263.0,254.0,"Economically Disadvantaged"
"400106",2015,"Noble Street Charter School – Johnson HS",848.0,805.0,"Economically Disadvantaged"
"400118",2015,"Noble Street Charter School - Purple",463.0,440.0,"Economically Disadvantaged"
"400117",2015,"Noble Street Charter School - Silver",647.0,555.0,"Economically Disadvantaged"
"400169",2015,"Noble-ITW David Speer Academy Campus",286.0,273.0,"Economically Disadvantaged"
"609810",2015,"Norman A Bridge Elementary School",1078.0,835.0,"Economically Disadvantaged"
"400058",2015,"North Lawndale College Prep Charter - Christiana",411.0,396.0,"Economically Disadvantaged"
"400059",2015,"North Lawndale College Prep Charter - Collins",410.0,398.0,"Economically Disadvantaged"
"610354",2015,"North River Elementary School",361.0,336.0,"Economically Disadvantaged"
"609691",2015,"North-Grand High School",923.0,900.0,"Economically Disadvantaged"
"609749",2015,"Northside College Preparatory High School",1050.0,432.0,"Economically Disadvantaged"
"609744",2015,"Northside Learning Center High School",270.0,237.0,"Economically Disadvantaged"
"610051",2015,"Northwest Middle School",567.0,557.0,"Economically Disadvantaged"
"610099",2015,"Norwood Park Elementary School",381.0,88.0,"Economically Disadvantaged"
"610529",2015,"Ogden International High School",752.0,372.0,"Economically Disadvantaged"
"610201",2015,"Ole A Thorp Elementary Scholastic Academy",839.0,459.0,"Economically Disadvantaged"
"610300",2015,"Oliver S Westcott Elementary School",381.0,375.0,"Economically Disadvantaged"
"609997",2015,"Oliver Wendell Holmes Elementary School",228.0,227.0,"Economically Disadvantaged"
"610569",2015,"Ombudsman #1",145.0,48.0,"Economically Disadvantaged"
"610570",2015,"Ombudsman #2",167.0,165.0,"Economically Disadvantaged"
"610571",2015,"Ombudsman #3",401.0,387.0,"Economically Disadvantaged"
"610105",2015,"Oriole Park Elementary School",689.0,180.0,"Economically Disadvantaged"
"610329",2015,"Orozco Fine Arts & Sciences Elementary School",598.0,579.0,"Economically Disadvantaged"
"610389",2015,"Orr Academy High School",458.0,435.0,"Economically Disadvantaged"
"609811",2015,"Orville T Bright Elementary School",296.0,292.0,"Economically Disadvantaged"
"610367",2015,"Oscar DePriest Elementary School",739.0,722.0,"Economically Disadvantaged"
"610059",2015,"Oscar F Mayer Elementary School",664.0,175.0,"Economically Disadvantaged"
"610021",2015,"Pablo Casals Elementary School",497.0,487.0,"Economically Disadvantaged"
"610115",2015,"Park Manor Elementary School",384.0,384.0,"Economically Disadvantaged"
"610116",2015,"Parkside Elementary Community Academy",316.0,312.0,"Economically Disadvantaged"
"610557",2015,"Pathways in Education",298.0,266.0,"Economically Disadvantaged"
"610568",2015,"Pathways in Education Avondale",307.0,287.0,"Economically Disadvantaged"
"400173",2015,"Pathways in Education Brighton Park",211.0,191.0,"Economically Disadvantaged"
"609988",2015,"Patrick Henry Elementary School",659.0,634.0,"Economically Disadvantaged"
"610003",2015,"Paul Cuffe Math-Science Technology Academy ES",456.0,419.0,"Economically Disadvantaged"
"609676",2015,"Paul Laurence Dunbar Career Academy High School",1034.0,1019.0,"Economically Disadvantaged"
"610146",2015,"Paul Revere Elementary School",279.0,278.0,"Economically Disadvantaged"
"609707",2015,"Paul Robeson High School",295.0,295.0,"Economically Disadvantaged"
"610386",2015,"Peace & Education Coalition High School",140.0,136.0,"Economically Disadvantaged"
"609762",2015,"Percy L Julian High School",871.0,823.0,"Economically Disadvantaged"
"609791",2015,"Perkins Bass Elementary School",522.0,515.0,"Economically Disadvantaged"
"400062",2015,"Perspectives Charter - Calumet Technology",449.0,426.0,"Economically Disadvantaged"
"400066",2015,"Perspectives Charter - IIT Math & Science Academy",572.0,533.0,"Economically Disadvantaged"
"400064",2015,"Perspectives Charter - Rodney D Joslin",384.0,351.0,"Economically Disadvantaged"
"400061",2015,"Perspectives Charter Leadership Academy HS",641.0,617.0,"Economically Disadvantaged"
"610145",2015,"Peter A Reinberg Elementary School",852.0,772.0,"Economically Disadvantaged"
"609867",2015,"Peter Cooper Elementary Dual Language Academy",589.0,576.0,"Economically Disadvantaged"
"610147",2015,"Philip Rogers Elementary School",761.0,639.0,"Economically Disadvantaged"
"609777",2015,"Phillip D Armour Elementary School",309.0,298.0,"Economically Disadvantaged"
"610090",2015,"Phillip Murray Elementary Language Academy",531.0,307.0,"Economically Disadvantaged"
"609981",2015,"Phobe Apperson Hearst Elementary School",333.0,328.0,"Economically Disadvantaged"
"610304",2015,"Phoenix Military Academy High School",501.0,479.0,"Economically Disadvantaged"
"610013",2015,"Pilsen Elementary Community Academy",421.0,388.0,"Economically Disadvantaged"
"400068",2015,"Plato Learning Academy Elementary School",487.0,478.0,"Economically Disadvantaged"
"400069",2015,"Polaris Charter Academy Elementary School",426.0,398.0,"Economically Disadvantaged"
"610135",2015,"Portage Park Elementary School",1029.0,863.0,"Economically Disadvantaged"
"400070",2015,"Prologue Early College High School",222.0,182.0,"Economically Disadvantaged"
"400109",2015,"Prologue-Joshua Johnston Charter School",250.0,240.0,"Economically Disadvantaged"
"400071",2015,"Providence Englewood Charter - Bunche",512.0,459.0,"Economically Disadvantaged"
"610138",2015,"Pulaski International School of Chicago",912.0,744.0,"Economically Disadvantaged"
"609842",2015,"Rachel Carson Elementary School",1165.0,1155.0,"Economically Disadvantaged"
"609902",2015,"Ralph H Metcalfe Elementary Community Academy",492.0,487.0,"Economically Disadvantaged"
"610141",2015,"Ravenswood Elementary School",527.0,245.0,"Economically Disadvantaged"
"609769",2015,"Ray Graham Training Center High School",133.0,122.0,"Economically Disadvantaged"
"609903",2015,"Richard Edwards Elementary School",1452.0,1412.0,"Economically Disadvantaged"
"610291",2015,"Richard Henry Lee Elementary School",885.0,857.0,"Economically Disadvantaged"
"610239",2015,"Richard J Daley Elementary Academy",645.0,643.0,"Economically Disadvantaged"
"610102",2015,"Richard J Oglesby Elementary School",481.0,476.0,"Economically Disadvantaged"
"610561",2015,"Richard T Crane Medical Preparatory HS",338.0,301.0,"Economically Disadvantaged"
"609702",2015,"Richard T Crane Technical Preparatory HS",57.0,56.0,"Economically Disadvantaged"
"610234",2015,"Richard Yates Elementary School",601.0,586.0,"Economically Disadvantaged"
"609695",2015,"Roald Amundsen High School",1132.0,1056.0,"Economically Disadvantaged"
"610350",2015,"Robert A Black Magnet Elementary School",469.0,401.0,"Economically Disadvantaged"
"609929",2015,"Robert Fulton Elementary School",497.0,492.0,"Economically Disadvantaged"
"609979",2015,"Robert Healy Elementary School",1396.0,1253.0,"Economically Disadvantaged"
"609956",2015,"Robert L Grimes Elementary School",477.0,414.0,"Economically Disadvantaged"
"610391",2015,"Robert Lindblom Math & Science Academy HS",1175.0,793.0,"Economically Disadvantaged"
"610252",2015,"Robert Nathaniel Dett Elementary School",432.0,426.0,"Economically Disadvantaged"
"609759",2015,"Roberto Clemente Community Academy High School",733.0,706.0,"Economically Disadvantaged"
"610029",2015,"Rodolfo Lozano Bilingual & International Ctr ES",262.0,246.0,"Economically Disadvantaged"
"609733",2015,"Roger C Sullivan High School",574.0,544.0,"Economically Disadvantaged"
"610091",2015,"Ronald Brown Elementary Community Academy",312.0,300.0,"Economically Disadvantaged"
"610282",2015,"Ronald E McNair Elementary School",385.0,379.0,"Economically Disadvantaged"
"609826",2015,"Rosario Castellanos Elementary School",576.0,571.0,"Economically Disadvantaged"
"610056",2015,"Roswell B Mason Elementary School",422.0,419.0,"Economically Disadvantaged"
"400096",2015,"Rowe Elementary School",692.0,590.0,"Economically Disadvantaged"
"610027",2015,"Rudyard Kipling Elementary School",370.0,329.0,"Economically Disadvantaged"
"610250",2015,"Rueben Salazar Elementary Bilingual Center",374.0,311.0,"Economically Disadvantaged"
"609995",2015,"Rufus M Hitch Elementary School",561.0,375.0,"Economically Disadvantaged"
"609853",2015,"Salmon P Chase Elementary School",469.0,455.0,"Economically Disadvantaged"
"610558",2015,"Sarah E. Goode STEM Academy",645.0,563.0,"Economically Disadvantaged"
"610155",2015,"Sauganash Elementary School",574.0,198.0,"Economically Disadvantaged"
"609805",2015,"Scott Joplin Elementary School",460.0,452.0,"Economically Disadvantaged"
"609968",2015,"Sharon Christa McAuliffe Elementary School",730.0,716.0,"Economically Disadvantaged"
"610157",2015,"Sidney Sawyer Elementary School",1808.0,1766.0,"Economically Disadvantaged"
"609750",2015,"Simpson Academy High School for Young Women",70.0,70.0,"Economically Disadvantaged"
"610521",2015,"Sir Miles Davis Magnet Elementary Academy",300.0,290.0,"Economically Disadvantaged"
"610534",2015,"Skinner North",418.0,74.0,"Economically Disadvantaged"
"610226",2015,"Socorro Sandoval Elementary School",1145.0,1115.0,"Economically Disadvantaged"
"609990",2015,"South Loop Elementary School",908.0,305.0,"Economically Disadvantaged"
"610530",2015,"South Shore Fine Arts Academy",486.0,435.0,"Economically Disadvantaged"
"610547",2015,"South Shore Intl College Prep High School",669.0,594.0,"Economically Disadvantaged"
"609745",2015,"Southside Occupational Academy High School",206.0,195.0,"Economically Disadvantaged"
"610183",2015,"Spencer Technology Academy",800.0,794.0,"Economically Disadvantaged"
"610357",2015,"Spry Community Links High School",183.0,180.0,"Economically Disadvantaged"
"610548",2015,"STEM Magnet Academy",392.0,169.0,"Economically Disadvantaged"
"609880",2015,"Stephen Decatur Classical Elementary School",289.0,41.0,"Economically Disadvantaged"
"609933",2015,"Stephen F Gale Elementary Community Academy",400.0,389.0,"Economically Disadvantaged"
"609976",2015,"Stephen K Hayt Elementary School",1006.0,917.0,"Economically Disadvantaged"
"609724",2015,"Stephen T Mather High School",1579.0,1437.0,"Economically Disadvantaged"
"610191",2015,"Stone Elementary Scholastic Academy",629.0,333.0,"Economically Disadvantaged"
"610405",2015,"Suder Montessori Magnet ES",419.0,254.0,"Economically Disadvantaged"
"610249",2015,"Talman Elementary School",442.0,420.0,"Economically Disadvantaged"
"610396",2015,"Tarkington School of Excellence ES",1034.0,1002.0,"Economically Disadvantaged"
"610506",2015,"TEAM Englewood Community Academy High School",378.0,370.0,"Economically Disadvantaged"
"609921",2015,"Telpochcalli Elementary School",312.0,297.0,"Economically Disadvantaged"
"400116",2015,"The Montessori School of Englewood Charter",258.0,249.0,"Economically Disadvantaged"
"609991",2015,"Theodore Herzl Elementary School",589.0,539.0,"Economically Disadvantaged"
"609728",2015,"Theodore Roosevelt High School",1357.0,1311.0,"Economically Disadvantaged"
"610178",2015,"Theophilus Schmid Elementary School",210.0,202.0,"Economically Disadvantaged"
"609794",2015,"Thomas A Edison Regional Gifted Center ES",277.0,42.0,"Economically Disadvantaged"
"609987",2015,"Thomas A Hendricks Elementary Community Academy",262.0,253.0,"Economically Disadvantaged"
"609851",2015,"Thomas Chalmers Specialty Elementary School",365.0,363.0,"Economically Disadvantaged"
"609896",2015,"Thomas Drummond Elementary School",352.0,113.0,"Economically Disadvantaged"
"610002",2015,"Thomas Hoyne Elementary School",241.0,218.0,"Economically Disadvantaged"
"610295",2015,"Thomas J Higgins Elementary Community Academy",338.0,318.0,"Economically Disadvantaged"
"610220",2015,"Thomas J Waters Elementary School",625.0,279.0,"Economically Disadvantaged"
"609715",2015,"Thomas Kelly High School",2290.0,2205.0,"Economically Disadvantaged"
"610321",2015,"Thurgood Marshall Middle School",108.0,106.0,"Economically Disadvantaged"
"609895",2015,"Turner-Drew Elementary Language Academy",306.0,241.0,"Economically Disadvantaged"
"400078",2015,"University of Chicago Charter - Carter G Woodson",352.0,311.0,"Economically Disadvantaged"
"400075",2015,"University of Chicago Charter - Donoghue",566.0,392.0,"Economically Disadvantaged"
"400076",2015,"University of Chicago Charter - NKO",342.0,273.0,"Economically Disadvantaged"
"400077",2015,"University of Chicago Charter - Woodlawn",650.0,554.0,"Economically Disadvantaged"
"400112",2015,"UNO 51st and Homan Charter Elementary School",576.0,569.0,"Economically Disadvantaged"
"400081",2015,"UNO Charter - Bartolome de Las Casas",287.0,278.0,"Economically Disadvantaged"
"400082",2015,"UNO Charter - Carlos Fuentes",574.0,544.0,"Economically Disadvantaged"
"400120",2015,"UNO Charter - Near West Elementary",576.0,526.0,"Economically Disadvantaged"
"400083",2015,"UNO Charter - Octavio Paz Campus",413.0,408.0,"Economically Disadvantaged"
"400121",2015,"UNO Charter - Rogers Park ES",729.0,697.0,"Economically Disadvantaged"
"400084",2015,"UNO Charter - Rufino Tamayo",289.0,281.0,"Economically Disadvantaged"
"400101",2015,"UNO Charter - Sandra Cisneros",552.0,548.0,"Economically Disadvantaged"
"400153",2015,"UNO Charter 15 ES",519.0,514.0,"Economically Disadvantaged"
"400114",2015,"UNO Charter School - Esmeralda Santiago",276.0,263.0,"Economically Disadvantaged"
"400085",2015,"UNO Charter School - Major Hector P.Garcia MD Campus",666.0,634.0,"Economically Disadvantaged"
"400089",2015,"UNO Charter School - Officer Donald J. Marquez",569.0,555.0,"Economically Disadvantaged"
"400080",2015,"UNO Charter School - PFC Omar E.Torres Campus",638.0,593.0,"Economically Disadvantaged"
"400079",2015,"UNO Charter School - SPC Daniel Zizumbo Campus",637.0,607.0,"Economically Disadvantaged"
"400149",2015,"UNO Soccer Academy High School",637.0,629.0,"Economically Disadvantaged"
"610394",2015,"Uplift Community High School",326.0,313.0,"Economically Disadvantaged"
"400086",2015,"Urban Prep Acad for Young Men Charter - Englewood",477.0,386.0,"Economically Disadvantaged"
"400105",2015,"Urban Prep Academy for Young Men - Bronzeville",479.0,396.0,"Economically Disadvantaged"
"400102",2015,"Urban Prep Academy for Young Men - West",418.0,373.0,"Economically Disadvantaged"
"610504",2015,"Velma F Thomas Early Childhood Center",176.0,154.0,"Economically Disadvantaged"
"609944",2015,"Virgil Grissom Elementary School",347.0,240.0,"Economically Disadvantaged"
"610518",2015,"VOISE Academy High School",254.0,251.0,"Economically Disadvantaged"
"610363",2015,"Walt Disney Magnet Elementary School",1663.0,1079.0,"Economically Disadvantaged"
"610095",2015,"Walter L Newberry Math & Science Academy ES",573.0,379.0,"Economically Disadvantaged"
"609680",2015,"Walter Payton College Preparatory High School",901.0,309.0,"Economically Disadvantaged"
"609955",2015,"Walter Q Gresham Elementary School",359.0,355.0,"Economically Disadvantaged"
"609855",2015,"Walter S Christopher Elementary School",365.0,339.0,"Economically Disadvantaged"
"610179",2015,"Washington D Smyser Elementary School",1019.0,826.0,"Economically Disadvantaged"
"610121",2015,"Washington Irving Elementary School",460.0,427.0,"Economically Disadvantaged"
"609740",2015,"Wells Community Academy High School",546.0,520.0,"Economically Disadvantaged"
"610032",2015,"Wendell E Green Elementary School",329.0,308.0,"Economically Disadvantaged"
"609727",2015,"Wendell Phillips Academy High School",614.0,595.0,"Economically Disadvantaged"
"609978",2015,"Wendell Smith Elementary School",362.0,354.0,"Economically Disadvantaged"
"610100",2015,"West Park Elementary Academy",630.0,625.0,"Economically Disadvantaged"
"610542",2015,"West Ridge Elementary School",738.0,673.0,"Economically Disadvantaged"
"609755",2015,"Whitney M Young Magnet High School",2209.0,917.0,"Economically Disadvantaged"
"610230",2015,"Wildwood Elementary School",428.0,87.0,"Economically Disadvantaged"
"610251",2015,"Willa Cather Elementary School",380.0,376.0,"Economically Disadvantaged"
"610101",2015,"William B Ogden Elementary School",860.0,172.0,"Economically Disadvantaged"
"610109",2015,"William Bishop Owen Scholastic Academy ES",252.0,161.0,"Economically Disadvantaged"
"610143",2015,"William C Reavis Math & Science Specialty ES",246.0,242.0,"Economically Disadvantaged"
"609945",2015,"William C. Goudy Technology Academy",764.0,714.0,"Economically Disadvantaged"
"610364",2015,"William E B Dubois Elementary School",212.0,208.0,"Economically Disadvantaged"
"609884",2015,"William E Dever Elementary School",846.0,536.0,"Economically Disadvantaged"
"609967",2015,"William F Finkl Elementary School",470.0,467.0,"Economically Disadvantaged"
"609994",2015,"William G Hibbard Elementary School",1166.0,1135.0,"Economically Disadvantaged"
"609812",2015,"William H Brown Elementary School",247.0,244.0,"Economically Disadvantaged"
"610136",2015,"William H Prescott Elementary School",328.0,184.0,"Economically Disadvantaged"
"610142",2015,"William H Ray Elementary School",730.0,443.0,"Economically Disadvantaged"
"610153",2015,"William H Ryder Math & Science Specialty ES",376.0,359.0,"Economically Disadvantaged"
"610167",2015,"William H Seward Communication Arts Academy ES",817.0,816.0,"Economically Disadvantaged"
"609734",2015,"William Howard Taft High School",3233.0,1979.0,"Economically Disadvantaged"
"609698",2015,"William J Bogan High School",952.0,886.0,"Economically Disadvantaged"
"610104",2015,"William J Onahan Elementary School",652.0,268.0,"Economically Disadvantaged"
"609678",2015,"William Jones College Preparatory High School",1432.0,648.0,"Economically Disadvantaged"
"610193",2015,"William K New Sullivan Elementary School",501.0,497.0,"Economically Disadvantaged"
"609949",2015,"William P Gray Elementary School",1262.0,1181.0,"Economically Disadvantaged"
"610097",2015,"William P Nixon Elementary School",986.0,968.0,"Economically Disadvantaged"
"610123",2015,"William Penn Elementary School",380.0,353.0,"Economically Disadvantaged"
"609711",2015,"William Rainey Harper High School",349.0,344.0,"Economically Disadvantaged"
"610172",2015,"William T Sherman Elementary School",360.0,358.0,"Economically Disadvantaged"
"609844",2015,"William W Carter Elementary School",446.0,444.0,"Economically Disadvantaged"
"610308",2015,"Wilma Rudolph Elementary Learning Center",110.0,93.0,"Economically Disadvantaged"
"610574",2015,"Winnie Mandela High School",150.0,145.0,"Economically Disadvantaged"
"610088",2015,"Wolfgang A Mozart Elementary School",793.0,780.0,"Economically Disadvantaged"
"609977",2015,"Woodlawn Community Elementary School",215.0,208.0,"Economically Disadvantaged"
"610392",2015,"World Language Academy High School",341.0,340.0,"Economically Disadvantaged"
"400123",2015,"YCCS-Academy of Scholastic Achievement HS",195.0,194.0,"Economically Disadvantaged"
"400124",2015,"YCCS-Ada S. McKinley-Lakeside HS",174.0,160.0,"Economically Disadvantaged"
"400125",2015,"YCCS-ASPIRA,Antonia Pantoja Alternative HS",166.0,164.0,"Economically Disadvantaged"
"400126",2015,"YCCS-Association House, El Cuarto Ano HS",150.0,150.0,"Economically Disadvantaged"
"400127",2015,"YCCS-Austin Career Education Center HS",180.0,168.0,"Economically Disadvantaged"
"400128",2015,"YCCS-CCA Academy HS",180.0,179.0,"Economically Disadvantaged"
"400129",2015,"YCCS-Charles Hamilton Houston Alternative HS",137.0,116.0,"Economically Disadvantaged"
"400150",2015,"YCCS-Chatham Academy HS",192.0,178.0,"Economically Disadvantaged"
"400130",2015,"YCCS-Community Youth Development Institute HS",250.0,247.0,"Economically Disadvantaged"
"400131",2015,"YCCS-Dr. Pedro Albizu Campos Puerto Rican HS",170.0,165.0,"Economically Disadvantaged"
"400133",2015,"YCCS-Innovations of Arts Integration HS",323.0,307.0,"Economically Disadvantaged"
"400134",2015,"YCCS-Jane Addams Alternative HS",207.0,188.0,"Economically Disadvantaged"
"400135",2015,"YCCS-Latino Youth Alternative HS",213.0,209.0,"Economically Disadvantaged"
"400136",2015,"YCCS-Olive Harvey Middle College HS",190.0,172.0,"Economically Disadvantaged"
"400139",2015,"YCCS-Sullivan House Alternative HS",342.0,341.0,"Economically Disadvantaged"
"400141",2015,"YCCS-Truman Middle College HS",213.0,198.0,"Economically Disadvantaged"
"400142",2015,"YCCS-Virtual HS",139.0,128.0,"Economically Disadvantaged"
"400143",2015,"YCCS-West Town Academy Alternative HS",160.0,154.0,"Economically Disadvantaged"
"400144",2015,"YCCS-Westside Holistic Leadership Academy HS",172.0,171.0,"Economically Disadvantaged"
"400145",2015,"YCCS-Youth Connection Leadership Academy HS",250.0,242.0,"Economically Disadvantaged"
"400087",2015,"Young Women's Leadership Charter High School",336.0,293.0,"Economically Disadvantaged"
"610229",2016,"A.N. Pritzker School",743.0,368.0,"Free/Reduced Lunch"
"610038",2016,"Abraham Lincoln Elementary School",838.0,122.0,"Free/Reduced Lunch"
"400009",2016,"Academy for Global Citizenship Charter School",450.0,343.0,"Free/Reduced Lunch"
"400010",2016,"ACE Technical Charter School",439.0,423.0,"Free/Reduced Lunch"
"610281",2016,"Adam Clayton Powell Paideia Community Academy ES",558.0,497.0,"Free/Reduced Lunch"
"610185",2016,"Adlai E Stevenson Elementary School",1308.0,1115.0,"Free/Reduced Lunch"
"609993",2016,"Agustin Lara Elementary Academy",481.0,451.0,"Free/Reduced Lunch"
"610513",2016,"Air Force Academy High School",328.0,289.0,"Free/Reduced Lunch"
"610334",2016,"Al Raby High School",479.0,468.0,"Free/Reduced Lunch"
"400011",2016,"Alain Locke Charter School",569.0,489.0,"Free/Reduced Lunch"
"610212",2016,"Albany Park Multicultural Academy",286.0,279.0,"Free/Reduced Lunch"
"609720",2016,"Albert G Lane Technical High School",4055.0,2280.0,"Free/Reduced Lunch"
"610342",2016,"Albert R Sabin Elementary Magnet School",598.0,518.0,"Free/Reduced Lunch"
"610209",2016,"Alessandro Volta Elementary School",949.0,835.0,"Free/Reduced Lunch"
"609808",2016,"Alex Haley Elementary Academy",562.0,542.0,"Free/Reduced Lunch"
"609799",2016,"Alexander Graham Bell Elementary School",1007.0,162.0,"Free/Reduced Lunch"
"609947",2016,"Alexander Graham Elementary School",482.0,456.0,"Free/Reduced Lunch"
"609963",2016,"Alexander Hamilton Elementary School",454.0,100.0,"Free/Reduced Lunch"
"610098",2016,"Alfred Nobel Elementary School",858.0,772.0,"Free/Reduced Lunch"
"609788",2016,"Alice L Barnard Computer Math & Science Ctr ES",308.0,245.0,"Free/Reduced Lunch"
"400012",2016,"Amandla Charter School",323.0,309.0,"Free/Reduced Lunch"
"610131",2016,"Ambrose Plamondon Elementary School",154.0,146.0,"Free/Reduced Lunch"
"610316",2016,"Amelia Earhart Options for Knowledge ES",260.0,177.0,"Free/Reduced Lunch"
"610339",2016,"Amos Alonzo Stagg Elementary School",507.0,466.0,"Free/Reduced Lunch"
"609837",2016,"Andrew Carnegie Elementary School",610.0,477.0,"Free/Reduced Lunch"
"610060",2016,"Andrew Jackson Elementary Language Academy",565.0,253.0,"Free/Reduced Lunch"
"609869",2016,"Anna R. Langford Community Academy",373.0,330.0,"Free/Reduced Lunch"
"610084",2016,"Annie Keller Elementary Gifted Magnet School",244.0,54.0,"Free/Reduced Lunch"
"609951",2016,"Ariel Elementary Community Academy",542.0,426.0,"Free/Reduced Lunch"
"610171",2016,"Arnold Mireles Elementary Academy",665.0,642.0,"Free/Reduced Lunch"
"610037",2016,"Arthur A Libby Elementary School",360.0,356.0,"Free/Reduced Lunch"
"609887",2016,"Arthur Dixon Elementary School",595.0,483.0,"Free/Reduced Lunch"
"609836",2016,"Arthur E Canty Elementary School",833.0,398.0,"Free/Reduced Lunch"
"610268",2016,"Arthur R Ashe Elementary School",320.0,289.0,"Free/Reduced Lunch"
"609941",2016,"Asa Philip Randolph Elementary School",510.0,439.0,"Free/Reduced Lunch"
"610287",2016,"Ashburn Community Elementary School",486.0,378.0,"Free/Reduced Lunch"
"400060",2016,"Asian Human Services - Passages Charter School",456.0,327.0,"Free/Reduced Lunch"
"400172",2016,"ASPIRA Business and Finance",165.0,162.0,"Free/Reduced Lunch"
"400013",2016,"ASPIRA Charter School - Early College High School",451.0,431.0,"Free/Reduced Lunch"
"400017",2016,"ASPIRA Charter School - Haugan Middle School",532.0,512.0,"Free/Reduced Lunch"
"609820",2016,"Augustus H Burley Elementary School",522.0,80.0,"Free/Reduced Lunch"
"400018",2016,"Austin Business and Entrepreneurship Academy HS",102.0,93.0,"Free/Reduced Lunch"
"610501",2016,"Austin Polytechnical Academy High School",122.0,119.0,"Free/Reduced Lunch"
"609786",2016,"Avalon Park Elementary School",332.0,297.0,"Free/Reduced Lunch"
"610563",2016,"Back of the Yards IB HS",790.0,758.0,"Free/Reduced Lunch"
"610555",2016,"Banner Academy West",307.0,292.0,"Free/Reduced Lunch"
"609871",2016,"Barbara Vick Early Childhood & Family Center",355.0,113.0,"Free/Reduced Lunch"
"609922",2016,"Belmont-Cragin Elementary School",608.0,392.0,"Free/Reduced Lunch"
"609764",2016,"Benito Juarez Community Academy High School",1686.0,1623.0,"Free/Reduced Lunch"
"610290",2016,"Benjamin E Mays Elementary Academy",480.0,450.0,"Free/Reduced Lunch"
"610076",2016,"Bernhard Moos Elementary School",566.0,494.0,"Free/Reduced Lunch"
"400074",2016,"Betty Shabazz - Barbara A. Sizemore",269.0,251.0,"Free/Reduced Lunch"
"400072",2016,"Betty Shabazz - Betty Shabazz",315.0,279.0,"Free/Reduced Lunch"
"400073",2016,"Betty Shabazz - DuSable Leadership",51.0,48.0,"Free/Reduced Lunch"
"610175",2016,"Beulah Shoesmith Elementary School",348.0,282.0,"Free/Reduced Lunch"
"610087",2016,"Blair Early Childhood Center",163.0,106.0,"Free/Reduced Lunch"
"610323",2016,"Bowen High School",359.0,332.0,"Free/Reduced Lunch"
"609969",2016,"Bret Harte Elementary School",384.0,284.0,"Free/Reduced Lunch"
"610106",2016,"Brian Piccolo Elementary Specialty School",589.0,525.0,"Free/Reduced Lunch"
"610317",2016,"Brighton Park Elementary School",518.0,473.0,"Free/Reduced Lunch"
"400019",2016,"Bronzeville Lighthouse Charter School",472.0,423.0,"Free/Reduced Lunch"
"610381",2016,"Bronzeville Scholastic Academy High School",448.0,418.0,"Free/Reduced Lunch"
"609821",2016,"Burnham Elementary Inclusive Academy",552.0,488.0,"Free/Reduced Lunch"
"609827",2016,"Burnside Elementary Scholastic Academy",535.0,448.0,"Free/Reduced Lunch"
"610353",2016,"Calmeca Academy of Fine Arts and Dual Language",808.0,720.0,"Free/Reduced Lunch"
"610572",2016,"Camelot Safe Elementary",15.0,15.0,"Free/Reduced Lunch"
"610584",2016,"Camelot Safe Garfield Elementary",1.0,1.0,"Free/Reduced Lunch"
"610585",2016,"Camelot Safe Garfield HS",10.0,10.0,"Free/Reduced Lunch"
"610573",2016,"Camelot Safe HS",14.0,13.0,"Free/Reduced Lunch"
"609729",2016,"Carl Schurz High School",2002.0,1837.0,"Free/Reduced Lunch"
"610039",2016,"Carl von Linne Elementary School",653.0,551.0,"Free/Reduced Lunch"
"610238",2016,"Carrie Jacobs Bond Elementary School",333.0,292.0,"Free/Reduced Lunch"
"609839",2016,"Carroll-Rosenwald Specialty Elementary School",479.0,412.0,"Free/Reduced Lunch"
"610345",2016,"Carter G Woodson South Elementary School",386.0,329.0,"Free/Reduced Lunch"
"400115",2016,"Catalyst - Maria Charter School",1098.0,995.0,"Free/Reduced Lunch"
"400021",2016,"Catalyst Elementary Charter School - Circle Rock",521.0,471.0,"Free/Reduced Lunch"
"610148",2016,"Cesar E Chavez Multicultural Academic Center ES",983.0,939.0,"Free/Reduced Lunch"
"609679",2016,"Charles Allen Prosser Career Academy High School",1455.0,1382.0,"Free/Reduced Lunch"
"610005",2016,"Charles Evans Hughes Elementary School",324.0,281.0,"Free/Reduced Lunch"
"609966",2016,"Charles G Hammond Elementary School",479.0,438.0,"Free/Reduced Lunch"
"609879",2016,"Charles Gates Dawes Elementary School",1038.0,903.0,"Free/Reduced Lunch"
"610366",2016,"Charles H Wacker Elementary School",274.0,215.0,"Free/Reduced Lunch"
"610030",2016,"Charles Kozminski Elementary Community Academy",343.0,301.0,"Free/Reduced Lunch"
"609996",2016,"Charles N Holden Elementary School",496.0,423.0,"Free/Reduced Lunch"
"609833",2016,"Charles P Caldwell Academy of Math & Science ES",277.0,229.0,"Free/Reduced Lunch"
"609732",2016,"Charles P Steinmetz College Preparatory HS",1545.0,1395.0,"Free/Reduced Lunch"
"609875",2016,"Charles R Darwin Elementary School",512.0,440.0,"Free/Reduced Lunch"
"609986",2016,"Charles R Henderson Elementary School",338.0,303.0,"Free/Reduced Lunch"
"609813",2016,"Charles S Brownell Elementary School",228.0,228.0,"Free/Reduced Lunch"
"609883",2016,"Charles S Deneen Elementary School",577.0,516.0,"Free/Reduced Lunch"
"610194",2016,"Charles Sumner  Math & Science Community Acad ES",280.0,263.0,"Free/Reduced Lunch"
"609897",2016,"Charles W Earle Elementary School",486.0,419.0,"Free/Reduced Lunch"
"610248",2016,"Chicago Academy Elementary School",612.0,437.0,"Free/Reduced Lunch"
"610340",2016,"Chicago Academy High School",542.0,450.0,"Free/Reduced Lunch"
"400161",2016,"Chicago Collegiate Charter School",238.0,211.0,"Free/Reduced Lunch"
"400147",2016,"Chicago Excel Academy",263.0,231.0,"Free/Reduced Lunch"
"609753",2016,"Chicago High School for Agricultural Sciences",717.0,365.0,"Free/Reduced Lunch"
"400022",2016,"Chicago High School for the Arts",605.0,331.0,"Free/Reduced Lunch"
"400035",2016,"Chicago Math and Science Academy Charter School",610.0,570.0,"Free/Reduced Lunch"
"609754",2016,"Chicago Military Academy High School",326.0,294.0,"Free/Reduced Lunch"
"400091",2016,"Chicago Technology Academy High School",328.0,310.0,"Free/Reduced Lunch"
"400036",2016,"Chicago Virtual Charter School",683.0,489.0,"Free/Reduced Lunch"
"609674",2016,"Chicago Vocational Career Academy High School",978.0,914.0,"Free/Reduced Lunch"
"609899",2016,"Christian Ebinger Elementary School",776.0,147.0,"Free/Reduced Lunch"
"609705",2016,"Christian Fenger Academy High School",271.0,270.0,"Free/Reduced Lunch"
"609863",2016,"Christopher Columbus Elementary School",287.0,205.0,"Free/Reduced Lunch"
"400159",2016,"Christopher House Charter School",224.0,198.0,"Free/Reduced Lunch"
"400023",2016,"CICS - Avalon/South Shore",421.0,368.0,"Free/Reduced Lunch"
"400024",2016,"CICS - Basil",719.0,641.0,"Free/Reduced Lunch"
"400025",2016,"CICS - Bucktown",678.0,530.0,"Free/Reduced Lunch"
"400113",2016,"CICS - ChicagoQuest North",225.0,188.0,"Free/Reduced Lunch"
"400027",2016,"CICS - Irving Park",536.0,314.0,"Free/Reduced Lunch"
"400108",2016,"CICS - Larry Hawkins",170.0,161.0,"Free/Reduced Lunch"
"400092",2016,"CICS - Lloyd Bond",351.0,338.0,"Free/Reduced Lunch"
"400033",2016,"CICS - Longwood",1331.0,1178.0,"Free/Reduced Lunch"
"400026",2016,"CICS - Loomis Primary",571.0,431.0,"Free/Reduced Lunch"
"400034",2016,"CICS - Northtown",879.0,721.0,"Free/Reduced Lunch"
"400028",2016,"CICS - Prairie",410.0,374.0,"Free/Reduced Lunch"
"400032",2016,"CICS - Ralph Ellison",458.0,428.0,"Free/Reduced Lunch"
"400029",2016,"CICS - Washington Park",453.0,406.0,"Free/Reduced Lunch"
"400030",2016,"CICS - West Belden",502.0,455.0,"Free/Reduced Lunch"
"400031",2016,"CICS - Wrightwood",730.0,601.0,"Free/Reduced Lunch"
"609790",2016,"Clara Barton Elementary School",463.0,384.0,"Free/Reduced Lunch"
"610347",2016,"Claremont Academy Elementary School",472.0,428.0,"Free/Reduced Lunch"
"610499",2016,"Collins Academy High School",355.0,349.0,"Free/Reduced Lunch"
"610170",2016,"Columbia Explorers Elementary Academy",1183.0,1029.0,"Free/Reduced Lunch"
"400038",2016,"Community Services West Academy",95.0,76.0,"Free/Reduced Lunch"
"609748",2016,"Consuella B York Alternative HS",290.0,252.0,"Free/Reduced Lunch"
"610004",2016,"Countee Cullen Elementary School",207.0,193.0,"Free/Reduced Lunch"
"609873",2016,"Crown Community Academy of Fine Arts Center ES",323.0,278.0,"Free/Reduced Lunch"
"610063",2016,"Cyrus H McCormick Elementary School",779.0,719.0,"Free/Reduced Lunch"
"609804",2016,"Daniel Boone Elementary School",828.0,688.0,"Free/Reduced Lunch"
"610083",2016,"Daniel C Beard Elementary School",171.0,75.0,"Free/Reduced Lunch"
"610380",2016,"Daniel Hale Williams Prep School of Medicine",265.0,255.0,"Free/Reduced Lunch"
"609870",2016,"Daniel J Corkery Elementary School",550.0,498.0,"Free/Reduced Lunch"
"609835",2016,"Daniel R Cameron Elementary School",807.0,751.0,"Free/Reduced Lunch"
"610223",2016,"Daniel S Wentworth Elementary School",560.0,507.0,"Free/Reduced Lunch"
"610221",2016,"Daniel Webster Elementary School",322.0,270.0,"Free/Reduced Lunch"
"609704",2016,"David G Farragut Career Academy High School",916.0,889.0,"Free/Reduced Lunch"
"610402",2016,"DeVry University Advantage Academy HS",197.0,146.0,"Free/Reduced Lunch"
"609885",2016,"Dewey Elementary Academy of Fine Arts",403.0,394.0,"Free/Reduced Lunch"
"609859",2016,"DeWitt Clinton Elementary School",1131.0,911.0,"Free/Reduced Lunch"
"610564",2016,"Disney II Magnet High School",635.0,413.0,"Free/Reduced Lunch"
"610515",2016,"Disney II Magnet School",416.0,69.0,"Free/Reduced Lunch"
"610077",2016,"Donald Morrill Math & Science Elementary School",839.0,707.0,"Free/Reduced Lunch"
"610198",2016,"Douglas Taylor Elementary School",493.0,444.0,"Free/Reduced Lunch"
"609751",2016,"Dr  Martin Luther King  Jr  College Prep HS",695.0,587.0,"Free/Reduced Lunch"
"610533",2016,"Dr Jorge Prieto Math and Science",1051.0,974.0,"Free/Reduced Lunch"
"610299",2016,"Dr. Martin L. King Jr Academy of Social Justice",241.0,226.0,"Free/Reduced Lunch"
"610188",2016,"Dunne Technology Academy",252.0,235.0,"Free/Reduced Lunch"
"610352",2016,"Durkin Park Elementary School",682.0,566.0,"Free/Reduced Lunch"
"610254",2016,"Dvorak Technology Academy",464.0,436.0,"Free/Reduced Lunch"
"610132",2016,"Edgar Allan Poe Elementary Classical School",206.0,83.0,"Free/Reduced Lunch"
"609901",2016,"Edgebrook Elementary School",511.0,74.0,"Free/Reduced Lunch"
"610523",2016,"Edison Park Elementary School",549.0,110.0,"Free/Reduced Lunch"
"609819",2016,"Edmond Burke Elementary School",447.0,392.0,"Free/Reduced Lunch"
"609815",2016,"Edward A Bouchet Math & Science Academy ES",649.0,640.0,"Free/Reduced Lunch"
"610246",2016,"Edward Beasley Elementary Magnet Academic Center",1440.0,1133.0,"Free/Reduced Lunch"
"609862",2016,"Edward Coles Elementary Language Academy",500.0,420.0,"Free/Reduced Lunch"
"609909",2016,"Edward Everett Elementary School",236.0,191.0,"Free/Reduced Lunch"
"610012",2016,"Edward Jenner Elementary Academy of the Arts",246.0,227.0,"Free/Reduced Lunch"
"609904",2016,"Edward K Ellington Elementary School",709.0,605.0,"Free/Reduced Lunch"
"610006",2016,"Edward N Hurley Elementary School",862.0,766.0,"Free/Reduced Lunch"
"609735",2016,"Edward Tilden Career Community Academy HS",311.0,298.0,"Free/Reduced Lunch"
"610315",2016,"Edward White Elementary Career Academy",189.0,163.0,"Free/Reduced Lunch"
"609708",2016,"Edwin G Foreman High School",1045.0,985.0,"Free/Reduced Lunch"
"610227",2016,"Eli Whitney Elementary School",1095.0,1062.0,"Free/Reduced Lunch"
"609852",2016,"Eliza Chappell Elementary School",566.0,394.0,"Free/Reduced Lunch"
"610195",2016,"Elizabeth H Sutherland Elementary School",697.0,275.0,"Free/Reduced Lunch"
"610235",2016,"Ella Flagg Young Elementary School",958.0,853.0,"Free/Reduced Lunch"
"609682",2016,"Ellen H Richards Career Academy High School",276.0,260.0,"Free/Reduced Lunch"
"610073",2016,"Ellen Mitchell Elementary School",375.0,218.0,"Free/Reduced Lunch"
"609712",2016,"Emil G Hirsch Metropolitan High School",150.0,137.0,"Free/Reduced Lunch"
"609973",2016,"Emiliano Zapata Elementary Academy",882.0,855.0,"Free/Reduced Lunch"
"610065",2016,"Emmett Louis Till Math and Science Academy",367.0,329.0,"Free/Reduced Lunch"
"610203",2016,"Enrico Tonti Elementary School",1116.0,952.0,"Free/Reduced Lunch"
"400094",2016,"EPIC Academy Charter High School",438.0,402.0,"Free/Reduced Lunch"
"610543",2016,"Eric Solorio Academy High School",1111.0,1059.0,"Free/Reduced Lunch"
"400039",2016,"Erie Elementary Charter School",423.0,367.0,"Free/Reduced Lunch"
"610137",2016,"Ernst Prussing Elementary School",698.0,505.0,"Free/Reduced Lunch"
"609908",2016,"Esmond Elementary School",289.0,247.0,"Free/Reduced Lunch"
"609918",2016,"Eugene Field Elementary School",300.0,284.0,"Free/Reduced Lunch"
"609874",2016,"Everett McKinley Dirksen Elementary School",859.0,636.0,"Free/Reduced Lunch"
"610319",2016,"Evergreen Academy Middle School",317.0,307.0,"Free/Reduced Lunch"
"610565",2016,"Excel - Englewood HS",284.0,266.0,"Free/Reduced Lunch"
"400176",2016,"Excel - Southwest HS",197.0,177.0,"Free/Reduced Lunch"
"400175",2016,"Excel - Woodlawn HS",254.0,231.0,"Free/Reduced Lunch"
"610057",2016,"Fairfield Elementary Academy",604.0,585.0,"Free/Reduced Lunch"
"610541",2016,"Federico Garcia Lorca Elementary School",898.0,816.0,"Free/Reduced Lunch"
"610120",2016,"Ferdinand Peck Elementary School",1646.0,1407.0,"Free/Reduced Lunch"
"609917",2016,"Fernwood Elementary School",356.0,333.0,"Free/Reduced Lunch"
"610096",2016,"Florence Nightingale Elementary School",1323.0,1183.0,"Free/Reduced Lunch"
"609924",2016,"Fort Dearborn Elementary School",386.0,335.0,"Free/Reduced Lunch"
"609927",2016,"Foster Park Elementary School",398.0,345.0,"Free/Reduced Lunch"
"400171",2016,"Foundations College Preparatory Charter School",163.0,151.0,"Free/Reduced Lunch"
"610067",2016,"Francis M McKay Elementary School",836.0,725.0,"Free/Reduced Lunch"
"610112",2016,"Francis W Parker Elementary Community Academy",699.0,612.0,"Free/Reduced Lunch"
"610215",2016,"Francisco I Madero Middle School",327.0,317.0,"Free/Reduced Lunch"
"609800",2016,"Frank I Bennett Elementary School",353.0,318.0,"Free/Reduced Lunch"
"609939",2016,"Frank L Gillespie Elementary School",553.0,494.0,"Free/Reduced Lunch"
"609958",2016,"Frank W Gunsaulus Elementary Scholastic Academy",804.0,688.0,"Free/Reduced Lunch"
"610144",2016,"Frank W Reilly Elementary School",1039.0,962.0,"Free/Reduced Lunch"
"609926",2016,"Franklin Elementary Fine Arts Center",360.0,153.0,"Free/Reduced Lunch"
"610165",2016,"Franz Peter Schubert Elementary School",928.0,813.0,"Free/Reduced Lunch"
"400040",2016,"Frazier Preparatory Academy Charter School",428.0,401.0,"Free/Reduced Lunch"
"610503",2016,"Frazier Prospective IB Magnet ES",275.0,244.0,"Free/Reduced Lunch"
"609854",2016,"Frederic Chopin Elementary School",522.0,460.0,"Free/Reduced Lunch"
"610245",2016,"Frederick A Douglass Academy High School",234.0,214.0,"Free/Reduced Lunch"
"609930",2016,"Frederick Funston Elementary School",504.0,488.0,"Free/Reduced Lunch"
"610163",2016,"Frederick Stock Elementary School",234.0,45.0,"Free/Reduced Lunch"
"610010",2016,"Friedrich Ludwig Jahn Elementary School",323.0,221.0,"Free/Reduced Lunch"
"609737",2016,"Friedrich W von Steuben Metropolitan Science HS",1657.0,1298.0,"Free/Reduced Lunch"
"609709",2016,"Gage Park High School",406.0,389.0,"Free/Reduced Lunch"
"400041",2016,"Galapagos Charter School",333.0,289.0,"Free/Reduced Lunch"
"610009",2016,"Galileo Math & Science Scholastic Academy ES",548.0,356.0,"Free/Reduced Lunch"
"610293",2016,"Genevieve Melody Elementary School",587.0,479.0,"Free/Reduced Lunch"
"609779",2016,"George Armstrong International Studies ES",1452.0,1324.0,"Free/Reduced Lunch"
"610062",2016,"George B McClellan Elementary School",308.0,263.0,"Free/Reduced Lunch"
"610196",2016,"George B Swift Elementary Specialty School",713.0,548.0,"Free/Reduced Lunch"
"609849",2016,"George F Cassell Elementary School",405.0,82.0,"Free/Reduced Lunch"
"609761",2016,"George H Corliss High School",419.0,392.0,"Free/Reduced Lunch"
"610305",2016,"George Leland Elementary School",583.0,507.0,"Free/Reduced Lunch"
"610139",2016,"George M Pullman Elementary School",329.0,290.0,"Free/Reduced Lunch"
"610048",2016,"George Manierre Elementary School",349.0,334.0,"Free/Reduced Lunch"
"609795",2016,"George Rogers Clark Elementary School",270.0,222.0,"Free/Reduced Lunch"
"609900",2016,"George W Curtis Elementary School",628.0,564.0,"Free/Reduced Lunch"
"610202",2016,"George W Tilton Elementary School",349.0,312.0,"Free/Reduced Lunch"
"609760",2016,"George Washington Carver Military Academy HS",490.0,451.0,"Free/Reduced Lunch"
"609845",2016,"George Washington Carver Primary School",485.0,465.0,"Free/Reduced Lunch"
"610219",2016,"George Washington Elementary School",884.0,656.0,"Free/Reduced Lunch"
"609739",2016,"George Washington High School",1433.0,1297.0,"Free/Reduced Lunch"
"609693",2016,"George Westinghouse College Prep",1176.0,1007.0,"Free/Reduced Lunch"
"609920",2016,"Gerald Delgado Kanoon Elementary Magnet School",722.0,695.0,"Free/Reduced Lunch"
"400168",2016,"Great Lakes Academy Charter School",198.0,149.0,"Free/Reduced Lunch"
"610383",2016,"Greater Lawndale High School For Social Justice",309.0,299.0,"Free/Reduced Lunch"
"609857",2016,"Grover Cleveland Elementary School",679.0,570.0,"Free/Reduced Lunch"
"609741",2016,"Gurdon S Hubbard High School",1705.0,1621.0,"Free/Reduced Lunch"
"609726",2016,"Gwendolyn Brooks College Preparatory Academy HS",836.0,608.0,"Free/Reduced Lunch"
"610182",2016,"Hannah G Solomon Elementary School",355.0,192.0,"Free/Reduced Lunch"
"610068",2016,"Hanson Park Elementary School",1550.0,1434.0,"Free/Reduced Lunch"
"610124",2016,"Harold Washington Elementary School",415.0,391.0,"Free/Reduced Lunch"
"610192",2016,"Harriet Beecher Stowe Elementary School",743.0,722.0,"Free/Reduced Lunch"
"610158",2016,"Harriet E Sayre Elementary Language Academy",482.0,350.0,"Free/Reduced Lunch"
"609974",2016,"Hawthorne Elementary Scholastic Academy",572.0,70.0,"Free/Reduced Lunch"
"609985",2016,"Helen M Hefferan Elementary School",430.0,405.0,"Free/Reduced Lunch"
"610122",2016,"Helen Peirce International Studies ES",1042.0,695.0,"Free/Reduced Lunch"
"609972",2016,"Helge A Haugan Elementary School",1034.0,929.0,"Free/Reduced Lunch"
"609856",2016,"Henry Clay Elementary School",586.0,514.0,"Free/Reduced Lunch"
"610040",2016,"Henry D Lloyd Elementary School",1237.0,1025.0,"Free/Reduced Lunch"
"610092",2016,"Henry H Nash Elementary School",341.0,326.0,"Free/Reduced Lunch"
"610279",2016,"Henry O Tanner Elementary School",384.0,319.0,"Free/Reduced Lunch"
"609861",2016,"Henry R Clissold Elementary School",531.0,299.0,"Free/Reduced Lunch"
"609798",2016,"Hiram H Belding Elementary School",605.0,396.0,"Free/Reduced Lunch"
"609768",2016,"Hope College Preparatory High School",199.0,196.0,"Free/Reduced Lunch"
"400043",2016,"Hope Institute Learning Academy",379.0,286.0,"Free/Reduced Lunch"
"609850",2016,"Horace Greeley Elementary School",655.0,551.0,"Free/Reduced Lunch"
"610052",2016,"Horace Mann Elementary School",385.0,325.0,"Free/Reduced Lunch"
"400167",2016,"Horizon Science Academy Southwest Chicago Charter",559.0,491.0,"Free/Reduced Lunch"
"609713",2016,"Hyde Park Academy High School",807.0,771.0,"Free/Reduced Lunch"
"610390",2016,"Hyman G Rickover Naval Academy High School",577.0,506.0,"Free/Reduced Lunch"
"610110",2016,"Ida B Wells Preparatory Elementary Academy",422.0,360.0,"Free/Reduced Lunch"
"610384",2016,"Infinity Math Science and Technology High School",419.0,411.0,"Free/Reduced Lunch"
"400148",2016,"Instituto - Justice Lozano",144.0,134.0,"Free/Reduced Lunch"
"400164",2016,"Instituto - Justice Lozano Mastery",49.0,41.0,"Free/Reduced Lunch"
"400104",2016,"Instituto Health Sciences Career Academy",769.0,750.0,"Free/Reduced Lunch"
"610078",2016,"Inter-American Elementary Magnet School",649.0,371.0,"Free/Reduced Lunch"
"400162",2016,"Intrinsic Charter School",827.0,705.0,"Free/Reduced Lunch"
"609848",2016,"Ira F Aldridge Elementary School",194.0,169.0,"Free/Reduced Lunch"
"610532",2016,"Irene C. Hernandez Middle School for the Advancement of Science",965.0,930.0,"Free/Reduced Lunch"
"610125",2016,"Irma C Ruiz Elementary School",781.0,714.0,"Free/Reduced Lunch"
"610276",2016,"Irvin C Mollison Elementary School",416.0,341.0,"Free/Reduced Lunch"
"610103",2016,"Isabelle C O'Keeffe Elementary School",713.0,640.0,"Free/Reduced Lunch"
"610256",2016,"Jackie Robinson Elementary School",139.0,105.0,"Free/Reduced Lunch"
"609797",2016,"Jacob Beidler Elementary School",520.0,443.0,"Free/Reduced Lunch"
"609766",2016,"Jacqueline B Vaughn Occupational High School",193.0,155.0,"Free/Reduced Lunch"
"609912",2016,"James B Farnsworth Elementary School",613.0,366.0,"Free/Reduced Lunch"
"610070",2016,"James B McPherson Elementary School",802.0,638.0,"Free/Reduced Lunch"
"610066",2016,"James E McDade Elementary Classical School",192.0,83.0,"Free/Reduced Lunch"
"609803",2016,"James G Blaine Elementary School",912.0,165.0,"Free/Reduced Lunch"
"609983",2016,"James Hedges Elementary School",737.0,653.0,"Free/Reduced Lunch"
"610047",2016,"James Madison Elementary School",220.0,205.0,"Free/Reduced Lunch"
"610074",2016,"James Monroe Elementary School",968.0,847.0,"Free/Reduced Lunch"
"610200",2016,"James N Thorp Elementary School",353.0,312.0,"Free/Reduced Lunch"
"610107",2016,"James Otis Elementary School",551.0,493.0,"Free/Reduced Lunch"
"609891",2016,"James R Doolittle Jr Elementary School",307.0,265.0,"Free/Reduced Lunch"
"610044",2016,"James Russell Lowell Elementary School",523.0,463.0,"Free/Reduced Lunch"
"610174",2016,"James Shields Elementary School",1004.0,847.0,"Free/Reduced Lunch"
"610559",2016,"James Shields Middle School",690.0,677.0,"Free/Reduced Lunch"
"610213",2016,"James Wadsworth Elementary School",549.0,480.0,"Free/Reduced Lunch"
"610217",2016,"James Ward Elementary School",552.0,435.0,"Free/Reduced Lunch"
"610274",2016,"James Weldon Johnson Elementary School",520.0,471.0,"Free/Reduced Lunch"
"610093",2016,"Jane A Neil Elementary School",313.0,258.0,"Free/Reduced Lunch"
"609772",2016,"Jane Addams Elementary School",894.0,730.0,"Free/Reduced Lunch"
"609796",2016,"Jean Baptiste Beaubien Elementary School",1117.0,575.0,"Free/Reduced Lunch"
"610271",2016,"Jensen Elementary Scholastic Academy",462.0,404.0,"Free/Reduced Lunch"
"609943",2016,"Jesse Owens Elementary Community Academy",493.0,452.0,"Free/Reduced Lunch"
"610173",2016,"Jesse Sherwood Elementary School",356.0,336.0,"Free/Reduced Lunch"
"609942",2016,"Johann W von Goethe Elementary School",776.0,452.0,"Free/Reduced Lunch"
"610216",2016,"John A Walsh Elementary School",432.0,371.0,"Free/Reduced Lunch"
"609894",2016,"John B Drake Elementary School",419.0,391.0,"Free/Reduced Lunch"
"610089",2016,"John B Murphy Elementary School",583.0,462.0,"Free/Reduced Lunch"
"609789",2016,"John Barry Elementary School",771.0,684.0,"Free/Reduced Lunch"
"609829",2016,"John C Burroughs Elementary School",482.0,443.0,"Free/Reduced Lunch"
"609866",2016,"John C Coonley Elementary School",914.0,217.0,"Free/Reduced Lunch"
"609893",2016,"John C Dore Elementary School",715.0,403.0,"Free/Reduced Lunch"
"609959",2016,"John Charles Haines Elementary School",659.0,560.0,"Free/Reduced Lunch"
"610176",2016,"John D Shoop Math-Science Technical Academy ES",481.0,426.0,"Free/Reduced Lunch"
"609898",2016,"John F Eberhart Elementary School",1472.0,1407.0,"Free/Reduced Lunch"
"609718",2016,"John F Kennedy High School",1629.0,1337.0,"Free/Reduced Lunch"
"609919",2016,"John Fiske Elementary School",511.0,417.0,"Free/Reduced Lunch"
"610263",2016,"John Foster Dulles Elementary School",740.0,703.0,"Free/Reduced Lunch"
"610228",2016,"John Greenleaf Whittier Elementary School",290.0,264.0,"Free/Reduced Lunch"
"609964",2016,"John H Hamline Elementary School",656.0,584.0,"Free/Reduced Lunch"
"610026",2016,"John H Kinzie Elementary School",669.0,429.0,"Free/Reduced Lunch"
"610207",2016,"John H Vanderpoel Elementary Magnet School",292.0,212.0,"Free/Reduced Lunch"
"609694",2016,"John Hancock College Preparatory High School",905.0,843.0,"Free/Reduced Lunch"
"609971",2016,"John Harvard Elementary School of Excellence",425.0,373.0,"Free/Reduced Lunch"
"609975",2016,"John Hay Elementary Community Academy",466.0,449.0,"Free/Reduced Lunch"
"609782",2016,"John J Audubon Elementary School",570.0,137.0,"Free/Reduced Lunch"
"610126",2016,"John J Pershing Elementary Humanities Magnet",549.0,419.0,"Free/Reduced Lunch"
"610054",2016,"John L Marsh Elementary School",866.0,771.0,"Free/Reduced Lunch"
"609710",2016,"John M Harlan Community Academy High School",613.0,570.0,"Free/Reduced Lunch"
"610180",2016,"John M Smyth Elementary School",474.0,429.0,"Free/Reduced Lunch"
"609723",2016,"John Marshall Metropolitan High School",425.0,380.0,"Free/Reduced Lunch"
"609954",2016,"John Milton Gregory Elementary School",414.0,408.0,"Free/Reduced Lunch"
"610111",2016,"John Palmer Elementary School",891.0,688.0,"Free/Reduced Lunch"
"610184",2016,"John Spry Elementary Community School",620.0,570.0,"Free/Reduced Lunch"
"610269",2016,"John T McCutcheon Elementary School",447.0,400.0,"Free/Reduced Lunch"
"610130",2016,"John T Pirie Fine Arts & Academic Center ES",336.0,264.0,"Free/Reduced Lunch"
"609864",2016,"John W Cook Elementary School",416.0,355.0,"Free/Reduced Lunch"
"609937",2016,"John W Garvy Elementary School",810.0,317.0,"Free/Reduced Lunch"
"610225",2016,"John Whistler Elementary School",269.0,237.0,"Free/Reduced Lunch"
"610199",2016,"Johnnie Colemon Elementary Academy",262.0,205.0,"Free/Reduced Lunch"
"609828",2016,"Jonathan Burr Elementary School",409.0,175.0,"Free/Reduced Lunch"
"610159",2016,"Jonathan Y Scammon Elementary School",928.0,834.0,"Free/Reduced Lunch"
"609865",2016,"Jordan Elementary Community School",586.0,508.0,"Free/Reduced Lunch"
"610313",2016,"Jose De Diego Elementary Community Academy",687.0,587.0,"Free/Reduced Lunch"
"609950",2016,"Josefa Ortiz De Dominguez Elementary School",664.0,603.0,"Free/Reduced Lunch"
"610242",2016,"Joseph Brennemann Elementary School",474.0,404.0,"Free/Reduced Lunch"
"609938",2016,"Joseph E Gary Elementary School",1149.0,1085.0,"Free/Reduced Lunch"
"610015",2016,"Joseph Jungman Elementary School",298.0,254.0,"Free/Reduced Lunch"
"609925",2016,"Joseph Kellman Corporate Community ES",371.0,328.0,"Free/Reduced Lunch"
"610043",2016,"Joseph Lovett Elementary School",424.0,362.0,"Free/Reduced Lunch"
"610218",2016,"Joseph Warren Elementary School",285.0,229.0,"Free/Reduced Lunch"
"610041",2016,"Josephine C Locke Elementary School",1357.0,1113.0,"Free/Reduced Lunch"
"610019",2016,"Joshua D Kershaw Elementary School",293.0,243.0,"Free/Reduced Lunch"
"610129",2016,"Josiah Pickard Elementary School",515.0,482.0,"Free/Reduced Lunch"
"610022",2016,"Joyce Kilmer Elementary School",744.0,642.0,"Free/Reduced Lunch"
"610000",2016,"Julia Ward Howe Elementary School of Excellence",527.0,486.0,"Free/Reduced Lunch"
"610016",2016,"Kate S Kellogg Elementary School",252.0,109.0,"Free/Reduced Lunch"
"609716",2016,"Kelvyn Park High School",711.0,676.0,"Free/Reduced Lunch"
"609746",2016,"Kenwood Academy High School",1724.0,1173.0,"Free/Reduced Lunch"
"400044",2016,"KIPP Ascend Charter School",623.0,589.0,"Free/Reduced Lunch"
"400177",2016,"KIPP Chicago Charter School - KIPP Ascend Primary",208.0,189.0,"Free/Reduced Lunch"
"400163",2016,"KIPP Chicago Charter School - KIPP Bloom",257.0,237.0,"Free/Reduced Lunch"
"400146",2016,"KIPP Chicago Charter School - KIPP Create",319.0,303.0,"Free/Reduced Lunch"
"400045",2016,"Kwame Nkrumah Academy Charter School",311.0,236.0,"Free/Reduced Lunch"
"400047",2016,"L.E.A.R.N. - Charles and Dorothy Campbell Campus",453.0,415.0,"Free/Reduced Lunch"
"400048",2016,"L.E.A.R.N. - Excel Campus",436.0,391.0,"Free/Reduced Lunch"
"400111",2016,"L.E.A.R.N. - Hunter Perkins Campus",495.0,424.0,"Free/Reduced Lunch"
"400165",2016,"L.E.A.R.N. - Middle School Campus",242.0,230.0,"Free/Reduced Lunch"
"400046",2016,"L.E.A.R.N. - Romano Butler Campus",622.0,575.0,"Free/Reduced Lunch"
"400107",2016,"L.E.A.R.N. - South Chicago Campus",497.0,443.0,"Free/Reduced Lunch"
"400151",2016,"L.E.A.R.N. Charter School - 7th Campus",353.0,291.0,"Free/Reduced Lunch"
"609719",2016,"Lake View High School",1289.0,1091.0,"Free/Reduced Lunch"
"610368",2016,"Langston Hughes Elementary School",511.0,440.0,"Free/Reduced Lunch"
"610033",2016,"LaSalle Elementary Language Academy",559.0,212.0,"Free/Reduced Lunch"
"610520",2016,"LaSalle II Magnet Elementary School",591.0,265.0,"Free/Reduced Lunch"
"609910",2016,"Laughlin Falconer Elementary School",1316.0,1232.0,"Free/Reduced Lunch"
"610133",2016,"Laura S Ward Elementary School",576.0,506.0,"Free/Reduced Lunch"
"610034",2016,"Lawndale Elementary Community Academy",388.0,349.0,"Free/Reduced Lunch"
"610024",2016,"Lazaro Cardenas Elementary School",674.0,645.0,"Free/Reduced Lunch"
"400049",2016,"Legacy Charter School",478.0,425.0,"Free/Reduced Lunch"
"400119",2016,"Legal Prep Charter Academy",290.0,278.0,"Free/Reduced Lunch"
"609907",2016,"Leif Ericson Elementary Scholastic Academy",478.0,413.0,"Free/Reduced Lunch"
"610298",2016,"Lenart Elementary Regional Gifted Center",290.0,98.0,"Free/Reduced Lunch"
"610036",2016,"Leslie Lewis Elementary School",499.0,482.0,"Free/Reduced Lunch"
"609738",2016,"Lincoln Park High School",2114.0,1239.0,"Free/Reduced Lunch"
"609807",2016,"Lionel Hampton Fine & Performing Arts ES",571.0,503.0,"Free/Reduced Lunch"
"400137",2016,"Little Black Pearl Art and Design Academy",158.0,147.0,"Free/Reduced Lunch"
"609834",2016,"Little Village Elementary School",858.0,843.0,"Free/Reduced Lunch"
"610325",2016,"Logandale Middle School",836.0,799.0,"Free/Reduced Lunch"
"609809",2016,"Lorenz Brentano Math & Science Academy ES",443.0,343.0,"Free/Reduced Lunch"
"609773",2016,"Louis A Agassiz Elementary School",527.0,243.0,"Free/Reduced Lunch"
"610094",2016,"Louis Nettelhorst Elementary School",833.0,186.0,"Free/Reduced Lunch"
"610117",2016,"Louis Pasteur Elementary School",1230.0,1082.0,"Free/Reduced Lunch"
"609774",2016,"Louisa May Alcott College Preparatory ES",576.0,87.0,"Free/Reduced Lunch"
"610524",2016,"Louisa May Alcott College Preparatory HS",308.0,251.0,"Free/Reduced Lunch"
"610237",2016,"Ludwig Van Beethoven Elementary School",451.0,374.0,"Free/Reduced Lunch"
"610108",2016,"Luke O'Toole Elementary School",416.0,359.0,"Free/Reduced Lunch"
"609818",2016,"Luther Burbank Elementary School",975.0,859.0,"Free/Reduced Lunch"
"609817",2016,"Lyman A Budlong Elementary School",839.0,626.0,"Free/Reduced Lunch"
"610581",2016,"Magic Johnson- Brainerd HS",135.0,107.0,"Free/Reduced Lunch"
"610582",2016,"Magic Johnson- Englewood HS",155.0,142.0,"Free/Reduced Lunch"
"610580",2016,"Magic Johnson- Humboldt Park HS",199.0,183.0,"Free/Reduced Lunch"
"610566",2016,"Magic Johnson- North Lawndale HS",200.0,187.0,"Free/Reduced Lunch"
"610567",2016,"Magic Johnson- Roseland HS",206.0,174.0,"Free/Reduced Lunch"
"610369",2016,"Mahalia Jackson Elementary School",349.0,300.0,"Free/Reduced Lunch"
"610197",2016,"Mancel Talcott Elementary School",540.0,432.0,"Free/Reduced Lunch"
"609722",2016,"Manley Career Academy High School",248.0,234.0,"Free/Reduced Lunch"
"609872",2016,"Manuel Perez Elementary School",332.0,297.0,"Free/Reduced Lunch"
"610128",2016,"Marcus Moziah Garvey Elementary School",269.0,233.0,"Free/Reduced Lunch"
"610017",2016,"Maria Saucedo Elementary Scholastic Academy",1198.0,1067.0,"Free/Reduced Lunch"
"610544",2016,"Mariano Azuela Elementary School",948.0,831.0,"Free/Reduced Lunch"
"609756",2016,"Marie Sklodowska Curie Metropolitan High School",3050.0,2869.0,"Free/Reduced Lunch"
"609780",2016,"Marine Leadership Academy at Ames",793.0,760.0,"Free/Reduced Lunch"
"610081",2016,"Mark Sheridan Elementary Math & Science Academy",559.0,279.0,"Free/Reduced Lunch"
"610177",2016,"Mark Skinner Elementary School",1042.0,282.0,"Free/Reduced Lunch"
"610206",2016,"Mark Twain Elementary School",1184.0,969.0,"Free/Reduced Lunch"
"610053",2016,"Marquette Elementary School",1238.0,1162.0,"Free/Reduced Lunch"
"610152",2016,"Martha Ruggles Elementary School",412.0,356.0,"Free/Reduced Lunch"
"610539",2016,"Marvin Camras Elementary School",1052.0,870.0,"Free/Reduced Lunch"
"610355",2016,"Mary E Courtenay Elementary Language Arts Center",531.0,469.0,"Free/Reduced Lunch"
"610312",2016,"Mary E McDowell Elementary School",183.0,150.0,"Free/Reduced Lunch"
"610127",2016,"Mary Gage Peterson Elementary School",927.0,669.0,"Free/Reduced Lunch"
"610046",2016,"Mary Lyon Elementary School",1487.0,1383.0,"Free/Reduced Lunch"
"609888",2016,"Mary Mapes Dodge Elementary Renaissance Academy",122.0,105.0,"Free/Reduced Lunch"
"609935",2016,"Matthew Gallistel Elementary Language Academy",1200.0,1130.0,"Free/Reduced Lunch"
"610362",2016,"Medgar Evers Elementary School",364.0,315.0,"Free/Reduced Lunch"
"609928",2016,"Melville W Fuller Elementary School",392.0,324.0,"Free/Reduced Lunch"
"610055",2016,"Michael Faraday Elementary School",342.0,326.0,"Free/Reduced Lunch"
"609832",2016,"Michael M Byrne Elementary School",648.0,361.0,"Free/Reduced Lunch"
"610244",2016,"Michele Clark Academic Prep Magnet High School",524.0,506.0,"Free/Reduced Lunch"
"610208",2016,"Mildred I Lavizzo Elementary School",412.0,379.0,"Free/Reduced Lunch"
"609830",2016,"Milton Brunson Math & Science Specialty ES",586.0,555.0,"Free/Reduced Lunch"
"610011",2016,"Minnie Mars Jamieson Elementary School",891.0,621.0,"Free/Reduced Lunch"
"609725",2016,"Morgan Park High School",1431.0,1207.0,"Free/Reduced Lunch"
"610257",2016,"Morton School of Excellence",340.0,336.0,"Free/Reduced Lunch"
"610082",2016,"Mount Greenwood Elementary School",1055.0,214.0,"Free/Reduced Lunch"
"610086",2016,"Mount Vernon Elementary School",244.0,228.0,"Free/Reduced Lunch"
"400178",2016,"Moving Everest Charter School",175.0,163.0,"Free/Reduced Lunch"
"610385",2016,"Multicultural Academy of Scholarship",272.0,262.0,"Free/Reduced Lunch"
"609806",2016,"Myra Bradwell Communications Arts & Sciences ES",704.0,639.0,"Free/Reduced Lunch"
"400050",2016,"Namaste Charter School",488.0,372.0,"Free/Reduced Lunch"
"609783",2016,"Nancy B Jefferson Alternative HS",289.0,240.0,"Free/Reduced Lunch"
"609960",2016,"Nathan Hale Elementary School",930.0,667.0,"Free/Reduced Lunch"
"609876",2016,"Nathan S Davis Elementary School",791.0,756.0,"Free/Reduced Lunch"
"609952",2016,"Nathanael Greene Elementary School",597.0,526.0,"Free/Reduced Lunch"
"610231",2016,"National Teachers Elementary Academy",649.0,517.0,"Free/Reduced Lunch"
"609692",2016,"Neal F Simeon Career Academy High School",1363.0,1223.0,"Free/Reduced Lunch"
"610284",2016,"New Field Elementary School",587.0,508.0,"Free/Reduced Lunch"
"609792",2016,"Newton Bateman Elementary School",1040.0,902.0,"Free/Reduced Lunch"
"609730",2016,"Nicholas Senn High School",1365.0,1130.0,"Free/Reduced Lunch"
"609793",2016,"Nicholson Technology Academy",567.0,559.0,"Free/Reduced Lunch"
"609961",2016,"Ninos Heroes Elementary Academic Center",395.0,342.0,"Free/Reduced Lunch"
"400157",2016,"Noble - Baker College Prep",413.0,389.0,"Free/Reduced Lunch"
"400156",2016,"Noble - Butler College Prep",450.0,420.0,"Free/Reduced Lunch"
"400097",2016,"Noble - Chicago Bulls College Prep",1130.0,989.0,"Free/Reduced Lunch"
"400118",2016,"Noble - DRW College Prep",618.0,587.0,"Free/Reduced Lunch"
"400052",2016,"Noble - Gary Comer College Prep",1067.0,917.0,"Free/Reduced Lunch"
"400053",2016,"Noble - Golder College Prep",664.0,605.0,"Free/Reduced Lunch"
"400117",2016,"Noble - Hansberry College Prep",769.0,655.0,"Free/Reduced Lunch"
"400169",2016,"Noble - ITW David Speer Academy",683.0,601.0,"Free/Reduced Lunch"
"400106",2016,"Noble - John and Eunice Johnson College Prep",860.0,800.0,"Free/Reduced Lunch"
"400098",2016,"Noble - Muchin College Prep",885.0,765.0,"Free/Reduced Lunch"
"400051",2016,"Noble - Noble College Prep",626.0,561.0,"Free/Reduced Lunch"
"400054",2016,"Noble - Pritzker College Prep",941.0,855.0,"Free/Reduced Lunch"
"400055",2016,"Noble - Rauner College Prep",617.0,503.0,"Free/Reduced Lunch"
"400056",2016,"Noble - Rowe-Clark Math and Science Academy",558.0,505.0,"Free/Reduced Lunch"
"400170",2016,"Noble - The Noble Academy",245.0,208.0,"Free/Reduced Lunch"
"400057",2016,"Noble - UIC College Prep",903.0,774.0,"Free/Reduced Lunch"
"609810",2016,"Norman A Bridge Elementary School",1108.0,744.0,"Free/Reduced Lunch"
"400058",2016,"North Lawndale College Prep - Christiana",397.0,381.0,"Free/Reduced Lunch"
"400059",2016,"North Lawndale College Prep - Collins",409.0,392.0,"Free/Reduced Lunch"
"610354",2016,"North River Elementary School",338.0,270.0,"Free/Reduced Lunch"
"609691",2016,"North-Grand High School",978.0,932.0,"Free/Reduced Lunch"
"609749",2016,"Northside College Preparatory High School",1056.0,449.0,"Free/Reduced Lunch"
"609744",2016,"Northside Learning Center High School",243.0,211.0,"Free/Reduced Lunch"
"610051",2016,"Northwest Middle School",572.0,547.0,"Free/Reduced Lunch"
"610099",2016,"Norwood Park Elementary School",401.0,86.0,"Free/Reduced Lunch"
"610529",2016,"Ogden International High School",717.0,350.0,"Free/Reduced Lunch"
"610201",2016,"Ole A Thorp Elementary Scholastic Academy",841.0,412.0,"Free/Reduced Lunch"
"610300",2016,"Oliver S Westcott Elementary School",390.0,330.0,"Free/Reduced Lunch"
"609997",2016,"Oliver Wendell Holmes Elementary School",238.0,194.0,"Free/Reduced Lunch"
"610569",2016,"Ombudsman Chicago- Northwest",248.0,182.0,"Free/Reduced Lunch"
"610570",2016,"Ombudsman Chicago- South",491.0,452.0,"Free/Reduced Lunch"
"610571",2016,"Ombudsman Chicago- West",488.0,455.0,"Free/Reduced Lunch"
"610105",2016,"Oriole Park Elementary School",709.0,185.0,"Free/Reduced Lunch"
"610329",2016,"Orozco Fine Arts & Sciences Elementary School",576.0,518.0,"Free/Reduced Lunch"
"610389",2016,"Orr Academy High School",405.0,383.0,"Free/Reduced Lunch"
"609811",2016,"Orville T Bright Elementary School",299.0,262.0,"Free/Reduced Lunch"
"610367",2016,"Oscar DePriest Elementary School",683.0,605.0,"Free/Reduced Lunch"
"610059",2016,"Oscar F Mayer Elementary School",683.0,160.0,"Free/Reduced Lunch"
"610021",2016,"Pablo Casals Elementary School",458.0,405.0,"Free/Reduced Lunch"
"610115",2016,"Park Manor Elementary School",394.0,339.0,"Free/Reduced Lunch"
"610116",2016,"Parkside Elementary Community Academy",275.0,243.0,"Free/Reduced Lunch"
"610557",2016,"Pathways in Education- Ashburn",226.0,191.0,"Free/Reduced Lunch"
"610568",2016,"Pathways in Education- Avondale",215.0,197.0,"Free/Reduced Lunch"
"400173",2016,"Pathways in Education- Brighton Park",284.0,269.0,"Free/Reduced Lunch"
"609988",2016,"Patrick Henry Elementary School",646.0,550.0,"Free/Reduced Lunch"
"610003",2016,"Paul Cuffe Math-Science Technology Academy ES",421.0,356.0,"Free/Reduced Lunch"
"609676",2016,"Paul Laurence Dunbar Career Academy High School",761.0,734.0,"Free/Reduced Lunch"
"610146",2016,"Paul Revere Elementary School",261.0,228.0,"Free/Reduced Lunch"
"609707",2016,"Paul Robeson High School",204.0,202.0,"Free/Reduced Lunch"
"610386",2016,"Peace & Education Coalition HS",130.0,125.0,"Free/Reduced Lunch"
"609762",2016,"Percy L Julian High School",720.0,676.0,"Free/Reduced Lunch"
"609791",2016,"Perkins Bass Elementary School",494.0,458.0,"Free/Reduced Lunch"
"400062",2016,"Perspectives - High School of Technology",420.0,398.0,"Free/Reduced Lunch"
"400061",2016,"Perspectives - Leadership Academy",546.0,509.0,"Free/Reduced Lunch"
"400066",2016,"Perspectives - Math and Science Academy",534.0,490.0,"Free/Reduced Lunch"
"400064",2016,"Perspectives - Rodney D. Joslin",394.0,357.0,"Free/Reduced Lunch"
"610145",2016,"Peter A Reinberg Elementary School",848.0,677.0,"Free/Reduced Lunch"
"609867",2016,"Peter Cooper Elementary Dual Language Academy",548.0,524.0,"Free/Reduced Lunch"
"610147",2016,"Philip Rogers Elementary School",765.0,577.0,"Free/Reduced Lunch"
"609777",2016,"Phillip D Armour Elementary School",296.0,258.0,"Free/Reduced Lunch"
"610090",2016,"Phillip Murray Elementary Language Academy",529.0,318.0,"Free/Reduced Lunch"
"609981",2016,"Phoebe Apperson Hearst Elementary School",337.0,314.0,"Free/Reduced Lunch"
"610304",2016,"Phoenix Military Academy High School",520.0,497.0,"Free/Reduced Lunch"
"610013",2016,"Pilsen Elementary Community Academy",393.0,350.0,"Free/Reduced Lunch"
"400068",2016,"Plato Learning Academy",497.0,457.0,"Free/Reduced Lunch"
"400069",2016,"Polaris Charter Academy",440.0,374.0,"Free/Reduced Lunch"
"610135",2016,"Portage Park Elementary School",1002.0,756.0,"Free/Reduced Lunch"
"400070",2016,"Prologue - Early College",170.0,156.0,"Free/Reduced Lunch"
"400109",2016,"Prologue-Joshua Johnston Charter School",190.0,175.0,"Free/Reduced Lunch"
"400071",2016,"Providence Englewood Charter School",493.0,340.0,"Free/Reduced Lunch"
"610138",2016,"Pulaski International School of Chicago",931.0,671.0,"Free/Reduced Lunch"
"609842",2016,"Rachel Carson Elementary School",1092.0,1036.0,"Free/Reduced Lunch"
"609902",2016,"Ralph H Metcalfe Elementary Community Academy",460.0,428.0,"Free/Reduced Lunch"
"610141",2016,"Ravenswood Elementary School",563.0,248.0,"Free/Reduced Lunch"
"609769",2016,"Ray Graham Training Center High School",132.0,124.0,"Free/Reduced Lunch"
"609903",2016,"Richard Edwards Elementary School",1501.0,1062.0,"Free/Reduced Lunch"
"610291",2016,"Richard Henry Lee Elementary School",872.0,771.0,"Free/Reduced Lunch"
"610239",2016,"Richard J Daley Elementary Academy",609.0,609.0,"Free/Reduced Lunch"
"610102",2016,"Richard J Oglesby Elementary School",498.0,411.0,"Free/Reduced Lunch"
"610561",2016,"Richard T Crane Medical Preparatory HS",497.0,429.0,"Free/Reduced Lunch"
"610234",2016,"Richard Yates Elementary School",555.0,453.0,"Free/Reduced Lunch"
"609695",2016,"Roald Amundsen High School",1141.0,1022.0,"Free/Reduced Lunch"
"610350",2016,"Robert A Black Magnet Elementary School",463.0,383.0,"Free/Reduced Lunch"
"609929",2016,"Robert Fulton Elementary School",419.0,404.0,"Free/Reduced Lunch"
"609979",2016,"Robert Healy Elementary School",1453.0,1219.0,"Free/Reduced Lunch"
"609956",2016,"Robert L Grimes Elementary School",470.0,388.0,"Free/Reduced Lunch"
"610391",2016,"Robert Lindblom Math & Science Academy HS",1254.0,838.0,"Free/Reduced Lunch"
"610252",2016,"Robert Nathaniel Dett Elementary School",364.0,348.0,"Free/Reduced Lunch"
"609759",2016,"Roberto Clemente Community Academy High School",766.0,729.0,"Free/Reduced Lunch"
"610029",2016,"Rodolfo Lozano Bilingual & International Ctr ES",253.0,219.0,"Free/Reduced Lunch"
"609733",2016,"Roger C Sullivan High School",563.0,511.0,"Free/Reduced Lunch"
"610091",2016,"Ronald Brown Elementary Community Academy",323.0,266.0,"Free/Reduced Lunch"
"610282",2016,"Ronald E McNair Elementary School",421.0,362.0,"Free/Reduced Lunch"
"609826",2016,"Rosario Castellanos Elementary School",594.0,585.0,"Free/Reduced Lunch"
"610056",2016,"Roswell B Mason Elementary School",389.0,376.0,"Free/Reduced Lunch"
"400096",2016,"Rowe Elementary Charter School",816.0,669.0,"Free/Reduced Lunch"
"610027",2016,"Rudyard Kipling Elementary School",368.0,306.0,"Free/Reduced Lunch"
"610250",2016,"Rueben Salazar Elementary Bilingual Center",364.0,283.0,"Free/Reduced Lunch"
"609995",2016,"Rufus M Hitch Elementary School",592.0,356.0,"Free/Reduced Lunch"
"609853",2016,"Salmon P Chase Elementary School",469.0,409.0,"Free/Reduced Lunch"
"610558",2016,"Sarah E. Goode STEM Academy",831.0,736.0,"Free/Reduced Lunch"
"610155",2016,"Sauganash Elementary School",589.0,184.0,"Free/Reduced Lunch"
"609805",2016,"Scott Joplin Elementary School",416.0,376.0,"Free/Reduced Lunch"
"609968",2016,"Sharon Christa McAuliffe Elementary School",767.0,665.0,"Free/Reduced Lunch"
"610157",2016,"Sidney Sawyer Elementary School",1751.0,1628.0,"Free/Reduced Lunch"
"609750",2016,"Simpson Academy HS for Young Women",74.0,74.0,"Free/Reduced Lunch"
"610521",2016,"Sir Miles Davis Magnet Elementary Academy",279.0,255.0,"Free/Reduced Lunch"
"610534",2016,"Skinner North",478.0,82.0,"Free/Reduced Lunch"
"610226",2016,"Socorro Sandoval Elementary School",1067.0,940.0,"Free/Reduced Lunch"
"609990",2016,"South Loop Elementary School",868.0,257.0,"Free/Reduced Lunch"
"610530",2016,"South Shore Fine Arts Academy",491.0,400.0,"Free/Reduced Lunch"
"610547",2016,"South Shore Intl College Prep High School",582.0,501.0,"Free/Reduced Lunch"
"609745",2016,"Southside Occupational Academy High School",222.0,198.0,"Free/Reduced Lunch"
"610183",2016,"Spencer Technology Academy",779.0,710.0,"Free/Reduced Lunch"
"610357",2016,"Spry Community Links High School",173.0,168.0,"Free/Reduced Lunch"
"610548",2016,"STEM Magnet Academy",450.0,183.0,"Free/Reduced Lunch"
"609880",2016,"Stephen Decatur Classical Elementary School",282.0,37.0,"Free/Reduced Lunch"
"609933",2016,"Stephen F Gale Elementary Community Academy",381.0,338.0,"Free/Reduced Lunch"
"609976",2016,"Stephen K Hayt Elementary School",1006.0,809.0,"Free/Reduced Lunch"
"609724",2016,"Stephen T Mather High School",1576.0,1384.0,"Free/Reduced Lunch"
"610191",2016,"Stone Elementary Scholastic Academy",625.0,328.0,"Free/Reduced Lunch"
"610405",2016,"Suder Montessori Magnet ES",418.0,237.0,"Free/Reduced Lunch"
"610249",2016,"Talman Elementary School",444.0,386.0,"Free/Reduced Lunch"
"610396",2016,"Tarkington School of Excellence ES",1012.0,921.0,"Free/Reduced Lunch"
"610506",2016,"TEAM Englewood Community Academy High School",272.0,230.0,"Free/Reduced Lunch"
"609921",2016,"Telpochcalli Elementary School",298.0,262.0,"Free/Reduced Lunch"
"400116",2016,"The Montessori School of Englewood Charter",279.0,230.0,"Free/Reduced Lunch"
"609991",2016,"Theodore Herzl Elementary School",620.0,527.0,"Free/Reduced Lunch"
"609728",2016,"Theodore Roosevelt High School",1182.0,1094.0,"Free/Reduced Lunch"
"610178",2016,"Theophilus Schmid Elementary School",226.0,192.0,"Free/Reduced Lunch"
"609794",2016,"Thomas A Edison Regional Gifted Center ES",278.0,43.0,"Free/Reduced Lunch"
"609987",2016,"Thomas A Hendricks Elementary Community Academy",245.0,226.0,"Free/Reduced Lunch"
"609851",2016,"Thomas Chalmers Specialty Elementary School",388.0,347.0,"Free/Reduced Lunch"
"609896",2016,"Thomas Drummond Elementary School",351.0,120.0,"Free/Reduced Lunch"
"610002",2016,"Thomas Hoyne Elementary School",258.0,206.0,"Free/Reduced Lunch"
"610295",2016,"Thomas J Higgins Elementary Community Academy",308.0,273.0,"Free/Reduced Lunch"
"610220",2016,"Thomas J Waters Elementary School",643.0,271.0,"Free/Reduced Lunch"
"609715",2016,"Thomas Kelly High School",2248.0,2125.0,"Free/Reduced Lunch"
"610321",2016,"Thurgood Marshall Middle School",56.0,55.0,"Free/Reduced Lunch"
"609895",2016,"Turner-Drew Elementary Language Academy",275.0,198.0,"Free/Reduced Lunch"
"400078",2016,"University of Chicago - Carter G. Woodson",322.0,266.0,"Free/Reduced Lunch"
"400075",2016,"University of Chicago - Donoghue",565.0,425.0,"Free/Reduced Lunch"
"400076",2016,"University of Chicago - North Kenwood/Oakland",355.0,253.0,"Free/Reduced Lunch"
"400077",2016,"University of Chicago - Woodlawn",641.0,539.0,"Free/Reduced Lunch"
"400112",2016,"UNO 51st and Homan Charter Elementary School",576.0,540.0,"Free/Reduced Lunch"
"400120",2016,"UNO Charter - Near West Elementary",574.0,524.0,"Free/Reduced Lunch"
"400081",2016,"UNO Charter School - Bartolomé de las Casas",287.0,264.0,"Free/Reduced Lunch"
"400153",2016,"UNO Charter School - Brighton Park",566.0,527.0,"Free/Reduced Lunch"
"400082",2016,"UNO Charter School - Carlos Fuentes",568.0,524.0,"Free/Reduced Lunch"
"400114",2016,"UNO Charter School - Esmeralda Santiago",282.0,250.0,"Free/Reduced Lunch"
"400085",2016,"UNO Charter School - Major Hector P. Garcia MD",648.0,617.0,"Free/Reduced Lunch"
"400083",2016,"UNO Charter School - Octavio Paz Campus",414.0,383.0,"Free/Reduced Lunch"
"400089",2016,"UNO Charter School - Officer Donald J. Marquez",575.0,527.0,"Free/Reduced Lunch"
"400080",2016,"UNO Charter School - PFC Omar E. Torres",640.0,563.0,"Free/Reduced Lunch"
"400121",2016,"UNO Charter School - Rogers Park",764.0,699.0,"Free/Reduced Lunch"
"400084",2016,"UNO Charter School - Rufino Tamayo",288.0,268.0,"Free/Reduced Lunch"
"400101",2016,"UNO Charter School - Sandra Cisneros",564.0,518.0,"Free/Reduced Lunch"
"400149",2016,"UNO Charter School - Soccer Academy High School",677.0,640.0,"Free/Reduced Lunch"
"400079",2016,"UNO Charter School - SPC Daniel Zizumbo",638.0,581.0,"Free/Reduced Lunch"
"610394",2016,"Uplift Community High School",311.0,296.0,"Free/Reduced Lunch"
"400105",2016,"Urban Prep Academy for Young Men - Bronzeville",420.0,351.0,"Free/Reduced Lunch"
"400086",2016,"Urban Prep Academy for Young Men - Englewood",443.0,363.0,"Free/Reduced Lunch"
"400102",2016,"Urban Prep Charter Academy for Young Men - West",342.0,295.0,"Free/Reduced Lunch"
"610504",2016,"Velma F Thomas Early Childhood Center",183.0,85.0,"Free/Reduced Lunch"
"609944",2016,"Virgil Grissom Elementary School",351.0,210.0,"Free/Reduced Lunch"
"610518",2016,"VOISE Academy High School",195.0,189.0,"Free/Reduced Lunch"
"610363",2016,"Walt Disney Magnet Elementary School",1624.0,1016.0,"Free/Reduced Lunch"
"610095",2016,"Walter L Newberry Math & Science Academy ES",565.0,367.0,"Free/Reduced Lunch"
"609680",2016,"Walter Payton College Preparatory High School",887.0,279.0,"Free/Reduced Lunch"
"609955",2016,"Walter Q Gresham Elementary School",345.0,311.0,"Free/Reduced Lunch"
"609855",2016,"Walter S Christopher Elementary School",379.0,346.0,"Free/Reduced Lunch"
"610179",2016,"Washington D Smyser Elementary School",1007.0,766.0,"Free/Reduced Lunch"
"610121",2016,"Washington Irving Elementary School",518.0,457.0,"Free/Reduced Lunch"
"609740",2016,"Wells Community Academy High School",461.0,440.0,"Free/Reduced Lunch"
"610032",2016,"Wendell E Green Elementary School",365.0,328.0,"Free/Reduced Lunch"
"609727",2016,"Wendell Phillips Academy High School",643.0,597.0,"Free/Reduced Lunch"
"609978",2016,"Wendell Smith Elementary School",362.0,311.0,"Free/Reduced Lunch"
"610100",2016,"West Park Elementary Academy",628.0,554.0,"Free/Reduced Lunch"
"610542",2016,"West Ridge Elementary School",772.0,620.0,"Free/Reduced Lunch"
"609755",2016,"Whitney M Young Magnet High School",2157.0,932.0,"Free/Reduced Lunch"
"610230",2016,"Wildwood IB World Magnet School",475.0,106.0,"Free/Reduced Lunch"
"610251",2016,"Willa Cather Elementary School",367.0,331.0,"Free/Reduced Lunch"
"610101",2016,"William B Ogden Elementary School",865.0,185.0,"Free/Reduced Lunch"
"610109",2016,"William Bishop Owen Scholastic Academy ES",260.0,161.0,"Free/Reduced Lunch"
"610143",2016,"William C Reavis Math & Science Specialty ES",277.0,266.0,"Free/Reduced Lunch"
"609945",2016,"William C. Goudy Technology Academy",746.0,636.0,"Free/Reduced Lunch"
"610364",2016,"William E B Dubois Elementary School",209.0,173.0,"Free/Reduced Lunch"
"609884",2016,"William E Dever Elementary School",823.0,499.0,"Free/Reduced Lunch"
"609967",2016,"William F Finkl Elementary School",457.0,449.0,"Free/Reduced Lunch"
"609994",2016,"William G Hibbard Elementary School",1099.0,1006.0,"Free/Reduced Lunch"
"609812",2016,"William H Brown Elementary School",271.0,235.0,"Free/Reduced Lunch"
"610136",2016,"William H Prescott Elementary School",368.0,171.0,"Free/Reduced Lunch"
"610142",2016,"William H Ray Elementary School",733.0,386.0,"Free/Reduced Lunch"
"610153",2016,"William H Ryder Math & Science Specialty ES",402.0,342.0,"Free/Reduced Lunch"
"610167",2016,"William H Seward Communication Arts Academy ES",796.0,726.0,"Free/Reduced Lunch"
"609734",2016,"William Howard Taft High School",3212.0,1873.0,"Free/Reduced Lunch"
"609698",2016,"William J Bogan High School",856.0,771.0,"Free/Reduced Lunch"
"610104",2016,"William J Onahan Elementary School",640.0,244.0,"Free/Reduced Lunch"
"609678",2016,"William Jones College Preparatory High School",1670.0,729.0,"Free/Reduced Lunch"
"610193",2016,"William K New Sullivan Elementary School",494.0,478.0,"Free/Reduced Lunch"
"609949",2016,"William P Gray Elementary School",1262.0,1080.0,"Free/Reduced Lunch"
"610097",2016,"William P Nixon Elementary School",962.0,929.0,"Free/Reduced Lunch"
"610123",2016,"William Penn Elementary School",379.0,336.0,"Free/Reduced Lunch"
"609711",2016,"William Rainey Harper High School",253.0,248.0,"Free/Reduced Lunch"
"610172",2016,"William T Sherman Elementary School",321.0,290.0,"Free/Reduced Lunch"
"609844",2016,"William W Carter Elementary School",426.0,416.0,"Free/Reduced Lunch"
"610308",2016,"Wilma Rudolph Elementary Learning Center",101.0,81.0,"Free/Reduced Lunch"
"610574",2016,"Winnie Mandela HS",91.0,86.0,"Free/Reduced Lunch"
"610088",2016,"Wolfgang A Mozart Elementary School",781.0,705.0,"Free/Reduced Lunch"
"609977",2016,"Woodlawn Community Elementary School",211.0,176.0,"Free/Reduced Lunch"
"610392",2016,"World Language Academy High School",329.0,313.0,"Free/Reduced Lunch"
"400123",2016,"YCCS- Academy of Scholastic Achievement HS",221.0,207.0,"Free/Reduced Lunch"
"400133",2016,"YCCS- Innovations HS of Arts Integration",400.0,352.0,"Free/Reduced Lunch"
"400124",2016,"YCCS-Ada S. McKinley-Lakeside HS",187.0,181.0,"Free/Reduced Lunch"
"400125",2016,"YCCS-ASPIRA,Antonia Pantoja Alternative HS",195.0,181.0,"Free/Reduced Lunch"
"400126",2016,"YCCS-Association House, El Cuarto Ano HS",152.0,147.0,"Free/Reduced Lunch"
"400127",2016,"YCCS-Austin Career Education Center HS",144.0,123.0,"Free/Reduced Lunch"
"400128",2016,"YCCS-CCA Academy HS",200.0,183.0,"Free/Reduced Lunch"
"400129",2016,"YCCS-Charles Hamilton Houston Alternative HS",151.0,134.0,"Free/Reduced Lunch"
"400150",2016,"YCCS-Chatham AcademyHS",201.0,180.0,"Free/Reduced Lunch"
"400130",2016,"YCCS-Community Youth Development Institute HS",161.0,154.0,"Free/Reduced Lunch"
"400131",2016,"YCCS-Dr. Pedro Albizu Campos Puerto Rican HS",184.0,171.0,"Free/Reduced Lunch"
"400134",2016,"YCCS-Jane Addams Alternative HS",210.0,189.0,"Free/Reduced Lunch"
"400135",2016,"YCCS-Latino Youth Alternative HS",215.0,201.0,"Free/Reduced Lunch"
"400136",2016,"YCCS-Olive Harvey Middle College HS",158.0,135.0,"Free/Reduced Lunch"
"400139",2016,"YCCS-Sullivan House Alternative HS",333.0,317.0,"Free/Reduced Lunch"
"400141",2016,"YCCS-Truman Middle College HS",210.0,177.0,"Free/Reduced Lunch"
"400143",2016,"YCCS-West Town Acad Alternative HS",175.0,149.0,"Free/Reduced Lunch"
"400144",2016,"YCCS-Westside Holistic Leadership Acad HS",112.0,104.0,"Free/Reduced Lunch"
"400145",2016,"YCCS-Youth Connection Leadership Acad HS",260.0,251.0,"Free/Reduced Lunch"
"400087",2016,"Young Women's Leadership Charter School",347.0,314.0,"Free/Reduced Lunch"
"610212",2017,"Albany Park Multicultural Academy",277.0,264.0,"Free/Reduced Lunch"
"610209",2017,"Alessandro Volta Elementary School",921.0,842.0,"Free/Reduced Lunch"
"609836",2017,"Arthur E Canty Elementary School",849.0,404.0,"Free/Reduced Lunch"
"609729",2017,"Carl Schurz High School",1812.0,1649.0,"Free/Reduced Lunch"
"610083",2017,"Daniel C Beard Elementary School",173.0,95.0,"Free/Reduced Lunch"
"610564",2017,"Disney II Magnet High School",730.0,432.0,"Free/Reduced Lunch"
"610515",2017,"Disney II Magnet School",428.0,108.0,"Free/Reduced Lunch"
"610523",2017,"Edison Park Elementary School",564.0,102.0,"Free/Reduced Lunch"
"610137",2017,"Ernst Prussing Elementary School",705.0,463.0,"Free/Reduced Lunch"
"609874",2017,"Everett McKinley Dirksen Elementary School",884.0,585.0,"Free/Reduced Lunch"
"610163",2017,"Frederick Stock Elementary School",239.0,39.0,"Free/Reduced Lunch"
"609737",2017,"Friedrich W von Steuben Metropolitan Science HS",1737.0,1302.0,"Free/Reduced Lunch"
"609857",2017,"Grover Cleveland Elementary School",615.0,524.0,"Free/Reduced Lunch"
"610182",2017,"Hannah G Solomon Elementary School",360.0,199.0,"Free/Reduced Lunch"
"609972",2017,"Helge A Haugan Elementary School",957.0,847.0,"Free/Reduced Lunch"
"609798",2017,"Hiram H Belding Elementary School",559.0,362.0,"Free/Reduced Lunch"
"609766",2017,"Jacqueline B Vaughn Occupational High School",206.0,157.0,"Free/Reduced Lunch"
"609912",2017,"James B Farnsworth Elementary School",638.0,399.0,"Free/Reduced Lunch"
"609796",2017,"Jean Baptiste Beaubien Elementary School",1101.0,540.0,"Free/Reduced Lunch"
"610089",2017,"John B Murphy Elementary School",561.0,442.0,"Free/Reduced Lunch"
"610111",2017,"John Palmer Elementary School",833.0,636.0,"Free/Reduced Lunch"
"609937",2017,"John W Garvy Elementary School",790.0,318.0,"Free/Reduced Lunch"
"610159",2017,"Jonathan Y Scammon Elementary School",800.0,723.0,"Free/Reduced Lunch"
"610127",2017,"Mary Gage Peterson Elementary School",879.0,629.0,"Free/Reduced Lunch"
"609792",2017,"Newton Bateman Elementary School",1061.0,900.0,"Free/Reduced Lunch"
"609810",2017,"Norman A Bridge Elementary School",1105.0,722.0,"Free/Reduced Lunch"
"610354",2017,"North River Elementary School",327.0,268.0,"Free/Reduced Lunch"
"609749",2017,"Northside College Preparatory High School",1069.0,441.0,"Free/Reduced Lunch"
"609744",2017,"Northside Learning Center High School",228.0,185.0,"Free/Reduced Lunch"
"610099",2017,"Norwood Park Elementary School",411.0,73.0,"Free/Reduced Lunch"
"610201",2017,"Ole A Thorp Elementary Scholastic Academy",840.0,379.0,"Free/Reduced Lunch"
"610105",2017,"Oriole Park Elementary School",733.0,158.0,"Free/Reduced Lunch"
"609988",2017,"Patrick Henry Elementary School",548.0,473.0,"Free/Reduced Lunch"
"610145",2017,"Peter A Reinberg Elementary School",852.0,647.0,"Free/Reduced Lunch"
"610135",2017,"Portage Park Elementary School",933.0,713.0,"Free/Reduced Lunch"
"609995",2017,"Rufus M Hitch Elementary School",593.0,325.0,"Free/Reduced Lunch"
"610155",2017,"Sauganash Elementary School",583.0,161.0,"Free/Reduced Lunch"
"609728",2017,"Theodore Roosevelt High School",1198.0,1094.0,"Free/Reduced Lunch"
"609794",2017,"Thomas A Edison Regional Gifted Center ES",275.0,28.0,"Free/Reduced Lunch"
"610230",2017,"Wildwood IB World Magnet School",487.0,67.0,"Free/Reduced Lunch"
"609884",2017,"William E Dever Elementary School",788.0,459.0,"Free/Reduced Lunch"
"609994",2017,"William G Hibbard Elementary School",1048.0,980.0,"Free/Reduced Lunch"
"609734",2017,"William Howard Taft High School",3289.0,1747.0,"Free/Reduced Lunch"
"610104",2017,"William J Onahan Elementary School",639.0,220.0,"Free/Reduced Lunch"
"609949",2017,"William P Gray Elementary School",1228.0,1044.0,"Free/Reduced Lunch"
"609804",2017,"Daniel Boone Elementary School",830.0,717.0,"Free/Reduced Lunch"
"609859",2017,"DeWitt Clinton Elementary School",1173.0,945.0,"Free/Reduced Lunch"
"609852",2017,"Eliza Chappell Elementary School",606.0,391.0,"Free/Reduced Lunch"
"609918",2017,"Eugene Field Elementary School",199.0,185.0,"Free/Reduced Lunch"
"609779",2017,"George Armstrong International Studies ES",1433.0,1291.0,"Free/Reduced Lunch"
"610196",2017,"George B Swift Elementary Specialty School",686.0,495.0,"Free/Reduced Lunch"
"610122",2017,"Helen Peirce International Studies ES",1028.0,650.0,"Free/Reduced Lunch"
"610070",2017,"James B McPherson Elementary School",737.0,623.0,"Free/Reduced Lunch"
"609866",2017,"John C Coonley Elementary School",948.0,209.0,"Free/Reduced Lunch"
"610269",2017,"John T McCutcheon Elementary School",421.0,360.0,"Free/Reduced Lunch"
"609865",2017,"Jordan Elementary Community School",508.0,435.0,"Free/Reduced Lunch"
"610242",2017,"Joseph Brennemann Elementary School",398.0,319.0,"Free/Reduced Lunch"
"610022",2017,"Joyce Kilmer Elementary School",793.0,655.0,"Free/Reduced Lunch"
"609719",2017,"Lake View High School",1298.0,1071.0,"Free/Reduced Lunch"
"609817",2017,"Lyman A Budlong Elementary School",790.0,554.0,"Free/Reduced Lunch"
"610355",2017,"Mary E Courtenay Elementary Language Arts Center",456.0,393.0,"Free/Reduced Lunch"
"610011",2017,"Minnie Mars Jamieson Elementary School",875.0,564.0,"Free/Reduced Lunch"
"610284",2017,"New Field Elementary School",683.0,541.0,"Free/Reduced Lunch"
"609730",2017,"Nicholas Senn High School",1415.0,1160.0,"Free/Reduced Lunch"
"610147",2017,"Philip Rogers Elementary School",783.0,591.0,"Free/Reduced Lunch"
"610141",2017,"Ravenswood Elementary School",549.0,226.0,"Free/Reduced Lunch"
"609695",2017,"Roald Amundsen High School",1172.0,996.0,"Free/Reduced Lunch"
"609733",2017,"Roger C Sullivan High School",626.0,534.0,"Free/Reduced Lunch"
"609880",2017,"Stephen Decatur Classical Elementary School",292.0,40.0,"Free/Reduced Lunch"
"609933",2017,"Stephen F Gale Elementary Community Academy",363.0,341.0,"Free/Reduced Lunch"
"609976",2017,"Stephen K Hayt Elementary School",1049.0,891.0,"Free/Reduced Lunch"
"609724",2017,"Stephen T Mather High School",1502.0,1270.0,"Free/Reduced Lunch"
"610191",2017,"Stone Elementary Scholastic Academy",626.0,309.0,"Free/Reduced Lunch"
"610220",2017,"Thomas J Waters Elementary School",634.0,241.0,"Free/Reduced Lunch"
"610394",2017,"Uplift Community High School",301.0,282.0,"Free/Reduced Lunch"
"610542",2017,"West Ridge Elementary School",796.0,695.0,"Free/Reduced Lunch"
"609945",2017,"William C. Goudy Technology Academy",727.0,577.0,"Free/Reduced Lunch"
"609922",2017,"Belmont-Cragin Elementary School",575.0,524.0,"Free/Reduced Lunch"
"609679",2017,"Charles Allen Prosser Career Academy High School",1377.0,1053.0,"Free/Reduced Lunch"
"609732",2017,"Charles P Steinmetz College Preparatory HS",1374.0,1246.0,"Free/Reduced Lunch"
"609904",2017,"Edward K Ellington Elementary School",638.0,546.0,"Free/Reduced Lunch"
"609708",2017,"Edwin G. Foreman College and Career Academy",894.0,842.0,"Free/Reduced Lunch"
"610235",2017,"Ella Flagg Young Elementary School",876.0,830.0,"Free/Reduced Lunch"
"610165",2017,"Franz Peter Schubert Elementary School",855.0,795.0,"Free/Reduced Lunch"
"610245",2017,"Frederick A Douglass Academy High School",175.0,166.0,"Free/Reduced Lunch"
"610305",2017,"George Leland Elementary School",479.0,435.0,"Free/Reduced Lunch"
"609795",2017,"George Rogers Clark Elementary School",250.0,220.0,"Free/Reduced Lunch"
"610068",2017,"Hanson Park Elementary School",1541.0,1453.0,"Free/Reduced Lunch"
"610158",2017,"Harriet E Sayre Elementary Language Academy",459.0,309.0,"Free/Reduced Lunch"
"610092",2017,"Henry H Nash Elementary School",336.0,300.0,"Free/Reduced Lunch"
"609975",2017,"John Hay Elementary Community Academy",425.0,406.0,"Free/Reduced Lunch"
"610043",2017,"Joseph Lovett Elementary School",404.0,372.0,"Free/Reduced Lunch"
"610041",2017,"Josephine C Locke Elementary School",1359.0,1171.0,"Free/Reduced Lunch"
"609910",2017,"Laughlin Falconer Elementary School",1207.0,1107.0,"Free/Reduced Lunch"
"609818",2017,"Luther Burbank Elementary School",934.0,873.0,"Free/Reduced Lunch"
"610539",2017,"Marvin Camras Elementary School",972.0,791.0,"Free/Reduced Lunch"
"610046",2017,"Mary Lyon Elementary School",1504.0,1396.0,"Free/Reduced Lunch"
"610244",2017,"Michele Clark Academic Prep Magnet High School",548.0,526.0,"Free/Reduced Lunch"
"609830",2017,"Milton Brunson Math & Science Specialty ES",539.0,503.0,"Free/Reduced Lunch"
"610051",2017,"Northwest Middle School",492.0,475.0,"Free/Reduced Lunch"
"610367",2017,"Oscar DePriest Elementary School",614.0,592.0,"Free/Reduced Lunch"
"610183",2017,"Spencer Technology Academy",696.0,683.0,"Free/Reduced Lunch"
"610518",2017,"VOISE Academy High School",304.0,289.0,"Free/Reduced Lunch"
"610038",2017,"Abraham Lincoln Elementary School",853.0,139.0,"Free/Reduced Lunch"
"609720",2017,"Albert G Lane Technical High School",4195.0,2099.0,"Free/Reduced Lunch"
"609799",2017,"Alexander Graham Bell Elementary School",961.0,136.0,"Free/Reduced Lunch"
"610039",2017,"Carl von Linne Elementary School",648.0,513.0,"Free/Reduced Lunch"
"609875",2017,"Charles R Darwin Elementary School",523.0,424.0,"Free/Reduced Lunch"
"610402",2017,"DeVry University Advantage Academy HS",196.0,135.0,"Free/Reduced Lunch"
"610541",2017,"Federico Garcia Lorca Elementary School",858.0,791.0,"Free/Reduced Lunch"
"610144",2017,"Frank W Reilly Elementary School",998.0,927.0,"Free/Reduced Lunch"
"609926",2017,"Franklin Elementary Fine Arts Center",365.0,146.0,"Free/Reduced Lunch"
"609930",2017,"Frederick Funston Elementary School",449.0,435.0,"Free/Reduced Lunch"
"610010",2017,"Friedrich L. Jahn Elementary of the Fine Arts",344.0,208.0,"Free/Reduced Lunch"
"610048",2017,"George Manierre Elementary School",356.0,317.0,"Free/Reduced Lunch"
"609850",2017,"Horace Greeley Elementary School",614.0,495.0,"Free/Reduced Lunch"
"610078",2017,"Inter-American Elementary Magnet School",716.0,355.0,"Free/Reduced Lunch"
"609803",2017,"James G Blaine Elementary School",884.0,147.0,"Free/Reduced Lunch"
"610074",2017,"James Monroe Elementary School",899.0,824.0,"Free/Reduced Lunch"
"609942",2017,"Johann W von Goethe Elementary School",790.0,560.0,"Free/Reduced Lunch"
"609789",2017,"John Barry Elementary School",726.0,610.0,"Free/Reduced Lunch"
"609782",2017,"John J Audubon Elementary School",560.0,118.0,"Free/Reduced Lunch"
"609716",2017,"Kelvyn Park High School",533.0,510.0,"Free/Reduced Lunch"
"610033",2017,"LaSalle Elementary Language Academy",563.0,174.0,"Free/Reduced Lunch"
"610325",2017,"Logandale Middle School",777.0,722.0,"Free/Reduced Lunch"
"609809",2017,"Lorenz Brentano Math & Science Academy ES",475.0,333.0,"Free/Reduced Lunch"
"610094",2017,"Louis Nettelhorst Elementary School",822.0,183.0,"Free/Reduced Lunch"
"609774",2017,"Louisa May Alcott College Preparatory ES",640.0,80.0,"Free/Reduced Lunch"
"610524",2017,"Louisa May Alcott College Preparatory HS",331.0,263.0,"Free/Reduced Lunch"
"610059",2017,"Oscar F Mayer Elementary School",730.0,105.0,"Free/Reduced Lunch"
"609853",2017,"Salmon P Chase Elementary School",458.0,408.0,"Free/Reduced Lunch"
"609968",2017,"Sharon Christa McAuliffe Elementary School",764.0,669.0,"Free/Reduced Lunch"
"610095",2017,"Walter L Newberry Math & Science Academy ES",574.0,339.0,"Free/Reduced Lunch"
"610136",2017,"William H Prescott Elementary School",375.0,154.0,"Free/Reduced Lunch"
"610097",2017,"William P Nixon Elementary School",883.0,847.0,"Free/Reduced Lunch"
"610088",2017,"Wolfgang A Mozart Elementary School",710.0,677.0,"Free/Reduced Lunch"
"610334",2017,"Al Raby High School",416.0,407.0,"Free/Reduced Lunch"
"610342",2017,"Albert R Sabin Elementary Magnet School",602.0,518.0,"Free/Reduced Lunch"
"610131",2017,"Ambrose Plamondon Elementary School",144.0,139.0,"Free/Reduced Lunch"
"610005",2017,"Charles Evans Hughes Elementary School",275.0,262.0,"Free/Reduced Lunch"
"610194",2017,"Charles Sumner  Math & Science Community Acad ES",267.0,248.0,"Free/Reduced Lunch"
"609863",2017,"Christopher Columbus Elementary School",294.0,221.0,"Free/Reduced Lunch"
"609873",2017,"Crown Community Academy of Fine Arts Center ES",305.0,271.0,"Free/Reduced Lunch"
"609835",2017,"Daniel R Cameron Elementary School",783.0,758.0,"Free/Reduced Lunch"
"610221",2017,"Daniel Webster Elementary School",311.0,228.0,"Free/Reduced Lunch"
"610503",2017,"Frazier Prospective IB Magnet ES",252.0,218.0,"Free/Reduced Lunch"
"609854",2017,"Frederic Chopin Elementary School",461.0,404.0,"Free/Reduced Lunch"
"610293",2017,"Genevieve Melody Elementary School",509.0,495.0,"Free/Reduced Lunch"
"610202",2017,"George W Tilton Elementary School",346.0,307.0,"Free/Reduced Lunch"
"609693",2017,"George Westinghouse College Prep",1150.0,921.0,"Free/Reduced Lunch"
"610192",2017,"Harriet Beecher Stowe Elementary School",692.0,665.0,"Free/Reduced Lunch"
"609985",2017,"Helen M Hefferan Elementary School",368.0,357.0,"Free/Reduced Lunch"
"609797",2017,"Jacob Beidler Elementary School",482.0,418.0,"Free/Reduced Lunch"
"610044",2017,"James Russell Lowell Elementary School",509.0,481.0,"Free/Reduced Lunch"
"610271",2017,"Jensen Elementary Scholastic Academy",450.0,403.0,"Free/Reduced Lunch"
"609723",2017,"John Marshall Metropolitan High School",370.0,365.0,"Free/Reduced Lunch"
"609954",2017,"John Milton Gregory Elementary School",356.0,342.0,"Free/Reduced Lunch"
"610313",2017,"Jose De Diego Elementary Community Academy",656.0,565.0,"Free/Reduced Lunch"
"609925",2017,"Joseph Kellman Corporate Community ES",347.0,301.0,"Free/Reduced Lunch"
"610133",2017,"Laura S Ward Elementary School",513.0,460.0,"Free/Reduced Lunch"
"610034",2017,"Lawndale Elementary Community Academy",301.0,299.0,"Free/Reduced Lunch"
"609907",2017,"Leif Ericson Elementary Scholastic Academy",467.0,405.0,"Free/Reduced Lunch"
"609722",2017,"Manley Career Academy High School",177.0,156.0,"Free/Reduced Lunch"
"610055",2017,"Michael Faraday Elementary School",306.0,305.0,"Free/Reduced Lunch"
"609691",2017,"North-Grand High School",961.0,905.0,"Free/Reduced Lunch"
"610234",2017,"Richard Yates Elementary School",508.0,461.0,"Free/Reduced Lunch"
"610056",2017,"Roswell B Mason Elementary School",370.0,331.0,"Free/Reduced Lunch"
"610100",2017,"West Park Elementary Academy",648.0,568.0,"Free/Reduced Lunch"
"610251",2017,"Willa Cather Elementary School",394.0,357.0,"Free/Reduced Lunch"
"610123",2017,"William Penn Elementary School",362.0,331.0,"Free/Reduced Lunch"
"610229",2017,"A.N. Pritzker School",747.0,359.0,"Free/Reduced Lunch"
"609947",2017,"Alexander Graham Elementary School",449.0,394.0,"Free/Reduced Lunch"
"610060",2017,"Andrew Jackson Elementary Language Academy",561.0,235.0,"Free/Reduced Lunch"
"609996",2017,"Charles N Holden Elementary School",498.0,427.0,"Free/Reduced Lunch"
"610012",2017,"Edward Jenner Elementary Academy of the Arts",238.0,228.0,"Free/Reduced Lunch"
"610009",2017,"Galileo Math & Science Scholastic Academy ES",577.0,343.0,"Free/Reduced Lunch"
"610062",2017,"George B McClellan Elementary School",366.0,324.0,"Free/Reduced Lunch"
"610107",2017,"James Otis Elementary School",497.0,446.0,"Free/Reduced Lunch"
"610217",2017,"James Ward Elementary School",558.0,403.0,"Free/Reduced Lunch"
"609959",2017,"John Charles Haines Elementary School",671.0,553.0,"Free/Reduced Lunch"
"610180",2017,"John M Smyth Elementary School",436.0,399.0,"Free/Reduced Lunch"
"609828",2017,"Jonathan Burr Elementary School",445.0,172.0,"Free/Reduced Lunch"
"610081",2017,"Mark Sheridan Math & Science Academy",563.0,264.0,"Free/Reduced Lunch"
"610529",2017,"Ogden International High School",716.0,370.0,"Free/Reduced Lunch"
"609777",2017,"Phillip D Armour Elementary School",274.0,232.0,"Free/Reduced Lunch"
"610138",2017,"Pulaski International School of Chicago",911.0,681.0,"Free/Reduced Lunch"
"609769",2017,"Ray Graham Training Center High School",119.0,109.0,"Free/Reduced Lunch"
"610561",2017,"Richard T Crane Medical Preparatory HS",590.0,511.0,"Free/Reduced Lunch"
"609979",2017,"Robert Healy Elementary School",1472.0,1254.0,"Free/Reduced Lunch"
"610252",2017,"Robert Nathaniel Dett Elementary School",309.0,299.0,"Free/Reduced Lunch"
"610029",2017,"Rodolfo Lozano Bilingual & International Ctr ES",232.0,203.0,"Free/Reduced Lunch"
"610250",2017,"Rueben Salazar Elementary Bilingual Center",366.0,290.0,"Free/Reduced Lunch"
"609750",2017,"Simpson Academy HS for Young Women",64.0,63.0,"Free/Reduced Lunch"
"610548",2017,"STEM Magnet Academy",461.0,155.0,"Free/Reduced Lunch"
"610405",2017,"Suder Montessori Magnet ES",411.0,207.0,"Free/Reduced Lunch"
"609896",2017,"Thomas Drummond Elementary School",353.0,99.0,"Free/Reduced Lunch"
"610121",2017,"Washington Irving Elementary School",478.0,421.0,"Free/Reduced Lunch"
"610101",2017,"William B Ogden Elementary School",836.0,173.0,"Free/Reduced Lunch"
"609812",2017,"William H Brown Elementary School",286.0,249.0,"Free/Reduced Lunch"
"610308",2017,"Wilma Rudolph Elementary Learning Center",93.0,70.0,"Free/Reduced Lunch"
"609966",2017,"Charles G Hammond Elementary School",458.0,436.0,"Free/Reduced Lunch"
"610063",2017,"Cyrus H McCormick Elementary School",794.0,691.0,"Free/Reduced Lunch"
"609870",2017,"Daniel J Corkery Elementary School",544.0,462.0,"Free/Reduced Lunch"
"609704",2017,"David G Farragut Career Academy High School",843.0,809.0,"Free/Reduced Lunch"
"610227",2017,"Eli Whitney Elementary School",1035.0,936.0,"Free/Reduced Lunch"
"610215",2017,"Francisco I Madero Middle School",336.0,327.0,"Free/Reduced Lunch"
"609920",2017,"Gerald Delgado Kanoon Elementary Magnet School",660.0,649.0,"Free/Reduced Lunch"
"610383",2017,"Greater Lawndale High School For Social Justice",304.0,288.0,"Free/Reduced Lunch"
"610384",2017,"Infinity Math Science and Technology High School",409.0,387.0,"Free/Reduced Lunch"
"610125",2017,"Irma C Ruiz Elementary School",773.0,661.0,"Free/Reduced Lunch"
"610216",2017,"John A Walsh Elementary School",365.0,314.0,"Free/Reduced Lunch"
"610228",2017,"John Greenleaf Whittier Elementary School",269.0,241.0,"Free/Reduced Lunch"
"610184",2017,"John Spry Elementary Community School",596.0,520.0,"Free/Reduced Lunch"
"609950",2017,"Josefa Ortiz De Dominguez Elementary School",596.0,516.0,"Free/Reduced Lunch"
"609938",2017,"Joseph E Gary Elementary School",1118.0,1047.0,"Free/Reduced Lunch"
"610015",2017,"Joseph Jungman Elementary School",291.0,267.0,"Free/Reduced Lunch"
"610129",2017,"Josiah Pickard Elementary School",475.0,455.0,"Free/Reduced Lunch"
"610024",2017,"Lazaro Cardenas Elementary School",614.0,594.0,"Free/Reduced Lunch"
"609834",2017,"Little Village Elementary School",834.0,813.0,"Free/Reduced Lunch"
"609872",2017,"Manuel Perez Elementary School",311.0,279.0,"Free/Reduced Lunch"
"610017",2017,"Maria Saucedo Elementary Scholastic Academy",1085.0,972.0,"Free/Reduced Lunch"
"610385",2017,"Multicultural Academy of Scholarship",251.0,245.0,"Free/Reduced Lunch"
"610329",2017,"Orozco Fine Arts & Sciences Elementary School",568.0,497.0,"Free/Reduced Lunch"
"609867",2017,"Peter Cooper Elementary Dual Language Academy",493.0,435.0,"Free/Reduced Lunch"
"610013",2017,"Pilsen Elementary Community Academy",360.0,329.0,"Free/Reduced Lunch"
"609826",2017,"Rosario Castellanos Elementary School",611.0,598.0,"Free/Reduced Lunch"
"610357",2017,"Spry Community Links High School",162.0,157.0,"Free/Reduced Lunch"
"609921",2017,"Telpochcalli Elementary School",288.0,245.0,"Free/Reduced Lunch"
"609967",2017,"William F Finkl Elementary School",428.0,402.0,"Free/Reduced Lunch"
"610392",2017,"World Language Academy High School",340.0,334.0,"Free/Reduced Lunch"
"609993",2017,"Agustin Lara Elementary Academy",474.0,427.0,"Free/Reduced Lunch"
"610563",2017,"Back of the Yards IB HS",1044.0,1010.0,"Free/Reduced Lunch"
"610317",2017,"Brighton Park Elementary School",490.0,449.0,"Free/Reduced Lunch"
"610353",2017,"Calmeca Academy of Fine Arts and Dual Language",807.0,687.0,"Free/Reduced Lunch"
"610170",2017,"Columbia Explorers Elementary Academy",1165.0,1026.0,"Free/Reduced Lunch"
"609909",2017,"Edward Everett Elementary School",200.0,185.0,"Free/Reduced Lunch"
"609735",2017,"Edward Tilden Career Community Academy HS",280.0,265.0,"Free/Reduced Lunch"
"609682",2017,"Ellen H Richards Career Academy High School",252.0,214.0,"Free/Reduced Lunch"
"610319",2017,"Evergreen Academy Middle School",303.0,288.0,"Free/Reduced Lunch"
"609709",2017,"Gage Park High School",336.0,319.0,"Free/Reduced Lunch"
"610532",2017,"Irene C. Hernandez Middle School for the Advancement of Science",1045.0,1009.0,"Free/Reduced Lunch"
"609983",2017,"James Hedges Elementary School",692.0,654.0,"Free/Reduced Lunch"
"610174",2017,"James Shields Elementary School",957.0,930.0,"Free/Reduced Lunch"
"610559",2017,"James Shields Middle School",654.0,641.0,"Free/Reduced Lunch"
"609829",2017,"John C Burroughs Elementary School",481.0,406.0,"Free/Reduced Lunch"
"609964",2017,"John H Hamline Elementary School",610.0,595.0,"Free/Reduced Lunch"
"609694",2017,"John Hancock College Preparatory High School",892.0,805.0,"Free/Reduced Lunch"
"610117",2017,"Louis Pasteur Elementary School",1266.0,1147.0,"Free/Reduced Lunch"
"609756",2017,"Marie Sklodowska Curie Metropolitan High School",2951.0,2722.0,"Free/Reduced Lunch"
"609876",2017,"Nathan S Davis Elementary School",776.0,757.0,"Free/Reduced Lunch"
"609952",2017,"Nathanael Greene Elementary School",554.0,500.0,"Free/Reduced Lunch"
"610239",2017,"Richard J Daley Elementary Academy",612.0,600.0,"Free/Reduced Lunch"
"610157",2017,"Sidney Sawyer Elementary School",1660.0,1521.0,"Free/Reduced Lunch"
"610226",2017,"Socorro Sandoval Elementary School",1014.0,939.0,"Free/Reduced Lunch"
"609715",2017,"Thomas Kelly High School",2075.0,1951.0,"Free/Reduced Lunch"
"610504",2017,"Velma F Thomas Early Childhood Center",161.0,78.0,"Free/Reduced Lunch"
"609855",2017,"Walter S Christopher Elementary School",390.0,337.0,"Free/Reduced Lunch"
"610167",2017,"William H Seward Communication Arts Academy ES",738.0,688.0,"Free/Reduced Lunch"
"610175",2017,"Beulah Shoesmith Elementary School",355.0,266.0,"Free/Reduced Lunch"
"609969",2017,"Bret Harte Elementary School",330.0,236.0,"Free/Reduced Lunch"
"610381",2017,"Bronzeville Scholastic Academy High School",376.0,353.0,"Free/Reduced Lunch"
"610345",2017,"Carter G Woodson South Elementary School",342.0,315.0,"Free/Reduced Lunch"
"610030",2017,"Charles Kozminski Elementary Community Academy",285.0,242.0,"Free/Reduced Lunch"
"610380",2017,"Daniel Hale Williams Prep School of Medicine",237.0,228.0,"Free/Reduced Lunch"
"609751",2017,"Dr  Martin Luther King  Jr  College Prep HS",642.0,488.0,"Free/Reduced Lunch"
"609819",2017,"Edmond Burke Elementary School",435.0,377.0,"Free/Reduced Lunch"
"610246",2017,"Edward Beasley Elementary Magnet Academic Center",1353.0,1090.0,"Free/Reduced Lunch"
"610065",2017,"Emmett Louis Till Math and Science Academy",360.0,353.0,"Free/Reduced Lunch"
"609713",2017,"Hyde Park Academy High School",745.0,720.0,"Free/Reduced Lunch"
"610110",2017,"Ida B Wells Preparatory Elementary Academy",392.0,345.0,"Free/Reduced Lunch"
"610276",2017,"Irvin C Mollison Elementary School",381.0,327.0,"Free/Reduced Lunch"
"610256",2017,"Jackie Robinson Elementary School",130.0,101.0,"Free/Reduced Lunch"
"609891",2017,"James R Doolittle Jr Elementary School",287.0,256.0,"Free/Reduced Lunch"
"610213",2017,"James Wadsworth Elementary School",576.0,480.0,"Free/Reduced Lunch"
"609894",2017,"John B Drake Elementary School",418.0,380.0,"Free/Reduced Lunch"
"609919",2017,"John Fiske Elementary School",464.0,432.0,"Free/Reduced Lunch"
"610126",2017,"John J Pershing Elementary Humanities Magnet",628.0,472.0,"Free/Reduced Lunch"
"609746",2017,"Kenwood Academy High School",1784.0,1073.0,"Free/Reduced Lunch"
"610237",2017,"Ludwig Van Beethoven Elementary School",406.0,404.0,"Free/Reduced Lunch"
"609676",2017,"Paul Laurence Dunbar Career Academy High School",561.0,550.0,"Free/Reduced Lunch"
"610090",2017,"Phillip Murray Elementary Language Academy",520.0,289.0,"Free/Reduced Lunch"
"609987",2017,"Thomas A Hendricks Elementary Community Academy",225.0,213.0,"Free/Reduced Lunch"
"610587",2017,"Walter Henri Dyett High School for the Arts",149.0,131.0,"Free/Reduced Lunch"
"610143",2017,"William C Reavis Math & Science Specialty ES",239.0,232.0,"Free/Reduced Lunch"
"610142",2017,"William H Ray Elementary School",718.0,361.0,"Free/Reduced Lunch"
"609977",2017,"Woodlawn Community Elementary School",195.0,186.0,"Free/Reduced Lunch"
"610185",2017,"Adlai E Stevenson Elementary School",1273.0,1028.0,"Free/Reduced Lunch"
"609788",2017,"Alice L Barnard Computer Math & Science Ctr ES",321.0,233.0,"Free/Reduced Lunch"
"610287",2017,"Ashburn Community Elementary School",507.0,402.0,"Free/Reduced Lunch"
"609871",2017,"Barbara Vick Early Childhood & Family Center",336.0,185.0,"Free/Reduced Lunch"
"610087",2017,"Blair Early Childhood Center",154.0,97.0,"Free/Reduced Lunch"
"609839",2017,"Carroll-Rosenwald Specialty Elementary School",502.0,420.0,"Free/Reduced Lunch"
"609879",2017,"Charles Gates Dawes Elementary School",1045.0,985.0,"Free/Reduced Lunch"
"610347",2017,"Claremont Academy Elementary School",434.0,419.0,"Free/Reduced Lunch"
"610077",2017,"Donald Morrill Math & Science Elementary School",753.0,723.0,"Free/Reduced Lunch"
"610352",2017,"Durkin Park Elementary School",712.0,568.0,"Free/Reduced Lunch"
"610006",2017,"Edward N Hurley Elementary School",866.0,748.0,"Free/Reduced Lunch"
"610195",2017,"Elizabeth H Sutherland Elementary School",616.0,201.0,"Free/Reduced Lunch"
"609908",2017,"Esmond Elementary School",321.0,278.0,"Free/Reduced Lunch"
"610057",2017,"Fairfield Elementary Academy",592.0,563.0,"Free/Reduced Lunch"
"610067",2017,"Francis M McKay Elementary School",813.0,758.0,"Free/Reduced Lunch"
"609849",2017,"George F Cassell Elementary School",410.0,93.0,"Free/Reduced Lunch"
"609741",2017,"Gurdon S Hubbard High School",1772.0,1681.0,"Free/Reduced Lunch"
"609861",2017,"Henry R Clissold Elementary School",516.0,226.0,"Free/Reduced Lunch"
"609893",2017,"John C Dore Elementary School",737.0,375.0,"Free/Reduced Lunch"
"609898",2017,"John F Eberhart Elementary School",1423.0,1367.0,"Free/Reduced Lunch"
"609718",2017,"John F Kennedy High School",1658.0,1259.0,"Free/Reduced Lunch"
"610207",2017,"John H Vanderpoel Elementary Magnet School",287.0,201.0,"Free/Reduced Lunch"
"610016",2017,"Kate S Kellogg Elementary School",250.0,91.0,"Free/Reduced Lunch"
"609807",2017,"Lionel Hampton Fine & Performing Arts ES",563.0,503.0,"Free/Reduced Lunch"
"610544",2017,"Mariano Azuela Elementary School",948.0,814.0,"Free/Reduced Lunch"
"610206",2017,"Mark Twain Elementary School",1147.0,900.0,"Free/Reduced Lunch"
"609832",2017,"Michael M Byrne Elementary School",654.0,368.0,"Free/Reduced Lunch"
"609725",2017,"Morgan Park High School",1420.0,1216.0,"Free/Reduced Lunch"
"609960",2017,"Nathan Hale Elementary School",974.0,651.0,"Free/Reduced Lunch"
"609981",2017,"Phoebe Apperson Hearst Elementary School",359.0,327.0,"Free/Reduced Lunch"
"609956",2017,"Robert L Grimes Elementary School",467.0,387.0,"Free/Reduced Lunch"
"610558",2017,"Sarah E. Goode STEM Academy",861.0,727.0,"Free/Reduced Lunch"
"610109",2017,"William Bishop Owen Scholastic Academy ES",263.0,154.0,"Free/Reduced Lunch"
"609698",2017,"William J Bogan High School",798.0,738.0,"Free/Reduced Lunch"
"609869",2017,"Anna R. Langford Community Academy",316.0,310.0,"Free/Reduced Lunch"
"610037",2017,"Arthur A Libby Elementary School",375.0,367.0,"Free/Reduced Lunch"
"609941",2017,"Asa Philip Randolph Elementary School",505.0,484.0,"Free/Reduced Lunch"
"610290",2017,"Benjamin E Mays Elementary Academy",423.0,381.0,"Free/Reduced Lunch"
"610238",2017,"Carrie Jacobs Bond Elementary School",321.0,285.0,"Free/Reduced Lunch"
"610366",2017,"Charles H Wacker Elementary School",289.0,217.0,"Free/Reduced Lunch"
"609986",2017,"Charles R Henderson Elementary School",263.0,252.0,"Free/Reduced Lunch"
"609897",2017,"Charles W Earle Elementary School",454.0,423.0,"Free/Reduced Lunch"
"609790",2017,"Clara Barton Elementary School",434.0,413.0,"Free/Reduced Lunch"
"609748",2017,"Consuella B York Alternative HS",270.0,270.0,"Free/Reduced Lunch"
"610223",2017,"Daniel S Wentworth Elementary School",508.0,454.0,"Free/Reduced Lunch"
"610299",2017,"Dr. Martin L. King Jr Academy of Social Justice",235.0,212.0,"Free/Reduced Lunch"
"609924",2017,"Fort Dearborn Elementary School",404.0,374.0,"Free/Reduced Lunch"
"609927",2017,"Foster Park Elementary School",378.0,321.0,"Free/Reduced Lunch"
"610112",2017,"Francis W Parker Elementary Community Academy",563.0,500.0,"Free/Reduced Lunch"
"609768",2017,"Hope College Preparatory High School",136.0,135.0,"Free/Reduced Lunch"
"610173",2017,"Jesse Sherwood Elementary School",334.0,330.0,"Free/Reduced Lunch"
"609864",2017,"John W Cook Elementary School",366.0,340.0,"Free/Reduced Lunch"
"610019",2017,"Joshua D Kershaw Elementary School",278.0,257.0,"Free/Reduced Lunch"
"609793",2017,"Lillian R. Nicholson STEM Academy",519.0,506.0,"Free/Reduced Lunch"
"610108",2017,"Luke O'Toole Elementary School",401.0,392.0,"Free/Reduced Lunch"
"610369",2017,"Mahalia Jackson Elementary School",320.0,283.0,"Free/Reduced Lunch"
"610362",2017,"Medgar Evers Elementary School",316.0,280.0,"Free/Reduced Lunch"
"609783",2017,"Nancy B Jefferson Alternative HS",259.0,222.0,"Free/Reduced Lunch"
"609692",2017,"Neal F Simeon Career Academy High School",1323.0,1203.0,"Free/Reduced Lunch"
"610300",2017,"Oliver S Westcott Elementary School",422.0,361.0,"Free/Reduced Lunch"
"609997",2017,"Oliver Wendell Holmes Elementary School",212.0,181.0,"Free/Reduced Lunch"
"610003",2017,"Paul Cuffe Math-Science Technology Academy ES",358.0,329.0,"Free/Reduced Lunch"
"609707",2017,"Paul Robeson High School",151.0,151.0,"Free/Reduced Lunch"
"609791",2017,"Perkins Bass Elementary School",449.0,428.0,"Free/Reduced Lunch"
"610102",2017,"Richard J Oglesby Elementary School",466.0,433.0,"Free/Reduced Lunch"
"609929",2017,"Robert Fulton Elementary School",378.0,364.0,"Free/Reduced Lunch"
"610391",2017,"Robert Lindblom Math & Science Academy HS",1294.0,834.0,"Free/Reduced Lunch"
"610027",2017,"Rudyard Kipling Elementary School",310.0,243.0,"Free/Reduced Lunch"
"609805",2017,"Scott Joplin Elementary School",407.0,373.0,"Free/Reduced Lunch"
"610521",2017,"Sir Miles Davis Magnet Elementary Academy",261.0,247.0,"Free/Reduced Lunch"
"609745",2017,"Southside Occupational Academy High School",270.0,230.0,"Free/Reduced Lunch"
"610506",2017,"TEAM Englewood Community Academy High School",160.0,143.0,"Free/Reduced Lunch"
"609895",2017,"Turner-Drew Elementary Language Academy",263.0,189.0,"Free/Reduced Lunch"
"610032",2017,"Wendell E Green Elementary School",379.0,338.0,"Free/Reduced Lunch"
"610153",2017,"William H Ryder Math & Science Specialty ES",395.0,349.0,"Free/Reduced Lunch"
"609711",2017,"William Rainey Harper High School",167.0,166.0,"Free/Reduced Lunch"
"610281",2017,"Adam Clayton Powell Paideia Community Academy ES",565.0,516.0,"Free/Reduced Lunch"
"610316",2017,"Amelia Earhart Options for Knowledge ES",250.0,176.0,"Free/Reduced Lunch"
"610171",2017,"Arnold Mireles Elementary Academy",572.0,552.0,"Free/Reduced Lunch"
"609887",2017,"Arthur Dixon Elementary School",584.0,466.0,"Free/Reduced Lunch"
"610268",2017,"Arthur R Ashe Elementary School",279.0,266.0,"Free/Reduced Lunch"
"609786",2017,"Avalon Park Elementary School",298.0,286.0,"Free/Reduced Lunch"
"610323",2017,"Bowen High School",328.0,292.0,"Free/Reduced Lunch"
"609827",2017,"Burnside Elementary Scholastic Academy",513.0,420.0,"Free/Reduced Lunch"
"609833",2017,"Charles P Caldwell Academy of Math & Science ES",274.0,219.0,"Free/Reduced Lunch"
"609813",2017,"Charles S Brownell Elementary School",211.0,210.0,"Free/Reduced Lunch"
"609674",2017,"Chicago Vocational Career Academy High School",923.0,867.0,"Free/Reduced Lunch"
"609815",2017,"Edward A Bouchet Math & Science Academy ES",603.0,597.0,"Free/Reduced Lunch"
"609862",2017,"Edward Coles Elementary Language Academy",473.0,439.0,"Free/Reduced Lunch"
"609712",2017,"Emil G Hirsch Metropolitan High School",151.0,146.0,"Free/Reduced Lunch"
"609939",2017,"Frank L Gillespie Elementary School",554.0,516.0,"Free/Reduced Lunch"
"610124",2017,"Harold Washington Elementary School",371.0,359.0,"Free/Reduced Lunch"
"610279",2017,"Henry O Tanner Elementary School",346.0,311.0,"Free/Reduced Lunch"
"610052",2017,"Horace Mann Elementary School",390.0,336.0,"Free/Reduced Lunch"
"610066",2017,"James E McDade Elementary Classical School",196.0,64.0,"Free/Reduced Lunch"
"610047",2017,"James Madison Elementary School",230.0,222.0,"Free/Reduced Lunch"
"610200",2017,"James N Thorp Elementary School",336.0,319.0,"Free/Reduced Lunch"
"610093",2017,"Jane A Neil Elementary School",285.0,249.0,"Free/Reduced Lunch"
"609710",2017,"John M Harlan Community Academy High School",484.0,452.0,"Free/Reduced Lunch"
"610130",2017,"John T Pirie Fine Arts & Academic Center ES",287.0,243.0,"Free/Reduced Lunch"
"610218",2017,"Joseph Warren Elementary School",280.0,266.0,"Free/Reduced Lunch"
"610152",2017,"Martha Ruggles Elementary School",405.0,350.0,"Free/Reduced Lunch"
"609961",2017,"Ninos Heroes Elementary Academic Center",373.0,326.0,"Free/Reduced Lunch"
"610115",2017,"Park Manor Elementary School",330.0,330.0,"Free/Reduced Lunch"
"610116",2017,"Parkside Elementary Community Academy",251.0,210.0,"Free/Reduced Lunch"
"610146",2017,"Paul Revere Elementary School",225.0,191.0,"Free/Reduced Lunch"
"610350",2017,"Robert A Black Magnet Elementary School",444.0,365.0,"Free/Reduced Lunch"
"610530",2017,"South Shore Fine Arts Academy",453.0,381.0,"Free/Reduced Lunch"
"610547",2017,"South Shore Intl College Prep High School",591.0,497.0,"Free/Reduced Lunch"
"610178",2017,"Theophilus Schmid Elementary School",215.0,197.0,"Free/Reduced Lunch"
"610002",2017,"Thomas Hoyne Elementary School",250.0,200.0,"Free/Reduced Lunch"
"610193",2017,"William K New Sullivan Elementary School",458.0,453.0,"Free/Reduced Lunch"
"609808",2017,"Alex Haley Elementary Academy",577.0,554.0,"Free/Reduced Lunch"
"609705",2017,"Christian Fenger Academy High School",230.0,223.0,"Free/Reduced Lunch"
"610004",2017,"Countee Cullen Elementary School",172.0,151.0,"Free/Reduced Lunch"
"610198",2017,"Douglas Taylor Elementary School",498.0,445.0,"Free/Reduced Lunch"
"610188",2017,"Dunne Technology Academy",255.0,225.0,"Free/Reduced Lunch"
"610132",2017,"Edgar Allan Poe Elementary Classical School",214.0,84.0,"Free/Reduced Lunch"
"610315",2017,"Edward White Elementary Career Academy",180.0,149.0,"Free/Reduced Lunch"
"609917",2017,"Fernwood Elementary School",304.0,293.0,"Free/Reduced Lunch"
"609800",2017,"Frank I Bennett Elementary School",329.0,300.0,"Free/Reduced Lunch"
"609761",2017,"George H Corliss High School",371.0,345.0,"Free/Reduced Lunch"
"610139",2017,"George M Pullman Elementary School",351.0,331.0,"Free/Reduced Lunch"
"609845",2017,"George Washington Carver Primary School",464.0,461.0,"Free/Reduced Lunch"
"610219",2017,"George Washington Elementary School",887.0,650.0,"Free/Reduced Lunch"
"609739",2017,"George Washington High School",1410.0,1287.0,"Free/Reduced Lunch"
"609726",2017,"Gwendolyn Brooks College Preparatory Academy HS",916.0,658.0,"Free/Reduced Lunch"
"609856",2017,"Henry Clay Elementary School",615.0,516.0,"Free/Reduced Lunch"
"609848",2017,"Ira F Aldridge Elementary School",167.0,155.0,"Free/Reduced Lunch"
"609943",2017,"Jesse Owens Elementary Community Academy",435.0,422.0,"Free/Reduced Lunch"
"610176",2017,"John D Shoop Math-Science Technical Academy ES",475.0,423.0,"Free/Reduced Lunch"
"610054",2017,"John L Marsh Elementary School",799.0,672.0,"Free/Reduced Lunch"
"610225",2017,"John Whistler Elementary School",306.0,259.0,"Free/Reduced Lunch"
"610199",2017,"Johnnie Colemon Elementary Academy",252.0,193.0,"Free/Reduced Lunch"
"610368",2017,"Langston Hughes Elementary School",486.0,399.0,"Free/Reduced Lunch"
"610128",2017,"Marcus Moziah Garvey Elementary School",241.0,228.0,"Free/Reduced Lunch"
"609935",2017,"Matthew Gallistel Elementary Language Academy",884.0,842.0,"Free/Reduced Lunch"
"610208",2017,"Mildred I Lavizzo Elementary School",354.0,329.0,"Free/Reduced Lunch"
"610086",2017,"Mount Vernon Elementary School",260.0,238.0,"Free/Reduced Lunch"
"609811",2017,"Orville T Bright Elementary School",295.0,281.0,"Free/Reduced Lunch"
"609762",2017,"Percy L Julian High School",631.0,603.0,"Free/Reduced Lunch"
"609902",2017,"Ralph H Metcalfe Elementary Community Academy",417.0,407.0,"Free/Reduced Lunch"
"610091",2017,"Ronald Brown Elementary Community Academy",353.0,323.0,"Free/Reduced Lunch"
"610586",2017,"Southeast Area Elementary School",447.0,403.0,"Free/Reduced Lunch"
"610295",2017,"Thomas J Higgins Elementary Community Academy",279.0,235.0,"Free/Reduced Lunch"
"609978",2017,"Wendell Smith Elementary School",374.0,361.0,"Free/Reduced Lunch"
"610364",2017,"William E B Dubois Elementary School",256.0,252.0,"Free/Reduced Lunch"
"610339",2017,"Amos Alonzo Stagg Elementary School",440.0,407.0,"Free/Reduced Lunch"
"610106",2017,"Brian Piccolo Elementary Specialty School",603.0,546.0,"Free/Reduced Lunch"
"609883",2017,"Charles S Deneen Elementary School",562.0,503.0,"Free/Reduced Lunch"
"610248",2017,"Chicago Academy Elementary School",601.0,433.0,"Free/Reduced Lunch"
"610340",2017,"Chicago Academy High School",549.0,445.0,"Free/Reduced Lunch"
"610499",2017,"Collins Academy High School",295.0,286.0,"Free/Reduced Lunch"
"609885",2017,"Dewey Elementary Academy of Fine Arts",419.0,409.0,"Free/Reduced Lunch"
"610254",2017,"Dvorak Technology Academy",438.0,430.0,"Free/Reduced Lunch"
"610543",2017,"Eric Solorio Academy High School",1142.0,1075.0,"Free/Reduced Lunch"
"609900",2017,"George W Curtis Elementary School",578.0,517.0,"Free/Reduced Lunch"
"610103",2017,"Isabelle C O'Keeffe Elementary School",647.0,597.0,"Free/Reduced Lunch"
"610274",2017,"James Weldon Johnson Elementary School",467.0,463.0,"Free/Reduced Lunch"
"610263",2017,"John Foster Dulles Elementary School",631.0,627.0,"Free/Reduced Lunch"
"609971",2017,"John Harvard Elementary School of Excellence",427.0,385.0,"Free/Reduced Lunch"
"610000",2017,"Julia Ward Howe Elementary School of Excellence",498.0,446.0,"Free/Reduced Lunch"
"610036",2017,"Leslie Lewis Elementary School",473.0,425.0,"Free/Reduced Lunch"
"610053",2017,"Marquette Elementary School",1160.0,1110.0,"Free/Reduced Lunch"
"609928",2017,"Melville W Fuller Elementary School",366.0,337.0,"Free/Reduced Lunch"
"610257",2017,"Morton School of Excellence",391.0,386.0,"Free/Reduced Lunch"
"609806",2017,"Myra Bradwell Communications Arts & Sciences ES",624.0,613.0,"Free/Reduced Lunch"
"610231",2017,"National Teachers Elementary Academy",706.0,547.0,"Free/Reduced Lunch"
"610389",2017,"Orr Academy High School",386.0,358.0,"Free/Reduced Lunch"
"610021",2017,"Pablo Casals Elementary School",456.0,410.0,"Free/Reduced Lunch"
"610282",2017,"Ronald E McNair Elementary School",399.0,397.0,"Free/Reduced Lunch"
"610396",2017,"Tarkington School of Excellence ES",1002.0,932.0,"Free/Reduced Lunch"
"609991",2017,"Theodore Herzl Elementary School",657.0,638.0,"Free/Reduced Lunch"
"609851",2017,"Thomas Chalmers Specialty Elementary School",372.0,365.0,"Free/Reduced Lunch"
"609955",2017,"Walter Q Gresham Elementary School",339.0,315.0,"Free/Reduced Lunch"
"609727",2017,"Wendell Phillips Academy High School",558.0,538.0,"Free/Reduced Lunch"
"610172",2017,"William T Sherman Elementary School",290.0,286.0,"Free/Reduced Lunch"
"609844",2017,"William W Carter Elementary School",406.0,383.0,"Free/Reduced Lunch"
"610513",2017,"Air Force Academy High School",335.0,298.0,"Free/Reduced Lunch"
"609754",2017,"Chicago Military Academy High School",293.0,270.0,"Free/Reduced Lunch"
"609760",2017,"George Washington Carver Military Academy HS",500.0,452.0,"Free/Reduced Lunch"
"610390",2017,"Hyman G Rickover Naval Academy High School",567.0,504.0,"Free/Reduced Lunch"
"609780",2017,"Marine Leadership Academy at Ames",841.0,799.0,"Free/Reduced Lunch"
"610304",2017,"Phoenix Military Academy High School",540.0,517.0,"Free/Reduced Lunch"
"609963",2017,"Alexander Hamilton Elementary School",477.0,93.0,"Free/Reduced Lunch"
"610098",2017,"Alfred Nobel Elementary School",882.0,807.0,"Free/Reduced Lunch"
"609837",2017,"Andrew Carnegie Elementary School",655.0,516.0,"Free/Reduced Lunch"
"610084",2017,"Annie Keller Elementary Gifted Magnet School",241.0,48.0,"Free/Reduced Lunch"
"609951",2017,"Ariel Elementary Community Academy",506.0,407.0,"Free/Reduced Lunch"
"609820",2017,"Augustus H Burley Elementary School",532.0,81.0,"Free/Reduced Lunch"
"609764",2017,"Benito Juarez Community Academy High School",1607.0,1539.0,"Free/Reduced Lunch"
"610076",2017,"Bernhard Moos Elementary School",520.0,453.0,"Free/Reduced Lunch"
"609821",2017,"Burnham Elementary Inclusive Academy",528.0,477.0,"Free/Reduced Lunch"
"610148",2017,"Cesar E Chavez Multicultural Academic Center ES",997.0,894.0,"Free/Reduced Lunch"
"609753",2017,"Chicago High School for Agricultural Sciences",720.0,321.0,"Free/Reduced Lunch"
"609899",2017,"Christian Ebinger Elementary School",800.0,104.0,"Free/Reduced Lunch"
"610533",2017,"Dr Jorge Prieto Math and Science",1010.0,902.0,"Free/Reduced Lunch"
"609901",2017,"Edgebrook Elementary School",515.0,49.0,"Free/Reduced Lunch"
"610073",2017,"Ellen Mitchell Elementary School",398.0,218.0,"Free/Reduced Lunch"
"609973",2017,"Emiliano Zapata Elementary Academy",835.0,808.0,"Free/Reduced Lunch"
"610203",2017,"Enrico Tonti Elementary School",1074.0,911.0,"Free/Reduced Lunch"
"610120",2017,"Ferdinand Peck Elementary School",1656.0,1561.0,"Free/Reduced Lunch"
"610096",2017,"Florence Nightingale Elementary School",1280.0,1207.0,"Free/Reduced Lunch"
"609958",2017,"Frank W Gunsaulus Elementary Scholastic Academy",798.0,701.0,"Free/Reduced Lunch"
"609974",2017,"Hawthorne Elementary Scholastic Academy",575.0,124.0,"Free/Reduced Lunch"
"610040",2017,"Henry D Lloyd Elementary School",1155.0,1046.0,"Free/Reduced Lunch"
"609772",2017,"Jane Addams Elementary School",778.0,688.0,"Free/Reduced Lunch"
"610026",2017,"John H Kinzie Elementary School",682.0,425.0,"Free/Reduced Lunch"
"610520",2017,"LaSalle II Magnet Elementary School",595.0,230.0,"Free/Reduced Lunch"
"610298",2017,"Lenart Elementary Regional Gifted Center",288.0,76.0,"Free/Reduced Lunch"
"609738",2017,"Lincoln Park High School",2129.0,1142.0,"Free/Reduced Lunch"
"609773",2017,"Louis A Agassiz Elementary School",506.0,191.0,"Free/Reduced Lunch"
"610197",2017,"Mancel Talcott Elementary School",520.0,417.0,"Free/Reduced Lunch"
"610177",2017,"Mark Skinner Elementary School",1062.0,278.0,"Free/Reduced Lunch"
"610312",2017,"Mary E McDowell Elementary School",171.0,155.0,"Free/Reduced Lunch"
"610082",2017,"Mount Greenwood Elementary School",1107.0,190.0,"Free/Reduced Lunch"
"610386",2017,"Peace & Education Coalition HS",113.0,106.0,"Free/Reduced Lunch"
"609842",2017,"Rachel Carson Elementary School",1086.0,1033.0,"Free/Reduced Lunch"
"609903",2017,"Richard Edwards Elementary School",1545.0,1371.0,"Free/Reduced Lunch"
"610291",2017,"Richard Henry Lee Elementary School",849.0,750.0,"Free/Reduced Lunch"
"609759",2017,"Roberto Clemente Community Academy High School",737.0,698.0,"Free/Reduced Lunch"
"610534",2017,"Skinner North",488.0,46.0,"Free/Reduced Lunch"
"609990",2017,"South Loop Elementary School",779.0,183.0,"Free/Reduced Lunch"
"610249",2017,"Talman Elementary School",445.0,391.0,"Free/Reduced Lunch"
"609944",2017,"Virgil Grissom Elementary School",368.0,211.0,"Free/Reduced Lunch"
"610363",2017,"Walt Disney Magnet Elementary School",1564.0,899.0,"Free/Reduced Lunch"
"609680",2017,"Walter Payton College Preparatory High School",979.0,308.0,"Free/Reduced Lunch"
"610179",2017,"Washington D Smyser Elementary School",991.0,730.0,"Free/Reduced Lunch"
"609740",2017,"Wells Community Academy High School",378.0,350.0,"Free/Reduced Lunch"
"609755",2017,"Whitney M Young Magnet High School",2112.0,893.0,"Free/Reduced Lunch"
"609678",2017,"William Jones College Preparatory High School",1819.0,724.0,"Free/Reduced Lunch"
"400009",2017,"Academy for Global Citizenship Charter School",461.0,320.0,"Free/Reduced Lunch"
"400010",2017,"ACE Technical Charter School",385.0,367.0,"Free/Reduced Lunch"
"400011",2017,"Alain Locke Charter School",550.0,460.0,"Free/Reduced Lunch"
"400060",2017,"Asian Human Services - Passages Charter School",482.0,377.0,"Free/Reduced Lunch"
"400172",2017,"ASPIRA Business and Finance",335.0,323.0,"Free/Reduced Lunch"
"400013",2017,"ASPIRA Charter School - Early College High School",422.0,398.0,"Free/Reduced Lunch"
"400017",2017,"ASPIRA Charter School - Haugan Middle School",537.0,525.0,"Free/Reduced Lunch"
"400115",2017,"Catalyst - Maria Charter School",1107.0,1013.0,"Free/Reduced Lunch"
"400021",2017,"Catalyst Elementary Charter School - Circle Rock",522.0,469.0,"Free/Reduced Lunch"
"400161",2017,"Chicago Collegiate Charter School",315.0,280.0,"Free/Reduced Lunch"
"400035",2017,"Chicago Math and Science Academy Charter School",600.0,565.0,"Free/Reduced Lunch"
"400036",2017,"Chicago Virtual Charter School",676.0,460.0,"Free/Reduced Lunch"
"400159",2017,"Christopher House Charter School",277.0,239.0,"Free/Reduced Lunch"
"400023",2017,"CICS - Avalon/South Shore",501.0,416.0,"Free/Reduced Lunch"
"400024",2017,"CICS - Basil",749.0,702.0,"Free/Reduced Lunch"
"400025",2017,"CICS - Bucktown",704.0,501.0,"Free/Reduced Lunch"
"400113",2017,"CICS - ChicagoQuest North",288.0,268.0,"Free/Reduced Lunch"
"400027",2017,"CICS - Irving Park",556.0,290.0,"Free/Reduced Lunch"
"400092",2017,"CICS - Lloyd Bond",341.0,328.0,"Free/Reduced Lunch"
"400033",2017,"CICS - Longwood",1361.0,1242.0,"Free/Reduced Lunch"
"400026",2017,"CICS - Loomis Primary",550.0,454.0,"Free/Reduced Lunch"
"400034",2017,"CICS - Northtown",908.0,715.0,"Free/Reduced Lunch"
"400028",2017,"CICS - Prairie",420.0,377.0,"Free/Reduced Lunch"
"400032",2017,"CICS - Ralph Ellison",441.0,410.0,"Free/Reduced Lunch"
"400029",2017,"CICS - Washington Park",482.0,436.0,"Free/Reduced Lunch"
"400030",2017,"CICS - West Belden",531.0,473.0,"Free/Reduced Lunch"
"400031",2017,"CICS - Wrightwood",784.0,658.0,"Free/Reduced Lunch"
"400094",2017,"EPIC Academy Charter High School",501.0,477.0,"Free/Reduced Lunch"
"400039",2017,"Erie Elementary Charter School",421.0,359.0,"Free/Reduced Lunch"
"400171",2017,"Foundations College Preparatory Charter School",212.0,187.0,"Free/Reduced Lunch"
"400040",2017,"Frazier Preparatory Academy Charter School",428.0,384.0,"Free/Reduced Lunch"
"400168",2017,"Great Lakes Academy Charter School",251.0,216.0,"Free/Reduced Lunch"
"400167",2017,"Horizon Science Academy Southwest Chicago Charter",668.0,629.0,"Free/Reduced Lunch"
"400104",2017,"Instituto Health Sciences Career Academy",759.0,744.0,"Free/Reduced Lunch"
"400162",2017,"Intrinsic Charter School",989.0,821.0,"Free/Reduced Lunch"
"400044",2017,"KIPP Ascend Charter School",883.0,795.0,"Free/Reduced Lunch"
"400163",2017,"KIPP Chicago Charter School - KIPP Bloom",324.0,303.0,"Free/Reduced Lunch"
"400146",2017,"KIPP Chicago Charter School - KIPP Create",305.0,287.0,"Free/Reduced Lunch"
"400180",2017,"KIPP One Academy",185.0,182.0,"Free/Reduced Lunch"
"400045",2017,"Kwame Nkrumah Academy Charter School",213.0,189.0,"Free/Reduced Lunch"
"400047",2017,"L.E.A.R.N. - Charles and Dorothy Campbell Campus",439.0,411.0,"Free/Reduced Lunch"
"400048",2017,"L.E.A.R.N. - Excel Campus",451.0,407.0,"Free/Reduced Lunch"
"400111",2017,"L.E.A.R.N. - Hunter Perkins Campus",497.0,442.0,"Free/Reduced Lunch"
"400165",2017,"L.E.A.R.N. - Middle School Campus",291.0,273.0,"Free/Reduced Lunch"
"400046",2017,"L.E.A.R.N. - Romano Butler Campus",656.0,567.0,"Free/Reduced Lunch"
"400107",2017,"L.E.A.R.N. - South Chicago Campus",493.0,431.0,"Free/Reduced Lunch"
"400151",2017,"L.E.A.R.N. Charter School - 7th Campus",360.0,319.0,"Free/Reduced Lunch"
"400049",2017,"Legacy Charter School",470.0,423.0,"Free/Reduced Lunch"
"400119",2017,"Legal Prep Charter Academy",306.0,292.0,"Free/Reduced Lunch"
"400178",2017,"Moving Everest Charter School",273.0,227.0,"Free/Reduced Lunch"
"400050",2017,"Namaste Charter School",485.0,377.0,"Free/Reduced Lunch"
"400157",2017,"Noble - Baker College Prep",391.0,372.0,"Free/Reduced Lunch"
"400156",2017,"Noble - Butler College Prep",615.0,572.0,"Free/Reduced Lunch"
"400097",2017,"Noble - Chicago Bulls College Prep",1146.0,1011.0,"Free/Reduced Lunch"
"400118",2017,"Noble - DRW College Prep",545.0,518.0,"Free/Reduced Lunch"
"400052",2017,"Noble - Gary Comer College Prep",1139.0,975.0,"Free/Reduced Lunch"
"400053",2017,"Noble - Golder College Prep",654.0,596.0,"Free/Reduced Lunch"
"400117",2017,"Noble - Hansberry College Prep",709.0,615.0,"Free/Reduced Lunch"
"400169",2017,"Noble - ITW David Speer Academy",818.0,732.0,"Free/Reduced Lunch"
"400106",2017,"Noble - John and Eunice Johnson College Prep",864.0,821.0,"Free/Reduced Lunch"
"400098",2017,"Noble - Muchin College Prep",946.0,802.0,"Free/Reduced Lunch"
"400051",2017,"Noble - Noble College Prep",636.0,537.0,"Free/Reduced Lunch"
"400054",2017,"Noble - Pritzker College Prep",1008.0,952.0,"Free/Reduced Lunch"
"400055",2017,"Noble - Rauner College Prep",649.0,530.0,"Free/Reduced Lunch"
"400056",2017,"Noble - Rowe-Clark Math and Science Academy",558.0,532.0,"Free/Reduced Lunch"
"400170",2017,"Noble - The Noble Academy",346.0,296.0,"Free/Reduced Lunch"
"400057",2017,"Noble - UIC College Prep",909.0,760.0,"Free/Reduced Lunch"
"400179",2017,"Noble Mansueto High School",183.0,168.0,"Free/Reduced Lunch"
"400058",2017,"North Lawndale College Prep - Christiana",379.0,367.0,"Free/Reduced Lunch"
"400059",2017,"North Lawndale College Prep - Collins",404.0,394.0,"Free/Reduced Lunch"
"400062",2017,"Perspectives - High School of Technology",381.0,350.0,"Free/Reduced Lunch"
"400061",2017,"Perspectives - Leadership Academy",481.0,438.0,"Free/Reduced Lunch"
"400066",2017,"Perspectives - Math and Science Academy",469.0,422.0,"Free/Reduced Lunch"
"400064",2017,"Perspectives - Rodney D. Joslin",394.0,320.0,"Free/Reduced Lunch"
"400069",2017,"Polaris Charter Academy",445.0,415.0,"Free/Reduced Lunch"
"400071",2017,"Providence Englewood Charter School",502.0,442.0,"Free/Reduced Lunch"
"400096",2017,"Rowe Elementary Charter School",946.0,747.0,"Free/Reduced Lunch"
"400116",2017,"The Montessori School of Englewood Charter",293.0,234.0,"Free/Reduced Lunch"
"400078",2017,"University of Chicago - Carter G. Woodson",297.0,236.0,"Free/Reduced Lunch"
"400075",2017,"University of Chicago - Donoghue",546.0,433.0,"Free/Reduced Lunch"
"400076",2017,"University of Chicago - North Kenwood/Oakland",363.0,239.0,"Free/Reduced Lunch"
"400077",2017,"University of Chicago - Woodlawn",622.0,513.0,"Free/Reduced Lunch"
"400112",2017,"UNO 51st and Homan Charter Elementary School",576.0,534.0,"Free/Reduced Lunch"
"400120",2017,"UNO Charter - Near West Elementary",569.0,517.0,"Free/Reduced Lunch"
"400081",2017,"UNO Charter School - Bartolomé de las Casas",285.0,268.0,"Free/Reduced Lunch"
"400153",2017,"UNO Charter School - Brighton Park",573.0,546.0,"Free/Reduced Lunch"
"400082",2017,"UNO Charter School - Carlos Fuentes",558.0,482.0,"Free/Reduced Lunch"
"400114",2017,"UNO Charter School - Esmeralda Santiago",280.0,238.0,"Free/Reduced Lunch"
"400085",2017,"UNO Charter School - Major Hector P. Garcia MD",624.0,579.0,"Free/Reduced Lunch"
"400083",2017,"UNO Charter School - Octavio Paz Campus",384.0,378.0,"Free/Reduced Lunch"
"400089",2017,"UNO Charter School - Officer Donald J. Marquez",575.0,549.0,"Free/Reduced Lunch"
"400080",2017,"UNO Charter School - PFC Omar E. Torres",614.0,542.0,"Free/Reduced Lunch"
"400121",2017,"UNO Charter School - Rogers Park",736.0,661.0,"Free/Reduced Lunch"
"400084",2017,"UNO Charter School - Rufino Tamayo",288.0,274.0,"Free/Reduced Lunch"
"400101",2017,"UNO Charter School - Sandra Cisneros",545.0,502.0,"Free/Reduced Lunch"
"400149",2017,"UNO Charter School - Soccer Academy High School",630.0,602.0,"Free/Reduced Lunch"
"400079",2017,"UNO Charter School - SPC Daniel Zizumbo",624.0,559.0,"Free/Reduced Lunch"
"400105",2017,"Urban Prep Academy for Young Men - Bronzeville",365.0,287.0,"Free/Reduced Lunch"
"400086",2017,"Urban Prep Academy for Young Men - Englewood",325.0,281.0,"Free/Reduced Lunch"
"400102",2017,"Urban Prep Charter Academy for Young Men - West",271.0,232.0,"Free/Reduced Lunch"
"400087",2017,"Young Women's Leadership Charter School",248.0,225.0,"Free/Reduced Lunch"
"400022",2017,"Chicago High School for the Arts",603.0,316.0,"Free/Reduced Lunch"
"400091",2017,"Chicago Technology Academy High School",272.0,250.0,"Free/Reduced Lunch"
"400043",2017,"Hope Institute Learning Academy",365.0,297.0,"Free/Reduced Lunch"
"400068",2017,"Plato Learning Academy",448.0,425.0,"Free/Reduced Lunch"
"610555",2017,"Banner Academy West",241.0,233.0,"Free/Reduced Lunch"
"610572",2017,"Camelot Safe Elementary",12.0,12.0,"Free/Reduced Lunch"
"610584",2017,"Camelot Safe Garfield Elementary",6.0,6.0,"Free/Reduced Lunch"
"610585",2017,"Camelot Safe Garfield HS",17.0,17.0,"Free/Reduced Lunch"
"610573",2017,"Camelot Safe HS",12.0,12.0,"Free/Reduced Lunch"
"400147",2017,"Chicago Excel Academy",252.0,238.0,"Free/Reduced Lunch"
"610565",2017,"Excel - Englewood HS",215.0,206.0,"Free/Reduced Lunch"
"400176",2017,"Excel - Southwest HS",190.0,183.0,"Free/Reduced Lunch"
"400175",2017,"Excel - Woodlawn HS",219.0,201.0,"Free/Reduced Lunch"
"400148",2017,"Instituto - Justice Lozano",97.0,90.0,"Free/Reduced Lunch"
"400164",2017,"Instituto - Justice Lozano Mastery",34.0,33.0,"Free/Reduced Lunch"
"400137",2017,"Little Black Pearl Art and Design Academy",134.0,121.0,"Free/Reduced Lunch"
"610581",2017,"Magic Johnson- Brainerd HS",119.0,104.0,"Free/Reduced Lunch"
"610582",2017,"Magic Johnson- Englewood HS",118.0,107.0,"Free/Reduced Lunch"
"610580",2017,"Magic Johnson- Humboldt Park HS",202.0,191.0,"Free/Reduced Lunch"
"610566",2017,"Magic Johnson- North Lawndale HS",178.0,162.0,"Free/Reduced Lunch"
"610567",2017,"Magic Johnson- Roseland HS",202.0,178.0,"Free/Reduced Lunch"
"610569",2017,"Ombudsman Chicago- Northwest",257.0,211.0,"Free/Reduced Lunch"
"610570",2017,"Ombudsman Chicago- South",461.0,436.0,"Free/Reduced Lunch"
"610571",2017,"Ombudsman Chicago- West",365.0,346.0,"Free/Reduced Lunch"
"610557",2017,"Pathways in Education- Ashburn",199.0,174.0,"Free/Reduced Lunch"
"610568",2017,"Pathways in Education- Avondale",250.0,219.0,"Free/Reduced Lunch"
"400173",2017,"Pathways in Education- Brighton Park",353.0,328.0,"Free/Reduced Lunch"
"400123",2017,"YCCS- Academy of Scholastic Achievement HS",193.0,185.0,"Free/Reduced Lunch"
"400133",2017,"YCCS- Innovations HS of Arts Integration",450.0,403.0,"Free/Reduced Lunch"
"400124",2017,"YCCS-Ada S. McKinley-Lakeside HS",214.0,206.0,"Free/Reduced Lunch"
"400125",2017,"YCCS-ASPIRA,Antonia Pantoja Alternative HS",200.0,176.0,"Free/Reduced Lunch"
"400126",2017,"YCCS-Association House, El Cuarto Ano HS",170.0,165.0,"Free/Reduced Lunch"
"400127",2017,"YCCS-Austin Career Education Center HS",148.0,141.0,"Free/Reduced Lunch"
"400128",2017,"YCCS-CCA Academy HS",221.0,209.0,"Free/Reduced Lunch"
"400129",2017,"YCCS-Charles Hamilton Houston Alternative HS",186.0,178.0,"Free/Reduced Lunch"
"400150",2017,"YCCS-Chatham AcademyHS",192.0,177.0,"Free/Reduced Lunch"
"400130",2017,"YCCS-Community Youth Development Institute HS",187.0,182.0,"Free/Reduced Lunch"
"400131",2017,"YCCS-Dr. Pedro Albizu Campos Puerto Rican HS",200.0,188.0,"Free/Reduced Lunch"
"400134",2017,"YCCS-Jane Addams Alternative HS",211.0,189.0,"Free/Reduced Lunch"
"400135",2017,"YCCS-Latino Youth Alternative HS",221.0,211.0,"Free/Reduced Lunch"
"400136",2017,"YCCS-Olive Harvey Middle College HS",127.0,112.0,"Free/Reduced Lunch"
"400139",2017,"YCCS-Sullivan House Alternative HS",340.0,320.0,"Free/Reduced Lunch"
"400141",2017,"YCCS-Truman Middle College HS",207.0,184.0,"Free/Reduced Lunch"
"400143",2017,"YCCS-West Town Acad Alternative HS",161.0,150.0,"Free/Reduced Lunch"
"400144",2017,"YCCS-Westside Holistic Leadership Acad HS",132.0,129.0,"Free/Reduced Lunch"
"400145",2017,"YCCS-Youth Connection Leadership Acad HS",260.0,250.0,"Free/Reduced Lunch"
"610212",2018,"Albany Park Multicultural Academy",290.0,277.0,"Free/Reduced Lunch"
"610209",2018,"Alessandro Volta Elementary School",894.0,746.0,"Free/Reduced Lunch"
"609836",2018,"Arthur E Canty Elementary School",859.0,418.0,"Free/Reduced Lunch"
"609729",2018,"Carl Schurz High School",1739.0,1603.0,"Free/Reduced Lunch"
"610083",2018,"Daniel C Beard Elementary School",185.0,86.0,"Free/Reduced Lunch"
"610564",2018,"Disney II Magnet High School",711.0,429.0,"Free/Reduced Lunch"
"610515",2018,"Disney II Magnet School",432.0,134.0,"Free/Reduced Lunch"
"609901",2018,"Edgebrook Elementary School",509.0,62.0,"Free/Reduced Lunch"
"610523",2018,"Edison Park Elementary School",541.0,102.0,"Free/Reduced Lunch"
"610137",2018,"Ernst Prussing Elementary School",738.0,450.0,"Free/Reduced Lunch"
"609874",2018,"Everett McKinley Dirksen Elementary School",926.0,616.0,"Free/Reduced Lunch"
"610163",2018,"Frederick Stock Elementary School",234.0,36.0,"Free/Reduced Lunch"
"609737",2018,"Friedrich W von Steuben Metropolitan Science HS",1726.0,1289.0,"Free/Reduced Lunch"
"609857",2018,"Grover Cleveland Elementary School",560.0,444.0,"Free/Reduced Lunch"
"610182",2018,"Hannah G Solomon Elementary School",349.0,174.0,"Free/Reduced Lunch"
"609972",2018,"Helge A Haugan Elementary School",906.0,786.0,"Free/Reduced Lunch"
"609798",2018,"Hiram H Belding Elementary School",580.0,332.0,"Free/Reduced Lunch"
"609766",2018,"Jacqueline B Vaughn Occupational High School",230.0,183.0,"Free/Reduced Lunch"
"609912",2018,"James B Farnsworth Elementary School",604.0,353.0,"Free/Reduced Lunch"
"609796",2018,"Jean Baptiste Beaubien Elementary School",1100.0,526.0,"Free/Reduced Lunch"
"610089",2018,"John B Murphy Elementary School",521.0,370.0,"Free/Reduced Lunch"
"610111",2018,"John Palmer Elementary School",806.0,604.0,"Free/Reduced Lunch"
"609937",2018,"John W Garvy Elementary School",831.0,333.0,"Free/Reduced Lunch"
"610159",2018,"Jonathan Y Scammon Elementary School",745.0,668.0,"Free/Reduced Lunch"
"610127",2018,"Mary Gage Peterson Elementary School",890.0,583.0,"Free/Reduced Lunch"
"609792",2018,"Newton Bateman Elementary School",1008.0,769.0,"Free/Reduced Lunch"
"609810",2018,"Norman A Bridge Elementary School",1116.0,696.0,"Free/Reduced Lunch"
"610354",2018,"North River Elementary School",325.0,265.0,"Free/Reduced Lunch"
"609749",2018,"Northside College Preparatory High School",1061.0,469.0,"Free/Reduced Lunch"
"609744",2018,"Northside Learning Center High School",230.0,194.0,"Free/Reduced Lunch"
"610099",2018,"Norwood Park Elementary School",436.0,69.0,"Free/Reduced Lunch"
"610105",2018,"Oriole Park Elementary School",751.0,183.0,"Free/Reduced Lunch"
"609988",2018,"Patrick Henry Elementary School",526.0,430.0,"Free/Reduced Lunch"
"610145",2018,"Peter A Reinberg Elementary School",802.0,606.0,"Free/Reduced Lunch"
"610135",2018,"Portage Park Elementary School",951.0,690.0,"Free/Reduced Lunch"
"609995",2018,"Rufus M Hitch Elementary School",567.0,314.0,"Free/Reduced Lunch"
"610155",2018,"Sauganash Elementary School",604.0,178.0,"Free/Reduced Lunch"
"609728",2018,"Theodore Roosevelt High School",1099.0,1021.0,"Free/Reduced Lunch"
"609794",2018,"Thomas A Edison Regional Gifted Center ES",271.0,26.0,"Free/Reduced Lunch"
"610230",2018,"Wildwood IB World Magnet School",494.0,67.0,"Free/Reduced Lunch"
"609884",2018,"William E Dever Elementary School",781.0,456.0,"Free/Reduced Lunch"
"609994",2018,"William G Hibbard Elementary School",988.0,813.0,"Free/Reduced Lunch"
"609734",2018,"William Howard Taft High School",3372.0,1820.0,"Free/Reduced Lunch"
"610104",2018,"William J Onahan Elementary School",659.0,227.0,"Free/Reduced Lunch"
"609949",2018,"William P Gray Elementary School",1160.0,951.0,"Free/Reduced Lunch"
"609804",2018,"Daniel Boone Elementary School",832.0,697.0,"Free/Reduced Lunch"
"609859",2018,"DeWitt Clinton Elementary School",1199.0,959.0,"Free/Reduced Lunch"
"609852",2018,"Eliza Chappell Elementary School",576.0,355.0,"Free/Reduced Lunch"
"609918",2018,"Eugene Field Elementary School",158.0,150.0,"Free/Reduced Lunch"
"609779",2018,"George Armstrong International Studies ES",1412.0,1180.0,"Free/Reduced Lunch"
"610196",2018,"George B Swift Elementary Specialty School",687.0,502.0,"Free/Reduced Lunch"
"610122",2018,"Helen Peirce International Studies ES",1010.0,551.0,"Free/Reduced Lunch"
"610070",2018,"James B McPherson Elementary School",692.0,554.0,"Free/Reduced Lunch"
"609866",2018,"John C Coonley Elementary School",1004.0,187.0,"Free/Reduced Lunch"
"610269",2018,"John T McCutcheon Elementary School",377.0,303.0,"Free/Reduced Lunch"
"609865",2018,"Jordan Elementary Community School",511.0,430.0,"Free/Reduced Lunch"
"610022",2018,"Joyce Kilmer Elementary School",761.0,662.0,"Free/Reduced Lunch"
"609719",2018,"Lake View High School",1389.0,1119.0,"Free/Reduced Lunch"
"609817",2018,"Lyman A Budlong Elementary School",767.0,558.0,"Free/Reduced Lunch"
"610355",2018,"Mary E Courtenay Elementary Language Arts Center",400.0,317.0,"Free/Reduced Lunch"
"610011",2018,"Minnie Mars Jamieson Elementary School",918.0,624.0,"Free/Reduced Lunch"
"610284",2018,"New Field Elementary School",699.0,509.0,"Free/Reduced Lunch"
"609730",2018,"Nicholas Senn High School",1443.0,1161.0,"Free/Reduced Lunch"
"610147",2018,"Philip Rogers Elementary School",782.0,530.0,"Free/Reduced Lunch"
"610141",2018,"Ravenswood Elementary School",552.0,226.0,"Free/Reduced Lunch"
"609733",2018,"Roger C Sullivan High School",723.0,645.0,"Free/Reduced Lunch"
"609880",2018,"Stephen Decatur Classical Elementary School",282.0,46.0,"Free/Reduced Lunch"
"609933",2018,"Stephen F Gale Elementary Community Academy",308.0,270.0,"Free/Reduced Lunch"
"609976",2018,"Stephen K Hayt Elementary School",1002.0,789.0,"Free/Reduced Lunch"
"609724",2018,"Stephen T Mather High School",1442.0,1213.0,"Free/Reduced Lunch"
"610191",2018,"Stone Elementary Scholastic Academy",629.0,337.0,"Free/Reduced Lunch"
"610220",2018,"Thomas J Waters Elementary School",627.0,222.0,"Free/Reduced Lunch"
"610394",2018,"Uplift Community High School",240.0,225.0,"Free/Reduced Lunch"
"610542",2018,"West Ridge Elementary School",830.0,660.0,"Free/Reduced Lunch"
"609945",2018,"William C. Goudy Technology Academy",708.0,587.0,"Free/Reduced Lunch"
"610518",2018,"Austin College and Career Academy High School",219.0,212.0,"Free/Reduced Lunch"
"609922",2018,"Belmont-Cragin Elementary School",570.0,384.0,"Free/Reduced Lunch"
"609679",2018,"Charles Allen Prosser Career Academy High School",1394.0,1312.0,"Free/Reduced Lunch"
"609732",2018,"Charles P Steinmetz College Preparatory HS",1278.0,1123.0,"Free/Reduced Lunch"
"609904",2018,"Edward K Ellington Elementary School",522.0,446.0,"Free/Reduced Lunch"
"609708",2018,"Edwin G. Foreman College and Career Academy",792.0,739.0,"Free/Reduced Lunch"
"610235",2018,"Ella Flagg Young Elementary School",805.0,717.0,"Free/Reduced Lunch"
"610165",2018,"Franz Peter Schubert Elementary School",755.0,613.0,"Free/Reduced Lunch"
"610245",2018,"Frederick A Douglass Academy High School",101.0,98.0,"Free/Reduced Lunch"
"610305",2018,"George Leland Elementary School",415.0,360.0,"Free/Reduced Lunch"
"609795",2018,"George Rogers Clark Elementary School",236.0,203.0,"Free/Reduced Lunch"
"610068",2018,"Hanson Park Elementary School",1483.0,1305.0,"Free/Reduced Lunch"
"610158",2018,"Harriet E Sayre Elementary Language Academy",450.0,301.0,"Free/Reduced Lunch"
"610092",2018,"Henry H Nash Elementary School",275.0,257.0,"Free/Reduced Lunch"
"609975",2018,"John Hay Elementary Community Academy",383.0,333.0,"Free/Reduced Lunch"
"610043",2018,"Joseph Lovett Elementary School",376.0,315.0,"Free/Reduced Lunch"
"610041",2018,"Josephine C Locke Elementary School",1337.0,1127.0,"Free/Reduced Lunch"
"609910",2018,"Laughlin Falconer Elementary School",1186.0,988.0,"Free/Reduced Lunch"
"609818",2018,"Luther Burbank Elementary School",904.0,792.0,"Free/Reduced Lunch"
"610539",2018,"Marvin Camras Elementary School",932.0,777.0,"Free/Reduced Lunch"
"610046",2018,"Mary Lyon Elementary School",1410.0,1282.0,"Free/Reduced Lunch"
"610244",2018,"Michele Clark Academic Prep Magnet High School",547.0,511.0,"Free/Reduced Lunch"
"609830",2018,"Milton Brunson Math & Science Specialty ES",480.0,435.0,"Free/Reduced Lunch"
"610051",2018,"Northwest Middle School",486.0,463.0,"Free/Reduced Lunch"
"610367",2018,"Oscar DePriest Elementary School",544.0,488.0,"Free/Reduced Lunch"
"610183",2018,"Spencer Technology Academy",557.0,497.0,"Free/Reduced Lunch"
"610038",2018,"Abraham Lincoln Elementary School",895.0,135.0,"Free/Reduced Lunch"
"609720",2018,"Albert G Lane Technical High School",4438.0,2185.0,"Free/Reduced Lunch"
"609799",2018,"Alexander Graham Bell Elementary School",957.0,132.0,"Free/Reduced Lunch"
"609963",2018,"Alexander Hamilton Elementary School",480.0,78.0,"Free/Reduced Lunch"
"610144",2018,"Frank W Reilly Elementary School",923.0,799.0,"Free/Reduced Lunch"
"609930",2018,"Frederick Funston Elementary School",464.0,401.0,"Free/Reduced Lunch"
"610010",2018,"Friedrich L. Jahn Elementary of the Fine Arts",311.0,179.0,"Free/Reduced Lunch"
"610048",2018,"George Manierre Elementary School",344.0,312.0,"Free/Reduced Lunch"
"609974",2018,"Hawthorne Elementary Scholastic Academy",567.0,116.0,"Free/Reduced Lunch"
"609850",2018,"Horace Greeley Elementary School",568.0,455.0,"Free/Reduced Lunch"
"610078",2018,"Inter-American Elementary Magnet School",710.0,372.0,"Free/Reduced Lunch"
"609803",2018,"James G Blaine Elementary School",888.0,145.0,"Free/Reduced Lunch"
"610074",2018,"James Monroe Elementary School",825.0,749.0,"Free/Reduced Lunch"
"609942",2018,"Johann W von Goethe Elementary School",765.0,519.0,"Free/Reduced Lunch"
"609782",2018,"John J Audubon Elementary School",574.0,120.0,"Free/Reduced Lunch"
"609716",2018,"Kelvyn Park High School",451.0,417.0,"Free/Reduced Lunch"
"610033",2018,"LaSalle Elementary Language Academy",561.0,180.0,"Free/Reduced Lunch"
"610325",2018,"Logandale Middle School",716.0,634.0,"Free/Reduced Lunch"
"609809",2018,"Lorenz Brentano Math & Science Academy ES",497.0,312.0,"Free/Reduced Lunch"
"610094",2018,"Louis Nettelhorst Elementary School",789.0,177.0,"Free/Reduced Lunch"
"609774",2018,"Louisa May Alcott College Preparatory ES",628.0,106.0,"Free/Reduced Lunch"
"610524",2018,"Louisa May Alcott College Preparatory HS",311.0,257.0,"Free/Reduced Lunch"
"610059",2018,"Oscar F Mayer Elementary School",760.0,101.0,"Free/Reduced Lunch"
"609853",2018,"Salmon P Chase Elementary School",416.0,354.0,"Free/Reduced Lunch"
"609968",2018,"Sharon Christa McAuliffe Elementary School",732.0,634.0,"Free/Reduced Lunch"
"610534",2018,"Skinner North",494.0,53.0,"Free/Reduced Lunch"
"610095",2018,"Walter L Newberry Math & Science Academy ES",563.0,340.0,"Free/Reduced Lunch"
"610136",2018,"William H Prescott Elementary School",433.0,183.0,"Free/Reduced Lunch"
"610097",2018,"William P Nixon Elementary School",833.0,721.0,"Free/Reduced Lunch"
"610088",2018,"Wolfgang A Mozart Elementary School",640.0,586.0,"Free/Reduced Lunch"
"610334",2018,"Al Raby High School",378.0,373.0,"Free/Reduced Lunch"
"610131",2018,"Ambrose Plamondon Elementary School",138.0,128.0,"Free/Reduced Lunch"
"610005",2018,"Charles Evans Hughes Elementary School",255.0,232.0,"Free/Reduced Lunch"
"610194",2018,"Charles Sumner  Math & Science Community Acad ES",276.0,223.0,"Free/Reduced Lunch"
"609873",2018,"Crown Community Academy of Fine Arts Center ES",255.0,216.0,"Free/Reduced Lunch"
"609835",2018,"Daniel R Cameron Elementary School",773.0,695.0,"Free/Reduced Lunch"
"610221",2018,"Daniel Webster Elementary School",298.0,229.0,"Free/Reduced Lunch"
"610503",2018,"Frazier Prospective IB Magnet ES",205.0,168.0,"Free/Reduced Lunch"
"609854",2018,"Frederic Chopin Elementary School",422.0,365.0,"Free/Reduced Lunch"
"610293",2018,"Genevieve Melody Elementary School",477.0,427.0,"Free/Reduced Lunch"
"610202",2018,"George W Tilton Elementary School",302.0,261.0,"Free/Reduced Lunch"
"609693",2018,"George Westinghouse College Prep",1189.0,970.0,"Free/Reduced Lunch"
"610192",2018,"Harriet Beecher Stowe Elementary School",674.0,612.0,"Free/Reduced Lunch"
"609985",2018,"Helen M Hefferan Elementary School",349.0,304.0,"Free/Reduced Lunch"
"609797",2018,"Jacob Beidler Elementary School",444.0,371.0,"Free/Reduced Lunch"
"610044",2018,"James Russell Lowell Elementary School",445.0,392.0,"Free/Reduced Lunch"
"610271",2018,"Jensen Elementary Scholastic Academy",417.0,384.0,"Free/Reduced Lunch"
"609723",2018,"John Marshall Metropolitan High School",341.0,333.0,"Free/Reduced Lunch"
"609954",2018,"John Milton Gregory Elementary School",354.0,310.0,"Free/Reduced Lunch"
"610313",2018,"Jose De Diego Elementary Community Academy",561.0,464.0,"Free/Reduced Lunch"
"609925",2018,"Joseph Kellman Corporate Community ES",337.0,300.0,"Free/Reduced Lunch"
"610133",2018,"Laura S Ward Elementary School",465.0,412.0,"Free/Reduced Lunch"
"610034",2018,"Lawndale Elementary Community Academy",263.0,230.0,"Free/Reduced Lunch"
"609907",2018,"Leif Ericson Elementary Scholastic Academy",475.0,409.0,"Free/Reduced Lunch"
"609722",2018,"Manley Career Academy High School",114.0,105.0,"Free/Reduced Lunch"
"610055",2018,"Michael Faraday Elementary School",287.0,243.0,"Free/Reduced Lunch"
"609691",2018,"North-Grand High School",958.0,905.0,"Free/Reduced Lunch"
"610234",2018,"Richard Yates Elementary School",442.0,360.0,"Free/Reduced Lunch"
"609759",2018,"Roberto Clemente Community Academy High School",754.0,713.0,"Free/Reduced Lunch"
"610056",2018,"Roswell B Mason Elementary School",384.0,333.0,"Free/Reduced Lunch"
"610100",2018,"West Park Elementary Academy",591.0,519.0,"Free/Reduced Lunch"
"610251",2018,"Willa Cather Elementary School",380.0,323.0,"Free/Reduced Lunch"
"610123",2018,"William Penn Elementary School",316.0,280.0,"Free/Reduced Lunch"
"610229",2018,"A.N. Pritzker School",743.0,325.0,"Free/Reduced Lunch"
"610513",2018,"Air Force Academy High School",262.0,239.0,"Free/Reduced Lunch"
"609947",2018,"Alexander Graham Elementary School",415.0,363.0,"Free/Reduced Lunch"
"610060",2018,"Andrew Jackson Elementary Language Academy",550.0,230.0,"Free/Reduced Lunch"
"609996",2018,"Charles N Holden Elementary School",504.0,412.0,"Free/Reduced Lunch"
"609754",2018,"Chicago Military Academy High School",310.0,293.0,"Free/Reduced Lunch"
"610012",2018,"Edward Jenner Elementary Academy of the Arts",250.0,221.0,"Free/Reduced Lunch"
"610009",2018,"Galileo Math & Science Scholastic Academy ES",573.0,334.0,"Free/Reduced Lunch"
"609760",2018,"George Washington Carver Military Academy HS",479.0,442.0,"Free/Reduced Lunch"
"610107",2018,"James Otis Elementary School",453.0,392.0,"Free/Reduced Lunch"
"609959",2018,"John Charles Haines Elementary School",686.0,569.0,"Free/Reduced Lunch"
"610180",2018,"John M Smyth Elementary School",463.0,388.0,"Free/Reduced Lunch"
"609828",2018,"Jonathan Burr Elementary School",434.0,160.0,"Free/Reduced Lunch"
"610081",2018,"Mark Sheridan Math & Science Academy",560.0,270.0,"Free/Reduced Lunch"
"610529",2018,"Ogden International High School",884.0,481.0,"Free/Reduced Lunch"
"609777",2018,"Phillip D Armour Elementary School",279.0,223.0,"Free/Reduced Lunch"
"610304",2018,"Phoenix Military Academy High School",531.0,501.0,"Free/Reduced Lunch"
"610138",2018,"Pulaski International School of Chicago",928.0,620.0,"Free/Reduced Lunch"
"609769",2018,"Ray Graham Training Center High School",117.0,110.0,"Free/Reduced Lunch"
"610561",2018,"Richard T Crane Medical Preparatory HS",487.0,432.0,"Free/Reduced Lunch"
"609979",2018,"Robert Healy Elementary School",1413.0,1158.0,"Free/Reduced Lunch"
"610252",2018,"Robert Nathaniel Dett Elementary School",312.0,276.0,"Free/Reduced Lunch"
"610029",2018,"Rodolfo Lozano Bilingual & International Ctr ES",203.0,179.0,"Free/Reduced Lunch"
"610250",2018,"Rueben Salazar Elementary Bilingual Center",345.0,275.0,"Free/Reduced Lunch"
"609750",2018,"Simpson Academy HS for Young Women",41.0,40.0,"Free/Reduced Lunch"
"610548",2018,"STEM Magnet Academy",434.0,169.0,"Free/Reduced Lunch"
"610405",2018,"Suder Montessori Magnet ES",413.0,210.0,"Free/Reduced Lunch"
"609896",2018,"Thomas Drummond Elementary School",349.0,94.0,"Free/Reduced Lunch"
"610121",2018,"Washington Irving Elementary School",443.0,378.0,"Free/Reduced Lunch"
"609740",2018,"Wells Community Academy High School",381.0,345.0,"Free/Reduced Lunch"
"610101",2018,"William B Ogden Elementary School",806.0,191.0,"Free/Reduced Lunch"
"609812",2018,"William H Brown Elementary School",252.0,223.0,"Free/Reduced Lunch"
"610308",2018,"Wilma Rudolph Elementary Learning Center",92.0,71.0,"Free/Reduced Lunch"
"609966",2018,"Charles G Hammond Elementary School",438.0,389.0,"Free/Reduced Lunch"
"610063",2018,"Cyrus H McCormick Elementary School",712.0,619.0,"Free/Reduced Lunch"
"609870",2018,"Daniel J Corkery Elementary School",525.0,441.0,"Free/Reduced Lunch"
"609704",2018,"David G Farragut Career Academy High School",728.0,697.0,"Free/Reduced Lunch"
"610227",2018,"Eli Whitney Elementary School",986.0,884.0,"Free/Reduced Lunch"
"610215",2018,"Francisco I Madero Middle School",334.0,326.0,"Free/Reduced Lunch"
"609920",2018,"Gerald Delgado Kanoon Elementary Magnet School",628.0,569.0,"Free/Reduced Lunch"
"610383",2018,"Greater Lawndale High School For Social Justice",286.0,274.0,"Free/Reduced Lunch"
"610384",2018,"Infinity Math Science and Technology High School",418.0,401.0,"Free/Reduced Lunch"
"610125",2018,"Irma C Ruiz Elementary School",694.0,618.0,"Free/Reduced Lunch"
"610216",2018,"John A Walsh Elementary School",349.0,271.0,"Free/Reduced Lunch"
"610228",2018,"John Greenleaf Whittier Elementary School",231.0,211.0,"Free/Reduced Lunch"
"610184",2018,"John Spry Elementary Community School",538.0,487.0,"Free/Reduced Lunch"
"609950",2018,"Josefa Ortiz De Dominguez Elementary School",535.0,422.0,"Free/Reduced Lunch"
"609938",2018,"Joseph E Gary Elementary School",1114.0,1045.0,"Free/Reduced Lunch"
"610015",2018,"Joseph Jungman Elementary School",286.0,247.0,"Free/Reduced Lunch"
"610129",2018,"Josiah Pickard Elementary School",444.0,399.0,"Free/Reduced Lunch"
"609872",2018,"Manuel Perez Elementary School",297.0,271.0,"Free/Reduced Lunch"
"610017",2018,"Maria Saucedo Elementary Scholastic Academy",1007.0,910.0,"Free/Reduced Lunch"
"610385",2018,"Multicultural Academy of Scholarship",230.0,219.0,"Free/Reduced Lunch"
"610329",2018,"Orozco Fine Arts & Sciences Elementary School",540.0,482.0,"Free/Reduced Lunch"
"609867",2018,"Peter Cooper Elementary Dual Language Academy",459.0,404.0,"Free/Reduced Lunch"
"610013",2018,"Pilsen Elementary Community Academy",331.0,246.0,"Free/Reduced Lunch"
"610357",2018,"Spry Community Links High School",129.0,124.0,"Free/Reduced Lunch"
"609921",2018,"Telpochcalli Elementary School",282.0,244.0,"Free/Reduced Lunch"
"609967",2018,"William F Finkl Elementary School",359.0,317.0,"Free/Reduced Lunch"
"610392",2018,"World Language Academy High School",352.0,337.0,"Free/Reduced Lunch"
"609993",2018,"Agustin Lara Elementary Academy",441.0,396.0,"Free/Reduced Lunch"
"610317",2018,"Brighton Park Elementary School",453.0,400.0,"Free/Reduced Lunch"
"610353",2018,"Calmeca Academy of Fine Arts and Dual Language",807.0,689.0,"Free/Reduced Lunch"
"610170",2018,"Columbia Explorers Elementary Academy",1064.0,939.0,"Free/Reduced Lunch"
"609909",2018,"Edward Everett Elementary School",200.0,152.0,"Free/Reduced Lunch"
"609735",2018,"Edward Tilden Career Community Academy HS",250.0,234.0,"Free/Reduced Lunch"
"609682",2018,"Ellen H Richards Career Academy High School",217.0,196.0,"Free/Reduced Lunch"
"610319",2018,"Evergreen Academy Middle School",315.0,296.0,"Free/Reduced Lunch"
"610096",2018,"Florence Nightingale Elementary School",1254.0,1095.0,"Free/Reduced Lunch"
"609709",2018,"Gage Park High School",328.0,313.0,"Free/Reduced Lunch"
"610532",2018,"Irene C. Hernandez Middle School for the Advancement of Science",997.0,967.0,"Free/Reduced Lunch"
"609983",2018,"James Hedges Elementary School",665.0,588.0,"Free/Reduced Lunch"
"610174",2018,"James Shields Elementary School",838.0,716.0,"Free/Reduced Lunch"
"610559",2018,"James Shields Middle School",604.0,586.0,"Free/Reduced Lunch"
"609964",2018,"John H Hamline Elementary School",537.0,476.0,"Free/Reduced Lunch"
"609694",2018,"John Hancock College Preparatory High School",971.0,856.0,"Free/Reduced Lunch"
"609756",2018,"Marie Sklodowska Curie Metropolitan High School",2916.0,2705.0,"Free/Reduced Lunch"
"609876",2018,"Nathan S Davis Elementary School",740.0,651.0,"Free/Reduced Lunch"
"609952",2018,"Nathanael Greene Elementary School",498.0,434.0,"Free/Reduced Lunch"
"610239",2018,"Richard J Daley Elementary Academy",595.0,549.0,"Free/Reduced Lunch"
"610157",2018,"Sidney Sawyer Elementary School",1545.0,1394.0,"Free/Reduced Lunch"
"610226",2018,"Socorro Sandoval Elementary School",969.0,839.0,"Free/Reduced Lunch"
"609715",2018,"Thomas Kelly High School",1891.0,1780.0,"Free/Reduced Lunch"
"609855",2018,"Walter S Christopher Elementary School",380.0,340.0,"Free/Reduced Lunch"
"610167",2018,"William H Seward Communication Arts Academy ES",685.0,629.0,"Free/Reduced Lunch"
"610175",2018,"Beulah Shoesmith Elementary School",363.0,264.0,"Free/Reduced Lunch"
"609969",2018,"Bret Harte Elementary School",319.0,232.0,"Free/Reduced Lunch"
"610381",2018,"Bronzeville Scholastic Academy High School",322.0,311.0,"Free/Reduced Lunch"
"610345",2018,"Carter G Woodson South Elementary School",330.0,292.0,"Free/Reduced Lunch"
"610030",2018,"Charles Kozminski Elementary Community Academy",257.0,218.0,"Free/Reduced Lunch"
"610380",2018,"Daniel Hale Williams Prep School of Medicine",231.0,223.0,"Free/Reduced Lunch"
"609751",2018,"Dr  Martin Luther King  Jr  College Prep HS",599.0,493.0,"Free/Reduced Lunch"
"609819",2018,"Edmond Burke Elementary School",432.0,356.0,"Free/Reduced Lunch"
"610246",2018,"Edward Beasley Elementary Magnet Academic Center",1246.0,1001.0,"Free/Reduced Lunch"
"610065",2018,"Emmett Louis Till Math and Science Academy",346.0,301.0,"Free/Reduced Lunch"
"609713",2018,"Hyde Park Academy High School",856.0,806.0,"Free/Reduced Lunch"
"610110",2018,"Ida B Wells Preparatory Elementary Academy",390.0,332.0,"Free/Reduced Lunch"
"610276",2018,"Irvin C Mollison Elementary School",343.0,301.0,"Free/Reduced Lunch"
"610256",2018,"Jackie Robinson Elementary School",121.0,90.0,"Free/Reduced Lunch"
"609891",2018,"James R Doolittle Jr Elementary School",277.0,244.0,"Free/Reduced Lunch"
"610213",2018,"James Wadsworth Elementary School",551.0,479.0,"Free/Reduced Lunch"
"609894",2018,"John B Drake Elementary School",341.0,299.0,"Free/Reduced Lunch"
"609919",2018,"John Fiske Elementary School",461.0,388.0,"Free/Reduced Lunch"
"610126",2018,"John J Pershing Elementary Humanities Magnet",590.0,451.0,"Free/Reduced Lunch"
"609746",2018,"Kenwood Academy High School",1756.0,1053.0,"Free/Reduced Lunch"
"610237",2018,"Ludwig Van Beethoven Elementary School",388.0,337.0,"Free/Reduced Lunch"
"609676",2018,"Paul Laurence Dunbar Career Academy High School",457.0,441.0,"Free/Reduced Lunch"
"610090",2018,"Phillip Murray Elementary Language Academy",519.0,302.0,"Free/Reduced Lunch"
"609987",2018,"Thomas A Hendricks Elementary Community Academy",244.0,205.0,"Free/Reduced Lunch"
"610143",2018,"William C Reavis Math & Science Specialty ES",253.0,213.0,"Free/Reduced Lunch"
"610142",2018,"William H Ray Elementary School",725.0,348.0,"Free/Reduced Lunch"
"609977",2018,"Woodlawn Community Elementary School",216.0,171.0,"Free/Reduced Lunch"
"610185",2018,"Adlai E Stevenson Elementary School",1257.0,1027.0,"Free/Reduced Lunch"
"609788",2018,"Alice L Barnard Computer Math & Science Ctr ES",324.0,245.0,"Free/Reduced Lunch"
"610084",2018,"Annie Keller Elementary Gifted Magnet School",243.0,58.0,"Free/Reduced Lunch"
"610287",2018,"Ashburn Community Elementary School",517.0,401.0,"Free/Reduced Lunch"
"609871",2018,"Barbara Vick Early Childhood & Family Center",316.0,87.0,"Free/Reduced Lunch"
"610087",2018,"Blair Early Childhood Center",190.0,88.0,"Free/Reduced Lunch"
"609839",2018,"Carroll-Rosenwald Specialty Elementary School",422.0,344.0,"Free/Reduced Lunch"
"609879",2018,"Charles Gates Dawes Elementary School",992.0,898.0,"Free/Reduced Lunch"
"610347",2018,"Claremont Academy Elementary School",434.0,399.0,"Free/Reduced Lunch"
"610077",2018,"Donald Morrill Math & Science Elementary School",648.0,578.0,"Free/Reduced Lunch"
"610352",2018,"Durkin Park Elementary School",696.0,548.0,"Free/Reduced Lunch"
"610006",2018,"Edward N Hurley Elementary School",830.0,701.0,"Free/Reduced Lunch"
"610195",2018,"Elizabeth H Sutherland Elementary School",557.0,239.0,"Free/Reduced Lunch"
"609908",2018,"Esmond Elementary School",280.0,254.0,"Free/Reduced Lunch"
"610057",2018,"Fairfield Elementary Academy",576.0,513.0,"Free/Reduced Lunch"
"610067",2018,"Francis M McKay Elementary School",802.0,691.0,"Free/Reduced Lunch"
"609849",2018,"George F Cassell Elementary School",411.0,102.0,"Free/Reduced Lunch"
"609741",2018,"Gurdon S Hubbard High School",1777.0,1677.0,"Free/Reduced Lunch"
"609861",2018,"Henry R Clissold Elementary School",509.0,226.0,"Free/Reduced Lunch"
"609893",2018,"John C Dore Elementary School",715.0,374.0,"Free/Reduced Lunch"
"609898",2018,"John F Eberhart Elementary School",1377.0,1258.0,"Free/Reduced Lunch"
"609718",2018,"John F Kennedy High School",1690.0,1244.0,"Free/Reduced Lunch"
"610207",2018,"John H Vanderpoel Elementary Magnet School",280.0,180.0,"Free/Reduced Lunch"
"610016",2018,"Kate S Kellogg Elementary School",257.0,110.0,"Free/Reduced Lunch"
"609807",2018,"Lionel Hampton Fine & Performing Arts ES",539.0,466.0,"Free/Reduced Lunch"
"610206",2018,"Mark Twain Elementary School",1131.0,893.0,"Free/Reduced Lunch"
"609832",2018,"Michael M Byrne Elementary School",673.0,361.0,"Free/Reduced Lunch"
"609725",2018,"Morgan Park High School",1268.0,1109.0,"Free/Reduced Lunch"
"609960",2018,"Nathan Hale Elementary School",932.0,621.0,"Free/Reduced Lunch"
"609981",2018,"Phoebe Apperson Hearst Elementary School",359.0,312.0,"Free/Reduced Lunch"
"610588",2018,"Robert J. Richardson Middle School",1211.0,1136.0,"Free/Reduced Lunch"
"609956",2018,"Robert L Grimes Elementary School",455.0,341.0,"Free/Reduced Lunch"
"610558",2018,"Sarah E. Goode STEM Academy",900.0,788.0,"Free/Reduced Lunch"
"610109",2018,"William Bishop Owen Scholastic Academy ES",268.0,156.0,"Free/Reduced Lunch"
"609698",2018,"William J Bogan High School",781.0,710.0,"Free/Reduced Lunch"
"609869",2018,"Anna R. Langford Community Academy",267.0,242.0,"Free/Reduced Lunch"
"610037",2018,"Arthur A Libby Elementary School",354.0,317.0,"Free/Reduced Lunch"
"609941",2018,"Asa Philip Randolph Elementary School",509.0,447.0,"Free/Reduced Lunch"
"610290",2018,"Benjamin E Mays Elementary Academy",371.0,332.0,"Free/Reduced Lunch"
"610238",2018,"Carrie Jacobs Bond Elementary School",291.0,265.0,"Free/Reduced Lunch"
"609986",2018,"Charles R Henderson Elementary School",275.0,236.0,"Free/Reduced Lunch"
"609897",2018,"Charles W Earle Elementary School",416.0,346.0,"Free/Reduced Lunch"
"609790",2018,"Clara Barton Elementary School",389.0,335.0,"Free/Reduced Lunch"
"609748",2018,"Consuella B York Alternative HS",210.0,185.0,"Free/Reduced Lunch"
"610223",2018,"Daniel S Wentworth Elementary School",449.0,402.0,"Free/Reduced Lunch"
"610299",2018,"Dr. Martin L. King Jr Academy of Social Justice",244.0,209.0,"Free/Reduced Lunch"
"609924",2018,"Fort Dearborn Elementary School",367.0,314.0,"Free/Reduced Lunch"
"609927",2018,"Foster Park Elementary School",360.0,296.0,"Free/Reduced Lunch"
"610112",2018,"Francis W Parker Elementary Community Academy",491.0,431.0,"Free/Reduced Lunch"
"609768",2018,"Hope College Preparatory High School",95.0,94.0,"Free/Reduced Lunch"
"610173",2018,"Jesse Sherwood Elementary School",335.0,288.0,"Free/Reduced Lunch"
"609864",2018,"John W Cook Elementary School",383.0,335.0,"Free/Reduced Lunch"
"610019",2018,"Joshua D Kershaw Elementary School",265.0,220.0,"Free/Reduced Lunch"
"609793",2018,"Lillian R. Nicholson STEM Academy",472.0,421.0,"Free/Reduced Lunch"
"610108",2018,"Luke O'Toole Elementary School",357.0,322.0,"Free/Reduced Lunch"
"610369",2018,"Mahalia Jackson Elementary School",354.0,309.0,"Free/Reduced Lunch"
"610362",2018,"Medgar Evers Elementary School",279.0,225.0,"Free/Reduced Lunch"
"609783",2018,"Nancy B Jefferson Alternative HS",213.0,182.0,"Free/Reduced Lunch"
"610300",2018,"Oliver S Westcott Elementary School",399.0,334.0,"Free/Reduced Lunch"
"609997",2018,"Oliver Wendell Holmes Elementary School",163.0,138.0,"Free/Reduced Lunch"
"610003",2018,"Paul Cuffe Math-Science Technology Academy ES",319.0,279.0,"Free/Reduced Lunch"
"609707",2018,"Paul Robeson High School",128.0,123.0,"Free/Reduced Lunch"
"609791",2018,"Perkins Bass Elementary School",447.0,395.0,"Free/Reduced Lunch"
"610102",2018,"Richard J Oglesby Elementary School",489.0,433.0,"Free/Reduced Lunch"
"609929",2018,"Robert Fulton Elementary School",335.0,301.0,"Free/Reduced Lunch"
"610391",2018,"Robert Lindblom Math & Science Academy HS",1325.0,877.0,"Free/Reduced Lunch"
"610027",2018,"Rudyard Kipling Elementary School",295.0,241.0,"Free/Reduced Lunch"
"609805",2018,"Scott Joplin Elementary School",411.0,353.0,"Free/Reduced Lunch"
"610521",2018,"Sir Miles Davis Magnet Elementary Academy",250.0,231.0,"Free/Reduced Lunch"
"610506",2018,"TEAM Englewood Community Academy High School",92.0,85.0,"Free/Reduced Lunch"
"609895",2018,"Turner-Drew Elementary Language Academy",248.0,181.0,"Free/Reduced Lunch"
"610032",2018,"Wendell E Green Elementary School",368.0,307.0,"Free/Reduced Lunch"
"610153",2018,"William H Ryder Math & Science Specialty ES",401.0,351.0,"Free/Reduced Lunch"
"609711",2018,"William Rainey Harper High School",134.0,132.0,"Free/Reduced Lunch"
"610281",2018,"Adam Clayton Powell Paideia Community Academy ES",598.0,519.0,"Free/Reduced Lunch"
"610316",2018,"Amelia Earhart Options for Knowledge ES",239.0,160.0,"Free/Reduced Lunch"
"610171",2018,"Arnold Mireles Elementary Academy",535.0,474.0,"Free/Reduced Lunch"
"609887",2018,"Arthur Dixon Elementary School",567.0,433.0,"Free/Reduced Lunch"
"610268",2018,"Arthur R Ashe Elementary School",322.0,259.0,"Free/Reduced Lunch"
"609786",2018,"Avalon Park Elementary School",296.0,255.0,"Free/Reduced Lunch"
"610323",2018,"Bowen High School",297.0,273.0,"Free/Reduced Lunch"
"609827",2018,"Burnside Elementary Scholastic Academy",464.0,362.0,"Free/Reduced Lunch"
"609833",2018,"Charles P Caldwell Academy of Math & Science ES",268.0,220.0,"Free/Reduced Lunch"
"609813",2018,"Charles S Brownell Elementary School",216.0,190.0,"Free/Reduced Lunch"
"609674",2018,"Chicago Vocational Career Academy High School",880.0,833.0,"Free/Reduced Lunch"
"609815",2018,"Edward A Bouchet Math & Science Academy ES",612.0,544.0,"Free/Reduced Lunch"
"609862",2018,"Edward Coles Elementary Language Academy",434.0,378.0,"Free/Reduced Lunch"
"609712",2018,"Emil G Hirsch Metropolitan High School",137.0,122.0,"Free/Reduced Lunch"
"610124",2018,"Harold Washington Elementary School",315.0,277.0,"Free/Reduced Lunch"
"610279",2018,"Henry O Tanner Elementary School",345.0,297.0,"Free/Reduced Lunch"
"610052",2018,"Horace Mann Elementary School",350.0,301.0,"Free/Reduced Lunch"
"610066",2018,"James E McDade Elementary Classical School",195.0,65.0,"Free/Reduced Lunch"
"610047",2018,"James Madison Elementary School",244.0,219.0,"Free/Reduced Lunch"
"610200",2018,"James N Thorp Elementary School",325.0,296.0,"Free/Reduced Lunch"
"610093",2018,"Jane A Neil Elementary School",264.0,227.0,"Free/Reduced Lunch"
"609710",2018,"John M Harlan Community Academy High School",386.0,363.0,"Free/Reduced Lunch"
"610130",2018,"John T Pirie Fine Arts & Academic Center ES",261.0,208.0,"Free/Reduced Lunch"
"610218",2018,"Joseph Warren Elementary School",236.0,195.0,"Free/Reduced Lunch"
"610152",2018,"Martha Ruggles Elementary School",415.0,367.0,"Free/Reduced Lunch"
"609961",2018,"Ninos Heroes Elementary Academic Center",372.0,309.0,"Free/Reduced Lunch"
"610115",2018,"Park Manor Elementary School",294.0,266.0,"Free/Reduced Lunch"
"610116",2018,"Parkside Elementary Community Academy",240.0,212.0,"Free/Reduced Lunch"
"610146",2018,"Paul Revere Elementary School",241.0,219.0,"Free/Reduced Lunch"
"610350",2018,"Robert A Black Magnet Elementary School",439.0,343.0,"Free/Reduced Lunch"
"610530",2018,"South Shore Fine Arts Academy",396.0,327.0,"Free/Reduced Lunch"
"610547",2018,"South Shore Intl College Prep High School",649.0,566.0,"Free/Reduced Lunch"
"610178",2018,"Theophilus Schmid Elementary School",191.0,153.0,"Free/Reduced Lunch"
"610002",2018,"Thomas Hoyne Elementary School",253.0,195.0,"Free/Reduced Lunch"
"610193",2018,"William K New Sullivan Elementary School",512.0,452.0,"Free/Reduced Lunch"
"609808",2018,"Alex Haley Elementary Academy",541.0,463.0,"Free/Reduced Lunch"
"609705",2018,"Christian Fenger Academy High School",251.0,230.0,"Free/Reduced Lunch"
"610004",2018,"Countee Cullen Elementary School",186.0,160.0,"Free/Reduced Lunch"
"610198",2018,"Douglas Taylor Elementary School",444.0,398.0,"Free/Reduced Lunch"
"610188",2018,"Dunne Technology Academy",258.0,198.0,"Free/Reduced Lunch"
"610132",2018,"Edgar Allan Poe Elementary Classical School",208.0,90.0,"Free/Reduced Lunch"
"610315",2018,"Edward White Elementary Career Academy",162.0,132.0,"Free/Reduced Lunch"
"609917",2018,"Fernwood Elementary School",301.0,262.0,"Free/Reduced Lunch"
"609800",2018,"Frank I Bennett Elementary School",308.0,255.0,"Free/Reduced Lunch"
"609761",2018,"George H Corliss High School",310.0,287.0,"Free/Reduced Lunch"
"610139",2018,"George M Pullman Elementary School",390.0,327.0,"Free/Reduced Lunch"
"609845",2018,"George Washington Carver Primary School",493.0,432.0,"Free/Reduced Lunch"
"610219",2018,"George Washington Elementary School",873.0,619.0,"Free/Reduced Lunch"
"609739",2018,"George Washington High School",1436.0,1298.0,"Free/Reduced Lunch"
"609726",2018,"Gwendolyn Brooks College Preparatory Academy HS",961.0,692.0,"Free/Reduced Lunch"
"609856",2018,"Henry Clay Elementary School",618.0,513.0,"Free/Reduced Lunch"
"609848",2018,"Ira F Aldridge Elementary School",199.0,177.0,"Free/Reduced Lunch"
"609943",2018,"Jesse Owens Elementary Community Academy",397.0,349.0,"Free/Reduced Lunch"
"610176",2018,"John D Shoop Math-Science Technical Academy ES",430.0,378.0,"Free/Reduced Lunch"
"610054",2018,"John L Marsh Elementary School",751.0,644.0,"Free/Reduced Lunch"
"610225",2018,"John Whistler Elementary School",344.0,284.0,"Free/Reduced Lunch"
"610199",2018,"Johnnie Colemon Elementary Academy",251.0,193.0,"Free/Reduced Lunch"
"610368",2018,"Langston Hughes Elementary School",470.0,396.0,"Free/Reduced Lunch"
"610128",2018,"Marcus Moziah Garvey Elementary School",250.0,212.0,"Free/Reduced Lunch"
"609935",2018,"Matthew Gallistel Elementary Language Academy",793.0,691.0,"Free/Reduced Lunch"
"610208",2018,"Mildred I Lavizzo Elementary School",357.0,316.0,"Free/Reduced Lunch"
"610086",2018,"Mount Vernon Elementary School",232.0,201.0,"Free/Reduced Lunch"
"609811",2018,"Orville T Bright Elementary School",282.0,253.0,"Free/Reduced Lunch"
"609762",2018,"Percy L Julian High School",516.0,497.0,"Free/Reduced Lunch"
"609902",2018,"Ralph H Metcalfe Elementary Community Academy",387.0,344.0,"Free/Reduced Lunch"
"610091",2018,"Ronald Brown Elementary Community Academy",321.0,290.0,"Free/Reduced Lunch"
"610586",2018,"Southeast Area Elementary School",518.0,426.0,"Free/Reduced Lunch"
"610295",2018,"Thomas J Higgins Elementary Community Academy",268.0,222.0,"Free/Reduced Lunch"
"609978",2018,"Wendell Smith Elementary School",360.0,319.0,"Free/Reduced Lunch"
"610364",2018,"William E B Dubois Elementary School",235.0,209.0,"Free/Reduced Lunch"
"610339",2018,"Amos Alonzo Stagg Elementary School",416.0,360.0,"Free/Reduced Lunch"
"610106",2018,"Brian Piccolo Elementary Specialty School",598.0,538.0,"Free/Reduced Lunch"
"609883",2018,"Charles S Deneen Elementary School",524.0,468.0,"Free/Reduced Lunch"
"610248",2018,"Chicago Academy Elementary School",602.0,411.0,"Free/Reduced Lunch"
"610340",2018,"Chicago Academy High School",542.0,445.0,"Free/Reduced Lunch"
"610499",2018,"Collins Academy High School",260.0,259.0,"Free/Reduced Lunch"
"609885",2018,"Dewey Elementary Academy of Fine Arts",420.0,372.0,"Free/Reduced Lunch"
"610254",2018,"Dvorak Technology Academy",383.0,340.0,"Free/Reduced Lunch"
"610543",2018,"Eric Solorio Academy High School",1190.0,1128.0,"Free/Reduced Lunch"
"609900",2018,"George W Curtis Elementary School",520.0,465.0,"Free/Reduced Lunch"
"610103",2018,"Isabelle C O'Keeffe Elementary School",662.0,582.0,"Free/Reduced Lunch"
"610274",2018,"James Weldon Johnson Elementary School",428.0,379.0,"Free/Reduced Lunch"
"610263",2018,"John Foster Dulles Elementary School",660.0,588.0,"Free/Reduced Lunch"
"609971",2018,"John Harvard Elementary School of Excellence",392.0,341.0,"Free/Reduced Lunch"
"610000",2018,"Julia Ward Howe Elementary School of Excellence",481.0,434.0,"Free/Reduced Lunch"
"610036",2018,"Leslie Lewis Elementary School",486.0,384.0,"Free/Reduced Lunch"
"610053",2018,"Marquette Elementary School",1171.0,1056.0,"Free/Reduced Lunch"
"609928",2018,"Melville W Fuller Elementary School",375.0,334.0,"Free/Reduced Lunch"
"610257",2018,"Morton School of Excellence",310.0,272.0,"Free/Reduced Lunch"
"609806",2018,"Myra Bradwell Communications Arts & Sciences ES",489.0,444.0,"Free/Reduced Lunch"
"610231",2018,"National Teachers Elementary Academy",723.0,520.0,"Free/Reduced Lunch"
"610389",2018,"Orr Academy High School",277.0,265.0,"Free/Reduced Lunch"
"610021",2018,"Pablo Casals Elementary School",437.0,377.0,"Free/Reduced Lunch"
"610282",2018,"Ronald E McNair Elementary School",399.0,343.0,"Free/Reduced Lunch"
"610396",2018,"Tarkington School of Excellence ES",997.0,860.0,"Free/Reduced Lunch"
"609991",2018,"Theodore Herzl Elementary School",589.0,508.0,"Free/Reduced Lunch"
"609851",2018,"Thomas Chalmers Specialty Elementary School",377.0,330.0,"Free/Reduced Lunch"
"609955",2018,"Walter Q Gresham Elementary School",325.0,292.0,"Free/Reduced Lunch"
"609727",2018,"Wendell Phillips Academy High School",634.0,598.0,"Free/Reduced Lunch"
"610172",2018,"William T Sherman Elementary School",257.0,231.0,"Free/Reduced Lunch"
"609844",2018,"William W Carter Elementary School",433.0,393.0,"Free/Reduced Lunch"
"610342",2018,"Albert R Sabin Elementary Magnet School",585.0,500.0,"Free/Reduced Lunch"
"610098",2018,"Alfred Nobel Elementary School",775.0,702.0,"Free/Reduced Lunch"
"609837",2018,"Andrew Carnegie Elementary School",635.0,502.0,"Free/Reduced Lunch"
"609951",2018,"Ariel Elementary Community Academy",523.0,401.0,"Free/Reduced Lunch"
"609820",2018,"Augustus H Burley Elementary School",533.0,89.0,"Free/Reduced Lunch"
"610563",2018,"Back of the Yards IB HS",1061.0,1023.0,"Free/Reduced Lunch"
"609764",2018,"Benito Juarez Community Academy High School",1734.0,1656.0,"Free/Reduced Lunch"
"610076",2018,"Bernhard Moos Elementary School",465.0,393.0,"Free/Reduced Lunch"
"609821",2018,"Burnham Elementary Inclusive Academy",522.0,463.0,"Free/Reduced Lunch"
"610039",2018,"Carl von Linne Elementary School",665.0,513.0,"Free/Reduced Lunch"
"610148",2018,"Cesar E Chavez Multicultural Academic Center ES",966.0,863.0,"Free/Reduced Lunch"
"610366",2018,"Charles H Wacker Elementary School",298.0,227.0,"Free/Reduced Lunch"
"609875",2018,"Charles R Darwin Elementary School",518.0,401.0,"Free/Reduced Lunch"
"609753",2018,"Chicago High School for Agricultural Sciences",718.0,321.0,"Free/Reduced Lunch"
"609899",2018,"Christian Ebinger Elementary School",832.0,128.0,"Free/Reduced Lunch"
"609863",2018,"Christopher Columbus Elementary School",284.0,213.0,"Free/Reduced Lunch"
"610402",2018,"DeVry University Advantage Academy HS",193.0,143.0,"Free/Reduced Lunch"
"610533",2018,"Dr Jorge Prieto Math and Science",999.0,890.0,"Free/Reduced Lunch"
"610073",2018,"Ellen Mitchell Elementary School",400.0,187.0,"Free/Reduced Lunch"
"609973",2018,"Emiliano Zapata Elementary Academy",773.0,686.0,"Free/Reduced Lunch"
"610203",2018,"Enrico Tonti Elementary School",1048.0,864.0,"Free/Reduced Lunch"
"610541",2018,"Federico Garcia Lorca Elementary School",830.0,744.0,"Free/Reduced Lunch"
"610120",2018,"Ferdinand Peck Elementary School",943.0,708.0,"Free/Reduced Lunch"
"609939",2018,"Frank L Gillespie Elementary School",494.0,424.0,"Free/Reduced Lunch"
"609958",2018,"Frank W Gunsaulus Elementary Scholastic Academy",810.0,663.0,"Free/Reduced Lunch"
"609926",2018,"Franklin Elementary Fine Arts Center",372.0,155.0,"Free/Reduced Lunch"
"610062",2018,"George B McClellan Elementary School",339.0,272.0,"Free/Reduced Lunch"
"610040",2018,"Henry D Lloyd Elementary School",1097.0,918.0,"Free/Reduced Lunch"
"610390",2018,"Hyman G Rickover Naval Academy High School",553.0,491.0,"Free/Reduced Lunch"
"610217",2018,"James Ward Elementary School",584.0,445.0,"Free/Reduced Lunch"
"609772",2018,"Jane Addams Elementary School",716.0,595.0,"Free/Reduced Lunch"
"609789",2018,"John Barry Elementary School",718.0,579.0,"Free/Reduced Lunch"
"609829",2018,"John C Burroughs Elementary School",476.0,405.0,"Free/Reduced Lunch"
"610026",2018,"John H Kinzie Elementary School",686.0,418.0,"Free/Reduced Lunch"
"610242",2018,"Joseph Brennemann Elementary School",443.0,375.0,"Free/Reduced Lunch"
"610520",2018,"LaSalle II Magnet Elementary School",590.0,207.0,"Free/Reduced Lunch"
"610024",2018,"Lazaro Cardenas Elementary School",555.0,438.0,"Free/Reduced Lunch"
"610298",2018,"Lenart Elementary Regional Gifted Center",284.0,85.0,"Free/Reduced Lunch"
"609738",2018,"Lincoln Park High School",2101.0,1141.0,"Free/Reduced Lunch"
"609834",2018,"Little Village Elementary School",786.0,704.0,"Free/Reduced Lunch"
"609773",2018,"Louis A Agassiz Elementary School",464.0,182.0,"Free/Reduced Lunch"
"610117",2018,"Louis Pasteur Elementary School",708.0,568.0,"Free/Reduced Lunch"
"610197",2018,"Mancel Talcott Elementary School",500.0,381.0,"Free/Reduced Lunch"
"610544",2018,"Mariano Azuela Elementary School",886.0,732.0,"Free/Reduced Lunch"
"609780",2018,"Marine Leadership Academy at Ames",864.0,831.0,"Free/Reduced Lunch"
"610177",2018,"Mark Skinner Elementary School",1094.0,255.0,"Free/Reduced Lunch"
"610312",2018,"Mary E McDowell Elementary School",154.0,126.0,"Free/Reduced Lunch"
"610082",2018,"Mount Greenwood Elementary School",1125.0,158.0,"Free/Reduced Lunch"
"609692",2018,"Neal F Simeon Career Academy High School",1336.0,1229.0,"Free/Reduced Lunch"
"610201",2018,"Ole A Thorp Elementary Scholastic Academy",849.0,406.0,"Free/Reduced Lunch"
"610386",2018,"Peace & Education Coalition HS",103.0,99.0,"Free/Reduced Lunch"
"609842",2018,"Rachel Carson Elementary School",1094.0,938.0,"Free/Reduced Lunch"
"609903",2018,"Richard Edwards Elementary School",1544.0,1254.0,"Free/Reduced Lunch"
"610291",2018,"Richard Henry Lee Elementary School",862.0,756.0,"Free/Reduced Lunch"
"609695",2018,"Roald Amundsen High School",1226.0,999.0,"Free/Reduced Lunch"
"609826",2018,"Rosario Castellanos Elementary School",601.0,584.0,"Free/Reduced Lunch"
"609990",2018,"South Loop Elementary School",780.0,244.0,"Free/Reduced Lunch"
"609745",2018,"Southside Occupational Academy High School",269.0,245.0,"Free/Reduced Lunch"
"610249",2018,"Talman Elementary School",435.0,353.0,"Free/Reduced Lunch"
"610504",2018,"Velma F Thomas Early Childhood Center",163.0,65.0,"Free/Reduced Lunch"
"609944",2018,"Virgil Grissom Elementary School",353.0,206.0,"Free/Reduced Lunch"
"610363",2018,"Walt Disney Magnet Elementary School",1564.0,896.0,"Free/Reduced Lunch"
"610587",2018,"Walter Henri Dyett High School for the Arts",328.0,287.0,"Free/Reduced Lunch"
"609680",2018,"Walter Payton College Preparatory High School",1072.0,346.0,"Free/Reduced Lunch"
"610179",2018,"Washington D Smyser Elementary School",945.0,663.0,"Free/Reduced Lunch"
"609755",2018,"Whitney M Young Magnet High School",2158.0,893.0,"Free/Reduced Lunch"
"609678",2018,"William Jones College Preparatory High School",1865.0,731.0,"Free/Reduced Lunch"
"400009",2018,"Academy for Global Citizenship Charter School",469.0,316.0,"Free/Reduced Lunch"
"400010",2018,"ACE Technical Charter School",316.0,304.0,"Free/Reduced Lunch"
"400081",2018,"Acero Charter Schools - Bartolomé de las Casas",278.0,255.0,"Free/Reduced Lunch"
"400153",2018,"Acero Charter Schools - Brighton Park",564.0,526.0,"Free/Reduced Lunch"
"400082",2018,"Acero Charter Schools - Carlos Fuentes",549.0,484.0,"Free/Reduced Lunch"
"400114",2018,"Acero Charter Schools - Esmeralda Santiago",283.0,252.0,"Free/Reduced Lunch"
"400112",2018,"Acero Charter Schools - Jovita Idar",569.0,516.0,"Free/Reduced Lunch"
"400085",2018,"Acero Charter Schools - Major Hector P. Garcia MD",598.0,561.0,"Free/Reduced Lunch"
"400083",2018,"Acero Charter Schools - Octavio Paz Campus",368.0,344.0,"Free/Reduced Lunch"
"400089",2018,"Acero Charter Schools - Officer Donald J. Marquez",570.0,520.0,"Free/Reduced Lunch"
"400080",2018,"Acero Charter Schools - PFC Omar E. Torres",579.0,492.0,"Free/Reduced Lunch"
"400120",2018,"Acero Charter Schools - Roberto Clemente",544.0,486.0,"Free/Reduced Lunch"
"400084",2018,"Acero Charter Schools - Rufino Tamayo",287.0,257.0,"Free/Reduced Lunch"
"400101",2018,"Acero Charter Schools - Sandra Cisneros",537.0,485.0,"Free/Reduced Lunch"
"400121",2018,"Acero Charter Schools - Sor Juana Inés de la Cruz",677.0,617.0,"Free/Reduced Lunch"
"400079",2018,"Acero Charter Schools - SPC Daniel Zizumbo",625.0,544.0,"Free/Reduced Lunch"
"400149",2018,"Acero Charter Schools - Victoria Soto",551.0,524.0,"Free/Reduced Lunch"
"400011",2018,"Alain Locke Charter School",499.0,437.0,"Free/Reduced Lunch"
"400060",2018,"Asian Human Services - Passages Charter School",447.0,366.0,"Free/Reduced Lunch"
"400172",2018,"ASPIRA Business and Finance",487.0,466.0,"Free/Reduced Lunch"
"400013",2018,"ASPIRA Charter School - Early College High School",376.0,356.0,"Free/Reduced Lunch"
"400017",2018,"ASPIRA Charter School - Haugan Middle School",420.0,401.0,"Free/Reduced Lunch"
"400115",2018,"Catalyst - Maria Charter School",1077.0,1005.0,"Free/Reduced Lunch"
"400021",2018,"Catalyst Elementary Charter School - Circle Rock",522.0,444.0,"Free/Reduced Lunch"
"400161",2018,"Chicago Collegiate Charter School",394.0,359.0,"Free/Reduced Lunch"
"400035",2018,"Chicago Math and Science Academy Charter School",592.0,536.0,"Free/Reduced Lunch"
"400036",2018,"Chicago Virtual Charter School",696.0,488.0,"Free/Reduced Lunch"
"400159",2018,"Christopher House Charter School",341.0,313.0,"Free/Reduced Lunch"
"400023",2018,"CICS - Avalon/South Shore",479.0,411.0,"Free/Reduced Lunch"
"400024",2018,"CICS - Basil",737.0,648.0,"Free/Reduced Lunch"
"400025",2018,"CICS - Bucktown",705.0,511.0,"Free/Reduced Lunch"
"400113",2018,"CICS - ChicagoQuest North",262.0,247.0,"Free/Reduced Lunch"
"400027",2018,"CICS - Irving Park",555.0,320.0,"Free/Reduced Lunch"
"400092",2018,"CICS - Lloyd Bond",339.0,310.0,"Free/Reduced Lunch"
"400033",2018,"CICS - Longwood",1335.0,1226.0,"Free/Reduced Lunch"
"400026",2018,"CICS - Loomis Primary",563.0,406.0,"Free/Reduced Lunch"
"400034",2018,"CICS - Northtown",909.0,727.0,"Free/Reduced Lunch"
"400028",2018,"CICS - Prairie",422.0,374.0,"Free/Reduced Lunch"
"400032",2018,"CICS - Ralph Ellison",417.0,383.0,"Free/Reduced Lunch"
"400029",2018,"CICS - Washington Park",458.0,409.0,"Free/Reduced Lunch"
"400030",2018,"CICS - West Belden",526.0,457.0,"Free/Reduced Lunch"
"400031",2018,"CICS - Wrightwood",766.0,635.0,"Free/Reduced Lunch"
"400094",2018,"EPIC Academy Charter High School",538.0,506.0,"Free/Reduced Lunch"
"400039",2018,"Erie Elementary Charter School",420.0,349.0,"Free/Reduced Lunch"
"400171",2018,"Foundations College Preparatory Charter School",227.0,209.0,"Free/Reduced Lunch"
"400040",2018,"Frazier Preparatory Academy Charter School",361.0,314.0,"Free/Reduced Lunch"
"400168",2018,"Great Lakes Academy Charter School",297.0,221.0,"Free/Reduced Lunch"
"400167",2018,"Horizon Science Academy Southwest Chicago Charter",719.0,669.0,"Free/Reduced Lunch"
"400104",2018,"Instituto Health Sciences Career Academy",750.0,727.0,"Free/Reduced Lunch"
"400162",2018,"Intrinsic Charter School",1012.0,859.0,"Free/Reduced Lunch"
"400146",2018,"KIPP Academy Chicago Campus",346.0,322.0,"Free/Reduced Lunch"
"400044",2018,"KIPP Ascend Charter School",904.0,837.0,"Free/Reduced Lunch"
"400163",2018,"KIPP Chicago Charter School - KIPP Bloom",357.0,332.0,"Free/Reduced Lunch"
"400180",2018,"KIPP One Academy",423.0,361.0,"Free/Reduced Lunch"
"400045",2018,"Kwame Nkrumah Academy Charter School",178.0,152.0,"Free/Reduced Lunch"
"400047",2018,"L.E.A.R.N. - Charles and Dorothy Campbell Campus",402.0,362.0,"Free/Reduced Lunch"
"400048",2018,"L.E.A.R.N. - Excel Campus",452.0,396.0,"Free/Reduced Lunch"
"400111",2018,"L.E.A.R.N. - Hunter Perkins Campus",503.0,412.0,"Free/Reduced Lunch"
"400165",2018,"L.E.A.R.N. - Middle School Campus",306.0,288.0,"Free/Reduced Lunch"
"400046",2018,"L.E.A.R.N. - Romano Butler Campus",582.0,523.0,"Free/Reduced Lunch"
"400107",2018,"L.E.A.R.N. - South Chicago Campus",454.0,375.0,"Free/Reduced Lunch"
"400151",2018,"L.E.A.R.N. Charter School - 7th Campus",317.0,277.0,"Free/Reduced Lunch"
"400049",2018,"Legacy Charter School",468.0,415.0,"Free/Reduced Lunch"
"400119",2018,"Legal Prep Charter Academy",314.0,301.0,"Free/Reduced Lunch"
"400178",2018,"Moving Everest Charter School",364.0,294.0,"Free/Reduced Lunch"
"400050",2018,"Namaste Charter School",489.0,369.0,"Free/Reduced Lunch"
"400157",2018,"Noble - Baker College Prep",363.0,327.0,"Free/Reduced Lunch"
"400156",2018,"Noble - Butler College Prep",647.0,596.0,"Free/Reduced Lunch"
"400097",2018,"Noble - Chicago Bulls College Prep",1137.0,1001.0,"Free/Reduced Lunch"
"400118",2018,"Noble - DRW College Prep",514.0,486.0,"Free/Reduced Lunch"
"400052",2018,"Noble - Gary Comer College Prep",1099.0,953.0,"Free/Reduced Lunch"
"400053",2018,"Noble - Golder College Prep",664.0,598.0,"Free/Reduced Lunch"
"400117",2018,"Noble - Hansberry College Prep",642.0,538.0,"Free/Reduced Lunch"
"400169",2018,"Noble - ITW David Speer Academy",1019.0,912.0,"Free/Reduced Lunch"
"400106",2018,"Noble - John and Eunice Johnson College Prep",802.0,767.0,"Free/Reduced Lunch"
"400098",2018,"Noble - Muchin College Prep",959.0,802.0,"Free/Reduced Lunch"
"400051",2018,"Noble - Noble College Prep",651.0,576.0,"Free/Reduced Lunch"
"400054",2018,"Noble - Pritzker College Prep",986.0,930.0,"Free/Reduced Lunch"
"400055",2018,"Noble - Rauner College Prep",632.0,520.0,"Free/Reduced Lunch"
"400056",2018,"Noble - Rowe-Clark Math and Science Academy",468.0,435.0,"Free/Reduced Lunch"
"400170",2018,"Noble - The Noble Academy",499.0,412.0,"Free/Reduced Lunch"
"400057",2018,"Noble - UIC College Prep",935.0,801.0,"Free/Reduced Lunch"
"400179",2018,"Noble Mansueto High School",526.0,480.0,"Free/Reduced Lunch"
"400058",2018,"North Lawndale College Prep - Christiana",358.0,348.0,"Free/Reduced Lunch"
"400059",2018,"North Lawndale College Prep - Collins",355.0,344.0,"Free/Reduced Lunch"
"400062",2018,"Perspectives - High School of Technology",334.0,301.0,"Free/Reduced Lunch"
"400061",2018,"Perspectives - Leadership Academy",437.0,413.0,"Free/Reduced Lunch"
"400066",2018,"Perspectives - Math and Science Academy",461.0,415.0,"Free/Reduced Lunch"
"400064",2018,"Perspectives - Rodney D. Joslin",389.0,335.0,"Free/Reduced Lunch"
"400069",2018,"Polaris Charter Academy",444.0,402.0,"Free/Reduced Lunch"
"400071",2018,"Providence Englewood Charter School",511.0,432.0,"Free/Reduced Lunch"
"400096",2018,"Rowe Elementary Charter School",1009.0,826.0,"Free/Reduced Lunch"
"400116",2018,"The Montessori School of Englewood Charter",309.0,257.0,"Free/Reduced Lunch"
"400078",2018,"University of Chicago - Carter G. Woodson",214.0,179.0,"Free/Reduced Lunch"
"400075",2018,"University of Chicago - Donoghue",539.0,423.0,"Free/Reduced Lunch"
"400076",2018,"University of Chicago - North Kenwood/Oakland",356.0,235.0,"Free/Reduced Lunch"
"400077",2018,"University of Chicago - Woodlawn",645.0,541.0,"Free/Reduced Lunch"
"400105",2018,"Urban Prep Academy for Young Men - Bronzeville",315.0,258.0,"Free/Reduced Lunch"
"400086",2018,"Urban Prep Academy for Young Men - Englewood",263.0,234.0,"Free/Reduced Lunch"
"400102",2018,"Urban Prep Charter Academy for Young Men - West",213.0,186.0,"Free/Reduced Lunch"
"400087",2018,"Young Women's Leadership Charter School",193.0,179.0,"Free/Reduced Lunch"
"400022",2018,"Chicago High School for the Arts (ChiArts)",619.0,331.0,"Free/Reduced Lunch"
"400091",2018,"Chicago Technology Academy High School",242.0,219.0,"Free/Reduced Lunch"
"400043",2018,"Hope Institute Learning Academy",363.0,305.0,"Free/Reduced Lunch"
"400068",2018,"Plato Learning Academy",389.0,354.0,"Free/Reduced Lunch"
"610581",2018,"Bridgescape Academy Brainerd",173.0,150.0,"Free/Reduced Lunch"
"610580",2018,"Bridgescape Academy Humboldt Park",163.0,154.0,"Free/Reduced Lunch"
"610567",2018,"Bridgescape Academy Roseland",168.0,150.0,"Free/Reduced Lunch"
"610566",2018,"Bridgscape Academy Lawndale",167.0,157.0,"Free/Reduced Lunch"
"400147",2018,"Camelot - Chicago Excel Academy",300.0,274.0,"Free/Reduced Lunch"
"610565",2018,"Camelot Excel - Englewood HS",252.0,238.0,"Free/Reduced Lunch"
"400175",2018,"Camelot Excel - Southshore HS",150.0,135.0,"Free/Reduced Lunch"
"400176",2018,"Camelot Excel - Southwest HS",131.0,126.0,"Free/Reduced Lunch"
"610572",2018,"Camelot Safe Elementary",5.0,5.0,"Free/Reduced Lunch"
"610573",2018,"Camelot Safe HS",6.0,6.0,"Free/Reduced Lunch"
"400164",2018,"Instituto - Justice Lozano Mastery",85.0,83.0,"Free/Reduced Lunch"
"400137",2018,"Little Black Pearl Art and Design Academy",118.0,100.0,"Free/Reduced Lunch"
"610569",2018,"Ombudsman Chicago- Northwest",235.0,193.0,"Free/Reduced Lunch"
"610570",2018,"Ombudsman Chicago- South",495.0,459.0,"Free/Reduced Lunch"
"610571",2018,"Ombudsman Chicago- West",367.0,345.0,"Free/Reduced Lunch"
"610557",2018,"Pathways in Education- Ashburn",278.0,244.0,"Free/Reduced Lunch"
"610568",2018,"Pathways in Education- Avondale",285.0,254.0,"Free/Reduced Lunch"
"400173",2018,"Pathways in Education- Brighton Park",343.0,323.0,"Free/Reduced Lunch"
"400123",2018,"YCCS- Academy of Scholastic Achievement HS",148.0,136.0,"Free/Reduced Lunch"
"400133",2018,"YCCS- Innovations HS of Arts Integration",414.0,385.0,"Free/Reduced Lunch"
"400124",2018,"YCCS- McKinley Lakeside Leadership HS",155.0,150.0,"Free/Reduced Lunch"
"400125",2018,"YCCS-ASPIRA,Antonia Pantoja Alternative HS",183.0,162.0,"Free/Reduced Lunch"
"400126",2018,"YCCS-Association House HS",142.0,135.0,"Free/Reduced Lunch"
"400127",2018,"YCCS-Austin Career Education Center HS",146.0,137.0,"Free/Reduced Lunch"
"400128",2018,"YCCS-CCA Academy HS",165.0,156.0,"Free/Reduced Lunch"
"400150",2018,"YCCS-Chatham AcademyHS",162.0,149.0,"Free/Reduced Lunch"
"400130",2018,"YCCS-Community Youth Development Institute HS",156.0,148.0,"Free/Reduced Lunch"
"400131",2018,"YCCS-Dr. Pedro Albizu Campos Puerto Rican HS",197.0,180.0,"Free/Reduced Lunch"
"400134",2018,"YCCS-Jane Addams Alternative HS",210.0,200.0,"Free/Reduced Lunch"
"400135",2018,"YCCS-Latino Youth Alternative HS",226.0,213.0,"Free/Reduced Lunch"
"400136",2018,"YCCS-Olive Harvey Middle College HS",103.0,88.0,"Free/Reduced Lunch"
"400129",2018,"YCCS-Progressive Leadership Academy",155.0,151.0,"Free/Reduced Lunch"
"400139",2018,"YCCS-Sullivan House Alternative HS",330.0,316.0,"Free/Reduced Lunch"
"400141",2018,"YCCS-Truman Middle College HS",217.0,170.0,"Free/Reduced Lunch"
"400143",2018,"YCCS-West Town Acad Alternative HS",130.0,125.0,"Free/Reduced Lunch"
"400144",2018,"YCCS-Westside Holistic Leadership Acad HS",95.0,89.0,"Free/Reduced Lunch"
"400145",2018,"YCCS-Youth Connection Leadership Acad HS",223.0,212.0,"Free/Reduced Lunch"
"610212",2019,"Albany Park Multicultural Academy",282.0,264.0,"Free/Reduced Lunch"
"610209",2019,"Alessandro Volta Elementary School",826.0,713.0,"Free/Reduced Lunch"
"609836",2019,"Arthur E Canty Elementary School",825.0,395.0,"Free/Reduced Lunch"
"610083",2019,"Daniel C Beard Elementary School",228.0,98.0,"Free/Reduced Lunch"
"609901",2019,"Edgebrook Elementary School",509.0,63.0,"Free/Reduced Lunch"
"610523",2019,"Edison Park Elementary School",545.0,92.0,"Free/Reduced Lunch"
"610137",2019,"Ernst Prussing Elementary School",727.0,504.0,"Free/Reduced Lunch"
"609874",2019,"Everett McKinley Dirksen Elementary School",936.0,603.0,"Free/Reduced Lunch"
"610163",2019,"Frederick Stock Elementary School",229.0,24.0,"Free/Reduced Lunch"
"609857",2019,"Grover Cleveland Elementary School",555.0,427.0,"Free/Reduced Lunch"
"610182",2019,"Hannah G Solomon Elementary School",362.0,171.0,"Free/Reduced Lunch"
"609972",2019,"Helge A Haugan Elementary School",891.0,752.0,"Free/Reduced Lunch"
"609798",2019,"Hiram H Belding Elementary School",583.0,300.0,"Free/Reduced Lunch"
"609912",2019,"James B Farnsworth Elementary School",585.0,328.0,"Free/Reduced Lunch"
"609796",2019,"Jean Baptiste Beaubien Elementary School",1047.0,475.0,"Free/Reduced Lunch"
"610089",2019,"John B Murphy Elementary School",543.0,372.0,"Free/Reduced Lunch"
"610111",2019,"John Palmer Elementary School",758.0,548.0,"Free/Reduced Lunch"
"609937",2019,"John W Garvy Elementary School",830.0,342.0,"Free/Reduced Lunch"
"610159",2019,"Jonathan Y Scammon Elementary School",710.0,578.0,"Free/Reduced Lunch"
"610127",2019,"Mary Gage Peterson Elementary School",888.0,577.0,"Free/Reduced Lunch"
"609792",2019,"Newton Bateman Elementary School",948.0,714.0,"Free/Reduced Lunch"
"609810",2019,"Norman A Bridge Elementary School",1112.0,674.0,"Free/Reduced Lunch"
"610354",2019,"North River Elementary School",300.0,248.0,"Free/Reduced Lunch"
"610099",2019,"Norwood Park Elementary School",442.0,72.0,"Free/Reduced Lunch"
"610105",2019,"Oriole Park Elementary School",739.0,181.0,"Free/Reduced Lunch"
"609988",2019,"Patrick Henry Elementary School",522.0,462.0,"Free/Reduced Lunch"
"610145",2019,"Peter A Reinberg Elementary School",746.0,574.0,"Free/Reduced Lunch"
"610135",2019,"Portage Park Elementary School",910.0,629.0,"Free/Reduced Lunch"
"609995",2019,"Rufus M Hitch Elementary School",571.0,303.0,"Free/Reduced Lunch"
"609794",2019,"Thomas A Edison Regional Gifted Center ES",265.0,17.0,"Free/Reduced Lunch"
"610230",2019,"Wildwood IB World Magnet School",476.0,54.0,"Free/Reduced Lunch"
"609884",2019,"William E Dever Elementary School",741.0,442.0,"Free/Reduced Lunch"
"609994",2019,"William G Hibbard Elementary School",960.0,780.0,"Free/Reduced Lunch"
"610104",2019,"William J Onahan Elementary School",662.0,195.0,"Free/Reduced Lunch"
"609949",2019,"William P Gray Elementary School",1170.0,923.0,"Free/Reduced Lunch"
"609804",2019,"Daniel Boone Elementary School",782.0,667.0,"Free/Reduced Lunch"
"609859",2019,"DeWitt Clinton Elementary School",1152.0,981.0,"Free/Reduced Lunch"
"609918",2019,"Eugene Field Elementary School",157.0,142.0,"Free/Reduced Lunch"
"609779",2019,"George Armstrong International Studies ES",1360.0,1119.0,"Free/Reduced Lunch"
"610196",2019,"George B Swift Elementary Specialty School",682.0,484.0,"Free/Reduced Lunch"
"610122",2019,"Helen Peirce International Studies ES",1048.0,582.0,"Free/Reduced Lunch"
"610070",2019,"James B McPherson Elementary School",682.0,495.0,"Free/Reduced Lunch"
"609866",2019,"John C Coonley Elementary School",1027.0,159.0,"Free/Reduced Lunch"
"610269",2019,"John T McCutcheon Elementary School",374.0,299.0,"Free/Reduced Lunch"
"609865",2019,"Jordan Elementary Community School",474.0,409.0,"Free/Reduced Lunch"
"610022",2019,"Joyce Kilmer Elementary School",776.0,644.0,"Free/Reduced Lunch"
"610355",2019,"Mary E Courtenay Elementary Language Arts Center",365.0,272.0,"Free/Reduced Lunch"
"610011",2019,"Minnie Mars Jamieson Elementary School",883.0,586.0,"Free/Reduced Lunch"
"610284",2019,"New Field Elementary School",664.0,483.0,"Free/Reduced Lunch"
"609880",2019,"Stephen Decatur Classical Elementary School",284.0,44.0,"Free/Reduced Lunch"
"609933",2019,"Stephen F Gale Elementary Community Academy",301.0,252.0,"Free/Reduced Lunch"
"609976",2019,"Stephen K Hayt Elementary School",954.0,779.0,"Free/Reduced Lunch"
"610191",2019,"Stone Elementary Scholastic Academy",622.0,299.0,"Free/Reduced Lunch"
"610220",2019,"Thomas J Waters Elementary School",641.0,200.0,"Free/Reduced Lunch"
"609904",2019,"Edward K Ellington Elementary School",483.0,411.0,"Free/Reduced Lunch"
"610235",2019,"Ella Flagg Young Elementary School",724.0,646.0,"Free/Reduced Lunch"
"610165",2019,"Franz Peter Schubert Elementary School",665.0,572.0,"Free/Reduced Lunch"
"610305",2019,"George Leland Elementary School",386.0,330.0,"Free/Reduced Lunch"
"610068",2019,"Hanson Park Elementary School",1471.0,1253.0,"Free/Reduced Lunch"
"610158",2019,"Harriet E Sayre Elementary Language Academy",439.0,292.0,"Free/Reduced Lunch"
"610092",2019,"Henry H Nash Elementary School",242.0,208.0,"Free/Reduced Lunch"
"609975",2019,"John Hay Elementary Community Academy",360.0,304.0,"Free/Reduced Lunch"
"610043",2019,"Joseph Lovett Elementary School",342.0,272.0,"Free/Reduced Lunch"
"610041",2019,"Josephine C Locke Elementary School",1240.0,1025.0,"Free/Reduced Lunch"
"609910",2019,"Laughlin Falconer Elementary School",1107.0,944.0,"Free/Reduced Lunch"
"609818",2019,"Luther Burbank Elementary School",887.0,759.0,"Free/Reduced Lunch"
"610539",2019,"Marvin Camras Elementary School",946.0,765.0,"Free/Reduced Lunch"
"610046",2019,"Mary Lyon Elementary School",1347.0,1195.0,"Free/Reduced Lunch"
"609830",2019,"Milton Brunson Math & Science Specialty ES",481.0,423.0,"Free/Reduced Lunch"
"610051",2019,"Northwest Middle School",541.0,511.0,"Free/Reduced Lunch"
"610367",2019,"Oscar DePriest Elementary School",558.0,496.0,"Free/Reduced Lunch"
"610183",2019,"Spencer Technology Academy",494.0,441.0,"Free/Reduced Lunch"
"609799",2019,"Alexander Graham Bell Elementary School",1003.0,137.0,"Free/Reduced Lunch"
"609963",2019,"Alexander Hamilton Elementary School",509.0,70.0,"Free/Reduced Lunch"
"610144",2019,"Frank W Reilly Elementary School",852.0,726.0,"Free/Reduced Lunch"
"609930",2019,"Frederick Funston Elementary School",464.0,400.0,"Free/Reduced Lunch"
"610010",2019,"Friedrich L. Jahn Elementary of the Fine Arts",318.0,161.0,"Free/Reduced Lunch"
"610048",2019,"George Manierre Elementary School",357.0,318.0,"Free/Reduced Lunch"
"609974",2019,"Hawthorne Elementary Scholastic Academy",566.0,120.0,"Free/Reduced Lunch"
"609850",2019,"Horace Greeley Elementary School",547.0,441.0,"Free/Reduced Lunch"
"610078",2019,"Inter-American Elementary Magnet School",695.0,357.0,"Free/Reduced Lunch"
"609803",2019,"James G Blaine Elementary School",823.0,121.0,"Free/Reduced Lunch"
"610074",2019,"James Monroe Elementary School",765.0,683.0,"Free/Reduced Lunch"
"609942",2019,"Johann W von Goethe Elementary School",749.0,467.0,"Free/Reduced Lunch"
"609782",2019,"John J Audubon Elementary School",571.0,87.0,"Free/Reduced Lunch"
"610033",2019,"LaSalle Elementary Language Academy",516.0,176.0,"Free/Reduced Lunch"
"610325",2019,"Logandale Middle School",706.0,597.0,"Free/Reduced Lunch"
"609809",2019,"Lorenz Brentano Math & Science Academy ES",565.0,305.0,"Free/Reduced Lunch"
"610094",2019,"Louis Nettelhorst Elementary School",757.0,162.0,"Free/Reduced Lunch"
"609774",2019,"Louisa May Alcott College Preparatory ES",649.0,86.0,"Free/Reduced Lunch"
"610524",2019,"Louisa May Alcott College Preparatory HS",318.0,268.0,"Free/Reduced Lunch"
"610059",2019,"Oscar F Mayer Elementary School",758.0,91.0,"Free/Reduced Lunch"
"609853",2019,"Salmon P Chase Elementary School",407.0,327.0,"Free/Reduced Lunch"
"609968",2019,"Sharon Christa McAuliffe Elementary School",680.0,605.0,"Free/Reduced Lunch"
"610534",2019,"Skinner North",523.0,61.0,"Free/Reduced Lunch"
"610095",2019,"Walter L Newberry Math & Science Academy ES",493.0,310.0,"Free/Reduced Lunch"
"610136",2019,"William H Prescott Elementary School",450.0,181.0,"Free/Reduced Lunch"
"610097",2019,"William P Nixon Elementary School",743.0,648.0,"Free/Reduced Lunch"
"610088",2019,"Wolfgang A Mozart Elementary School",566.0,510.0,"Free/Reduced Lunch"
"610131",2019,"Ambrose Plamondon Elementary School",134.0,117.0,"Free/Reduced Lunch"
"610005",2019,"Charles Evans Hughes Elementary School",265.0,232.0,"Free/Reduced Lunch"
"610194",2019,"Charles Sumner  Math & Science Community Acad ES",282.0,244.0,"Free/Reduced Lunch"
"609873",2019,"Crown Community Academy of Fine Arts Center ES",212.0,189.0,"Free/Reduced Lunch"
"610221",2019,"Daniel Webster Elementary School",280.0,226.0,"Free/Reduced Lunch"
"610073",2019,"Ellen Mitchell Elementary School",420.0,193.0,"Free/Reduced Lunch"
"610503",2019,"Frazier Prospective IB Magnet ES",203.0,177.0,"Free/Reduced Lunch"
"609854",2019,"Frederic Chopin Elementary School",391.0,343.0,"Free/Reduced Lunch"
"610293",2019,"Genevieve Melody Elementary School",430.0,384.0,"Free/Reduced Lunch"
"610202",2019,"George W Tilton Elementary School",308.0,264.0,"Free/Reduced Lunch"
"610192",2019,"Harriet Beecher Stowe Elementary School",635.0,549.0,"Free/Reduced Lunch"
"609797",2019,"Jacob Beidler Elementary School",397.0,329.0,"Free/Reduced Lunch"
"610044",2019,"James Russell Lowell Elementary School",400.0,342.0,"Free/Reduced Lunch"
"610271",2019,"Jensen Elementary Scholastic Academy",376.0,316.0,"Free/Reduced Lunch"
"609954",2019,"John Milton Gregory Elementary School",341.0,307.0,"Free/Reduced Lunch"
"610313",2019,"Jose De Diego Elementary Community Academy",588.0,486.0,"Free/Reduced Lunch"
"609925",2019,"Joseph Kellman Corporate Community ES",304.0,269.0,"Free/Reduced Lunch"
"610133",2019,"Laura S Ward Elementary School",388.0,347.0,"Free/Reduced Lunch"
"610034",2019,"Lawndale Elementary Community Academy",231.0,203.0,"Free/Reduced Lunch"
"609907",2019,"Leif Ericson Elementary Scholastic Academy",498.0,424.0,"Free/Reduced Lunch"
"610055",2019,"Michael Faraday Elementary School",245.0,219.0,"Free/Reduced Lunch"
"610234",2019,"Richard Yates Elementary School",375.0,300.0,"Free/Reduced Lunch"
"610056",2019,"Roswell B Mason Elementary School",361.0,326.0,"Free/Reduced Lunch"
"610100",2019,"West Park Elementary Academy",558.0,487.0,"Free/Reduced Lunch"
"610251",2019,"Willa Cather Elementary School",369.0,317.0,"Free/Reduced Lunch"
"610123",2019,"William Penn Elementary School",280.0,245.0,"Free/Reduced Lunch"
"610229",2019,"A.N. Pritzker School",733.0,299.0,"Free/Reduced Lunch"
"609947",2019,"Alexander Graham Elementary School",411.0,353.0,"Free/Reduced Lunch"
"610060",2019,"Andrew Jackson Elementary Language Academy",530.0,233.0,"Free/Reduced Lunch"
"610009",2019,"Galileo Math & Science Scholastic Academy ES",565.0,319.0,"Free/Reduced Lunch"
"610107",2019,"James Otis Elementary School",405.0,352.0,"Free/Reduced Lunch"
"609959",2019,"John Charles Haines Elementary School",682.0,544.0,"Free/Reduced Lunch"
"610180",2019,"John M Smyth Elementary School",482.0,408.0,"Free/Reduced Lunch"
"609828",2019,"Jonathan Burr Elementary School",476.0,143.0,"Free/Reduced Lunch"
"609777",2019,"Phillip D Armour Elementary School",265.0,206.0,"Free/Reduced Lunch"
"610138",2019,"Pulaski International School of Chicago",898.0,533.0,"Free/Reduced Lunch"
"609979",2019,"Robert Healy Elementary School",1410.0,1096.0,"Free/Reduced Lunch"
"610252",2019,"Robert Nathaniel Dett Elementary School",310.0,272.0,"Free/Reduced Lunch"
"610029",2019,"Rodolfo Lozano Bilingual & International Ctr ES",186.0,155.0,"Free/Reduced Lunch"
"610405",2019,"Suder Montessori Magnet ES",379.0,190.0,"Free/Reduced Lunch"
"609896",2019,"Thomas Drummond Elementary School",351.0,81.0,"Free/Reduced Lunch"
"610121",2019,"Washington Irving Elementary School",385.0,326.0,"Free/Reduced Lunch"
"609812",2019,"William H Brown Elementary School",226.0,211.0,"Free/Reduced Lunch"
"610308",2019,"Wilma Rudolph Elementary Learning Center",78.0,60.0,"Free/Reduced Lunch"
"609966",2019,"Charles G Hammond Elementary School",384.0,354.0,"Free/Reduced Lunch"
"610063",2019,"Cyrus H McCormick Elementary School",610.0,560.0,"Free/Reduced Lunch"
"610227",2019,"Eli Whitney Elementary School",899.0,817.0,"Free/Reduced Lunch"
"610215",2019,"Francisco I Madero Middle School",321.0,314.0,"Free/Reduced Lunch"
"609920",2019,"Gerald Delgado Kanoon Elementary Magnet School",544.0,500.0,"Free/Reduced Lunch"
"610125",2019,"Irma C Ruiz Elementary School",666.0,566.0,"Free/Reduced Lunch"
"610216",2019,"John A Walsh Elementary School",300.0,236.0,"Free/Reduced Lunch"
"610228",2019,"John Greenleaf Whittier Elementary School",204.0,183.0,"Free/Reduced Lunch"
"610184",2019,"John Spry Elementary Community School",510.0,465.0,"Free/Reduced Lunch"
"609950",2019,"Josefa Ortiz De Dominguez Elementary School",519.0,417.0,"Free/Reduced Lunch"
"609938",2019,"Joseph E Gary Elementary School",1111.0,1029.0,"Free/Reduced Lunch"
"609872",2019,"Manuel Perez Elementary School",316.0,268.0,"Free/Reduced Lunch"
"610017",2019,"Maria Saucedo Elementary Scholastic Academy",940.0,833.0,"Free/Reduced Lunch"
"610329",2019,"Orozco Fine Arts & Sciences Elementary School",542.0,481.0,"Free/Reduced Lunch"
"609867",2019,"Peter Cooper Elementary Dual Language Academy",418.0,366.0,"Free/Reduced Lunch"
"610013",2019,"Pilsen Elementary Community Academy",307.0,275.0,"Free/Reduced Lunch"
"609921",2019,"Telpochcalli Elementary School",275.0,223.0,"Free/Reduced Lunch"
"609967",2019,"William F Finkl Elementary School",318.0,276.0,"Free/Reduced Lunch"
"609993",2019,"Agustin Lara Elementary Academy",410.0,362.0,"Free/Reduced Lunch"
"610317",2019,"Brighton Park Elementary School",399.0,363.0,"Free/Reduced Lunch"
"610353",2019,"Calmeca Academy of Fine Arts and Dual Language",777.0,675.0,"Free/Reduced Lunch"
"610170",2019,"Columbia Explorers Elementary Academy",985.0,865.0,"Free/Reduced Lunch"
"609909",2019,"Edward Everett Elementary School",153.0,130.0,"Free/Reduced Lunch"
"610319",2019,"Evergreen Academy Middle School",307.0,287.0,"Free/Reduced Lunch"
"610096",2019,"Florence Nightingale Elementary School",1243.0,1097.0,"Free/Reduced Lunch"
"610532",2019,"Irene C. Hernandez Middle School for the Advancement of Science",1005.0,956.0,"Free/Reduced Lunch"
"609983",2019,"James Hedges Elementary School",610.0,557.0,"Free/Reduced Lunch"
"610174",2019,"James Shields Elementary School",689.0,593.0,"Free/Reduced Lunch"
"610559",2019,"James Shields Middle School",592.0,573.0,"Free/Reduced Lunch"
"609964",2019,"John H Hamline Elementary School",547.0,487.0,"Free/Reduced Lunch"
"609876",2019,"Nathan S Davis Elementary School",733.0,629.0,"Free/Reduced Lunch"
"609952",2019,"Nathanael Greene Elementary School",414.0,349.0,"Free/Reduced Lunch"
"610239",2019,"Richard J Daley Elementary Academy",563.0,527.0,"Free/Reduced Lunch"
"610157",2019,"Sidney Sawyer Elementary School",1457.0,1315.0,"Free/Reduced Lunch"
"610226",2019,"Socorro Sandoval Elementary School",891.0,739.0,"Free/Reduced Lunch"
"610589",2019,"Sor Juana Ines de la Cruz ES",92.0,38.0,"Free/Reduced Lunch"
"609855",2019,"Walter S Christopher Elementary School",375.0,336.0,"Free/Reduced Lunch"
"610167",2019,"William H Seward Communication Arts Academy ES",616.0,562.0,"Free/Reduced Lunch"
"610175",2019,"Beulah Shoesmith Elementary School",355.0,256.0,"Free/Reduced Lunch"
"609969",2019,"Bret Harte Elementary School",329.0,227.0,"Free/Reduced Lunch"
"610590",2019,"Bronzeville Classical Elementary School",89.0,31.0,"Free/Reduced Lunch"
"610345",2019,"Carter G Woodson South Elementary School",334.0,301.0,"Free/Reduced Lunch"
"610030",2019,"Charles Kozminski Elementary Community Academy",258.0,194.0,"Free/Reduced Lunch"
"609819",2019,"Edmond Burke Elementary School",414.0,353.0,"Free/Reduced Lunch"
"610246",2019,"Edward Beasley Elementary Magnet Academic Center",1044.0,846.0,"Free/Reduced Lunch"
"610065",2019,"Emmett Louis Till Math and Science Academy",330.0,290.0,"Free/Reduced Lunch"
"610110",2019,"Ida B Wells Preparatory Elementary Academy",364.0,299.0,"Free/Reduced Lunch"
"610276",2019,"Irvin C Mollison Elementary School",281.0,238.0,"Free/Reduced Lunch"
"610256",2019,"Jackie Robinson Elementary School",137.0,94.0,"Free/Reduced Lunch"
"609891",2019,"James R Doolittle Jr Elementary School",263.0,225.0,"Free/Reduced Lunch"
"609894",2019,"John B Drake Elementary School",333.0,277.0,"Free/Reduced Lunch"
"609919",2019,"John Fiske Elementary School",433.0,376.0,"Free/Reduced Lunch"
"610126",2019,"John J Pershing Elementary Humanities Magnet",575.0,430.0,"Free/Reduced Lunch"
"610237",2019,"Ludwig Van Beethoven Elementary School",322.0,282.0,"Free/Reduced Lunch"
"610090",2019,"Phillip Murray Elementary Language Academy",495.0,303.0,"Free/Reduced Lunch"
"609987",2019,"Thomas A Hendricks Elementary Community Academy",238.0,210.0,"Free/Reduced Lunch"
"610143",2019,"William C Reavis Math & Science Specialty ES",257.0,205.0,"Free/Reduced Lunch"
"610142",2019,"William H Ray Elementary School",712.0,318.0,"Free/Reduced Lunch"
"609977",2019,"Woodlawn Community Elementary School",207.0,164.0,"Free/Reduced Lunch"
"610185",2019,"Adlai E Stevenson Elementary School",1210.0,993.0,"Free/Reduced Lunch"
"609788",2019,"Alice L Barnard Computer Math & Science Ctr ES",264.0,210.0,"Free/Reduced Lunch"
"610084",2019,"Annie Keller Regional Gifted Center",225.0,57.0,"Free/Reduced Lunch"
"610287",2019,"Ashburn Community Elementary School",452.0,324.0,"Free/Reduced Lunch"
"609871",2019,"Barbara Vick Early Childhood & Family Center",339.0,85.0,"Free/Reduced Lunch"
"610087",2019,"Blair Early Childhood Center",231.0,101.0,"Free/Reduced Lunch"
"609839",2019,"Carroll-Rosenwald Specialty Elementary School",489.0,389.0,"Free/Reduced Lunch"
"609879",2019,"Charles Gates Dawes Elementary School",964.0,874.0,"Free/Reduced Lunch"
"610347",2019,"Claremont Academy Elementary School",458.0,413.0,"Free/Reduced Lunch"
"610077",2019,"Donald Morrill Math & Science Elementary School",599.0,524.0,"Free/Reduced Lunch"
"610352",2019,"Durkin Park Elementary School",676.0,536.0,"Free/Reduced Lunch"
"610006",2019,"Edward N Hurley Elementary School",852.0,716.0,"Free/Reduced Lunch"
"610195",2019,"Elizabeth H Sutherland Elementary School",604.0,247.0,"Free/Reduced Lunch"
"609908",2019,"Esmond Elementary School",256.0,212.0,"Free/Reduced Lunch"
"610057",2019,"Fairfield Elementary Academy",562.0,511.0,"Free/Reduced Lunch"
"610067",2019,"Francis M McKay Elementary School",775.0,644.0,"Free/Reduced Lunch"
"609861",2019,"Henry R Clissold Elementary School",511.0,197.0,"Free/Reduced Lunch"
"609893",2019,"John C Dore Elementary School",701.0,309.0,"Free/Reduced Lunch"
"610207",2019,"John H Vanderpoel Elementary Magnet School",255.0,163.0,"Free/Reduced Lunch"
"610016",2019,"Kate S Kellogg Elementary School",269.0,101.0,"Free/Reduced Lunch"
"609807",2019,"Lionel Hampton Fine & Performing Arts ES",521.0,448.0,"Free/Reduced Lunch"
"610206",2019,"Mark Twain Elementary School",1086.0,820.0,"Free/Reduced Lunch"
"609832",2019,"Michael M Byrne Elementary School",687.0,366.0,"Free/Reduced Lunch"
"609960",2019,"Nathan Hale Elementary School",900.0,589.0,"Free/Reduced Lunch"
"609981",2019,"Phoebe Apperson Hearst Elementary School",356.0,299.0,"Free/Reduced Lunch"
"610588",2019,"Robert J. Richardson Middle School",1127.0,1064.0,"Free/Reduced Lunch"
"609956",2019,"Robert L Grimes Elementary School",442.0,336.0,"Free/Reduced Lunch"
"610109",2019,"William Bishop Owen Scholastic Academy ES",259.0,138.0,"Free/Reduced Lunch"
"609869",2019,"Anna R. Langford Community Academy",238.0,206.0,"Free/Reduced Lunch"
"610037",2019,"Arthur A Libby Elementary School",344.0,318.0,"Free/Reduced Lunch"
"609941",2019,"Asa Philip Randolph Elementary School",498.0,449.0,"Free/Reduced Lunch"
"610290",2019,"Benjamin E Mays Elementary Academy",400.0,339.0,"Free/Reduced Lunch"
"610238",2019,"Carrie Jacobs Bond Elementary School",268.0,222.0,"Free/Reduced Lunch"
"609986",2019,"Charles R Henderson Elementary School",280.0,236.0,"Free/Reduced Lunch"
"609897",2019,"Charles W Earle Elementary School",352.0,294.0,"Free/Reduced Lunch"
"609790",2019,"Clara Barton Elementary School",386.0,342.0,"Free/Reduced Lunch"
"610223",2019,"Daniel S Wentworth Elementary School",433.0,377.0,"Free/Reduced Lunch"
"610299",2019,"Dr. Martin L. King Jr Academy of Social Justice",229.0,196.0,"Free/Reduced Lunch"
"609924",2019,"Fort Dearborn Elementary School",358.0,294.0,"Free/Reduced Lunch"
"609927",2019,"Foster Park Elementary School",356.0,233.0,"Free/Reduced Lunch"
"610112",2019,"Francis W Parker Elementary Community Academy",504.0,430.0,"Free/Reduced Lunch"
"609864",2019,"John W Cook Elementary School",351.0,312.0,"Free/Reduced Lunch"
"610019",2019,"Joshua D Kershaw Elementary School",272.0,215.0,"Free/Reduced Lunch"
"609793",2019,"Lillian R. Nicholson STEM Academy",461.0,409.0,"Free/Reduced Lunch"
"610108",2019,"Luke O'Toole Elementary School",343.0,287.0,"Free/Reduced Lunch"
"610369",2019,"Mahalia Jackson Elementary School",383.0,331.0,"Free/Reduced Lunch"
"610362",2019,"Medgar Evers Elementary School",282.0,228.0,"Free/Reduced Lunch"
"610300",2019,"Oliver S Westcott Elementary School",400.0,325.0,"Free/Reduced Lunch"
"609997",2019,"Oliver Wendell Holmes Elementary School",137.0,110.0,"Free/Reduced Lunch"
"610003",2019,"Paul Cuffe Math-Science Technology Academy ES",304.0,252.0,"Free/Reduced Lunch"
"609791",2019,"Perkins Bass Elementary School",461.0,412.0,"Free/Reduced Lunch"
"610102",2019,"Richard J Oglesby Elementary School",483.0,422.0,"Free/Reduced Lunch"
"609929",2019,"Robert Fulton Elementary School",371.0,325.0,"Free/Reduced Lunch"
"609805",2019,"Scott Joplin Elementary School",431.0,366.0,"Free/Reduced Lunch"
"610521",2019,"Sir Miles Davis Magnet Elementary Academy",238.0,211.0,"Free/Reduced Lunch"
"609895",2019,"Turner-Drew Elementary Language Academy",212.0,156.0,"Free/Reduced Lunch"
"610032",2019,"Wendell E Green Elementary School",337.0,288.0,"Free/Reduced Lunch"
"610153",2019,"William H Ryder Math & Science Specialty ES",403.0,359.0,"Free/Reduced Lunch"
"610281",2019,"Adam Clayton Powell Paideia Community Academy ES",529.0,460.0,"Free/Reduced Lunch"
"610316",2019,"Amelia Earhart Options for Knowledge ES",222.0,157.0,"Free/Reduced Lunch"
"610171",2019,"Arnold Mireles Elementary Academy",450.0,407.0,"Free/Reduced Lunch"
"609887",2019,"Arthur Dixon Elementary School",562.0,445.0,"Free/Reduced Lunch"
"610268",2019,"Arthur R Ashe Elementary School",312.0,243.0,"Free/Reduced Lunch"
"609827",2019,"Burnside Elementary Scholastic Academy",413.0,344.0,"Free/Reduced Lunch"
"609813",2019,"Charles S Brownell Elementary School",183.0,162.0,"Free/Reduced Lunch"
"609815",2019,"Edward A Bouchet Math & Science Academy ES",616.0,539.0,"Free/Reduced Lunch"
"609862",2019,"Edward Coles Elementary Language Academy",388.0,330.0,"Free/Reduced Lunch"
"610124",2019,"Harold Washington Elementary School",316.0,286.0,"Free/Reduced Lunch"
"610279",2019,"Henry O Tanner Elementary School",316.0,270.0,"Free/Reduced Lunch"
"610052",2019,"Horace Mann Elementary School",333.0,286.0,"Free/Reduced Lunch"
"610066",2019,"James E McDade Elementary Classical School",192.0,60.0,"Free/Reduced Lunch"
"610047",2019,"James Madison Elementary School",202.0,181.0,"Free/Reduced Lunch"
"610200",2019,"James N Thorp Elementary School",309.0,270.0,"Free/Reduced Lunch"
"610093",2019,"Jane A Neil Elementary School",291.0,249.0,"Free/Reduced Lunch"
"610130",2019,"John T Pirie Fine Arts & Academic Center ES",233.0,200.0,"Free/Reduced Lunch"
"610218",2019,"Joseph Warren Elementary School",214.0,173.0,"Free/Reduced Lunch"
"610152",2019,"Martha Ruggles Elementary School",413.0,341.0,"Free/Reduced Lunch"
"609961",2019,"Ninos Heroes Elementary Academic Center",335.0,306.0,"Free/Reduced Lunch"
"610115",2019,"Park Manor Elementary School",240.0,217.0,"Free/Reduced Lunch"
"610116",2019,"Parkside Elementary Community Academy",273.0,215.0,"Free/Reduced Lunch"
"610146",2019,"Paul Revere Elementary School",242.0,212.0,"Free/Reduced Lunch"
"610350",2019,"Robert A Black Magnet Elementary School",424.0,321.0,"Free/Reduced Lunch"
"610530",2019,"South Shore Fine Arts Academy",354.0,294.0,"Free/Reduced Lunch"
"610178",2019,"Theophilus Schmid Elementary School",206.0,167.0,"Free/Reduced Lunch"
"610002",2019,"Thomas Hoyne Elementary School",236.0,172.0,"Free/Reduced Lunch"
"610193",2019,"William K New Sullivan Elementary School",519.0,459.0,"Free/Reduced Lunch"
"609808",2019,"Alex Haley Elementary Academy",529.0,443.0,"Free/Reduced Lunch"
"609821",2019,"Burnham Elementary Inclusive Academy",526.0,468.0,"Free/Reduced Lunch"
"610004",2019,"Countee Cullen Elementary School",201.0,181.0,"Free/Reduced Lunch"
"610198",2019,"Douglas Taylor Elementary School",417.0,370.0,"Free/Reduced Lunch"
"610188",2019,"Dunne Technology Academy",201.0,170.0,"Free/Reduced Lunch"
"610132",2019,"Edgar Allan Poe Elementary Classical School",196.0,93.0,"Free/Reduced Lunch"
"610315",2019,"Edward White Elementary Career Academy",158.0,129.0,"Free/Reduced Lunch"
"609917",2019,"Fernwood Elementary School",270.0,246.0,"Free/Reduced Lunch"
"609800",2019,"Frank I Bennett Elementary School",308.0,263.0,"Free/Reduced Lunch"
"610139",2019,"George M Pullman Elementary School",418.0,358.0,"Free/Reduced Lunch"
"609845",2019,"George Washington Carver Primary School",413.0,352.0,"Free/Reduced Lunch"
"610219",2019,"George Washington Elementary School",825.0,572.0,"Free/Reduced Lunch"
"609856",2019,"Henry Clay Elementary School",592.0,489.0,"Free/Reduced Lunch"
"609848",2019,"Ira F Aldridge Elementary School",186.0,160.0,"Free/Reduced Lunch"
"609943",2019,"Jesse Owens Elementary Community Academy",344.0,300.0,"Free/Reduced Lunch"
"610176",2019,"John D Shoop Math-Science Technical Academy ES",434.0,376.0,"Free/Reduced Lunch"
"610054",2019,"John L Marsh Elementary School",748.0,620.0,"Free/Reduced Lunch"
"610225",2019,"John Whistler Elementary School",359.0,292.0,"Free/Reduced Lunch"
"610199",2019,"Johnnie Colemon Elementary Academy",249.0,186.0,"Free/Reduced Lunch"
"610368",2019,"Langston Hughes Elementary School",471.0,338.0,"Free/Reduced Lunch"
"610128",2019,"Marcus Moziah Garvey Elementary School",286.0,245.0,"Free/Reduced Lunch"
"609935",2019,"Matthew Gallistel Elementary Language Academy",706.0,601.0,"Free/Reduced Lunch"
"610208",2019,"Mildred I Lavizzo Elementary School",359.0,314.0,"Free/Reduced Lunch"
"610086",2019,"Mount Vernon Elementary School",246.0,206.0,"Free/Reduced Lunch"
"609811",2019,"Orville T Bright Elementary School",297.0,259.0,"Free/Reduced Lunch"
"609902",2019,"Ralph H Metcalfe Elementary Community Academy",357.0,309.0,"Free/Reduced Lunch"
"610091",2019,"Ronald Brown Elementary Community Academy",355.0,300.0,"Free/Reduced Lunch"
"610586",2019,"Southeast Area Elementary School",594.0,497.0,"Free/Reduced Lunch"
"610295",2019,"Thomas J Higgins Elementary Community Academy",269.0,220.0,"Free/Reduced Lunch"
"609978",2019,"Wendell Smith Elementary School",334.0,297.0,"Free/Reduced Lunch"
"610364",2019,"William E B Dubois Elementary School",213.0,195.0,"Free/Reduced Lunch"
"609720",2019,"Albert G Lane Technical High School",4520.0,2093.0,"Free/Reduced Lunch"
"609729",2019,"Carl Schurz High School",1615.0,1476.0,"Free/Reduced Lunch"
"609732",2019,"Charles P Steinmetz College Preparatory HS",1233.0,1099.0,"Free/Reduced Lunch"
"610564",2019,"Disney II Magnet High School",717.0,422.0,"Free/Reduced Lunch"
"610515",2019,"Disney II Magnet School",442.0,139.0,"Free/Reduced Lunch"
"609708",2019,"Edwin G. Foreman College and Career Academy",759.0,711.0,"Free/Reduced Lunch"
"609737",2019,"Friedrich W von Steuben Metropolitan Science HS",1773.0,1317.0,"Free/Reduced Lunch"
"609766",2019,"Jacqueline B Vaughn Occupational High School",225.0,174.0,"Free/Reduced Lunch"
"609716",2019,"Kelvyn Park High School",408.0,376.0,"Free/Reduced Lunch"
"609719",2019,"Lake View High School",1385.0,1101.0,"Free/Reduced Lunch"
"609730",2019,"Nicholas Senn High School",1420.0,1133.0,"Free/Reduced Lunch"
"609744",2019,"Northside Learning Center High School",219.0,190.0,"Free/Reduced Lunch"
"609769",2019,"Ray Graham Training Center High School",114.0,105.0,"Free/Reduced Lunch"
"609733",2019,"Roger C Sullivan High School",660.0,576.0,"Free/Reduced Lunch"
"609724",2019,"Stephen T Mather High School",1490.0,1284.0,"Free/Reduced Lunch"
"609728",2019,"Theodore Roosevelt High School",962.0,897.0,"Free/Reduced Lunch"
"610394",2019,"Uplift Community High School",162.0,151.0,"Free/Reduced Lunch"
"609734",2019,"William Howard Taft High School",3432.0,1817.0,"Free/Reduced Lunch"
"610334",2019,"Al Raby High School",346.0,338.0,"Free/Reduced Lunch"
"610518",2019,"Austin College and Career Academy High School",211.0,205.0,"Free/Reduced Lunch"
"609679",2019,"Charles Allen Prosser Career Academy High School",1329.0,1246.0,"Free/Reduced Lunch"
"610245",2019,"Frederick A Douglass Academy High School",62.0,60.0,"Free/Reduced Lunch"
"609693",2019,"George Westinghouse College Prep",1202.0,987.0,"Free/Reduced Lunch"
"610383",2019,"Greater Lawndale High School For Social Justice",302.0,285.0,"Free/Reduced Lunch"
"609694",2019,"John Hancock College Preparatory High School",1013.0,859.0,"Free/Reduced Lunch"
"609723",2019,"John Marshall Metropolitan High School",258.0,246.0,"Free/Reduced Lunch"
"609722",2019,"Manley Career Academy High School",83.0,69.0,"Free/Reduced Lunch"
"609756",2019,"Marie Sklodowska Curie Metropolitan High School",2913.0,2700.0,"Free/Reduced Lunch"
"610244",2019,"Michele Clark Academic Prep Magnet High School",525.0,446.0,"Free/Reduced Lunch"
"610385",2019,"Multicultural Academy of Scholarship",218.0,206.0,"Free/Reduced Lunch"
"609691",2019,"North-Grand High School",993.0,934.0,"Free/Reduced Lunch"
"610529",2019,"Ogden International High School",597.0,396.0,"Free/Reduced Lunch"
"610561",2019,"Richard T Crane Medical Preparatory HS",433.0,374.0,"Free/Reduced Lunch"
"609759",2019,"Roberto Clemente Community Academy High School",703.0,657.0,"Free/Reduced Lunch"
"609750",2019,"Simpson Academy HS for Young Women",32.0,30.0,"Free/Reduced Lunch"
"609740",2019,"Wells Community Academy High School",365.0,324.0,"Free/Reduced Lunch"
"610101",2019,"William B Ogden Elementary School",1343.0,544.0,"Free/Reduced Lunch"
"610392",2019,"World Language Academy High School",355.0,334.0,"Free/Reduced Lunch"
"610513",2019,"Air Force Academy High School",198.0,173.0,"Free/Reduced Lunch"
"609748",2019,"Consuella B York Alternative HS",183.0,167.0,"Free/Reduced Lunch"
"609704",2019,"David G Farragut Career Academy High School",668.0,633.0,"Free/Reduced Lunch"
"609735",2019,"Edward Tilden Career Community Academy HS",217.0,204.0,"Free/Reduced Lunch"
"609682",2019,"Ellen H Richards Career Academy High School",224.0,202.0,"Free/Reduced Lunch"
"609709",2019,"Gage Park High School",349.0,325.0,"Free/Reduced Lunch"
"609741",2019,"Gurdon S Hubbard High School",1706.0,1598.0,"Free/Reduced Lunch"
"609768",2019,"Hope College Preparatory High School",22.0,21.0,"Free/Reduced Lunch"
"609718",2019,"John F Kennedy High School",1610.0,1195.0,"Free/Reduced Lunch"
"609725",2019,"Morgan Park High School",1237.0,1075.0,"Free/Reduced Lunch"
"609783",2019,"Nancy B Jefferson Alternative HS",192.0,178.0,"Free/Reduced Lunch"
"609762",2019,"Percy L Julian High School",456.0,434.0,"Free/Reduced Lunch"
"610391",2019,"Robert Lindblom Math & Science Academy HS",1362.0,901.0,"Free/Reduced Lunch"
"610558",2019,"Sarah E. Goode STEM Academy",919.0,814.0,"Free/Reduced Lunch"
"610357",2019,"Spry Community Links High School",126.0,122.0,"Free/Reduced Lunch"
"609715",2019,"Thomas Kelly High School",1918.0,1784.0,"Free/Reduced Lunch"
"609698",2019,"William J Bogan High School",838.0,768.0,"Free/Reduced Lunch"
"609711",2019,"William Rainey Harper High School",87.0,85.0,"Free/Reduced Lunch"
"610323",2019,"Bowen High School",255.0,223.0,"Free/Reduced Lunch"
"610381",2019,"Bronzeville Scholastic Academy High School",218.0,207.0,"Free/Reduced Lunch"
"609754",2019,"Chicago Military Academy High School",299.0,279.0,"Free/Reduced Lunch"
"609674",2019,"Chicago Vocational Career Academy High School",894.0,834.0,"Free/Reduced Lunch"
"609705",2019,"Christian Fenger Academy High School",203.0,190.0,"Free/Reduced Lunch"
"610380",2019,"Daniel Hale Williams Prep School of Medicine",177.0,171.0,"Free/Reduced Lunch"
"609751",2019,"Dr  Martin Luther King  Jr  College Prep HS",516.0,417.0,"Free/Reduced Lunch"
"609712",2019,"Emil G Hirsch Metropolitan High School",103.0,101.0,"Free/Reduced Lunch"
"609761",2019,"George H Corliss High School",277.0,243.0,"Free/Reduced Lunch"
"609760",2019,"George Washington Carver Military Academy HS",483.0,449.0,"Free/Reduced Lunch"
"609739",2019,"George Washington High School",1445.0,1303.0,"Free/Reduced Lunch"
"609726",2019,"Gwendolyn Brooks College Preparatory Academy HS",986.0,669.0,"Free/Reduced Lunch"
"609713",2019,"Hyde Park Academy High School",798.0,762.0,"Free/Reduced Lunch"
"609710",2019,"John M Harlan Community Academy High School",327.0,308.0,"Free/Reduced Lunch"
"609746",2019,"Kenwood Academy High School",1863.0,1104.0,"Free/Reduced Lunch"
"609692",2019,"Neal F Simeon Career Academy High School",1345.0,1231.0,"Free/Reduced Lunch"
"609676",2019,"Paul Laurence Dunbar Career Academy High School",320.0,312.0,"Free/Reduced Lunch"
"610547",2019,"South Shore Intl College Prep High School",657.0,553.0,"Free/Reduced Lunch"
"610339",2019,"Amos Alonzo Stagg Elementary School",402.0,338.0,"Free/Reduced Lunch"
"610106",2019,"Brian Piccolo Elementary Specialty School",585.0,526.0,"Free/Reduced Lunch"
"609883",2019,"Charles S Deneen Elementary School",502.0,453.0,"Free/Reduced Lunch"
"610248",2019,"Chicago Academy Elementary School",542.0,391.0,"Free/Reduced Lunch"
"610340",2019,"Chicago Academy High School",560.0,465.0,"Free/Reduced Lunch"
"610499",2019,"Collins Academy High School",222.0,220.0,"Free/Reduced Lunch"
"609885",2019,"Dewey Elementary Academy of Fine Arts",398.0,343.0,"Free/Reduced Lunch"
"610254",2019,"Dvorak Technology Academy",393.0,345.0,"Free/Reduced Lunch"
"610543",2019,"Eric Solorio Academy High School",1195.0,1117.0,"Free/Reduced Lunch"
"609900",2019,"George W Curtis Elementary School",510.0,441.0,"Free/Reduced Lunch"
"610103",2019,"Isabelle C O'Keeffe Elementary School",614.0,552.0,"Free/Reduced Lunch"
"610274",2019,"James Weldon Johnson Elementary School",382.0,340.0,"Free/Reduced Lunch"
"610263",2019,"John Foster Dulles Elementary School",706.0,632.0,"Free/Reduced Lunch"
"609971",2019,"John Harvard Elementary School of Excellence",367.0,317.0,"Free/Reduced Lunch"
"610000",2019,"Julia Ward Howe Elementary School of Excellence",427.0,379.0,"Free/Reduced Lunch"
"610036",2019,"Leslie Lewis Elementary School",462.0,427.0,"Free/Reduced Lunch"
"610053",2019,"Marquette Elementary School",1059.0,943.0,"Free/Reduced Lunch"
"609928",2019,"Melville W Fuller Elementary School",389.0,356.0,"Free/Reduced Lunch"
"610257",2019,"Morton School of Excellence",277.0,239.0,"Free/Reduced Lunch"
"609806",2019,"Myra Bradwell Communications Arts & Sciences ES",494.0,434.0,"Free/Reduced Lunch"
"610231",2019,"National Teachers Elementary Academy",735.0,519.0,"Free/Reduced Lunch"
"610389",2019,"Orr Academy High School",225.0,208.0,"Free/Reduced Lunch"
"610021",2019,"Pablo Casals Elementary School",421.0,372.0,"Free/Reduced Lunch"
"610282",2019,"Ronald E McNair Elementary School",389.0,355.0,"Free/Reduced Lunch"
"610396",2019,"Tarkington School of Excellence ES",949.0,831.0,"Free/Reduced Lunch"
"609991",2019,"Theodore Herzl Elementary School",560.0,486.0,"Free/Reduced Lunch"
"609851",2019,"Thomas Chalmers Specialty Elementary School",333.0,299.0,"Free/Reduced Lunch"
"609955",2019,"Walter Q Gresham Elementary School",325.0,296.0,"Free/Reduced Lunch"
"609727",2019,"Wendell Phillips Academy High School",770.0,719.0,"Free/Reduced Lunch"
"610172",2019,"William T Sherman Elementary School",261.0,232.0,"Free/Reduced Lunch"
"609844",2019,"William W Carter Elementary School",356.0,329.0,"Free/Reduced Lunch"
"610038",2019,"Abraham Lincoln Elementary School",956.0,141.0,"Free/Reduced Lunch"
"610342",2019,"Albert R Sabin Elementary Magnet School",542.0,442.0,"Free/Reduced Lunch"
"610098",2019,"Alfred Nobel Elementary School",692.0,615.0,"Free/Reduced Lunch"
"609837",2019,"Andrew Carnegie Elementary School",637.0,495.0,"Free/Reduced Lunch"
"609951",2019,"Ariel Elementary Community Academy",514.0,404.0,"Free/Reduced Lunch"
"609820",2019,"Augustus H Burley Elementary School",552.0,83.0,"Free/Reduced Lunch"
"609786",2019,"Avalon Park Elementary School",268.0,233.0,"Free/Reduced Lunch"
"610563",2019,"Back of the Yards IB HS",1069.0,1023.0,"Free/Reduced Lunch"
"609922",2019,"Belmont-Cragin Elementary School",446.0,350.0,"Free/Reduced Lunch"
"609764",2019,"Benito Juarez Community Academy High School",1708.0,1631.0,"Free/Reduced Lunch"
"610076",2019,"Bernhard Moos Elementary School",434.0,370.0,"Free/Reduced Lunch"
"610039",2019,"Carl von Linne Elementary School",662.0,502.0,"Free/Reduced Lunch"
"610148",2019,"Cesar E Chavez Multicultural Academic Center ES",932.0,852.0,"Free/Reduced Lunch"
"610366",2019,"Charles H Wacker Elementary School",265.0,211.0,"Free/Reduced Lunch"
"609996",2019,"Charles N Holden Elementary School",474.0,401.0,"Free/Reduced Lunch"
"609833",2019,"Charles P Caldwell Academy of Math & Science ES",269.0,216.0,"Free/Reduced Lunch"
"609875",2019,"Charles R Darwin Elementary School",537.0,438.0,"Free/Reduced Lunch"
"609753",2019,"Chicago High School for Agricultural Sciences",768.0,328.0,"Free/Reduced Lunch"
"609899",2019,"Christian Ebinger Elementary School",864.0,141.0,"Free/Reduced Lunch"
"609863",2019,"Christopher Columbus Elementary School",264.0,190.0,"Free/Reduced Lunch"
"609870",2019,"Daniel J Corkery Elementary School",468.0,403.0,"Free/Reduced Lunch"
"609835",2019,"Daniel R Cameron Elementary School",763.0,687.0,"Free/Reduced Lunch"
"610402",2019,"DeVry University Advantage Academy HS",173.0,123.0,"Free/Reduced Lunch"
"610533",2019,"Dr Jorge Prieto Math and Science",953.0,871.0,"Free/Reduced Lunch"
"609852",2019,"Eliza Chappell Elementary School",552.0,331.0,"Free/Reduced Lunch"
"609973",2019,"Emiliano Zapata Elementary Academy",718.0,632.0,"Free/Reduced Lunch"
"610203",2019,"Enrico Tonti Elementary School",967.0,784.0,"Free/Reduced Lunch"
"610541",2019,"Federico Garcia Lorca Elementary School",761.0,670.0,"Free/Reduced Lunch"
"610120",2019,"Ferdinand Peck Elementary School",936.0,709.0,"Free/Reduced Lunch"
"609939",2019,"Frank L Gillespie Elementary School",465.0,413.0,"Free/Reduced Lunch"
"609958",2019,"Frank W Gunsaulus Elementary Scholastic Academy",805.0,653.0,"Free/Reduced Lunch"
"609926",2019,"Franklin Elementary Fine Arts Center",363.0,151.0,"Free/Reduced Lunch"
"610062",2019,"George B McClellan Elementary School",340.0,276.0,"Free/Reduced Lunch"
"609849",2019,"George F Cassell Elementary School",381.0,79.0,"Free/Reduced Lunch"
"609795",2019,"George Rogers Clark Elementary School",219.0,186.0,"Free/Reduced Lunch"
"609985",2019,"Helen M Hefferan Elementary School",358.0,293.0,"Free/Reduced Lunch"
"610040",2019,"Henry D Lloyd Elementary School",985.0,817.0,"Free/Reduced Lunch"
"610390",2019,"Hyman G Rickover Naval Academy High School",458.0,410.0,"Free/Reduced Lunch"
"610384",2019,"Infinity Math Science and Technology High School",408.0,395.0,"Free/Reduced Lunch"
"610213",2019,"James Wadsworth Elementary School",539.0,469.0,"Free/Reduced Lunch"
"610217",2019,"James Ward Elementary School",555.0,432.0,"Free/Reduced Lunch"
"609772",2019,"Jane Addams Elementary School",678.0,555.0,"Free/Reduced Lunch"
"610173",2019,"Jesse Sherwood Elementary School",290.0,252.0,"Free/Reduced Lunch"
"609789",2019,"John Barry Elementary School",614.0,537.0,"Free/Reduced Lunch"
"609829",2019,"John C Burroughs Elementary School",445.0,388.0,"Free/Reduced Lunch"
"609898",2019,"John F Eberhart Elementary School",1278.0,1130.0,"Free/Reduced Lunch"
"610026",2019,"John H Kinzie Elementary School",687.0,402.0,"Free/Reduced Lunch"
"610242",2019,"Joseph Brennemann Elementary School",414.0,315.0,"Free/Reduced Lunch"
"610015",2019,"Joseph Jungman Elementary School",283.0,242.0,"Free/Reduced Lunch"
"610129",2019,"Josiah Pickard Elementary School",442.0,392.0,"Free/Reduced Lunch"
"610520",2019,"LaSalle II Magnet Elementary School",586.0,204.0,"Free/Reduced Lunch"
"610024",2019,"Lazaro Cardenas Elementary School",1156.0,1037.0,"Free/Reduced Lunch"
"610298",2019,"Lenart Elementary Regional Gifted Center",267.0,86.0,"Free/Reduced Lunch"
"609738",2019,"Lincoln Park High School",2105.0,1112.0,"Free/Reduced Lunch"
"609834",2019,"Little Village Elementary School",748.0,679.0,"Free/Reduced Lunch"
"609773",2019,"Louis A Agassiz Elementary School",500.0,171.0,"Free/Reduced Lunch"
"610117",2019,"Louis Pasteur Elementary School",624.0,530.0,"Free/Reduced Lunch"
"609817",2019,"Lyman A Budlong Elementary School",720.0,484.0,"Free/Reduced Lunch"
"610197",2019,"Mancel Talcott Elementary School",472.0,350.0,"Free/Reduced Lunch"
"610544",2019,"Mariano Azuela Elementary School",889.0,709.0,"Free/Reduced Lunch"
"609780",2019,"Marine Leadership Academy at Ames",849.0,816.0,"Free/Reduced Lunch"
"610081",2019,"Mark Sheridan Math & Science Academy",561.0,246.0,"Free/Reduced Lunch"
"610177",2019,"Mark Skinner Elementary School",1217.0,299.0,"Free/Reduced Lunch"
"610312",2019,"Mary E McDowell Elementary School",154.0,123.0,"Free/Reduced Lunch"
"610082",2019,"Mount Greenwood Elementary School",1182.0,157.0,"Free/Reduced Lunch"
"609749",2019,"Northside College Preparatory High School",1091.0,495.0,"Free/Reduced Lunch"
"610201",2019,"Ole A Thorp Elementary Scholastic Academy",850.0,376.0,"Free/Reduced Lunch"
"610386",2019,"Peace & Education Coalition HS",103.0,97.0,"Free/Reduced Lunch"
"610147",2019,"Philip Rogers Elementary School",746.0,519.0,"Free/Reduced Lunch"
"610304",2019,"Phoenix Military Academy High School",547.0,506.0,"Free/Reduced Lunch"
"609842",2019,"Rachel Carson Elementary School",1003.0,897.0,"Free/Reduced Lunch"
"610141",2019,"Ravenswood Elementary School",549.0,198.0,"Free/Reduced Lunch"
"609903",2019,"Richard Edwards Elementary School",1461.0,1206.0,"Free/Reduced Lunch"
"610291",2019,"Richard Henry Lee Elementary School",810.0,694.0,"Free/Reduced Lunch"
"609695",2019,"Roald Amundsen High School",1291.0,999.0,"Free/Reduced Lunch"
"610027",2019,"Rudyard Kipling Elementary School",286.0,215.0,"Free/Reduced Lunch"
"610250",2019,"Rueben Salazar Elementary Bilingual Center",324.0,262.0,"Free/Reduced Lunch"
"610155",2019,"Sauganash Elementary School",627.0,152.0,"Free/Reduced Lunch"
"609990",2019,"South Loop Elementary School",798.0,240.0,"Free/Reduced Lunch"
"609745",2019,"Southside Occupational Academy High School",304.0,262.0,"Free/Reduced Lunch"
"610548",2019,"STEM Magnet Academy",434.0,169.0,"Free/Reduced Lunch"
"610249",2019,"Talman Elementary School",389.0,353.0,"Free/Reduced Lunch"
"610504",2019,"Velma F Thomas Early Childhood Center",165.0,72.0,"Free/Reduced Lunch"
"609944",2019,"Virgil Grissom Elementary School",330.0,196.0,"Free/Reduced Lunch"
"610363",2019,"Walt Disney Magnet Elementary School",1521.0,915.0,"Free/Reduced Lunch"
"610587",2019,"Walter Henri Dyett High School for the Arts",484.0,429.0,"Free/Reduced Lunch"
"609680",2019,"Walter Payton College Preparatory High School",1153.0,362.0,"Free/Reduced Lunch"
"610179",2019,"Washington D Smyser Elementary School",866.0,610.0,"Free/Reduced Lunch"
"610542",2019,"West Ridge Elementary School",808.0,635.0,"Free/Reduced Lunch"
"609755",2019,"Whitney M Young Magnet High School",2211.0,872.0,"Free/Reduced Lunch"
"609945",2019,"William C. Goudy Technology Academy",701.0,585.0,"Free/Reduced Lunch"
"609678",2019,"William Jones College Preparatory High School",1916.0,728.0,"Free/Reduced Lunch"
"400009",2019,"Academy for Global Citizenship Charter School",468.0,310.0,"Free/Reduced Lunch"
"400081",2019,"Acero Charter Schools - Bartolomé de las Casas",264.0,234.0,"Free/Reduced Lunch"
"400153",2019,"Acero Charter Schools - Brighton Park",559.0,510.0,"Free/Reduced Lunch"
"400082",2019,"Acero Charter Schools - Carlos Fuentes",542.0,468.0,"Free/Reduced Lunch"
"400114",2019,"Acero Charter Schools - Esmeralda Santiago",276.0,235.0,"Free/Reduced Lunch"
"400112",2019,"Acero Charter Schools - Jovita Idar",560.0,490.0,"Free/Reduced Lunch"
"400085",2019,"Acero Charter Schools - Major Hector P. Garcia MD",625.0,586.0,"Free/Reduced Lunch"
"400083",2019,"Acero Charter Schools - Octavio Paz Campus",319.0,292.0,"Free/Reduced Lunch"
"400089",2019,"Acero Charter Schools - Officer Donald J. Marquez",570.0,498.0,"Free/Reduced Lunch"
"400080",2019,"Acero Charter Schools - PFC Omar E. Torres",610.0,511.0,"Free/Reduced Lunch"
"400120",2019,"Acero Charter Schools - Roberto Clemente",532.0,473.0,"Free/Reduced Lunch"
"400084",2019,"Acero Charter Schools - Rufino Tamayo",288.0,259.0,"Free/Reduced Lunch"
"400101",2019,"Acero Charter Schools - Sandra Cisneros",520.0,474.0,"Free/Reduced Lunch"
"400121",2019,"Acero Charter Schools - Sor Juana Inés de la Cruz",661.0,564.0,"Free/Reduced Lunch"
"400079",2019,"Acero Charter Schools - SPC Daniel Zizumbo",626.0,539.0,"Free/Reduced Lunch"
"400149",2019,"Acero Charter Schools - Victoria Soto",543.0,517.0,"Free/Reduced Lunch"
"400011",2019,"Alain Locke Charter School",471.0,399.0,"Free/Reduced Lunch"
"400060",2019,"Asian Human Services - Passages Charter School",427.0,293.0,"Free/Reduced Lunch"
"400172",2019,"ASPIRA Business and Finance",645.0,614.0,"Free/Reduced Lunch"
"400013",2019,"ASPIRA Charter School - Early College High School",346.0,328.0,"Free/Reduced Lunch"
"400017",2019,"ASPIRA Charter School - Haugan Middle School",309.0,293.0,"Free/Reduced Lunch"
"400115",2019,"Catalyst - Maria Charter School",1101.0,1000.0,"Free/Reduced Lunch"
"400021",2019,"Catalyst Elementary Charter School - Circle Rock",519.0,447.0,"Free/Reduced Lunch"
"400161",2019,"Chicago Collegiate Charter School",386.0,349.0,"Free/Reduced Lunch"
"400035",2019,"Chicago Math and Science Academy Charter School",604.0,536.0,"Free/Reduced Lunch"
"400036",2019,"Chicago Virtual Charter School",682.0,508.0,"Free/Reduced Lunch"
"400159",2019,"Christopher House Charter School",383.0,350.0,"Free/Reduced Lunch"
"400023",2019,"CICS - Avalon/South Shore",449.0,390.0,"Free/Reduced Lunch"
"400024",2019,"CICS - Basil",711.0,621.0,"Free/Reduced Lunch"
"400025",2019,"CICS - Bucktown",675.0,495.0,"Free/Reduced Lunch"
"400113",2019,"CICS - ChicagoQuest North",236.0,225.0,"Free/Reduced Lunch"
"400027",2019,"CICS - Irving Park",557.0,331.0,"Free/Reduced Lunch"
"400092",2019,"CICS - Lloyd Bond",367.0,316.0,"Free/Reduced Lunch"
"400033",2019,"CICS - Longwood",1288.0,1171.0,"Free/Reduced Lunch"
"400026",2019,"CICS - Loomis Primary",547.0,390.0,"Free/Reduced Lunch"
"400034",2019,"CICS - Northtown",920.0,741.0,"Free/Reduced Lunch"
"400028",2019,"CICS - Prairie",425.0,390.0,"Free/Reduced Lunch"
"400032",2019,"CICS - Ralph Ellison",349.0,329.0,"Free/Reduced Lunch"
"400029",2019,"CICS - Washington Park",474.0,421.0,"Free/Reduced Lunch"
"400030",2019,"CICS - West Belden",533.0,451.0,"Free/Reduced Lunch"
"400031",2019,"CICS - Wrightwood",751.0,636.0,"Free/Reduced Lunch"
"400094",2019,"EPIC Academy Charter High School",547.0,513.0,"Free/Reduced Lunch"
"400039",2019,"Erie Elementary Charter School",413.0,339.0,"Free/Reduced Lunch"
"400171",2019,"Foundations College Preparatory Charter School",263.0,250.0,"Free/Reduced Lunch"
"400040",2019,"Frazier Preparatory Academy Charter School",322.0,277.0,"Free/Reduced Lunch"
"400168",2019,"Great Lakes Academy Charter School",337.0,259.0,"Free/Reduced Lunch"
"400167",2019,"Horizon Science Academy Southwest Chicago Charter",735.0,677.0,"Free/Reduced Lunch"
"400104",2019,"Instituto Health Sciences Career Academy",743.0,729.0,"Free/Reduced Lunch"
"400162",2019,"Intrinsic Charter School",1015.0,875.0,"Free/Reduced Lunch"
"400146",2019,"KIPP Academy Chicago Campus",387.0,361.0,"Free/Reduced Lunch"
"400044",2019,"KIPP Ascend Charter School",921.0,834.0,"Free/Reduced Lunch"
"400163",2019,"KIPP Chicago Charter School - KIPP Bloom",484.0,401.0,"Free/Reduced Lunch"
"400180",2019,"KIPP One Academy",655.0,577.0,"Free/Reduced Lunch"
"400045",2019,"Kwame Nkrumah Academy Charter School",197.0,166.0,"Free/Reduced Lunch"
"400047",2019,"L.E.A.R.N. - Charles and Dorothy Campbell Campus",408.0,382.0,"Free/Reduced Lunch"
"400048",2019,"L.E.A.R.N. - Excel Campus",438.0,392.0,"Free/Reduced Lunch"
"400111",2019,"L.E.A.R.N. - Hunter Perkins Campus",502.0,409.0,"Free/Reduced Lunch"
"400165",2019,"L.E.A.R.N. - Middle School Campus",273.0,266.0,"Free/Reduced Lunch"
"400046",2019,"L.E.A.R.N. - Romano Butler Campus",558.0,499.0,"Free/Reduced Lunch"
"400107",2019,"L.E.A.R.N. - South Chicago Campus",420.0,378.0,"Free/Reduced Lunch"
"400151",2019,"L.E.A.R.N. Charter School - 7th Campus",214.0,198.0,"Free/Reduced Lunch"
"400049",2019,"Legacy Charter School",469.0,411.0,"Free/Reduced Lunch"
"400119",2019,"Legal Prep Charter Academy",345.0,334.0,"Free/Reduced Lunch"
"400178",2019,"Moving Everest Charter School",444.0,366.0,"Free/Reduced Lunch"
"400050",2019,"Namaste Charter School",481.0,364.0,"Free/Reduced Lunch"
"400157",2019,"Noble - Baker College Prep",231.0,213.0,"Free/Reduced Lunch"
"400156",2019,"Noble - Butler College Prep",676.0,614.0,"Free/Reduced Lunch"
"400097",2019,"Noble - Chicago Bulls College Prep",1165.0,1055.0,"Free/Reduced Lunch"
"400118",2019,"Noble - DRW College Prep",357.0,341.0,"Free/Reduced Lunch"
"400052",2019,"Noble - Gary Comer College Prep",1191.0,1032.0,"Free/Reduced Lunch"
"400053",2019,"Noble - Golder College Prep",671.0,603.0,"Free/Reduced Lunch"
"400117",2019,"Noble - Hansberry College Prep",567.0,494.0,"Free/Reduced Lunch"
"400169",2019,"Noble - ITW David Speer Academy",1085.0,981.0,"Free/Reduced Lunch"
"400106",2019,"Noble - John and Eunice Johnson College Prep",776.0,740.0,"Free/Reduced Lunch"
"400098",2019,"Noble - Muchin College Prep",974.0,831.0,"Free/Reduced Lunch"
"400051",2019,"Noble - Noble College Prep",669.0,572.0,"Free/Reduced Lunch"
"400054",2019,"Noble - Pritzker College Prep",978.0,920.0,"Free/Reduced Lunch"
"400055",2019,"Noble - Rauner College Prep",618.0,520.0,"Free/Reduced Lunch"
"400056",2019,"Noble - Rowe-Clark Math and Science Academy",405.0,385.0,"Free/Reduced Lunch"
"400170",2019,"Noble - The Noble Academy",443.0,379.0,"Free/Reduced Lunch"
"400057",2019,"Noble - UIC College Prep",932.0,797.0,"Free/Reduced Lunch"
"400179",2019,"Noble Mansueto High School",799.0,740.0,"Free/Reduced Lunch"
"400058",2019,"North Lawndale College Prep - Christiana",373.0,362.0,"Free/Reduced Lunch"
"400059",2019,"North Lawndale College Prep - Collins",364.0,339.0,"Free/Reduced Lunch"
"400062",2019,"Perspectives - High School of Technology",316.0,289.0,"Free/Reduced Lunch"
"400061",2019,"Perspectives - Leadership Academy",406.0,376.0,"Free/Reduced Lunch"
"400066",2019,"Perspectives - Math and Science Academy",497.0,455.0,"Free/Reduced Lunch"
"400064",2019,"Perspectives - Rodney D. Joslin",383.0,322.0,"Free/Reduced Lunch"
"400069",2019,"Polaris Charter Academy",448.0,398.0,"Free/Reduced Lunch"
"400071",2019,"Providence Englewood Charter School",467.0,400.0,"Free/Reduced Lunch"
"400096",2019,"Rowe Elementary Charter School",1008.0,834.0,"Free/Reduced Lunch"
"400116",2019,"The Montessori School of Englewood Charter",334.0,254.0,"Free/Reduced Lunch"
"400078",2019,"University of Chicago - Carter G. Woodson",85.0,71.0,"Free/Reduced Lunch"
"400075",2019,"University of Chicago - Donoghue",540.0,383.0,"Free/Reduced Lunch"
"400076",2019,"University of Chicago - North Kenwood/Oakland",349.0,231.0,"Free/Reduced Lunch"
"400077",2019,"University of Chicago - Woodlawn",625.0,513.0,"Free/Reduced Lunch"
"400105",2019,"Urban Prep Academy for Young Men - Bronzeville",340.0,287.0,"Free/Reduced Lunch"
"400086",2019,"Urban Prep Academy for Young Men - Englewood",260.0,215.0,"Free/Reduced Lunch"
"400102",2019,"Urban Prep Charter Academy for Young Men - West",176.0,156.0,"Free/Reduced Lunch"
"400087",2019,"Young Women's Leadership Charter School",160.0,147.0,"Free/Reduced Lunch"
"400022",2019,"Chicago High School for the Arts (ChiArts)",613.0,287.0,"Free/Reduced Lunch"
"400091",2019,"Chicago Technology Academy High School",269.0,249.0,"Free/Reduced Lunch"
"400043",2019,"Hope Institute Learning Academy",333.0,275.0,"Free/Reduced Lunch"
"400068",2019,"Plato Learning Academy",283.0,260.0,"Free/Reduced Lunch"
"610581",2019,"Bridgescape Academy Brainerd",106.0,96.0,"Free/Reduced Lunch"
"610580",2019,"Bridgescape Academy Humboldt Park",99.0,94.0,"Free/Reduced Lunch"
"610567",2019,"Bridgescape Academy Roseland",123.0,105.0,"Free/Reduced Lunch"
"610566",2019,"Bridgscape Academy Lawndale",85.0,81.0,"Free/Reduced Lunch"
"400147",2019,"Camelot - Chicago Excel Academy",300.0,275.0,"Free/Reduced Lunch"
"610565",2019,"Camelot Excel - Englewood HS",277.0,265.0,"Free/Reduced Lunch"
"400175",2019,"Camelot Excel - Southshore HS",231.0,219.0,"Free/Reduced Lunch"
"400176",2019,"Camelot Excel - Southwest HS",124.0,119.0,"Free/Reduced Lunch"
"610572",2019,"Camelot Safe Elementary",1.0,1.0,"Free/Reduced Lunch"
"610573",2019,"Camelot Safe HS",5.0,5.0,"Free/Reduced Lunch"
"400164",2019,"Instituto - Justice Lozano",91.0,86.0,"Free/Reduced Lunch"
"400137",2019,"Little Black Pearl Art and Design Academy",110.0,98.0,"Free/Reduced Lunch"
"610569",2019,"Ombudsman Chicago- Northwest",245.0,202.0,"Free/Reduced Lunch"
"610570",2019,"Ombudsman Chicago- South",443.0,413.0,"Free/Reduced Lunch"
"610571",2019,"Ombudsman Chicago- West",325.0,300.0,"Free/Reduced Lunch"
"610557",2019,"Pathways in Education- Ashburn",266.0,235.0,"Free/Reduced Lunch"
"610568",2019,"Pathways in Education- Avondale",271.0,245.0,"Free/Reduced Lunch"
"400173",2019,"Pathways in Education- Brighton Park",354.0,312.0,"Free/Reduced Lunch"
"400123",2019,"YCCS- Academy of Scholastic Achievement HS",168.0,156.0,"Free/Reduced Lunch"
"400133",2019,"YCCS- Innovations HS of Arts Integration",406.0,386.0,"Free/Reduced Lunch"
"400124",2019,"YCCS- McKinley Lakeside Leadership HS",156.0,154.0,"Free/Reduced Lunch"
"400125",2019,"YCCS-ASPIRA,Antonia Pantoja Alternative HS",173.0,149.0,"Free/Reduced Lunch"
"400126",2019,"YCCS-Association House HS",129.0,125.0,"Free/Reduced Lunch"
"400127",2019,"YCCS-Austin Career Education Center HS",108.0,103.0,"Free/Reduced Lunch"
"400128",2019,"YCCS-CCA Academy HS",153.0,148.0,"Free/Reduced Lunch"
"400150",2019,"YCCS-Chatham AcademyHS",174.0,148.0,"Free/Reduced Lunch"
"400130",2019,"YCCS-Community Youth Development Institute HS",138.0,135.0,"Free/Reduced Lunch"
"400131",2019,"YCCS-Dr. Pedro Albizu Campos Puerto Rican HS",186.0,175.0,"Free/Reduced Lunch"
"400134",2019,"YCCS-Jane Addams Alternative HS",211.0,200.0,"Free/Reduced Lunch"
"400135",2019,"YCCS-Latino Youth Alternative HS",219.0,207.0,"Free/Reduced Lunch"
"400136",2019,"YCCS-Olive Harvey Middle College HS",101.0,89.0,"Free/Reduced Lunch"
"400129",2019,"YCCS-Progressive Leadership Academy",186.0,174.0,"Free/Reduced Lunch"
"400139",2019,"YCCS-Sullivan House Alternative HS",326.0,309.0,"Free/Reduced Lunch"
"400141",2019,"YCCS-Truman Middle College HS",222.0,184.0,"Free/Reduced Lunch"
"400143",2019,"YCCS-West Town Acad Alternative HS",176.0,162.0,"Free/Reduced Lunch"
"400144",2019,"YCCS-Westside Holistic Leadership Acad HS",156.0,146.0,"Free/Reduced Lunch"
"400145",2019,"YCCS-Youth Connection Leadership Acad HS",221.0,209.0,"Free/Reduced Lunch"
"610212",2020,"Albany Park Multicultural Academy",252.0,230.0,"Free/Reduced Lunch"
"610209",2020,"Alessandro Volta Elementary School",797.0,660.0,"Free/Reduced Lunch"
"609836",2020,"Arthur E Canty Elementary School",804.0,383.0,"Free/Reduced Lunch"
"610083",2020,"Daniel C Beard Elementary School",245.0,126.0,"Free/Reduced Lunch"
"609901",2020,"Edgebrook Elementary School",508.0,67.0,"Free/Reduced Lunch"
"610523",2020,"Edison Park Elementary School",562.0,85.0,"Free/Reduced Lunch"
"610137",2020,"Ernst Prussing Elementary School",721.0,470.0,"Free/Reduced Lunch"
"609874",2020,"Everett McKinley Dirksen Elementary School",941.0,669.0,"Free/Reduced Lunch"
"610163",2020,"Frederick Stock Elementary School",260.0,37.0,"Free/Reduced Lunch"
"609857",2020,"Grover Cleveland Elementary School",538.0,439.0,"Free/Reduced Lunch"
"610182",2020,"Hannah G Solomon Elementary School",365.0,186.0,"Free/Reduced Lunch"
"609972",2020,"Helge A Haugan Elementary School",966.0,804.0,"Free/Reduced Lunch"
"609798",2020,"Hiram H Belding Elementary School",596.0,324.0,"Free/Reduced Lunch"
"609912",2020,"James B Farnsworth Elementary School",613.0,391.0,"Free/Reduced Lunch"
"609796",2020,"Jean Baptiste Beaubien Elementary School",1050.0,440.0,"Free/Reduced Lunch"
"610089",2020,"John B Murphy Elementary School",573.0,366.0,"Free/Reduced Lunch"
"609937",2020,"John W Garvy Elementary School",805.0,309.0,"Free/Reduced Lunch"
"610159",2020,"Jonathan Y Scammon Elementary School",720.0,665.0,"Free/Reduced Lunch"
"610127",2020,"Mary Gage Peterson Elementary School",906.0,571.0,"Free/Reduced Lunch"
"609792",2020,"Newton Bateman Elementary School",973.0,676.0,"Free/Reduced Lunch"
"609810",2020,"Norman A Bridge Elementary School",1142.0,652.0,"Free/Reduced Lunch"
"610354",2020,"North River Elementary School",300.0,227.0,"Free/Reduced Lunch"
"610099",2020,"Norwood Park Elementary School",448.0,73.0,"Free/Reduced Lunch"
"610105",2020,"Oriole Park Elementary School",725.0,170.0,"Free/Reduced Lunch"
"609988",2020,"Patrick Henry Elementary School",552.0,473.0,"Free/Reduced Lunch"
"610145",2020,"Peter A Reinberg Elementary School",781.0,642.0,"Free/Reduced Lunch"
"610135",2020,"Portage Park Elementary School",873.0,604.0,"Free/Reduced Lunch"
"610155",2020,"Sauganash Elementary School",665.0,147.0,"Free/Reduced Lunch"
"609794",2020,"Thomas A Edison Regional Gifted Center ES",264.0,21.0,"Free/Reduced Lunch"
"610230",2020,"Wildwood IB World Magnet School",485.0,57.0,"Free/Reduced Lunch"
"609884",2020,"William E Dever Elementary School",745.0,429.0,"Free/Reduced Lunch"
"609994",2020,"William G Hibbard Elementary School",919.0,807.0,"Free/Reduced Lunch"
"610104",2020,"William J Onahan Elementary School",674.0,204.0,"Free/Reduced Lunch"
"609949",2020,"William P Gray Elementary School",1056.0,887.0,"Free/Reduced Lunch"
"609804",2020,"Daniel Boone Elementary School",814.0,730.0,"Free/Reduced Lunch"
"609859",2020,"DeWitt Clinton Elementary School",1128.0,975.0,"Free/Reduced Lunch"
"609918",2020,"Eugene Field Elementary School",146.0,98.0,"Free/Reduced Lunch"
"610196",2020,"George B Swift Elementary Specialty School",642.0,495.0,"Free/Reduced Lunch"
"610070",2020,"James B McPherson Elementary School",666.0,428.0,"Free/Reduced Lunch"
"610269",2020,"John T McCutcheon Elementary School",341.0,321.0,"Free/Reduced Lunch"
"609865",2020,"Jordan Elementary Community School",495.0,463.0,"Free/Reduced Lunch"
"610242",2020,"Joseph Brennemann Elementary School",411.0,266.0,"Free/Reduced Lunch"
"610022",2020,"Joyce Kilmer Elementary School",789.0,639.0,"Free/Reduced Lunch"
"610355",2020,"Mary E Courtenay Elementary Language Arts Center",359.0,279.0,"Free/Reduced Lunch"
"610011",2020,"Minnie Mars Jamieson Elementary School",895.0,561.0,"Free/Reduced Lunch"
"610284",2020,"New Field Elementary School",615.0,483.0,"Free/Reduced Lunch"
"610141",2020,"Ravenswood Elementary School",564.0,188.0,"Free/Reduced Lunch"
"609880",2020,"Stephen Decatur Classical Elementary School",281.0,45.0,"Free/Reduced Lunch"
"609933",2020,"Stephen F Gale Elementary Community Academy",263.0,237.0,"Free/Reduced Lunch"
"609976",2020,"Stephen K Hayt Elementary School",915.0,730.0,"Free/Reduced Lunch"
"610191",2020,"Stone Elementary Scholastic Academy",615.0,326.0,"Free/Reduced Lunch"
"610220",2020,"Thomas J Waters Elementary School",641.0,173.0,"Free/Reduced Lunch"
"610363",2020,"Walt Disney Magnet Elementary School",1519.0,872.0,"Free/Reduced Lunch"
"610533",2020,"Dr Jorge Prieto Math and Science",948.0,868.0,"Free/Reduced Lunch"
"609904",2020,"Edward K Ellington Elementary School",497.0,487.0,"Free/Reduced Lunch"
"610235",2020,"Ella Flagg Young Elementary School",680.0,665.0,"Free/Reduced Lunch"
"610165",2020,"Franz Peter Schubert Elementary School",666.0,617.0,"Free/Reduced Lunch"
"610305",2020,"George Leland Elementary School",358.0,330.0,"Free/Reduced Lunch"
"610068",2020,"Hanson Park Elementary School",1388.0,1264.0,"Free/Reduced Lunch"
"610158",2020,"Harriet E Sayre Elementary Language Academy",438.0,274.0,"Free/Reduced Lunch"
"610092",2020,"Henry H Nash Elementary School",242.0,188.0,"Free/Reduced Lunch"
"609975",2020,"John Hay Elementary Community Academy",305.0,299.0,"Free/Reduced Lunch"
"610043",2020,"Joseph Lovett Elementary School",344.0,301.0,"Free/Reduced Lunch"
"610041",2020,"Josephine C Locke Elementary School",1266.0,1042.0,"Free/Reduced Lunch"
"609910",2020,"Laughlin Falconer Elementary School",1018.0,947.0,"Free/Reduced Lunch"
"609818",2020,"Luther Burbank Elementary School",849.0,730.0,"Free/Reduced Lunch"
"610046",2020,"Mary Lyon Elementary School",1302.0,1166.0,"Free/Reduced Lunch"
"609830",2020,"Milton Brunson Math & Science Specialty ES",441.0,366.0,"Free/Reduced Lunch"
"610051",2020,"Northwest Middle School",555.0,515.0,"Free/Reduced Lunch"
"610367",2020,"Oscar DePriest Elementary School",522.0,456.0,"Free/Reduced Lunch"
"610183",2020,"Spencer Technology Academy",474.0,415.0,"Free/Reduced Lunch"
"609799",2020,"Alexander Graham Bell Elementary School",1007.0,129.0,"Free/Reduced Lunch"
"609963",2020,"Alexander Hamilton Elementary School",499.0,55.0,"Free/Reduced Lunch"
"610325",2020,"Avondale-Logandale Elementary School",638.0,597.0,"Free/Reduced Lunch"
"609875",2020,"Charles R Darwin Elementary School",575.0,450.0,"Free/Reduced Lunch"
"610144",2020,"Frank W Reilly Elementary School",779.0,621.0,"Free/Reduced Lunch"
"609930",2020,"Frederick Funston Elementary School",433.0,417.0,"Free/Reduced Lunch"
"610010",2020,"Friedrich L. Jahn Elementary of the Fine Arts",348.0,164.0,"Free/Reduced Lunch"
"610048",2020,"George Manierre Elementary School",314.0,297.0,"Free/Reduced Lunch"
"609974",2020,"Hawthorne Elementary Scholastic Academy",568.0,97.0,"Free/Reduced Lunch"
"609850",2020,"Horace Greeley Elementary School",489.0,380.0,"Free/Reduced Lunch"
"610078",2020,"Inter-American Elementary Magnet School",720.0,403.0,"Free/Reduced Lunch"
"609803",2020,"James G Blaine Elementary School",815.0,107.0,"Free/Reduced Lunch"
"610074",2020,"James Monroe Elementary School",768.0,680.0,"Free/Reduced Lunch"
"609942",2020,"Johann W von Goethe Elementary School",740.0,459.0,"Free/Reduced Lunch"
"609782",2020,"John J Audubon Elementary School",565.0,74.0,"Free/Reduced Lunch"
"610033",2020,"LaSalle Elementary Language Academy",524.0,177.0,"Free/Reduced Lunch"
"609809",2020,"Lorenz Brentano Math & Science Academy ES",593.0,285.0,"Free/Reduced Lunch"
"610094",2020,"Louis Nettelhorst Elementary School",778.0,161.0,"Free/Reduced Lunch"
"609774",2020,"Louisa May Alcott College Preparatory ES",689.0,79.0,"Free/Reduced Lunch"
"610059",2020,"Oscar Mayer Magnet School",770.0,79.0,"Free/Reduced Lunch"
"609853",2020,"Salmon P Chase Elementary School",409.0,348.0,"Free/Reduced Lunch"
"609968",2020,"Sharon Christa McAuliffe Elementary School",703.0,584.0,"Free/Reduced Lunch"
"610534",2020,"Skinner North",537.0,47.0,"Free/Reduced Lunch"
"610095",2020,"Walter L Newberry Math & Science Academy ES",465.0,282.0,"Free/Reduced Lunch"
"610136",2020,"William H Prescott Elementary School",465.0,153.0,"Free/Reduced Lunch"
"610097",2020,"William P Nixon Elementary School",722.0,611.0,"Free/Reduced Lunch"
"610088",2020,"Wolfgang A Mozart Elementary School",556.0,544.0,"Free/Reduced Lunch"
"610131",2020,"Ambrose Plamondon Elementary School",130.0,116.0,"Free/Reduced Lunch"
"610076",2020,"Bernhard Moos Elementary School",459.0,399.0,"Free/Reduced Lunch"
"610005",2020,"Charles Evans Hughes Elementary School",259.0,241.0,"Free/Reduced Lunch"
"610194",2020,"Charles Sumner  Math & Science Community Acad ES",282.0,245.0,"Free/Reduced Lunch"
"609873",2020,"Crown Community Academy of Fine Arts Center ES",224.0,204.0,"Free/Reduced Lunch"
"610221",2020,"Daniel Webster Elementary School",237.0,191.0,"Free/Reduced Lunch"
"610073",2020,"Ellen Mitchell Elementary School",405.0,154.0,"Free/Reduced Lunch"
"610503",2020,"Frazier Prospective IB Magnet ES",189.0,168.0,"Free/Reduced Lunch"
"609854",2020,"Frederic Chopin Elementary School",341.0,316.0,"Free/Reduced Lunch"
"610293",2020,"Genevieve Melody Elementary School",400.0,390.0,"Free/Reduced Lunch"
"610202",2020,"George W Tilton Elementary School",299.0,275.0,"Free/Reduced Lunch"
"610192",2020,"Harriet Beecher Stowe Elementary School",634.0,600.0,"Free/Reduced Lunch"
"609797",2020,"Jacob Beidler Elementary School",355.0,320.0,"Free/Reduced Lunch"
"610044",2020,"James Russell Lowell Elementary School",365.0,342.0,"Free/Reduced Lunch"
"610271",2020,"Jensen Elementary Scholastic Academy",381.0,328.0,"Free/Reduced Lunch"
"609954",2020,"John Milton Gregory Elementary School",330.0,320.0,"Free/Reduced Lunch"
"610313",2020,"Jose De Diego Elementary Community Academy",523.0,467.0,"Free/Reduced Lunch"
"609925",2020,"Joseph Kellman Corporate Community ES",257.0,252.0,"Free/Reduced Lunch"
"610133",2020,"Laura S Ward Elementary School",356.0,347.0,"Free/Reduced Lunch"
"610034",2020,"Lawndale Elementary Community Academy",200.0,190.0,"Free/Reduced Lunch"
"609907",2020,"Leif Ericson Elementary Scholastic Academy",498.0,429.0,"Free/Reduced Lunch"
"610055",2020,"Michael Faraday Elementary School",214.0,207.0,"Free/Reduced Lunch"
"610234",2020,"Richard Yates Elementary School",370.0,293.0,"Free/Reduced Lunch"
"610056",2020,"Roswell B Mason Elementary School",309.0,306.0,"Free/Reduced Lunch"
"610251",2020,"Willa Cather Elementary School",366.0,335.0,"Free/Reduced Lunch"
"610123",2020,"William Penn Elementary School",253.0,253.0,"Free/Reduced Lunch"
"610229",2020,"A.N. Pritzker School",753.0,288.0,"Free/Reduced Lunch"
"610342",2020,"Albert R Sabin Elementary Magnet School",484.0,394.0,"Free/Reduced Lunch"
"609947",2020,"Alexander Graham Elementary School",379.0,352.0,"Free/Reduced Lunch"
"610060",2020,"Andrew Jackson Elementary Language Academy",506.0,206.0,"Free/Reduced Lunch"
"610009",2020,"Galileo Math & Science Scholastic Academy ES",562.0,298.0,"Free/Reduced Lunch"
"610062",2020,"George B McClellan Elementary School",345.0,292.0,"Free/Reduced Lunch"
"610107",2020,"James Otis Elementary School",381.0,335.0,"Free/Reduced Lunch"
"609959",2020,"John Charles Haines Elementary School",641.0,509.0,"Free/Reduced Lunch"
"610180",2020,"John M Smyth Elementary School",464.0,436.0,"Free/Reduced Lunch"
"609828",2020,"Jonathan Burr Elementary School",462.0,142.0,"Free/Reduced Lunch"
"609777",2020,"Phillip D Armour Elementary School",248.0,225.0,"Free/Reduced Lunch"
"610138",2020,"Pulaski International School of Chicago",902.0,470.0,"Free/Reduced Lunch"
"609979",2020,"Robert Healy Elementary School",1368.0,1088.0,"Free/Reduced Lunch"
"610252",2020,"Robert Nathaniel Dett Elementary School",341.0,330.0,"Free/Reduced Lunch"
"610029",2020,"Rodolfo Lozano Bilingual & International Ctr ES",216.0,159.0,"Free/Reduced Lunch"
"610405",2020,"Suder Montessori Magnet ES",375.0,188.0,"Free/Reduced Lunch"
"609896",2020,"Thomas Drummond Elementary School",347.0,69.0,"Free/Reduced Lunch"
"610121",2020,"Washington Irving Elementary School",380.0,326.0,"Free/Reduced Lunch"
"609812",2020,"William H Brown Elementary School",214.0,171.0,"Free/Reduced Lunch"
"610308",2020,"Wilma Rudolph Elementary Learning Center",90.0,75.0,"Free/Reduced Lunch"
"609966",2020,"Charles G Hammond Elementary School",350.0,339.0,"Free/Reduced Lunch"
"610063",2020,"Cyrus H McCormick Elementary School",594.0,593.0,"Free/Reduced Lunch"
"610227",2020,"Eli Whitney Elementary School",815.0,790.0,"Free/Reduced Lunch"
"610215",2020,"Francisco I Madero Middle School",324.0,312.0,"Free/Reduced Lunch"
"609920",2020,"Gerald Delgado Kanoon Elementary Magnet School",543.0,525.0,"Free/Reduced Lunch"
"610125",2020,"Irma C Ruiz Elementary School",601.0,517.0,"Free/Reduced Lunch"
"610216",2020,"John A Walsh Elementary School",302.0,244.0,"Free/Reduced Lunch"
"610228",2020,"John Greenleaf Whittier Elementary School",202.0,177.0,"Free/Reduced Lunch"
"610184",2020,"John Spry Elementary Community School",424.0,418.0,"Free/Reduced Lunch"
"609938",2020,"Joseph E Gary Elementary School",1021.0,959.0,"Free/Reduced Lunch"
"609872",2020,"Manuel Perez Elementary School",306.0,269.0,"Free/Reduced Lunch"
"610017",2020,"Maria Saucedo Elementary Scholastic Academy",995.0,861.0,"Free/Reduced Lunch"
"610329",2020,"Orozco Fine Arts & Sciences Elementary School",460.0,402.0,"Free/Reduced Lunch"
"609867",2020,"Peter Cooper Elementary Dual Language Academy",440.0,416.0,"Free/Reduced Lunch"
"610013",2020,"Pilsen Elementary Community Academy",307.0,280.0,"Free/Reduced Lunch"
"609921",2020,"Telpochcalli Elementary School",248.0,211.0,"Free/Reduced Lunch"
"609967",2020,"William F Finkl Elementary School",293.0,282.0,"Free/Reduced Lunch"
"610317",2020,"Brighton Park Elementary School",375.0,362.0,"Free/Reduced Lunch"
"610353",2020,"Calmeca Academy of Fine Arts and Dual Language",753.0,622.0,"Free/Reduced Lunch"
"609909",2020,"Edward Everett Elementary School",145.0,135.0,"Free/Reduced Lunch"
"610319",2020,"Evergreen Academy Middle School",290.0,270.0,"Free/Reduced Lunch"
"610096",2020,"Florence Nightingale Elementary School",1170.0,1099.0,"Free/Reduced Lunch"
"610532",2020,"Irene C. Hernandez Middle School for the Advancement of Science",1005.0,958.0,"Free/Reduced Lunch"
"609983",2020,"James Hedges Elementary School",568.0,521.0,"Free/Reduced Lunch"
"610174",2020,"James Shields Elementary School",660.0,639.0,"Free/Reduced Lunch"
"610559",2020,"James Shields Middle School",576.0,555.0,"Free/Reduced Lunch"
"609964",2020,"John H Hamline Elementary School",587.0,540.0,"Free/Reduced Lunch"
"609876",2020,"Nathan S Davis Elementary School",630.0,613.0,"Free/Reduced Lunch"
"609952",2020,"Nathanael Greene Elementary School",399.0,341.0,"Free/Reduced Lunch"
"610239",2020,"Richard J Daley Elementary Academy",559.0,532.0,"Free/Reduced Lunch"
"610157",2020,"Sidney Sawyer Elementary School",1291.0,1216.0,"Free/Reduced Lunch"
"610226",2020,"Socorro Sandoval Elementary School",920.0,808.0,"Free/Reduced Lunch"
"610589",2020,"Sor Juana Ines de la Cruz ES",171.0,83.0,"Free/Reduced Lunch"
"609855",2020,"Walter S Christopher Elementary School",363.0,336.0,"Free/Reduced Lunch"
"610167",2020,"William H Seward Communication Arts Academy ES",598.0,570.0,"Free/Reduced Lunch"
"609951",2020,"Ariel Elementary Community Academy",477.0,376.0,"Free/Reduced Lunch"
"610175",2020,"Beulah Shoesmith Elementary School",367.0,263.0,"Free/Reduced Lunch"
"609969",2020,"Bret Harte Elementary School",337.0,249.0,"Free/Reduced Lunch"
"610590",2020,"Bronzeville Classical Elementary School",201.0,41.0,"Free/Reduced Lunch"
"610345",2020,"Carter G Woodson South Elementary School",297.0,226.0,"Free/Reduced Lunch"
"610030",2020,"Charles Kozminski Elementary Community Academy",261.0,229.0,"Free/Reduced Lunch"
"609819",2020,"Edmond Burke Elementary School",300.0,253.0,"Free/Reduced Lunch"
"610246",2020,"Edward Beasley Elementary Magnet Academic Center",1117.0,885.0,"Free/Reduced Lunch"
"610065",2020,"Emmett Louis Till Math and Science Academy",343.0,264.0,"Free/Reduced Lunch"
"610110",2020,"Ida B Wells Preparatory Elementary Academy",398.0,351.0,"Free/Reduced Lunch"
"610276",2020,"Irvin C Mollison Elementary School",294.0,226.0,"Free/Reduced Lunch"
"610256",2020,"Jackie Robinson Elementary School",129.0,115.0,"Free/Reduced Lunch"
"609891",2020,"James R Doolittle Jr Elementary School",220.0,197.0,"Free/Reduced Lunch"
"609894",2020,"John B Drake Elementary School",283.0,259.0,"Free/Reduced Lunch"
"609919",2020,"John Fiske Elementary School",412.0,349.0,"Free/Reduced Lunch"
"610126",2020,"John J Pershing Elementary Humanities Magnet",585.0,418.0,"Free/Reduced Lunch"
"610237",2020,"Ludwig Van Beethoven Elementary School",240.0,225.0,"Free/Reduced Lunch"
"610090",2020,"Phillip Murray Elementary Language Academy",461.0,288.0,"Free/Reduced Lunch"
"609987",2020,"Thomas A Hendricks Elementary Community Academy",229.0,218.0,"Free/Reduced Lunch"
"610143",2020,"William C Reavis Math & Science Specialty ES",267.0,224.0,"Free/Reduced Lunch"
"610142",2020,"William H Ray Elementary School",696.0,291.0,"Free/Reduced Lunch"
"609977",2020,"Woodlawn Community Elementary School",207.0,188.0,"Free/Reduced Lunch"
"610185",2020,"Adlai E Stevenson Elementary School",1210.0,1024.0,"Free/Reduced Lunch"
"609788",2020,"Alice L Barnard Computer Math & Science Ctr ES",284.0,212.0,"Free/Reduced Lunch"
"610084",2020,"Annie Keller Regional Gifted Center",234.0,53.0,"Free/Reduced Lunch"
"610287",2020,"Ashburn Community Elementary School",427.0,347.0,"Free/Reduced Lunch"
"609871",2020,"Barbara Vick Early Childhood & Family Center",357.0,173.0,"Free/Reduced Lunch"
"610087",2020,"Blair Early Childhood Center",243.0,144.0,"Free/Reduced Lunch"
"609839",2020,"Carroll-Rosenwald Specialty Elementary School",446.0,362.0,"Free/Reduced Lunch"
"609879",2020,"Charles Gates Dawes Elementary School",1027.0,931.0,"Free/Reduced Lunch"
"610347",2020,"Claremont Academy Elementary School",444.0,405.0,"Free/Reduced Lunch"
"610077",2020,"Donald Morrill Math & Science Elementary School",584.0,544.0,"Free/Reduced Lunch"
"610352",2020,"Durkin Park Elementary School",681.0,559.0,"Free/Reduced Lunch"
"610006",2020,"Edward N Hurley Elementary School",834.0,748.0,"Free/Reduced Lunch"
"610195",2020,"Elizabeth H Sutherland Elementary School",651.0,205.0,"Free/Reduced Lunch"
"609908",2020,"Esmond Elementary School",236.0,222.0,"Free/Reduced Lunch"
"610057",2020,"Fairfield Elementary Academy",547.0,537.0,"Free/Reduced Lunch"
"610067",2020,"Francis M McKay Elementary School",703.0,654.0,"Free/Reduced Lunch"
"609861",2020,"Henry R Clissold Elementary School",466.0,182.0,"Free/Reduced Lunch"
"609893",2020,"John C Dore Elementary School",756.0,354.0,"Free/Reduced Lunch"
"610207",2020,"John H Vanderpoel Elementary Magnet School",233.0,144.0,"Free/Reduced Lunch"
"610016",2020,"Kate S Kellogg Elementary School",275.0,104.0,"Free/Reduced Lunch"
"609807",2020,"Lionel Hampton Fine & Performing Arts ES",482.0,449.0,"Free/Reduced Lunch"
"610206",2020,"Mark Twain Elementary School",1070.0,841.0,"Free/Reduced Lunch"
"609832",2020,"Michael M Byrne Elementary School",624.0,331.0,"Free/Reduced Lunch"
"609960",2020,"Nathan Hale Elementary School",880.0,561.0,"Free/Reduced Lunch"
"609981",2020,"Phoebe Apperson Hearst Elementary School",369.0,301.0,"Free/Reduced Lunch"
"610588",2020,"Robert J. Richardson Middle School",1135.0,1089.0,"Free/Reduced Lunch"
"609956",2020,"Robert L Grimes Elementary School",458.0,323.0,"Free/Reduced Lunch"
"610109",2020,"William Bishop Owen Scholastic Academy ES",281.0,136.0,"Free/Reduced Lunch"
"609869",2020,"Anna R. Langford Community Academy",213.0,200.0,"Free/Reduced Lunch"
"610037",2020,"Arthur A Libby Elementary School",339.0,275.0,"Free/Reduced Lunch"
"609941",2020,"Asa Philip Randolph Elementary School",430.0,416.0,"Free/Reduced Lunch"
"610290",2020,"Benjamin E Mays Elementary Academy",342.0,275.0,"Free/Reduced Lunch"
"610238",2020,"Carrie Jacobs Bond Elementary School",278.0,267.0,"Free/Reduced Lunch"
"609986",2020,"Charles R Henderson Elementary School",244.0,210.0,"Free/Reduced Lunch"
"609897",2020,"Charles W Earle Elementary School",324.0,236.0,"Free/Reduced Lunch"
"609790",2020,"Clara Barton Elementary School",353.0,329.0,"Free/Reduced Lunch"
"610223",2020,"Daniel S Wentworth Elementary School",395.0,352.0,"Free/Reduced Lunch"
"610299",2020,"Dr. Martin L. King Jr Academy of Social Justice",239.0,236.0,"Free/Reduced Lunch"
"609924",2020,"Fort Dearborn Elementary School",356.0,325.0,"Free/Reduced Lunch"
"609927",2020,"Foster Park Elementary School",350.0,294.0,"Free/Reduced Lunch"
"610112",2020,"Francis W Parker Elementary Community Academy",444.0,427.0,"Free/Reduced Lunch"
"609864",2020,"John W Cook Elementary School",340.0,273.0,"Free/Reduced Lunch"
"610019",2020,"Joshua D Kershaw Elementary School",249.0,229.0,"Free/Reduced Lunch"
"609793",2020,"Lillian R. Nicholson STEM Academy",459.0,444.0,"Free/Reduced Lunch"
"610108",2020,"Luke O'Toole Elementary School",338.0,332.0,"Free/Reduced Lunch"
"610369",2020,"Mahalia Jackson Elementary School",371.0,287.0,"Free/Reduced Lunch"
"610362",2020,"Medgar Evers Elementary School",265.0,204.0,"Free/Reduced Lunch"
"610300",2020,"Oliver S Westcott Elementary School",414.0,324.0,"Free/Reduced Lunch"
"609997",2020,"Oliver Wendell Holmes Elementary School",154.0,144.0,"Free/Reduced Lunch"
"610003",2020,"Paul Cuffe Math-Science Technology Academy ES",295.0,273.0,"Free/Reduced Lunch"
"609791",2020,"Perkins Bass Elementary School",434.0,424.0,"Free/Reduced Lunch"
"610102",2020,"Richard J Oglesby Elementary School",405.0,373.0,"Free/Reduced Lunch"
"609929",2020,"Robert Fulton Elementary School",372.0,326.0,"Free/Reduced Lunch"
"609805",2020,"Scott Joplin Elementary School",403.0,379.0,"Free/Reduced Lunch"
"610521",2020,"Sir Miles Davis Magnet Elementary Academy",209.0,176.0,"Free/Reduced Lunch"
"610032",2020,"Wendell E Green Elementary School",318.0,276.0,"Free/Reduced Lunch"
"610153",2020,"William H Ryder Math & Science Specialty ES",401.0,299.0,"Free/Reduced Lunch"
"610281",2020,"Adam Clayton Powell Paideia Community Academy ES",521.0,440.0,"Free/Reduced Lunch"
"610316",2020,"Amelia Earhart Options for Knowledge ES",237.0,152.0,"Free/Reduced Lunch"
"610171",2020,"Arnold Mireles Elementary Academy",459.0,444.0,"Free/Reduced Lunch"
"609887",2020,"Arthur Dixon Elementary School",590.0,458.0,"Free/Reduced Lunch"
"610268",2020,"Arthur R Ashe Elementary School",336.0,239.0,"Free/Reduced Lunch"
"609827",2020,"Burnside Elementary Scholastic Academy",412.0,312.0,"Free/Reduced Lunch"
"609813",2020,"Charles S Brownell Elementary School",191.0,157.0,"Free/Reduced Lunch"
"609815",2020,"Edward A Bouchet Math & Science Academy ES",653.0,637.0,"Free/Reduced Lunch"
"609862",2020,"Edward Coles Elementary Language Academy",351.0,294.0,"Free/Reduced Lunch"
"610124",2020,"Harold Washington Elementary School",326.0,323.0,"Free/Reduced Lunch"
"610279",2020,"Henry O Tanner Elementary School",336.0,281.0,"Free/Reduced Lunch"
"610052",2020,"Horace Mann Elementary School",332.0,306.0,"Free/Reduced Lunch"
"610066",2020,"James E McDade Elementary Classical School",176.0,49.0,"Free/Reduced Lunch"
"610047",2020,"James Madison Elementary School",206.0,194.0,"Free/Reduced Lunch"
"610200",2020,"James N Thorp Elementary School",288.0,245.0,"Free/Reduced Lunch"
"610093",2020,"Jane A Neil Elementary School",288.0,252.0,"Free/Reduced Lunch"
"610130",2020,"John T Pirie Fine Arts & Academic Center ES",269.0,181.0,"Free/Reduced Lunch"
"610218",2020,"Joseph Warren Elementary School",210.0,194.0,"Free/Reduced Lunch"
"610152",2020,"Martha Ruggles Elementary School",411.0,311.0,"Free/Reduced Lunch"
"609961",2020,"Ninos Heroes Elementary Academic Center",338.0,278.0,"Free/Reduced Lunch"
"610115",2020,"Park Manor Elementary School",294.0,294.0,"Free/Reduced Lunch"
"610116",2020,"Parkside Elementary Community Academy",253.0,218.0,"Free/Reduced Lunch"
"610146",2020,"Paul Revere Elementary School",241.0,207.0,"Free/Reduced Lunch"
"610350",2020,"Robert A Black Magnet Elementary School",432.0,322.0,"Free/Reduced Lunch"
"610530",2020,"South Shore Fine Arts Academy",325.0,289.0,"Free/Reduced Lunch"
"610178",2020,"Theophilus Schmid Elementary School",194.0,156.0,"Free/Reduced Lunch"
"610002",2020,"Thomas Hoyne Elementary School",234.0,171.0,"Free/Reduced Lunch"
"610193",2020,"William K New Sullivan Elementary School",517.0,490.0,"Free/Reduced Lunch"
"609808",2020,"Alex Haley Elementary Academy",543.0,529.0,"Free/Reduced Lunch"
"609821",2020,"Burnham Elementary Inclusive Academy",475.0,440.0,"Free/Reduced Lunch"
"610004",2020,"Countee Cullen Elementary School",201.0,188.0,"Free/Reduced Lunch"
"610198",2020,"Douglas Taylor Elementary School",395.0,358.0,"Free/Reduced Lunch"
"610188",2020,"Dunne Technology Academy",225.0,176.0,"Free/Reduced Lunch"
"610132",2020,"Edgar Allan Poe Elementary Classical School",194.0,68.0,"Free/Reduced Lunch"
"610586",2020,"Edward E. Sadlowski Elementary School",632.0,547.0,"Free/Reduced Lunch"
"610315",2020,"Edward White Elementary Career Academy",121.0,105.0,"Free/Reduced Lunch"
"609917",2020,"Fernwood Elementary School",284.0,266.0,"Free/Reduced Lunch"
"609800",2020,"Frank I Bennett Elementary School",324.0,260.0,"Free/Reduced Lunch"
"610139",2020,"George M Pullman Elementary School",383.0,360.0,"Free/Reduced Lunch"
"609845",2020,"George Washington Carver Primary School",391.0,387.0,"Free/Reduced Lunch"
"610219",2020,"George Washington Elementary School",739.0,523.0,"Free/Reduced Lunch"
"609856",2020,"Henry Clay Elementary School",559.0,477.0,"Free/Reduced Lunch"
"609848",2020,"Ira F Aldridge Elementary School",208.0,194.0,"Free/Reduced Lunch"
"609943",2020,"Jesse Owens Elementary Community Academy",369.0,317.0,"Free/Reduced Lunch"
"610176",2020,"John D Shoop Math-Science Technical Academy ES",449.0,385.0,"Free/Reduced Lunch"
"610225",2020,"John Whistler Elementary School",324.0,282.0,"Free/Reduced Lunch"
"610199",2020,"Johnnie Colemon Elementary Academy",233.0,169.0,"Free/Reduced Lunch"
"610368",2020,"Langston Hughes Elementary School",485.0,405.0,"Free/Reduced Lunch"
"610128",2020,"Marcus Moziah Garvey Elementary School",252.0,247.0,"Free/Reduced Lunch"
"609935",2020,"Matthew Gallistel Elementary Language Academy",668.0,613.0,"Free/Reduced Lunch"
"610208",2020,"Mildred I Lavizzo Elementary School",357.0,321.0,"Free/Reduced Lunch"
"610086",2020,"Mount Vernon Elementary School",247.0,195.0,"Free/Reduced Lunch"
"609811",2020,"Orville T Bright Elementary School",281.0,255.0,"Free/Reduced Lunch"
"609902",2020,"Ralph H Metcalfe Elementary Community Academy",347.0,328.0,"Free/Reduced Lunch"
"610091",2020,"Ronald Brown Elementary Community Academy",330.0,281.0,"Free/Reduced Lunch"
"610295",2020,"Thomas J Higgins Elementary Community Academy",253.0,221.0,"Free/Reduced Lunch"
"609944",2020,"Virgil Grissom Elementary School",326.0,200.0,"Free/Reduced Lunch"
"609978",2020,"Wendell Smith Elementary School",306.0,272.0,"Free/Reduced Lunch"
"610364",2020,"William E B Dubois Elementary School",243.0,223.0,"Free/Reduced Lunch"
"609720",2020,"Albert G Lane Technical High School",4502.0,1796.0,"Free/Reduced Lunch"
"609729",2020,"Carl Schurz High School",1533.0,1377.0,"Free/Reduced Lunch"
"609732",2020,"Charles P Steinmetz College Preparatory HS",1230.0,1038.0,"Free/Reduced Lunch"
"610402",2020,"DeVry University Advantage Academy HS",142.0,93.0,"Free/Reduced Lunch"
"610564",2020,"Disney II Magnet High School",773.0,420.0,"Free/Reduced Lunch"
"610515",2020,"Disney II Magnet School",433.0,144.0,"Free/Reduced Lunch"
"609708",2020,"Edwin G. Foreman College and Career Academy",703.0,644.0,"Free/Reduced Lunch"
"609737",2020,"Friedrich W von Steuben Metropolitan Science HS",1716.0,1151.0,"Free/Reduced Lunch"
"609766",2020,"Jacqueline B Vaughn Occupational High School",222.0,167.0,"Free/Reduced Lunch"
"609716",2020,"Kelvyn Park High School",412.0,396.0,"Free/Reduced Lunch"
"609719",2020,"Lake View High School",1296.0,989.0,"Free/Reduced Lunch"
"609738",2020,"Lincoln Park High School",2195.0,1037.0,"Free/Reduced Lunch"
"609730",2020,"Nicholas Senn High School",1559.0,1195.0,"Free/Reduced Lunch"
"609744",2020,"Northside Learning Center High School",236.0,198.0,"Free/Reduced Lunch"
"609769",2020,"Ray Graham Training Center High School",148.0,140.0,"Free/Reduced Lunch"
"609733",2020,"Roger C Sullivan High School",645.0,563.0,"Free/Reduced Lunch"
"609724",2020,"Stephen T Mather High School",1544.0,1326.0,"Free/Reduced Lunch"
"609728",2020,"Theodore Roosevelt High School",982.0,885.0,"Free/Reduced Lunch"
"610394",2020,"Uplift Community High School",123.0,110.0,"Free/Reduced Lunch"
"609734",2020,"William Howard Taft High School",3697.0,1865.0,"Free/Reduced Lunch"
"610334",2020,"Al Raby High School",271.0,258.0,"Free/Reduced Lunch"
"610518",2020,"Austin College and Career Academy High School",245.0,227.0,"Free/Reduced Lunch"
"609679",2020,"Charles Allen Prosser Career Academy High School",1238.0,1125.0,"Free/Reduced Lunch"
"610245",2020,"Frederick A Douglass Academy High School",58.0,48.0,"Free/Reduced Lunch"
"609693",2020,"George Westinghouse College Prep",1242.0,977.0,"Free/Reduced Lunch"
"610383",2020,"Greater Lawndale High School For Social Justice",321.0,308.0,"Free/Reduced Lunch"
"609694",2020,"John Hancock College Preparatory High School",1016.0,811.0,"Free/Reduced Lunch"
"609723",2020,"John Marshall Metropolitan High School",261.0,237.0,"Free/Reduced Lunch"
"610524",2020,"Louisa May Alcott College Preparatory HS",322.0,240.0,"Free/Reduced Lunch"
"609722",2020,"Manley Career Academy High School",84.0,68.0,"Free/Reduced Lunch"
"609756",2020,"Marie Sklodowska Curie Metropolitan High School",2907.0,2608.0,"Free/Reduced Lunch"
"610385",2020,"Multicultural Academy of Scholarship",218.0,210.0,"Free/Reduced Lunch"
"609691",2020,"North-Grand High School",1011.0,946.0,"Free/Reduced Lunch"
"610529",2020,"Ogden International High School",637.0,427.0,"Free/Reduced Lunch"
"610561",2020,"Richard T Crane Medical Preparatory HS",420.0,359.0,"Free/Reduced Lunch"
"609759",2020,"Roberto Clemente Community Academy High School",671.0,615.0,"Free/Reduced Lunch"
"609750",2020,"Simpson Academy HS for Young Women",37.0,34.0,"Free/Reduced Lunch"
"609740",2020,"Wells Community Academy High School",367.0,332.0,"Free/Reduced Lunch"
"610101",2020,"William B Ogden Elementary School",1111.0,442.0,"Free/Reduced Lunch"
"610392",2020,"World Language Academy High School",364.0,344.0,"Free/Reduced Lunch"
"610513",2020,"Air Force Academy High School",194.0,164.0,"Free/Reduced Lunch"
"609748",2020,"Consuella B York Alternative HS",136.0,136.0,"Free/Reduced Lunch"
"609704",2020,"David G Farragut Career Academy High School",570.0,565.0,"Free/Reduced Lunch"
"609735",2020,"Edward Tilden Career Community Academy HS",193.0,184.0,"Free/Reduced Lunch"
"609682",2020,"Ellen H Richards Career Academy High School",223.0,213.0,"Free/Reduced Lunch"
"610592",2020,"Englewood STEM High School",414.0,382.0,"Free/Reduced Lunch"
"609709",2020,"Gage Park High School",323.0,314.0,"Free/Reduced Lunch"
"609741",2020,"Gurdon S Hubbard High School",1634.0,1551.0,"Free/Reduced Lunch"
"609718",2020,"John F Kennedy High School",1549.0,1074.0,"Free/Reduced Lunch"
"609725",2020,"Morgan Park High School",1124.0,938.0,"Free/Reduced Lunch"
"609783",2020,"Nancy B Jefferson Alternative HS",170.0,149.0,"Free/Reduced Lunch"
"609762",2020,"Percy L Julian High School",385.0,351.0,"Free/Reduced Lunch"
"610391",2020,"Robert Lindblom Math & Science Academy HS",1362.0,849.0,"Free/Reduced Lunch"
"610558",2020,"Sarah E. Goode STEM Academy",931.0,808.0,"Free/Reduced Lunch"
"610357",2020,"Spry Community Links High School",102.0,95.0,"Free/Reduced Lunch"
"609715",2020,"Thomas Kelly College Preparatory",1778.0,1640.0,"Free/Reduced Lunch"
"609698",2020,"William J Bogan High School",749.0,678.0,"Free/Reduced Lunch"
"609711",2020,"William Rainey Harper High School",49.0,45.0,"Free/Reduced Lunch"
"610323",2020,"Bowen High School",241.0,213.0,"Free/Reduced Lunch"
"610381",2020,"Bronzeville Scholastic Academy High School",117.0,103.0,"Free/Reduced Lunch"
"609754",2020,"Chicago Military Academy High School",310.0,226.0,"Free/Reduced Lunch"
"609674",2020,"Chicago Vocational Career Academy High School",766.0,707.0,"Free/Reduced Lunch"
"609705",2020,"Christian Fenger Academy High School",263.0,246.0,"Free/Reduced Lunch"
"610380",2020,"Daniel Hale Williams Prep School of Medicine",126.0,121.0,"Free/Reduced Lunch"
"609751",2020,"Dr  Martin Luther King  Jr  College Prep HS",486.0,400.0,"Free/Reduced Lunch"
"609712",2020,"Emil G Hirsch Metropolitan High School",95.0,91.0,"Free/Reduced Lunch"
"609761",2020,"George H Corliss High School",280.0,256.0,"Free/Reduced Lunch"
"609760",2020,"George Washington Carver Military Academy HS",479.0,428.0,"Free/Reduced Lunch"
"609739",2020,"George Washington High School",1456.0,1248.0,"Free/Reduced Lunch"
"609726",2020,"Gwendolyn Brooks College Preparatory Academy HS",1007.0,696.0,"Free/Reduced Lunch"
"609713",2020,"Hyde Park Academy High School",747.0,717.0,"Free/Reduced Lunch"
"609710",2020,"John M Harlan Community Academy High School",300.0,288.0,"Free/Reduced Lunch"
"609746",2020,"Kenwood Academy High School",2033.0,1190.0,"Free/Reduced Lunch"
"609692",2020,"Neal F Simeon Career Academy High School",1338.0,1212.0,"Free/Reduced Lunch"
"609676",2020,"Paul Laurence Dunbar Career Academy High School",346.0,323.0,"Free/Reduced Lunch"
"610547",2020,"South Shore Intl College Prep High School",587.0,486.0,"Free/Reduced Lunch"
"610587",2020,"Walter Henri Dyett High School for the Arts",618.0,528.0,"Free/Reduced Lunch"
"610339",2020,"Amos Alonzo Stagg Elementary School",407.0,400.0,"Free/Reduced Lunch"
"610106",2020,"Brian Piccolo Elementary Specialty School",605.0,544.0,"Free/Reduced Lunch"
"609883",2020,"Charles S Deneen Elementary School",492.0,436.0,"Free/Reduced Lunch"
"610248",2020,"Chicago Academy Elementary School",562.0,382.0,"Free/Reduced Lunch"
"610340",2020,"Chicago Academy High School",569.0,443.0,"Free/Reduced Lunch"
"610499",2020,"Collins Academy High School",227.0,221.0,"Free/Reduced Lunch"
"609885",2020,"Dewey Elementary Academy of Fine Arts",338.0,326.0,"Free/Reduced Lunch"
"610254",2020,"Dvorak Technology Academy",371.0,361.0,"Free/Reduced Lunch"
"610543",2020,"Eric Solorio Academy High School",1222.0,1131.0,"Free/Reduced Lunch"
"609900",2020,"George W Curtis Elementary School",460.0,421.0,"Free/Reduced Lunch"
"610103",2020,"Isabelle C O'Keeffe Elementary School",582.0,531.0,"Free/Reduced Lunch"
"610274",2020,"James Weldon Johnson Elementary School",346.0,339.0,"Free/Reduced Lunch"
"610263",2020,"John Foster Dulles Elementary School",715.0,601.0,"Free/Reduced Lunch"
"609971",2020,"John Harvard Elementary School of Excellence",375.0,354.0,"Free/Reduced Lunch"
"610000",2020,"Julia Ward Howe Elementary School of Excellence",425.0,405.0,"Free/Reduced Lunch"
"610036",2020,"Leslie Lewis Elementary School",494.0,384.0,"Free/Reduced Lunch"
"610053",2020,"Marquette Elementary School",1118.0,983.0,"Free/Reduced Lunch"
"609928",2020,"Melville W Fuller Elementary School",357.0,350.0,"Free/Reduced Lunch"
"610257",2020,"Morton School of Excellence",245.0,240.0,"Free/Reduced Lunch"
"609806",2020,"Myra Bradwell Communications Arts & Sciences ES",488.0,484.0,"Free/Reduced Lunch"
"610231",2020,"National Teachers Elementary Academy",822.0,543.0,"Free/Reduced Lunch"
"610389",2020,"Orr Academy High School",233.0,222.0,"Free/Reduced Lunch"
"610021",2020,"Pablo Casals Elementary School",402.0,386.0,"Free/Reduced Lunch"
"610282",2020,"Ronald E McNair Elementary School",370.0,330.0,"Free/Reduced Lunch"
"610396",2020,"Tarkington School of Excellence ES",968.0,898.0,"Free/Reduced Lunch"
"609991",2020,"Theodore Herzl Elementary School",484.0,460.0,"Free/Reduced Lunch"
"609851",2020,"Thomas Chalmers Specialty Elementary School",315.0,300.0,"Free/Reduced Lunch"
"609955",2020,"Walter Q Gresham Elementary School",388.0,346.0,"Free/Reduced Lunch"
"609727",2020,"Wendell Phillips Academy High School",612.0,552.0,"Free/Reduced Lunch"
"610172",2020,"William T Sherman Elementary School",235.0,231.0,"Free/Reduced Lunch"
"609844",2020,"William W Carter Elementary School",359.0,346.0,"Free/Reduced Lunch"
"610038",2020,"Abraham Lincoln Elementary School",1002.0,127.0,"Free/Reduced Lunch"
"609993",2020,"Agustin Lara Elementary Academy",409.0,390.0,"Free/Reduced Lunch"
"610098",2020,"Alfred Nobel Elementary School",703.0,636.0,"Free/Reduced Lunch"
"609837",2020,"Andrew Carnegie Elementary School",597.0,469.0,"Free/Reduced Lunch"
"609820",2020,"Augustus H Burley Elementary School",554.0,69.0,"Free/Reduced Lunch"
"609786",2020,"Avalon Park Elementary School",261.0,229.0,"Free/Reduced Lunch"
"610563",2020,"Back of the Yards IB HS",1072.0,991.0,"Free/Reduced Lunch"
"609922",2020,"Belmont-Cragin Elementary School",471.0,430.0,"Free/Reduced Lunch"
"609764",2020,"Benito Juarez Community Academy High School",1734.0,1619.0,"Free/Reduced Lunch"
"610039",2020,"Carl von Linne Elementary School",674.0,450.0,"Free/Reduced Lunch"
"610148",2020,"Cesar E Chavez Multicultural Academic Center ES",909.0,895.0,"Free/Reduced Lunch"
"610366",2020,"Charles H Wacker Elementary School",247.0,198.0,"Free/Reduced Lunch"
"609996",2020,"Charles N Holden Elementary School",451.0,345.0,"Free/Reduced Lunch"
"609833",2020,"Charles P Caldwell Academy of Math & Science ES",270.0,206.0,"Free/Reduced Lunch"
"609753",2020,"Chicago High School for Agricultural Sciences",810.0,365.0,"Free/Reduced Lunch"
"609899",2020,"Christian Ebinger Elementary School",871.0,121.0,"Free/Reduced Lunch"
"609863",2020,"Christopher Columbus Elementary School",263.0,180.0,"Free/Reduced Lunch"
"610170",2020,"Columbia Explorers Elementary Academy",926.0,863.0,"Free/Reduced Lunch"
"609870",2020,"Daniel J Corkery Elementary School",433.0,391.0,"Free/Reduced Lunch"
"609835",2020,"Daniel R Cameron Elementary School",708.0,683.0,"Free/Reduced Lunch"
"609852",2020,"Eliza Chappell Elementary School",588.0,322.0,"Free/Reduced Lunch"
"609973",2020,"Emiliano Zapata Elementary Academy",680.0,641.0,"Free/Reduced Lunch"
"610203",2020,"Enrico Tonti Elementary School",939.0,811.0,"Free/Reduced Lunch"
"610541",2020,"Federico Garcia Lorca Elementary School",763.0,638.0,"Free/Reduced Lunch"
"610120",2020,"Ferdinand Peck Elementary School",878.0,625.0,"Free/Reduced Lunch"
"609939",2020,"Frank L Gillespie Elementary School",434.0,338.0,"Free/Reduced Lunch"
"609958",2020,"Frank W Gunsaulus Elementary Scholastic Academy",763.0,661.0,"Free/Reduced Lunch"
"609926",2020,"Franklin Elementary Fine Arts Center",370.0,157.0,"Free/Reduced Lunch"
"609779",2020,"George Armstrong International Studies ES",1257.0,1108.0,"Free/Reduced Lunch"
"609849",2020,"George F Cassell Elementary School",391.0,78.0,"Free/Reduced Lunch"
"609795",2020,"George Rogers Clark Elementary School",210.0,165.0,"Free/Reduced Lunch"
"609985",2020,"Helen M Hefferan Elementary School",296.0,280.0,"Free/Reduced Lunch"
"610122",2020,"Helen Peirce International Studies ES",1084.0,558.0,"Free/Reduced Lunch"
"610040",2020,"Henry D Lloyd Elementary School",938.0,843.0,"Free/Reduced Lunch"
"610390",2020,"Hyman G Rickover Naval Academy High School",396.0,333.0,"Free/Reduced Lunch"
"610384",2020,"Infinity Math Science and Technology High School",384.0,367.0,"Free/Reduced Lunch"
"610213",2020,"James Wadsworth Elementary School",553.0,509.0,"Free/Reduced Lunch"
"610217",2020,"James Ward Elementary School",576.0,451.0,"Free/Reduced Lunch"
"609772",2020,"Jane Addams Elementary School",695.0,557.0,"Free/Reduced Lunch"
"610173",2020,"Jesse Sherwood Elementary School",297.0,283.0,"Free/Reduced Lunch"
"609789",2020,"John Barry Elementary School",568.0,446.0,"Free/Reduced Lunch"
"609829",2020,"John C Burroughs Elementary School",439.0,388.0,"Free/Reduced Lunch"
"609866",2020,"John C Coonley Elementary School",1028.0,138.0,"Free/Reduced Lunch"
"609898",2020,"John F Eberhart Elementary School",1241.0,1171.0,"Free/Reduced Lunch"
"610026",2020,"John H Kinzie Elementary School",690.0,399.0,"Free/Reduced Lunch"
"610054",2020,"John L Marsh Elementary School",773.0,666.0,"Free/Reduced Lunch"
"610111",2020,"John Palmer Elementary School",733.0,534.0,"Free/Reduced Lunch"
"609950",2020,"Josefa Ortiz De Dominguez Elementary School",490.0,460.0,"Free/Reduced Lunch"
"610015",2020,"Joseph Jungman Elementary School",257.0,226.0,"Free/Reduced Lunch"
"610129",2020,"Josiah Pickard Elementary School",407.0,380.0,"Free/Reduced Lunch"
"610520",2020,"LaSalle II Magnet Elementary School",583.0,186.0,"Free/Reduced Lunch"
"610024",2020,"Lazaro Cardenas Elementary School",1079.0,1016.0,"Free/Reduced Lunch"
"610298",2020,"Lenart Elementary Regional Gifted Center",295.0,81.0,"Free/Reduced Lunch"
"609834",2020,"Little Village Elementary School",737.0,699.0,"Free/Reduced Lunch"
"609773",2020,"Louis A Agassiz Elementary School",503.0,177.0,"Free/Reduced Lunch"
"610117",2020,"Louis Pasteur Elementary School",598.0,529.0,"Free/Reduced Lunch"
"609817",2020,"Lyman A Budlong Elementary School",694.0,519.0,"Free/Reduced Lunch"
"610197",2020,"Mancel Talcott Elementary School",463.0,342.0,"Free/Reduced Lunch"
"610544",2020,"Mariano Azuela Elementary School",878.0,729.0,"Free/Reduced Lunch"
"609780",2020,"Marine Leadership Academy at Ames",831.0,794.0,"Free/Reduced Lunch"
"610081",2020,"Mark Sheridan Math & Science Academy",553.0,256.0,"Free/Reduced Lunch"
"610177",2020,"Mark Skinner Elementary School",1241.0,218.0,"Free/Reduced Lunch"
"610539",2020,"Marvin Camras Elementary School",956.0,802.0,"Free/Reduced Lunch"
"610312",2020,"Mary E McDowell Elementary School",159.0,139.0,"Free/Reduced Lunch"
"610244",2020,"Michele Clark Academic Prep Magnet High School",535.0,516.0,"Free/Reduced Lunch"
"610082",2020,"Mount Greenwood Elementary School",1235.0,158.0,"Free/Reduced Lunch"
"609749",2020,"Northside College Preparatory High School",1078.0,464.0,"Free/Reduced Lunch"
"610201",2020,"Ole A Thorp Elementary Scholastic Academy",849.0,363.0,"Free/Reduced Lunch"
"610386",2020,"Peace & Education Coalition HS",103.0,95.0,"Free/Reduced Lunch"
"610147",2020,"Philip Rogers Elementary School",744.0,527.0,"Free/Reduced Lunch"
"610304",2020,"Phoenix Military Academy High School",559.0,500.0,"Free/Reduced Lunch"
"609842",2020,"Rachel Carson Elementary School",968.0,896.0,"Free/Reduced Lunch"
"609903",2020,"Richard Edwards Elementary School",1417.0,1211.0,"Free/Reduced Lunch"
"610291",2020,"Richard Henry Lee Elementary School",787.0,696.0,"Free/Reduced Lunch"
"609695",2020,"Roald Amundsen High School",1384.0,956.0,"Free/Reduced Lunch"
"610250",2020,"Ruben Salazar Elementary Bilingual Center",339.0,255.0,"Free/Reduced Lunch"
"610027",2020,"Rudyard Kipling Elementary School",270.0,232.0,"Free/Reduced Lunch"
"609995",2020,"Rufus M Hitch Elementary School",583.0,305.0,"Free/Reduced Lunch"
"609990",2020,"South Loop Elementary School",836.0,213.0,"Free/Reduced Lunch"
"609745",2020,"Southside Occupational Academy High School",329.0,296.0,"Free/Reduced Lunch"
"610548",2020,"STEM Magnet Academy",449.0,167.0,"Free/Reduced Lunch"
"610249",2020,"Talman Elementary School",388.0,355.0,"Free/Reduced Lunch"
"609895",2020,"Turner-Drew Elementary Language Academy",223.0,164.0,"Free/Reduced Lunch"
"610504",2020,"Velma F Thomas Early Childhood Center",151.0,93.0,"Free/Reduced Lunch"
"609680",2020,"Walter Payton College Preparatory High School",1220.0,347.0,"Free/Reduced Lunch"
"610179",2020,"Washington D Smyser Elementary School",843.0,579.0,"Free/Reduced Lunch"
"610100",2020,"West Park Elementary Academy",536.0,436.0,"Free/Reduced Lunch"
"610542",2020,"West Ridge Elementary School",760.0,649.0,"Free/Reduced Lunch"
"609755",2020,"Whitney M Young Magnet High School",2200.0,807.0,"Free/Reduced Lunch"
"609945",2020,"William C. Goudy Technology Academy",638.0,509.0,"Free/Reduced Lunch"
"609678",2020,"William Jones College Preparatory High School",1970.0,670.0,"Free/Reduced Lunch"
"400009",2020,"Academy for Global Citizenship Charter School",467.0,306.0,"Free/Reduced Lunch"
"400081",2020,"Acero Charter Schools - Bartolomé de las Casas",263.0,218.0,"Free/Reduced Lunch"
"400153",2020,"Acero Charter Schools - Brighton Park",548.0,503.0,"Free/Reduced Lunch"
"400082",2020,"Acero Charter Schools - Carlos Fuentes",493.0,431.0,"Free/Reduced Lunch"
"400114",2020,"Acero Charter Schools - Esmeralda Santiago",252.0,220.0,"Free/Reduced Lunch"
"400112",2020,"Acero Charter Schools - Jovita Idar",542.0,476.0,"Free/Reduced Lunch"
"400085",2020,"Acero Charter Schools - Major Hector P. Garcia MD",618.0,565.0,"Free/Reduced Lunch"
"400083",2020,"Acero Charter Schools - Octavio Paz Campus",248.0,237.0,"Free/Reduced Lunch"
"400089",2020,"Acero Charter Schools - Officer Donald J. Marquez",542.0,497.0,"Free/Reduced Lunch"
"400080",2020,"Acero Charter Schools - PFC Omar E. Torres",590.0,504.0,"Free/Reduced Lunch"
"400120",2020,"Acero Charter Schools - Roberto Clemente",513.0,461.0,"Free/Reduced Lunch"
"400084",2020,"Acero Charter Schools - Rufino Tamayo",286.0,259.0,"Free/Reduced Lunch"
"400101",2020,"Acero Charter Schools - Sandra Cisneros",500.0,471.0,"Free/Reduced Lunch"
"400121",2020,"Acero Charter Schools - Sor Juana Inés de la Cruz",590.0,519.0,"Free/Reduced Lunch"
"400079",2020,"Acero Charter Schools - SPC Daniel Zizumbo",621.0,535.0,"Free/Reduced Lunch"
"400149",2020,"Acero Charter Schools - Victoria Soto",518.0,477.0,"Free/Reduced Lunch"
"400011",2020,"Alain Locke Charter School",434.0,370.0,"Free/Reduced Lunch"
"400181",2020,"Art in Motion Charter School",209.0,135.0,"Free/Reduced Lunch"
"400060",2020,"Asian Human Services - Passages Charter School",384.0,307.0,"Free/Reduced Lunch"
"400172",2020,"ASPIRA Business and Finance",647.0,499.0,"Free/Reduced Lunch"
"400013",2020,"ASPIRA Charter School - Early College High School",331.0,312.0,"Free/Reduced Lunch"
"400017",2020,"ASPIRA Charter School - Haugan Middle School",207.0,185.0,"Free/Reduced Lunch"
"400115",2020,"Catalyst - Maria Charter School",1088.0,997.0,"Free/Reduced Lunch"
"400021",2020,"Catalyst Elementary Charter School - Circle Rock",521.0,408.0,"Free/Reduced Lunch"
"400161",2020,"Chicago Collegiate Charter School",349.0,320.0,"Free/Reduced Lunch"
"400035",2020,"Chicago Math and Science Academy Charter School",597.0,532.0,"Free/Reduced Lunch"
"400036",2020,"Chicago Virtual Charter School",523.0,366.0,"Free/Reduced Lunch"
"400159",2020,"Christopher House Charter School",458.0,389.0,"Free/Reduced Lunch"
"400023",2020,"CICS - Avalon/South Shore",449.0,390.0,"Free/Reduced Lunch"
"400024",2020,"CICS - Basil",603.0,534.0,"Free/Reduced Lunch"
"400025",2020,"CICS - Bucktown",687.0,502.0,"Free/Reduced Lunch"
"400113",2020,"CICS - ChicagoQuest North",143.0,134.0,"Free/Reduced Lunch"
"400027",2020,"CICS - Irving Park",537.0,332.0,"Free/Reduced Lunch"
"400092",2020,"CICS - Lloyd Bond",351.0,339.0,"Free/Reduced Lunch"
"400033",2020,"CICS - Longwood",1297.0,1153.0,"Free/Reduced Lunch"
"400026",2020,"CICS - Loomis Primary",523.0,452.0,"Free/Reduced Lunch"
"400034",2020,"CICS - Northtown",903.0,716.0,"Free/Reduced Lunch"
"400028",2020,"CICS - Prairie",423.0,393.0,"Free/Reduced Lunch"
"400032",2020,"CICS - Ralph Ellison",244.0,209.0,"Free/Reduced Lunch"
"400029",2020,"CICS - Washington Park",465.0,432.0,"Free/Reduced Lunch"
"400030",2020,"CICS - West Belden",538.0,444.0,"Free/Reduced Lunch"
"400031",2020,"CICS - Wrightwood",705.0,588.0,"Free/Reduced Lunch"
"400094",2020,"EPIC Academy Charter High School",521.0,476.0,"Free/Reduced Lunch"
"400039",2020,"Erie Elementary Charter School",419.0,324.0,"Free/Reduced Lunch"
"400171",2020,"Foundations College Preparatory Charter School",202.0,190.0,"Free/Reduced Lunch"
"400040",2020,"Frazier Preparatory Academy Charter School",244.0,227.0,"Free/Reduced Lunch"
"400168",2020,"Great Lakes Academy Charter School",418.0,294.0,"Free/Reduced Lunch"
"400167",2020,"Horizon Science Academy Southwest Chicago Charter",743.0,693.0,"Free/Reduced Lunch"
"400104",2020,"Instituto Health Sciences Career Academy",650.0,632.0,"Free/Reduced Lunch"
"400162",2020,"Intrinsic Charter School",1025.0,875.0,"Free/Reduced Lunch"
"400146",2020,"KIPP Academy Chicago Campus",518.0,490.0,"Free/Reduced Lunch"
"400044",2020,"KIPP Ascend Charter School",930.0,856.0,"Free/Reduced Lunch"
"400163",2020,"KIPP Chicago Charter School - KIPP Bloom",614.0,534.0,"Free/Reduced Lunch"
"400180",2020,"KIPP One Academy",877.0,816.0,"Free/Reduced Lunch"
"400047",2020,"L.E.A.R.N. - Charles and Dorothy Campbell Campus",439.0,393.0,"Free/Reduced Lunch"
"400048",2020,"L.E.A.R.N. - Excel Campus",459.0,373.0,"Free/Reduced Lunch"
"400111",2020,"L.E.A.R.N. - Hunter Perkins Campus",480.0,390.0,"Free/Reduced Lunch"
"400165",2020,"L.E.A.R.N. - Middle School Campus",285.0,214.0,"Free/Reduced Lunch"
"400046",2020,"L.E.A.R.N. - Romano Butler Campus",530.0,473.0,"Free/Reduced Lunch"
"400107",2020,"L.E.A.R.N. - South Chicago Campus",436.0,358.0,"Free/Reduced Lunch"
"400151",2020,"L.E.A.R.N. Charter School - 7th Campus",178.0,155.0,"Free/Reduced Lunch"
"400049",2020,"Legacy Charter School",469.0,412.0,"Free/Reduced Lunch"
"400119",2020,"Legal Prep Charter Academy",300.0,281.0,"Free/Reduced Lunch"
"400178",2020,"Moving Everest Charter School",532.0,433.0,"Free/Reduced Lunch"
"400050",2020,"Namaste Charter School",476.0,347.0,"Free/Reduced Lunch"
"400157",2020,"Noble - Baker College Prep",199.0,187.0,"Free/Reduced Lunch"
"400156",2020,"Noble - Butler College Prep",623.0,569.0,"Free/Reduced Lunch"
"400097",2020,"Noble - Chicago Bulls College Prep",1168.0,1015.0,"Free/Reduced Lunch"
"400118",2020,"Noble - DRW College Prep",284.0,263.0,"Free/Reduced Lunch"
"400052",2020,"Noble - Gary Comer College Prep",1163.0,981.0,"Free/Reduced Lunch"
"400053",2020,"Noble - Golder College Prep",648.0,590.0,"Free/Reduced Lunch"
"400117",2020,"Noble - Hansberry College Prep",493.0,412.0,"Free/Reduced Lunch"
"400169",2020,"Noble - ITW David Speer Academy",1019.0,922.0,"Free/Reduced Lunch"
"400106",2020,"Noble - John and Eunice Johnson College Prep",643.0,588.0,"Free/Reduced Lunch"
"400098",2020,"Noble - Muchin College Prep",978.0,823.0,"Free/Reduced Lunch"
"400051",2020,"Noble - Noble College Prep",691.0,580.0,"Free/Reduced Lunch"
"400054",2020,"Noble - Pritzker College Prep",979.0,928.0,"Free/Reduced Lunch"
"400055",2020,"Noble - Rauner College Prep",626.0,519.0,"Free/Reduced Lunch"
"400056",2020,"Noble - Rowe-Clark Math and Science Academy",418.0,376.0,"Free/Reduced Lunch"
"400170",2020,"Noble - The Noble Academy",485.0,410.0,"Free/Reduced Lunch"
"400057",2020,"Noble - UIC College Prep",969.0,818.0,"Free/Reduced Lunch"
"400179",2020,"Noble Mansueto High School",1034.0,947.0,"Free/Reduced Lunch"
"400058",2020,"North Lawndale College Prep - Christiana",333.0,283.0,"Free/Reduced Lunch"
"400059",2020,"North Lawndale College Prep - Collins",410.0,372.0,"Free/Reduced Lunch"
"400062",2020,"Perspectives - High School of Technology",315.0,276.0,"Free/Reduced Lunch"
"400061",2020,"Perspectives - Leadership Academy",515.0,465.0,"Free/Reduced Lunch"
"400066",2020,"Perspectives - Math and Science Academy",507.0,449.0,"Free/Reduced Lunch"
"400064",2020,"Perspectives - Rodney D. Joslin",384.0,339.0,"Free/Reduced Lunch"
"400069",2020,"Polaris Charter Academy",360.0,330.0,"Free/Reduced Lunch"
"400071",2020,"Providence Englewood Charter School",444.0,360.0,"Free/Reduced Lunch"
"400096",2020,"Rowe Elementary Charter School",1046.0,866.0,"Free/Reduced Lunch"
"400116",2020,"The Montessori School of Englewood Charter",302.0,270.0,"Free/Reduced Lunch"
"400075",2020,"University of Chicago - Donoghue",501.0,381.0,"Free/Reduced Lunch"
"400076",2020,"University of Chicago - North Kenwood/Oakland",327.0,212.0,"Free/Reduced Lunch"
"400077",2020,"University of Chicago - Woodlawn",620.0,481.0,"Free/Reduced Lunch"
"400105",2020,"Urban Prep Academy for Young Men - Bronzeville",301.0,247.0,"Free/Reduced Lunch"
"400086",2020,"Urban Prep Academy for Young Men - Englewood",235.0,190.0,"Free/Reduced Lunch"
"400022",2020,"Chicago High School for the Arts (ChiArts)",618.0,270.0,"Free/Reduced Lunch"
"400091",2020,"Chicago Technology Academy High School",315.0,277.0,"Free/Reduced Lunch"
"400043",2020,"Hope Institute Learning Academy",282.0,250.0,"Free/Reduced Lunch"
"400068",2020,"Plato Learning Academy",228.0,228.0,"Free/Reduced Lunch"
"400147",2020,"Camelot - Chicago Excel Academy",302.0,271.0,"Free/Reduced Lunch"
"610565",2020,"Camelot Excel - Englewood HS",264.0,225.0,"Free/Reduced Lunch"
"400175",2020,"Camelot Excel - Southshore HS",252.0,209.0,"Free/Reduced Lunch"
"400176",2020,"Camelot Excel - Southwest HS",104.0,82.0,"Free/Reduced Lunch"
"610572",2020,"Camelot Safe Elementary",7.0,6.0,"Free/Reduced Lunch"
"610573",2020,"Camelot Safe HS",6.0,5.0,"Free/Reduced Lunch"
"400164",2020,"Instituto - Justice Lozano",97.0,93.0,"Free/Reduced Lunch"
"400137",2020,"Little Black Pearl Art and Design Academy",130.0,101.0,"Free/Reduced Lunch"
"610593",2020,"Ombudsman Chicago - Roseland HS",99.0,65.0,"Free/Reduced Lunch"
"610570",2020,"Ombudsman Chicago - South",454.0,405.0,"Free/Reduced Lunch"
"610569",2020,"Ombudsman Chicago- Northwest",254.0,217.0,"Free/Reduced Lunch"
"610571",2020,"Ombudsman Chicago- West",321.0,280.0,"Free/Reduced Lunch"
"610594",2020,"Pathways in Education - Humboldt Park HS",31.0,22.0,"Free/Reduced Lunch"
"610557",2020,"Pathways in Education- Ashburn",301.0,266.0,"Free/Reduced Lunch"
"610568",2020,"Pathways in Education- Avondale",316.0,263.0,"Free/Reduced Lunch"
"400173",2020,"Pathways in Education- Brighton Park",400.0,350.0,"Free/Reduced Lunch"
"400123",2020,"YCCS- Academy of Scholastic Achievement HS",168.0,131.0,"Free/Reduced Lunch"
"400133",2020,"YCCS- Innovations HS of Arts Integration",428.0,344.0,"Free/Reduced Lunch"
"400124",2020,"YCCS- McKinley Lakeside Leadership HS",170.0,139.0,"Free/Reduced Lunch"
"400125",2020,"YCCS-ASPIRA,Antonia Pantoja Alternative HS",186.0,132.0,"Free/Reduced Lunch"
"400126",2020,"YCCS-Association House HS",155.0,129.0,"Free/Reduced Lunch"
"400127",2020,"YCCS-Austin Career Education Center HS",83.0,68.0,"Free/Reduced Lunch"
"400128",2020,"YCCS-CCA Academy HS",145.0,127.0,"Free/Reduced Lunch"
"400150",2020,"YCCS-Chatham AcademyHS",190.0,149.0,"Free/Reduced Lunch"
"400130",2020,"YCCS-Community Youth Development Institute HS",130.0,95.0,"Free/Reduced Lunch"
"400131",2020,"YCCS-Dr. Pedro Albizu Campos Puerto Rican HS",203.0,181.0,"Free/Reduced Lunch"
"400134",2020,"YCCS-Jane Addams Alternative HS",217.0,150.0,"Free/Reduced Lunch"
"400135",2020,"YCCS-Latino Youth Alternative HS",201.0,146.0,"Free/Reduced Lunch"
"400136",2020,"YCCS-Olive Harvey Middle College HS",110.0,91.0,"Free/Reduced Lunch"
"400129",2020,"YCCS-Progressive Leadership Academy",186.0,144.0,"Free/Reduced Lunch"
"400139",2020,"YCCS-Sullivan House Alternative HS",300.0,251.0,"Free/Reduced Lunch"
"400141",2020,"YCCS-Truman Middle College HS",209.0,132.0,"Free/Reduced Lunch"
"400144",2020,"YCCS-West HS",168.0,138.0,"Free/Reduced Lunch"
"400143",2020,"YCCS-West Town Acad Alternative HS",159.0,143.0,"Free/Reduced Lunch"
"400145",2020,"YCCS-Youth Connection Leadership Acad HS",169.0,144.0,"Free/Reduced Lunch"
"610212",2021,"ALBANY PARK",243.0,223.0,"Free/Reduced Lunch"
"609792",2021,"BATEMAN",887.0,479.0,"Free/Reduced Lunch"
"610083",2021,"BEARD",195.0,54.0,"Free/Reduced Lunch"
"609796",2021,"BEAUBIEN",1020.0,340.0,"Free/Reduced Lunch"
"609810",2021,"BRIDGE",1063.0,567.0,"Free/Reduced Lunch"
"609836",2021,"CANTY",765.0,286.0,"Free/Reduced Lunch"
"609857",2021,"CLEVELAND",524.0,375.0,"Free/Reduced Lunch"
"609884",2021,"DEVER",713.0,254.0,"Free/Reduced Lunch"
"609874",2021,"DIRKSEN",892.0,388.0,"Free/Reduced Lunch"
"609901",2021,"EDGEBROOK",487.0,46.0,"Free/Reduced Lunch"
"609794",2021,"EDISON",250.0,19.0,"Free/Reduced Lunch"
"610523",2021,"EDISON PARK",514.0,50.0,"Free/Reduced Lunch"
"609912",2021,"FARNSWORTH",566.0,285.0,"Free/Reduced Lunch"
"609937",2021,"GARVY",774.0,230.0,"Free/Reduced Lunch"
"609949",2021,"GRAY",1055.0,721.0,"Free/Reduced Lunch"
"609972",2021,"HAUGAN",893.0,631.0,"Free/Reduced Lunch"
"609988",2021,"HENRY",515.0,382.0,"Free/Reduced Lunch"
"609994",2021,"HIBBARD",875.0,572.0,"Free/Reduced Lunch"
"609995",2021,"HITCH",519.0,206.0,"Free/Reduced Lunch"
"610089",2021,"MURPHY",546.0,231.0,"Free/Reduced Lunch"
"610354",2021,"NORTH RIVER",276.0,168.0,"Free/Reduced Lunch"
"610099",2021,"NORWOOD PARK",427.0,68.0,"Free/Reduced Lunch"
"610104",2021,"ONAHAN",677.0,133.0,"Free/Reduced Lunch"
"610105",2021,"ORIOLE PARK",672.0,124.0,"Free/Reduced Lunch"
"610127",2021,"PETERSON",884.0,408.0,"Free/Reduced Lunch"
"610135",2021,"PORTAGE PARK",829.0,443.0,"Free/Reduced Lunch"
"610137",2021,"PRUSSING",690.0,384.0,"Free/Reduced Lunch"
"610145",2021,"REINBERG",711.0,479.0,"Free/Reduced Lunch"
"610155",2021,"SAUGANASH",615.0,96.0,"Free/Reduced Lunch"
"610159",2021,"SCAMMON",685.0,547.0,"Free/Reduced Lunch"
"610182",2021,"SOLOMON",353.0,136.0,"Free/Reduced Lunch"
"610163",2021,"STOCK",209.0,19.0,"Free/Reduced Lunch"
"610209",2021,"VOLTA",724.0,506.0,"Free/Reduced Lunch"
"610230",2021,"WILDWOOD",474.0,38.0,"Free/Reduced Lunch"
"609804",2021,"BOONE",789.0,654.0,"Free/Reduced Lunch"
"610242",2021,"BRENNEMANN",371.0,198.0,"Free/Reduced Lunch"
"610355",2021,"COURTENAY",272.0,187.0,"Free/Reduced Lunch"
"609880",2021,"DECATUR",286.0,31.0,"Free/Reduced Lunch"
"610363",2021,"DISNEY",1538.0,878.0,"Free/Reduced Lunch"
"609918",2021,"FIELD",137.0,100.0,"Free/Reduced Lunch"
"609933",2021,"GALE",212.0,159.0,"Free/Reduced Lunch"
"609976",2021,"HAYT",876.0,546.0,"Free/Reduced Lunch"
"610011",2021,"JAMIESON",857.0,485.0,"Free/Reduced Lunch"
"609865",2021,"JORDAN",445.0,393.0,"Free/Reduced Lunch"
"610022",2021,"KILMER",742.0,536.0,"Free/Reduced Lunch"
"610269",2021,"MCCUTCHEON",325.0,285.0,"Free/Reduced Lunch"
"610070",2021,"MCPHERSON",620.0,385.0,"Free/Reduced Lunch"
"610284",2021,"NEW FIELD",573.0,340.0,"Free/Reduced Lunch"
"610141",2021,"RAVENSWOOD",533.0,130.0,"Free/Reduced Lunch"
"610191",2021,"STONE",566.0,219.0,"Free/Reduced Lunch"
"610196",2021,"SWIFT",594.0,345.0,"Free/Reduced Lunch"
"610220",2021,"WATERS",647.0,125.0,"Free/Reduced Lunch"
"609830",2021,"BRUNSON",413.0,365.0,"Free/Reduced Lunch"
"609818",2021,"BURBANK",772.0,495.0,"Free/Reduced Lunch"
"610367",2021,"DEPRIEST",483.0,439.0,"Free/Reduced Lunch"
"609904",2021,"ELLINGTON",432.0,376.0,"Free/Reduced Lunch"
"609910",2021,"FALCONER",971.0,566.0,"Free/Reduced Lunch"
"610068",2021,"HANSON PARK",1304.0,838.0,"Free/Reduced Lunch"
"609975",2021,"HAY",283.0,228.0,"Free/Reduced Lunch"
"610305",2021,"LELAND",366.0,258.0,"Free/Reduced Lunch"
"610041",2021,"LOCKE J",1195.0,679.0,"Free/Reduced Lunch"
"610043",2021,"LOVETT",313.0,215.0,"Free/Reduced Lunch"
"610046",2021,"LYON",1192.0,826.0,"Free/Reduced Lunch"
"610092",2021,"NASH",231.0,157.0,"Free/Reduced Lunch"
"610051",2021,"NORTHWEST",547.0,458.0,"Free/Reduced Lunch"
"610533",2021,"PRIETO",866.0,661.0,"Free/Reduced Lunch"
"610158",2021,"SAYRE",437.0,199.0,"Free/Reduced Lunch"
"610165",2021,"SCHUBERT",574.0,495.0,"Free/Reduced Lunch"
"610183",2021,"SPENCER",437.0,324.0,"Free/Reduced Lunch"
"610235",2021,"YOUNG ES",589.0,407.0,"Free/Reduced Lunch"
"609774",2021,"ALCOTT ES",614.0,60.0,"Free/Reduced Lunch"
"609782",2021,"AUDUBON",521.0,54.0,"Free/Reduced Lunch"
"610325",2021,"AVONDALE-LOGANDALE",575.0,502.0,"Free/Reduced Lunch"
"609789",2021,"BARRY",504.0,346.0,"Free/Reduced Lunch"
"609799",2021,"BELL",981.0,112.0,"Free/Reduced Lunch"
"609803",2021,"BLAINE",746.0,77.0,"Free/Reduced Lunch"
"609809",2021,"BRENTANO",600.0,240.0,"Free/Reduced Lunch"
"609853",2021,"CHASE",388.0,275.0,"Free/Reduced Lunch"
"609875",2021,"DARWIN",544.0,442.0,"Free/Reduced Lunch"
"609926",2021,"FRANKLIN",364.0,115.0,"Free/Reduced Lunch"
"609930",2021,"FUNSTON",423.0,291.0,"Free/Reduced Lunch"
"609942",2021,"GOETHE",740.0,303.0,"Free/Reduced Lunch"
"609850",2021,"GREELEY",444.0,309.0,"Free/Reduced Lunch"
"609963",2021,"HAMILTON",460.0,40.0,"Free/Reduced Lunch"
"609974",2021,"HAWTHORNE",569.0,75.0,"Free/Reduced Lunch"
"610078",2021,"INTER-AMERICAN",701.0,222.0,"Free/Reduced Lunch"
"610010",2021,"JAHN",308.0,138.0,"Free/Reduced Lunch"
"610033",2021,"LASALLE",508.0,135.0,"Free/Reduced Lunch"
"610048",2021,"MANIERRE",290.0,251.0,"Free/Reduced Lunch"
"610059",2021,"MAYER",685.0,62.0,"Free/Reduced Lunch"
"609968",2021,"MCAULIFFE",638.0,501.0,"Free/Reduced Lunch"
"610074",2021,"MONROE",725.0,506.0,"Free/Reduced Lunch"
"610088",2021,"MOZART",508.0,476.0,"Free/Reduced Lunch"
"610094",2021,"NETTELHORST",714.0,111.0,"Free/Reduced Lunch"
"610095",2021,"NEWBERRY",418.0,205.0,"Free/Reduced Lunch"
"610097",2021,"NIXON",667.0,537.0,"Free/Reduced Lunch"
"610136",2021,"PRESCOTT",505.0,106.0,"Free/Reduced Lunch"
"610144",2021,"REILLY",681.0,474.0,"Free/Reduced Lunch"
"610534",2021,"SKINNER NORTH",510.0,31.0,"Free/Reduced Lunch"
"609797",2021,"BEIDLER",334.0,317.0,"Free/Reduced Lunch"
"610251",2021,"CATHER",366.0,283.0,"Free/Reduced Lunch"
"609854",2021,"CHOPIN",314.0,281.0,"Free/Reduced Lunch"
"609873",2021,"CROWN",178.0,148.0,"Free/Reduced Lunch"
"610313",2021,"DE DIEGO",454.0,353.0,"Free/Reduced Lunch"
"609907",2021,"ERICSON",454.0,325.0,"Free/Reduced Lunch"
"610055",2021,"FARADAY",207.0,206.0,"Free/Reduced Lunch"
"609954",2021,"GREGORY",307.0,294.0,"Free/Reduced Lunch"
"609985",2021,"HEFFERAN",255.0,236.0,"Free/Reduced Lunch"
"610005",2021,"HUGHES C",232.0,216.0,"Free/Reduced Lunch"
"610271",2021,"JENSEN",355.0,311.0,"Free/Reduced Lunch"
"609925",2021,"KELLMAN",216.0,157.0,"Free/Reduced Lunch"
"610034",2021,"LAWNDALE",207.0,171.0,"Free/Reduced Lunch"
"610044",2021,"LOWELL",324.0,266.0,"Free/Reduced Lunch"
"610056",2021,"MASON",299.0,243.0,"Free/Reduced Lunch"
"610293",2021,"MELODY",326.0,316.0,"Free/Reduced Lunch"
"610073",2021,"MITCHELL",368.0,127.0,"Free/Reduced Lunch"
"610076",2021,"MOOS",427.0,308.0,"Free/Reduced Lunch"
"610123",2021,"PENN",235.0,214.0,"Free/Reduced Lunch"
"610131",2021,"PLAMONDON",141.0,121.0,"Free/Reduced Lunch"
"610192",2021,"STOWE",584.0,461.0,"Free/Reduced Lunch"
"610194",2021,"SUMNER",235.0,214.0,"Free/Reduced Lunch"
"610202",2021,"TILTON",258.0,245.0,"Free/Reduced Lunch"
"610133",2021,"WARD L",336.0,312.0,"Free/Reduced Lunch"
"610221",2021,"WEBSTER",246.0,181.0,"Free/Reduced Lunch"
"610234",2021,"YATES",322.0,248.0,"Free/Reduced Lunch"
"609777",2021,"ARMOUR",253.0,175.0,"Free/Reduced Lunch"
"609812",2021,"BROWN W",194.0,160.0,"Free/Reduced Lunch"
"609828",2021,"BURR",492.0,114.0,"Free/Reduced Lunch"
"610252",2021,"DETT",315.0,289.0,"Free/Reduced Lunch"
"609896",2021,"DRUMMOND",347.0,41.0,"Free/Reduced Lunch"
"610009",2021,"GALILEO",559.0,172.0,"Free/Reduced Lunch"
"609947",2021,"GRAHAM ES",363.0,260.0,"Free/Reduced Lunch"
"609959",2021,"HAINES",597.0,369.0,"Free/Reduced Lunch"
"609979",2021,"HEALY",1343.0,821.0,"Free/Reduced Lunch"
"610121",2021,"IRVING",310.0,209.0,"Free/Reduced Lunch"
"610060",2021,"JACKSON A",505.0,150.0,"Free/Reduced Lunch"
"610029",2021,"LOZANO",197.0,109.0,"Free/Reduced Lunch"
"610062",2021,"MCCLELLAN",332.0,222.0,"Free/Reduced Lunch"
"610107",2021,"OTIS",335.0,265.0,"Free/Reduced Lunch"
"610229",2021,"PRITZKER",723.0,210.0,"Free/Reduced Lunch"
"610138",2021,"PULASKI",881.0,293.0,"Free/Reduced Lunch"
"610308",2021,"RUDOLPH",91.0,67.0,"Free/Reduced Lunch"
"610342",2021,"SABIN",445.0,289.0,"Free/Reduced Lunch"
"610180",2021,"SMYTH",412.0,311.0,"Free/Reduced Lunch"
"610405",2021,"SUDER",437.0,139.0,"Free/Reduced Lunch"
"610197",2021,"TALCOTT",425.0,312.0,"Free/Reduced Lunch"
"609867",2021,"COOPER",454.0,402.0,"Free/Reduced Lunch"
"609967",2021,"FINKL",241.0,216.0,"Free/Reduced Lunch"
"609938",2021,"GARY",931.0,743.0,"Free/Reduced Lunch"
"609966",2021,"HAMMOND",310.0,251.0,"Free/Reduced Lunch"
"609920",2021,"KANOON",466.0,441.0,"Free/Reduced Lunch"
"610215",2021,"MADERO",304.0,277.0,"Free/Reduced Lunch"
"610063",2021,"MCCORMICK",531.0,531.0,"Free/Reduced Lunch"
"610329",2021,"OROZCO",370.0,286.0,"Free/Reduced Lunch"
"609872",2021,"PEREZ",304.0,240.0,"Free/Reduced Lunch"
"610013",2021,"PILSEN",262.0,228.0,"Free/Reduced Lunch"
"610125",2021,"RUIZ",523.0,425.0,"Free/Reduced Lunch"
"610017",2021,"SAUCEDO",944.0,848.0,"Free/Reduced Lunch"
"610184",2021,"SPRY ES",369.0,272.0,"Free/Reduced Lunch"
"609921",2021,"TELPOCHCALLI",234.0,191.0,"Free/Reduced Lunch"
"610216",2021,"WALSH",301.0,183.0,"Free/Reduced Lunch"
"610227",2021,"WHITNEY",728.0,486.0,"Free/Reduced Lunch"
"610228",2021,"WHITTIER",176.0,118.0,"Free/Reduced Lunch"
"610317",2021,"BRIGHTON PARK",369.0,354.0,"Free/Reduced Lunch"
"610353",2021,"CALMECA",705.0,433.0,"Free/Reduced Lunch"
"609855",2021,"CHRISTOPHER",339.0,302.0,"Free/Reduced Lunch"
"610239",2021,"DALEY",541.0,423.0,"Free/Reduced Lunch"
"609876",2021,"DAVIS N",581.0,509.0,"Free/Reduced Lunch"
"609903",2021,"EDWARDS",1344.0,865.0,"Free/Reduced Lunch"
"610319",2021,"EVERGREEN",252.0,166.0,"Free/Reduced Lunch"
"609952",2021,"GREENE",361.0,307.0,"Free/Reduced Lunch"
"609964",2021,"HAMLINE",534.0,438.0,"Free/Reduced Lunch"
"609983",2021,"HEDGES",524.0,370.0,"Free/Reduced Lunch"
"610532",2021,"HERNANDEZ",1002.0,818.0,"Free/Reduced Lunch"
"610096",2021,"NIGHTINGALE",1082.0,840.0,"Free/Reduced Lunch"
"610117",2021,"PASTEUR",566.0,426.0,"Free/Reduced Lunch"
"610157",2021,"SAWYER",1211.0,892.0,"Free/Reduced Lunch"
"610167",2021,"SEWARD",563.0,396.0,"Free/Reduced Lunch"
"610174",2021,"SHIELDS",545.0,495.0,"Free/Reduced Lunch"
"610559",2021,"SHIELDS MIDDLE",571.0,465.0,"Free/Reduced Lunch"
"610589",2021,"SOR JUANA",253.0,75.0,"Free/Reduced Lunch"
"609951",2021,"ARIEL",442.0,269.0,"Free/Reduced Lunch"
"610246",2021,"BEASLEY",1115.0,662.0,"Free/Reduced Lunch"
"610237",2021,"BEETHOVEN",237.0,219.0,"Free/Reduced Lunch"
"610590",2021,"BRONZEVILLE CLASSICAL",268.0,47.0,"Free/Reduced Lunch"
"609819",2021,"BURKE",277.0,253.0,"Free/Reduced Lunch"
"609837",2021,"CARNEGIE",567.0,429.0,"Free/Reduced Lunch"
"609891",2021,"DOOLITTLE",223.0,219.0,"Free/Reduced Lunch"
"609894",2021,"DRAKE",269.0,254.0,"Free/Reduced Lunch"
"609919",2021,"FISKE",381.0,301.0,"Free/Reduced Lunch"
"609969",2021,"HARTE",285.0,162.0,"Free/Reduced Lunch"
"609987",2021,"HENDRICKS",202.0,174.0,"Free/Reduced Lunch"
"610030",2021,"KOZMINSKI",244.0,187.0,"Free/Reduced Lunch"
"610276",2021,"MOLLISON",285.0,228.0,"Free/Reduced Lunch"
"610090",2021,"MURRAY",483.0,223.0,"Free/Reduced Lunch"
"610126",2021,"PERSHING",527.0,333.0,"Free/Reduced Lunch"
"610142",2021,"RAY",613.0,298.0,"Free/Reduced Lunch"
"610143",2021,"REAVIS",238.0,179.0,"Free/Reduced Lunch"
"610256",2021,"ROBINSON",112.0,102.0,"Free/Reduced Lunch"
"610175",2021,"SHOESMITH",340.0,222.0,"Free/Reduced Lunch"
"610065",2021,"TILL",309.0,268.0,"Free/Reduced Lunch"
"610213",2021,"WADSWORTH",442.0,341.0,"Free/Reduced Lunch"
"610110",2021,"WELLS ES",350.0,281.0,"Free/Reduced Lunch"
"609977",2021,"WOODLAWN",181.0,150.0,"Free/Reduced Lunch"
"610345",2021,"WOODSON",303.0,227.0,"Free/Reduced Lunch"
"610287",2021,"ASHBURN",396.0,253.0,"Free/Reduced Lunch"
"609788",2021,"BARNARD",266.0,136.0,"Free/Reduced Lunch"
"610087",2021,"BLAIR",201.0,125.0,"Free/Reduced Lunch"
"609832",2021,"BYRNE",621.0,224.0,"Free/Reduced Lunch"
"609839",2021,"CARROLL",410.0,253.0,"Free/Reduced Lunch"
"610347",2021,"CLAREMONT",420.0,361.0,"Free/Reduced Lunch"
"609861",2021,"CLISSOLD",425.0,142.0,"Free/Reduced Lunch"
"609879",2021,"DAWES",979.0,877.0,"Free/Reduced Lunch"
"609893",2021,"DORE",729.0,278.0,"Free/Reduced Lunch"
"610352",2021,"DURKIN PARK",703.0,432.0,"Free/Reduced Lunch"
"609898",2021,"EBERHART",1147.0,862.0,"Free/Reduced Lunch"
"609908",2021,"ESMOND",240.0,179.0,"Free/Reduced Lunch"
"610057",2021,"FAIRFIELD",503.0,490.0,"Free/Reduced Lunch"
"609956",2021,"GRIMES",428.0,317.0,"Free/Reduced Lunch"
"609960",2021,"HALE",815.0,420.0,"Free/Reduced Lunch"
"609807",2021,"HAMPTON",458.0,361.0,"Free/Reduced Lunch"
"609981",2021,"HEARST",311.0,213.0,"Free/Reduced Lunch"
"610006",2021,"HURLEY",758.0,493.0,"Free/Reduced Lunch"
"610084",2021,"KELLER",217.0,44.0,"Free/Reduced Lunch"
"610016",2021,"KELLOGG",276.0,97.0,"Free/Reduced Lunch"
"610067",2021,"MCKAY",667.0,492.0,"Free/Reduced Lunch"
"610077",2021,"MORRILL",525.0,445.0,"Free/Reduced Lunch"
"610109",2021,"OWEN",272.0,93.0,"Free/Reduced Lunch"
"610588",2021,"RICHARDSON",1084.0,685.0,"Free/Reduced Lunch"
"610185",2021,"STEVENSON",1131.0,663.0,"Free/Reduced Lunch"
"610195",2021,"SUTHERLAND",688.0,174.0,"Free/Reduced Lunch"
"610206",2021,"TWAIN",1019.0,708.0,"Free/Reduced Lunch"
"610207",2021,"VANDERPOEL",260.0,90.0,"Free/Reduced Lunch"
"609871",2021,"VICK",261.0,123.0,"Free/Reduced Lunch"
"609790",2021,"BARTON",331.0,265.0,"Free/Reduced Lunch"
"609791",2021,"BASS",381.0,330.0,"Free/Reduced Lunch"
"610238",2021,"BOND",238.0,189.0,"Free/Reduced Lunch"
"609864",2021,"COOK",334.0,269.0,"Free/Reduced Lunch"
"610003",2021,"CUFFE",213.0,144.0,"Free/Reduced Lunch"
"610521",2021,"DAVIS M",178.0,135.0,"Free/Reduced Lunch"
"609897",2021,"EARLE",306.0,226.0,"Free/Reduced Lunch"
"610362",2021,"EVERS",226.0,184.0,"Free/Reduced Lunch"
"609924",2021,"FORT DEARBORN",363.0,277.0,"Free/Reduced Lunch"
"609927",2021,"FOSTER PARK",322.0,243.0,"Free/Reduced Lunch"
"609929",2021,"FULTON",340.0,285.0,"Free/Reduced Lunch"
"610032",2021,"GREEN",320.0,209.0,"Free/Reduced Lunch"
"609986",2021,"HENDERSON",196.0,193.0,"Free/Reduced Lunch"
"609997",2021,"HOLMES",130.0,110.0,"Free/Reduced Lunch"
"610369",2021,"JACKSON M",330.0,243.0,"Free/Reduced Lunch"
"609805",2021,"JOPLIN",369.0,334.0,"Free/Reduced Lunch"
"610019",2021,"KERSHAW",241.0,197.0,"Free/Reduced Lunch"
"610299",2021,"KING ES",238.0,175.0,"Free/Reduced Lunch"
"609869",2021,"LANGFORD",196.0,151.0,"Free/Reduced Lunch"
"610037",2021,"LIBBY",307.0,254.0,"Free/Reduced Lunch"
"610290",2021,"MAYS",308.0,273.0,"Free/Reduced Lunch"
"609793",2021,"NICHOLSON",447.0,440.0,"Free/Reduced Lunch"
"610102",2021,"OGLESBY",351.0,344.0,"Free/Reduced Lunch"
"610108",2021,"OTOOLE",309.0,225.0,"Free/Reduced Lunch"
"610112",2021,"PARKER",402.0,351.0,"Free/Reduced Lunch"
"609941",2021,"RANDOLPH",382.0,351.0,"Free/Reduced Lunch"
"610153",2021,"RYDER",353.0,263.0,"Free/Reduced Lunch"
"610223",2021,"WENTWORTH",388.0,338.0,"Free/Reduced Lunch"
"610300",2021,"WESTCOTT",418.0,318.0,"Free/Reduced Lunch"
"610268",2021,"ASHE",328.0,266.0,"Free/Reduced Lunch"
"610350",2021,"BLACK",447.0,234.0,"Free/Reduced Lunch"
"609815",2021,"BOUCHET",605.0,573.0,"Free/Reduced Lunch"
"609813",2021,"BROWNELL",175.0,156.0,"Free/Reduced Lunch"
"609827",2021,"BURNSIDE",364.0,256.0,"Free/Reduced Lunch"
"609862",2021,"COLES",326.0,291.0,"Free/Reduced Lunch"
"609887",2021,"DIXON",558.0,325.0,"Free/Reduced Lunch"
"610316",2021,"EARHART",234.0,144.0,"Free/Reduced Lunch"
"609939",2021,"GILLESPIE",429.0,312.0,"Free/Reduced Lunch"
"610002",2021,"HOYNE",220.0,123.0,"Free/Reduced Lunch"
"610047",2021,"MADISON",189.0,177.0,"Free/Reduced Lunch"
"610052",2021,"MANN",295.0,266.0,"Free/Reduced Lunch"
"610066",2021,"MCDADE",181.0,52.0,"Free/Reduced Lunch"
"610171",2021,"MIRELES",420.0,397.0,"Free/Reduced Lunch"
"610093",2021,"NEIL",265.0,194.0,"Free/Reduced Lunch"
"610193",2021,"NEW SULLIVAN",431.0,395.0,"Free/Reduced Lunch"
"609961",2021,"NINOS HEROES",291.0,228.0,"Free/Reduced Lunch"
"610115",2021,"PARK MANOR",258.0,217.0,"Free/Reduced Lunch"
"610116",2021,"PARKSIDE",250.0,186.0,"Free/Reduced Lunch"
"610130",2021,"PIRIE",224.0,127.0,"Free/Reduced Lunch"
"610281",2021,"POWELL",524.0,414.0,"Free/Reduced Lunch"
"610146",2021,"REVERE",201.0,163.0,"Free/Reduced Lunch"
"610152",2021,"RUGGLES",360.0,275.0,"Free/Reduced Lunch"
"610178",2021,"SCHMID",172.0,129.0,"Free/Reduced Lunch"
"610530",2021,"SOUTH SHORE ES",296.0,215.0,"Free/Reduced Lunch"
"610279",2021,"TANNER",308.0,276.0,"Free/Reduced Lunch"
"610200",2021,"THORP J",279.0,275.0,"Free/Reduced Lunch"
"610218",2021,"WARREN",211.0,192.0,"Free/Reduced Lunch"
"610124",2021,"WASHINGTON H ES",268.0,257.0,"Free/Reduced Lunch"
"609848",2021,"ALDRIDGE",188.0,154.0,"Free/Reduced Lunch"
"609800",2021,"BENNETT",262.0,189.0,"Free/Reduced Lunch"
"609811",2021,"BRIGHT",258.0,209.0,"Free/Reduced Lunch"
"610091",2021,"BROWN R",303.0,227.0,"Free/Reduced Lunch"
"609821",2021,"BURNHAM",419.0,388.0,"Free/Reduced Lunch"
"609845",2021,"CARVER G",372.0,356.0,"Free/Reduced Lunch"
"609856",2021,"CLAY",546.0,366.0,"Free/Reduced Lunch"
"610199",2021,"COLEMON",211.0,135.0,"Free/Reduced Lunch"
"610004",2021,"CULLEN",186.0,138.0,"Free/Reduced Lunch"
"610364",2021,"DUBOIS",213.0,178.0,"Free/Reduced Lunch"
"610188",2021,"DUNNE",203.0,132.0,"Free/Reduced Lunch"
"609917",2021,"FERNWOOD",261.0,241.0,"Free/Reduced Lunch"
"609935",2021,"GALLISTEL",628.0,549.0,"Free/Reduced Lunch"
"610128",2021,"GARVEY",234.0,214.0,"Free/Reduced Lunch"
"609944",2021,"GRISSOM",286.0,152.0,"Free/Reduced Lunch"
"609808",2021,"HALEY",447.0,438.0,"Free/Reduced Lunch"
"610295",2021,"HIGGINS",260.0,208.0,"Free/Reduced Lunch"
"610368",2021,"HUGHES L",427.0,310.0,"Free/Reduced Lunch"
"610208",2021,"LAVIZZO",370.0,289.0,"Free/Reduced Lunch"
"609902",2021,"METCALFE",299.0,218.0,"Free/Reduced Lunch"
"610086",2021,"MOUNT VERNON",229.0,163.0,"Free/Reduced Lunch"
"609943",2021,"OWENS",346.0,250.0,"Free/Reduced Lunch"
"610132",2021,"POE",198.0,60.0,"Free/Reduced Lunch"
"610139",2021,"PULLMAN",340.0,234.0,"Free/Reduced Lunch"
"610586",2021,"SADLOWSKI",621.0,525.0,"Free/Reduced Lunch"
"610176",2021,"SHOOP",421.0,326.0,"Free/Reduced Lunch"
"609978",2021,"SMITH",316.0,260.0,"Free/Reduced Lunch"
"610198",2021,"TAYLOR",360.0,253.0,"Free/Reduced Lunch"
"610219",2021,"WASHINGTON G ES",680.0,464.0,"Free/Reduced Lunch"
"610225",2021,"WHISTLER",314.0,231.0,"Free/Reduced Lunch"
"610315",2021,"WHITE",108.0,84.0,"Free/Reduced Lunch"
"610402",2021,"DEVRY HS",158.0,75.0,"Free/Reduced Lunch"
"610515",2021,"DISNEY II ES",404.0,139.0,"Free/Reduced Lunch"
"610564",2021,"DISNEY II HS",785.0,432.0,"Free/Reduced Lunch"
"609708",2021,"FOREMAN HS",604.0,487.0,"Free/Reduced Lunch"
"609769",2021,"GRAHAM HS",184.0,155.0,"Free/Reduced Lunch"
"609716",2021,"KELVYN PARK HS",395.0,281.0,"Free/Reduced Lunch"
"609719",2021,"LAKE VIEW HS",1353.0,821.0,"Free/Reduced Lunch"
"609720",2021,"LANE TECH HS",4428.0,1605.0,"Free/Reduced Lunch"
"609738",2021,"LINCOLN PARK HS",2117.0,603.0,"Free/Reduced Lunch"
"609724",2021,"MATHER HS",1617.0,1063.0,"Free/Reduced Lunch"
"609744",2021,"NORTHSIDE LEARNING HS",239.0,165.0,"Free/Reduced Lunch"
"609728",2021,"ROOSEVELT HS",1021.0,686.0,"Free/Reduced Lunch"
"609729",2021,"SCHURZ HS",1518.0,968.0,"Free/Reduced Lunch"
"609730",2021,"SENN HS",1547.0,886.0,"Free/Reduced Lunch"
"609732",2021,"STEINMETZ HS",1167.0,667.0,"Free/Reduced Lunch"
"609733",2021,"SULLIVAN HS",597.0,396.0,"Free/Reduced Lunch"
"609734",2021,"TAFT HS",3960.0,1419.0,"Free/Reduced Lunch"
"610394",2021,"UPLIFT HS",106.0,74.0,"Free/Reduced Lunch"
"609766",2021,"VAUGHN HS",234.0,149.0,"Free/Reduced Lunch"
"609737",2021,"VON STEUBEN HS",1674.0,879.0,"Free/Reduced Lunch"
"610524",2021,"ALCOTT HS",333.0,207.0,"Free/Reduced Lunch"
"610518",2021,"AUSTIN CCA HS",235.0,204.0,"Free/Reduced Lunch"
"609759",2021,"CLEMENTE HS",684.0,568.0,"Free/Reduced Lunch"
"610561",2021,"CRANE MEDICAL HS",446.0,351.0,"Free/Reduced Lunch"
"609756",2021,"CURIE HS",2993.0,2130.0,"Free/Reduced Lunch"
"610245",2021,"DOUGLASS HS",50.0,46.0,"Free/Reduced Lunch"
"609694",2021,"HANCOCK HS",1019.0,592.0,"Free/Reduced Lunch"
"609764",2021,"JUAREZ HS",1705.0,1436.0,"Free/Reduced Lunch"
"609722",2021,"MANLEY HS",87.0,71.0,"Free/Reduced Lunch"
"609723",2021,"MARSHALL HS",228.0,226.0,"Free/Reduced Lunch"
"610385",2021,"MULTICULTURAL HS",225.0,204.0,"Free/Reduced Lunch"
"609691",2021,"NORTH-GRAND HS",1039.0,837.0,"Free/Reduced Lunch"
"610101",2021,"OGDEN ES",946.0,339.0,"Free/Reduced Lunch"
"610529",2021,"OGDEN HS",632.0,388.0,"Free/Reduced Lunch"
"609680",2021,"PAYTON HS",1216.0,314.0,"Free/Reduced Lunch"
"609679",2021,"PROSSER HS",1214.0,1042.0,"Free/Reduced Lunch"
"610334",2021,"RABY HS",246.0,221.0,"Free/Reduced Lunch"
"609750",2021,"SIMPSON HS",21.0,19.0,"Free/Reduced Lunch"
"610383",2021,"SOCIAL JUSTICE HS",335.0,277.0,"Free/Reduced Lunch"
"609740",2021,"WELLS HS",316.0,247.0,"Free/Reduced Lunch"
"609693",2021,"WESTINGHOUSE HS",1255.0,687.0,"Free/Reduced Lunch"
"610392",2021,"WORLD LANGUAGE HS",345.0,225.0,"Free/Reduced Lunch"
"610513",2021,"AIR FORCE HS",196.0,149.0,"Free/Reduced Lunch"
"609698",2021,"BOGAN HS",736.0,489.0,"Free/Reduced Lunch"
"610592",2021,"ENGLEWOOD STEM HS",680.0,573.0,"Free/Reduced Lunch"
"609704",2021,"FARRAGUT HS",540.0,431.0,"Free/Reduced Lunch"
"609709",2021,"GAGE PARK HS",323.0,237.0,"Free/Reduced Lunch"
"610558",2021,"GOODE HS",936.0,641.0,"Free/Reduced Lunch"
"609711",2021,"HARPER HS",21.0,19.0,"Free/Reduced Lunch"
"609741",2021,"HUBBARD HS",1721.0,1374.0,"Free/Reduced Lunch"
"609783",2021,"JEFFERSON HS",144.0,129.0,"Free/Reduced Lunch"
"609762",2021,"JULIAN HS",390.0,331.0,"Free/Reduced Lunch"
"609715",2021,"KELLY HS",1780.0,1294.0,"Free/Reduced Lunch"
"609718",2021,"KENNEDY HS",1474.0,739.0,"Free/Reduced Lunch"
"609725",2021,"MORGAN PARK HS",1079.0,641.0,"Free/Reduced Lunch"
"609682",2021,"RICHARDS HS",233.0,203.0,"Free/Reduced Lunch"
"610357",2021,"SPRY HS",97.0,76.0,"Free/Reduced Lunch"
"609735",2021,"TILDEN HS",203.0,183.0,"Free/Reduced Lunch"
"609748",2021,"YORK HS",172.0,159.0,"Free/Reduced Lunch"
"610323",2021,"BOWEN HS",218.0,189.0,"Free/Reduced Lunch"
"610381",2021,"BRONZEVILLE HS",87.0,72.0,"Free/Reduced Lunch"
"609760",2021,"CARVER MILITARY HS",442.0,273.0,"Free/Reduced Lunch"
"609754",2021,"CHICAGO MILITARY HS",280.0,190.0,"Free/Reduced Lunch"
"609674",2021,"CHICAGO VOCATIONAL HS",741.0,547.0,"Free/Reduced Lunch"
"609761",2021,"CORLISS HS",284.0,243.0,"Free/Reduced Lunch"
"609676",2021,"DUNBAR HS",413.0,301.0,"Free/Reduced Lunch"
"610587",2021,"DYETT ARTS HS",583.0,434.0,"Free/Reduced Lunch"
"609705",2021,"FENGER HS",286.0,241.0,"Free/Reduced Lunch"
"609710",2021,"HARLAN HS",297.0,253.0,"Free/Reduced Lunch"
"609712",2021,"HIRSCH HS",90.0,73.0,"Free/Reduced Lunch"
"609713",2021,"HYDE PARK HS",770.0,602.0,"Free/Reduced Lunch"
"609746",2021,"KENWOOD HS",2125.0,1043.0,"Free/Reduced Lunch"
"609751",2021,"KING HS",463.0,312.0,"Free/Reduced Lunch"
"609692",2021,"SIMEON HS",1420.0,1069.0,"Free/Reduced Lunch"
"610547",2021,"SOUTH SHORE INTL HS",561.0,309.0,"Free/Reduced Lunch"
"609739",2021,"WASHINGTON HS",1505.0,1035.0,"Free/Reduced Lunch"
"610380",2021,"WILLIAMS HS",107.0,96.0,"Free/Reduced Lunch"
"609806",2021,"BRADWELL",472.0,447.0,"Free/Reduced Lunch"
"609844",2021,"CARTER",298.0,268.0,"Free/Reduced Lunch"
"610021",2021,"CASALS",373.0,298.0,"Free/Reduced Lunch"
"609851",2021,"CHALMERS",275.0,259.0,"Free/Reduced Lunch"
"610248",2021,"CHICAGO ACADEMY ES",561.0,360.0,"Free/Reduced Lunch"
"610340",2021,"CHICAGO ACADEMY HS",571.0,328.0,"Free/Reduced Lunch"
"610499",2021,"COLLINS HS",231.0,189.0,"Free/Reduced Lunch"
"609900",2021,"CURTIS",422.0,379.0,"Free/Reduced Lunch"
"609883",2021,"DENEEN",446.0,393.0,"Free/Reduced Lunch"
"609885",2021,"DEWEY",291.0,283.0,"Free/Reduced Lunch"
"610263",2021,"DULLES",713.0,627.0,"Free/Reduced Lunch"
"610254",2021,"DVORAK",336.0,324.0,"Free/Reduced Lunch"
"609928",2021,"FULLER",339.0,306.0,"Free/Reduced Lunch"
"609955",2021,"GRESHAM",365.0,359.0,"Free/Reduced Lunch"
"609971",2021,"HARVARD",354.0,321.0,"Free/Reduced Lunch"
"609991",2021,"HERZL",471.0,443.0,"Free/Reduced Lunch"
"610000",2021,"HOWE",376.0,365.0,"Free/Reduced Lunch"
"610274",2021,"JOHNSON",328.0,308.0,"Free/Reduced Lunch"
"610036",2021,"LEWIS",454.0,437.0,"Free/Reduced Lunch"
"610053",2021,"MARQUETTE",1022.0,823.0,"Free/Reduced Lunch"
"610282",2021,"MCNAIR",344.0,340.0,"Free/Reduced Lunch"
"610257",2021,"MORTON",203.0,199.0,"Free/Reduced Lunch"
"610231",2021,"NATIONAL TEACHERS",771.0,383.0,"Free/Reduced Lunch"
"610103",2021,"OKEEFFE",538.0,470.0,"Free/Reduced Lunch"
"610389",2021,"ORR HS",245.0,214.0,"Free/Reduced Lunch"
"609727",2021,"PHILLIPS HS",614.0,485.0,"Free/Reduced Lunch"
"610106",2021,"PICCOLO",519.0,409.0,"Free/Reduced Lunch"
"610172",2021,"SHERMAN",247.0,245.0,"Free/Reduced Lunch"
"610543",2021,"SOLORIO HS",1238.0,835.0,"Free/Reduced Lunch"
"610339",2021,"STAGG",408.0,393.0,"Free/Reduced Lunch"
"610396",2021,"TARKINGTON",920.0,773.0,"Free/Reduced Lunch"
"609772",2021,"ADDAMS",615.0,481.0,"Free/Reduced Lunch"
"609773",2021,"AGASSIZ",461.0,127.0,"Free/Reduced Lunch"
"609695",2021,"AMUNDSEN HS",1459.0,740.0,"Free/Reduced Lunch"
"609779",2021,"ARMSTRONG G",1221.0,1008.0,"Free/Reduced Lunch"
"609786",2021,"AVALON PARK",227.0,205.0,"Free/Reduced Lunch"
"610544",2021,"AZUELA",803.0,523.0,"Free/Reduced Lunch"
"610563",2021,"BACK OF THE YARDS HS",1076.0,771.0,"Free/Reduced Lunch"
"609798",2021,"BELDING",545.0,207.0,"Free/Reduced Lunch"
"609922",2021,"BELMONT-CRAGIN",425.0,319.0,"Free/Reduced Lunch"
"609726",2021,"BROOKS HS",984.0,492.0,"Free/Reduced Lunch"
"609817",2021,"BUDLONG",647.0,365.0,"Free/Reduced Lunch"
"609820",2021,"BURLEY",569.0,64.0,"Free/Reduced Lunch"
"609829",2021,"BURROUGHS",418.0,372.0,"Free/Reduced Lunch"
"609833",2021,"CALDWELL",246.0,148.0,"Free/Reduced Lunch"
"609835",2021,"CAMERON",652.0,577.0,"Free/Reduced Lunch"
"610539",2021,"CAMRAS",866.0,522.0,"Free/Reduced Lunch"
"610024",2021,"CARDENAS",979.0,797.0,"Free/Reduced Lunch"
"609842",2021,"CARSON",914.0,756.0,"Free/Reduced Lunch"
"609849",2021,"CASSELL",386.0,71.0,"Free/Reduced Lunch"
"609852",2021,"CHAPPELL",555.0,197.0,"Free/Reduced Lunch"
"610148",2021,"CHAVEZ",836.0,778.0,"Free/Reduced Lunch"
"609753",2021,"CHICAGO AGRICULTURE HS",818.0,299.0,"Free/Reduced Lunch"
"609795",2021,"CLARK ES",182.0,155.0,"Free/Reduced Lunch"
"610244",2021,"CLARK HS",524.0,398.0,"Free/Reduced Lunch"
"609859",2021,"CLINTON",1079.0,844.0,"Free/Reduced Lunch"
"610170",2021,"COLUMBIA EXPLORERS",834.0,622.0,"Free/Reduced Lunch"
"609863",2021,"COLUMBUS",250.0,122.0,"Free/Reduced Lunch"
"609866",2021,"COONLEY",966.0,99.0,"Free/Reduced Lunch"
"609870",2021,"CORKERY",422.0,349.0,"Free/Reduced Lunch"
"609899",2021,"EBINGER",847.0,65.0,"Free/Reduced Lunch"
"609909",2021,"EVERETT",124.0,107.0,"Free/Reduced Lunch"
"610503",2021,"FRAZIER PROSPECTIVE",196.0,158.0,"Free/Reduced Lunch"
"609945",2021,"GOUDY",621.0,435.0,"Free/Reduced Lunch"
"609958",2021,"GUNSAULUS",726.0,551.0,"Free/Reduced Lunch"
"609996",2021,"HOLDEN",427.0,239.0,"Free/Reduced Lunch"
"610384",2021,"INFINITY HS",398.0,276.0,"Free/Reduced Lunch"
"609678",2021,"JONES HS",1964.0,658.0,"Free/Reduced Lunch"
"610015",2021,"JUNGMAN",248.0,192.0,"Free/Reduced Lunch"
"610026",2021,"KINZIE",681.0,310.0,"Free/Reduced Lunch"
"610027",2021,"KIPLING",276.0,236.0,"Free/Reduced Lunch"
"609993",2021,"LARA",382.0,320.0,"Free/Reduced Lunch"
"610520",2021,"LASALLE II",574.0,183.0,"Free/Reduced Lunch"
"610291",2021,"LEE",721.0,553.0,"Free/Reduced Lunch"
"610298",2021,"LENART",278.0,68.0,"Free/Reduced Lunch"
"610038",2021,"LINCOLN",919.0,96.0,"Free/Reduced Lunch"
"610391",2021,"LINDBLOM HS",1397.0,807.0,"Free/Reduced Lunch"
"609834",2021,"LITTLE VILLAGE",673.0,546.0,"Free/Reduced Lunch"
"610040",2021,"LLOYD",886.0,655.0,"Free/Reduced Lunch"
"610541",2021,"LORCA",688.0,511.0,"Free/Reduced Lunch"
"609780",2021,"MARINE LEADERSHIP AT AMES HS",829.0,778.0,"Free/Reduced Lunch"
"610054",2021,"MARSH",724.0,477.0,"Free/Reduced Lunch"
"610312",2021,"MCDOWELL",147.0,108.0,"Free/Reduced Lunch"
"610082",2021,"MOUNT GREENWOOD",1235.0,176.0,"Free/Reduced Lunch"
"610098",2021,"NOBEL",643.0,430.0,"Free/Reduced Lunch"
"609749",2021,"NORTHSIDE PREP HS",1059.0,307.0,"Free/Reduced Lunch"
"609950",2021,"ORTIZ DE DOMINGUEZ",415.0,246.0,"Free/Reduced Lunch"
"610111",2021,"PALMER",732.0,470.0,"Free/Reduced Lunch"
"610386",2021,"PEACE AND EDUCATION HS",86.0,71.0,"Free/Reduced Lunch"
"610120",2021,"PECK",818.0,727.0,"Free/Reduced Lunch"
"610122",2021,"PEIRCE",1021.0,437.0,"Free/Reduced Lunch"
"610304",2021,"PHOENIX MILITARY HS",578.0,384.0,"Free/Reduced Lunch"
"610129",2021,"PICKARD",372.0,334.0,"Free/Reduced Lunch"
"610390",2021,"RICKOVER MILITARY HS",447.0,292.0,"Free/Reduced Lunch"
"610147",2021,"ROGERS",727.0,455.0,"Free/Reduced Lunch"
"610250",2021,"SALAZAR",308.0,205.0,"Free/Reduced Lunch"
"610226",2021,"SANDOVAL",842.0,656.0,"Free/Reduced Lunch"
"610081",2021,"SHERIDAN",550.0,198.0,"Free/Reduced Lunch"
"610173",2021,"SHERWOOD",263.0,197.0,"Free/Reduced Lunch"
"610177",2021,"SKINNER",1194.0,152.0,"Free/Reduced Lunch"
"610179",2021,"SMYSER",827.0,440.0,"Free/Reduced Lunch"
"609990",2021,"SOUTH LOOP",784.0,170.0,"Free/Reduced Lunch"
"609745",2021,"SOUTHSIDE HS",327.0,245.0,"Free/Reduced Lunch"
"610548",2021,"STEM",407.0,142.0,"Free/Reduced Lunch"
"610249",2021,"TALMAN",362.0,218.0,"Free/Reduced Lunch"
"610504",2021,"THOMAS",117.0,55.0,"Free/Reduced Lunch"
"610201",2021,"THORP O",843.0,203.0,"Free/Reduced Lunch"
"610203",2021,"TONTI",845.0,550.0,"Free/Reduced Lunch"
"609895",2021,"TURNER-DREW",212.0,144.0,"Free/Reduced Lunch"
"610039",2021,"VON LINNE",659.0,281.0,"Free/Reduced Lunch"
"610366",2021,"WACKER",230.0,138.0,"Free/Reduced Lunch"
"610217",2021,"WARD J",568.0,291.0,"Free/Reduced Lunch"
"610100",2021,"WEST PARK",477.0,346.0,"Free/Reduced Lunch"
"610542",2021,"WEST RIDGE",728.0,526.0,"Free/Reduced Lunch"
"609755",2021,"YOUNG HS",2208.0,765.0,"Free/Reduced Lunch"
"609973",2021,"ZAPATA",621.0,520.0,"Free/Reduced Lunch"
"400153",2021,"ACERO - BRIGHTON PARK",565.0,341.0,"Free/Reduced Lunch"
"400101",2021,"ACERO - CISNEROS",491.0,370.0,"Free/Reduced Lunch"
"400120",2021,"ACERO - CLEMENTE",528.0,294.0,"Free/Reduced Lunch"
"400121",2021,"ACERO - DE LA CRUZ",565.0,344.0,"Free/Reduced Lunch"
"400081",2021,"ACERO - DE LAS CASAS",258.0,176.0,"Free/Reduced Lunch"
"400082",2021,"ACERO - FUENTES",468.0,284.0,"Free/Reduced Lunch"
"400085",2021,"ACERO - GARCIA HS",638.0,515.0,"Free/Reduced Lunch"
"400112",2021,"ACERO - IDAR",551.0,350.0,"Free/Reduced Lunch"
"400089",2021,"ACERO - MARQUEZ",553.0,383.0,"Free/Reduced Lunch"
"400083",2021,"ACERO - PAZ",236.0,175.0,"Free/Reduced Lunch"
"400114",2021,"ACERO - SANTIAGO",249.0,161.0,"Free/Reduced Lunch"
"400149",2021,"ACERO - SOTO HS",520.0,336.0,"Free/Reduced Lunch"
"400084",2021,"ACERO - TAMAYO",279.0,164.0,"Free/Reduced Lunch"
"400080",2021,"ACERO - TORRES",575.0,430.0,"Free/Reduced Lunch"
"400079",2021,"ACERO - ZIZUMBO",588.0,475.0,"Free/Reduced Lunch"
"400060",2021,"AHS - PASSAGES",370.0,268.0,"Free/Reduced Lunch"
"400181",2021,"ART IN MOTION",262.0,153.0,"Free/Reduced Lunch"
"400172",2021,"ASPIRA - BUSINESS & FINANCE HS",545.0,358.0,"Free/Reduced Lunch"
"400013",2021,"ASPIRA - EARLY COLLEGE HS",298.0,180.0,"Free/Reduced Lunch"
"400017",2021,"ASPIRA - HAUGAN",170.0,123.0,"Free/Reduced Lunch"
"400021",2021,"CATALYST - CIRCLE ROCK",513.0,349.0,"Free/Reduced Lunch"
"400115",2021,"CATALYST - MARIA",1101.0,853.0,"Free/Reduced Lunch"
"400161",2021,"CHICAGO COLLEGIATE",341.0,314.0,"Free/Reduced Lunch"
"400035",2021,"CHICAGO MATH & SCIENCE HS",612.0,483.0,"Free/Reduced Lunch"
"400159",2021,"CHRISTOPHER HOUSE",501.0,353.0,"Free/Reduced Lunch"
"400023",2021,"CICS - AVALON/SOUTH SHORE",491.0,294.0,"Free/Reduced Lunch"
"400024",2021,"CICS - BASIL",596.0,510.0,"Free/Reduced Lunch"
"400092",2021,"CICS - BOND",307.0,233.0,"Free/Reduced Lunch"
"400025",2021,"CICS - BUCKTOWN",696.0,407.0,"Free/Reduced Lunch"
"400113",2021,"CICS - CHICAGOQUEST HS",114.0,82.0,"Free/Reduced Lunch"
"400032",2021,"CICS - ELLISON HS",201.0,138.0,"Free/Reduced Lunch"
"400027",2021,"CICS - IRVING PARK",556.0,303.0,"Free/Reduced Lunch"
"400033",2021,"CICS - LONGWOOD",1305.0,904.0,"Free/Reduced Lunch"
"400026",2021,"CICS - LOOMIS",441.0,269.0,"Free/Reduced Lunch"
"400034",2021,"CICS - NORTHTOWN HS",909.0,629.0,"Free/Reduced Lunch"
"400028",2021,"CICS - PRAIRIE",430.0,322.0,"Free/Reduced Lunch"
"400029",2021,"CICS - WASHINGTON PARK",497.0,332.0,"Free/Reduced Lunch"
"400030",2021,"CICS - WEST BELDEN",548.0,358.0,"Free/Reduced Lunch"
"400031",2021,"CICS - WRIGHTWOOD",726.0,407.0,"Free/Reduced Lunch"
"400094",2021,"EPIC HS",520.0,367.0,"Free/Reduced Lunch"
"400039",2021,"ERIE",400.0,293.0,"Free/Reduced Lunch"
"400009",2021,"GLOBAL CITIZENSHIP",469.0,194.0,"Free/Reduced Lunch"
"400168",2021,"GREAT LAKES",469.0,360.0,"Free/Reduced Lunch"
"400167",2021,"HORIZON - SOUTHWEST",756.0,623.0,"Free/Reduced Lunch"
"400104",2021,"INSTITUTO - HEALTH",599.0,413.0,"Free/Reduced Lunch"
"400162",2021,"INTRINSIC HS",1014.0,568.0,"Free/Reduced Lunch"
"400146",2021,"KIPP - ACADEMY",564.0,400.0,"Free/Reduced Lunch"
"400044",2021,"KIPP - ASCEND",931.0,704.0,"Free/Reduced Lunch"
"400163",2021,"KIPP - BLOOM",682.0,621.0,"Free/Reduced Lunch"
"400180",2021,"KIPP - ONE",973.0,715.0,"Free/Reduced Lunch"
"400151",2021,"LEARN - 7",168.0,130.0,"Free/Reduced Lunch"
"400046",2021,"LEARN - BUTLER",526.0,376.0,"Free/Reduced Lunch"
"400047",2021,"LEARN - CAMPBELL",415.0,330.0,"Free/Reduced Lunch"
"400048",2021,"LEARN - EXCEL",427.0,277.0,"Free/Reduced Lunch"
"400165",2021,"LEARN - MIDDLE",319.0,273.0,"Free/Reduced Lunch"
"400111",2021,"LEARN - PERKINS",486.0,357.0,"Free/Reduced Lunch"
"400107",2021,"LEARN - SOUTH CHICAGO",438.0,320.0,"Free/Reduced Lunch"
"400049",2021,"LEGACY",453.0,361.0,"Free/Reduced Lunch"
"400119",2021,"LEGAL PREP HS",241.0,184.0,"Free/Reduced Lunch"
"400011",2021,"LOCKE A",443.0,255.0,"Free/Reduced Lunch"
"400116",2021,"MONTESSORI ENGLEWOOD",312.0,220.0,"Free/Reduced Lunch"
"400178",2021,"MOVING EVEREST",639.0,559.0,"Free/Reduced Lunch"
"400050",2021,"NAMASTE",463.0,253.0,"Free/Reduced Lunch"
"400058",2021,"NLCP - CHRISTIANA HS",329.0,259.0,"Free/Reduced Lunch"
"400059",2021,"NLCP - COLLINS HS",448.0,380.0,"Free/Reduced Lunch"
"400170",2021,"NOBLE - ACADEMY HS",533.0,283.0,"Free/Reduced Lunch"
"400157",2021,"NOBLE - BAKER HS",245.0,202.0,"Free/Reduced Lunch"
"400097",2021,"NOBLE - BULLS HS",1194.0,986.0,"Free/Reduced Lunch"
"400156",2021,"NOBLE - BUTLER HS",637.0,413.0,"Free/Reduced Lunch"
"400052",2021,"NOBLE - COMER",1186.0,841.0,"Free/Reduced Lunch"
"400118",2021,"NOBLE - DRW HS",299.0,203.0,"Free/Reduced Lunch"
"400053",2021,"NOBLE - GOLDER HS",663.0,446.0,"Free/Reduced Lunch"
"400117",2021,"NOBLE - HANSBERRY HS",499.0,311.0,"Free/Reduced Lunch"
"400169",2021,"NOBLE - ITW SPEER HS",1133.0,657.0,"Free/Reduced Lunch"
"400106",2021,"NOBLE - JOHNSON HS",523.0,384.0,"Free/Reduced Lunch"
"400179",2021,"NOBLE - MANSUETO HS",1124.0,848.0,"Free/Reduced Lunch"
"400098",2021,"NOBLE - MUCHIN HS",982.0,608.0,"Free/Reduced Lunch"
"400051",2021,"NOBLE - NOBLE HS",692.0,371.0,"Free/Reduced Lunch"
"400054",2021,"NOBLE - PRITZKER HS",981.0,781.0,"Free/Reduced Lunch"
"400055",2021,"NOBLE - RAUNER HS",662.0,348.0,"Free/Reduced Lunch"
"400056",2021,"NOBLE - ROWE CLARK HS",398.0,306.0,"Free/Reduced Lunch"
"400057",2021,"NOBLE - UIC HS",1004.0,675.0,"Free/Reduced Lunch"
"400064",2021,"PERSPECTIVES - JOSLIN HS",366.0,217.0,"Free/Reduced Lunch"
"400061",2021,"PERSPECTIVES - LEADERSHIP HS",537.0,307.0,"Free/Reduced Lunch"
"400066",2021,"PERSPECTIVES - MATH & SCI HS",423.0,273.0,"Free/Reduced Lunch"
"400062",2021,"PERSPECTIVES - TECH HS",337.0,221.0,"Free/Reduced Lunch"
"400069",2021,"POLARIS",404.0,285.0,"Free/Reduced Lunch"
"400071",2021,"PROVIDENCE ENGLEWOOD",460.0,387.0,"Free/Reduced Lunch"
"400096",2021,"ROWE",985.0,560.0,"Free/Reduced Lunch"
"400075",2021,"U OF C - DONOGHUE",489.0,277.0,"Free/Reduced Lunch"
"400076",2021,"U OF C - NKO",329.0,151.0,"Free/Reduced Lunch"
"400077",2021,"U OF C - WOODLAWN HS",648.0,344.0,"Free/Reduced Lunch"
"400105",2021,"URBAN PREP - BRONZEVILLE HS",337.0,245.0,"Free/Reduced Lunch"
"400086",2021,"URBAN PREP - ENGLEWOOD HS",216.0,164.0,"Free/Reduced Lunch"
"400022",2021,"CHIARTS HS",614.0,194.0,"Free/Reduced Lunch"
"400091",2021,"CHICAGO TECH HS",380.0,333.0,"Free/Reduced Lunch"
"400043",2021,"HOPE LEARNING ACADEMY",255.0,193.0,"Free/Reduced Lunch"
"400068",2021,"PLATO",206.0,145.0,"Free/Reduced Lunch"
"610565",2021,"CAMELOT - EXCEL ENGLEWOOD HS",275.0,196.0,"Free/Reduced Lunch"
"400147",2021,"CAMELOT - EXCEL HS",306.0,182.0,"Free/Reduced Lunch"
"400175",2021,"CAMELOT - EXCEL SOUTHSHORE HS",231.0,137.0,"Free/Reduced Lunch"
"400176",2021,"CAMELOT - EXCEL SOUTHWEST HS",130.0,74.0,"Free/Reduced Lunch"
"610572",2021,"CAMELOT - SAFE ES",3.0,3.0,"Free/Reduced Lunch"
"610573",2021,"CAMELOT - SAFE HS",9.0,7.0,"Free/Reduced Lunch"
"400164",2021,"INSTITUTO - JUSTICE HS",98.0,62.0,"Free/Reduced Lunch"
"400137",2021,"LITTLE BLACK PEARL HS",120.0,81.0,"Free/Reduced Lunch"
"610569",2021,"OMBUDSMAN - NORTHWEST HS",250.0,202.0,"Free/Reduced Lunch"
"610593",2021,"OMBUDSMAN - ROSELAND HS",182.0,167.0,"Free/Reduced Lunch"
"610570",2021,"OMBUDSMAN - SOUTH HS",434.0,379.0,"Free/Reduced Lunch"
"610571",2021,"OMBUDSMAN - WEST HS",232.0,211.0,"Free/Reduced Lunch"
"610557",2021,"PATHWAYS - ASHBURN HS",328.0,177.0,"Free/Reduced Lunch"
"610568",2021,"PATHWAYS - AVONDALE HS",301.0,138.0,"Free/Reduced Lunch"
"400173",2021,"PATHWAYS - BRIGHTON PARK HS",407.0,209.0,"Free/Reduced Lunch"
"610594",2021,"PATHWAYS - HUMBOLDT PARK HS",149.0,75.0,"Free/Reduced Lunch"
"400134",2021,"YCCS - ADDAMS",214.0,99.0,"Free/Reduced Lunch"
"400125",2021,"YCCS - ASPIRA PANTOJA",173.0,72.0,"Free/Reduced Lunch"
"400126",2021,"YCCS - ASSOCIATION HOUSE",135.0,120.0,"Free/Reduced Lunch"
"400127",2021,"YCCS - AUSTIN CAREER",79.0,33.0,"Free/Reduced Lunch"
"400131",2021,"YCCS - CAMPOS",170.0,150.0,"Free/Reduced Lunch"
"400128",2021,"YCCS - CCA ACADEMY",123.0,99.0,"Free/Reduced Lunch"
"400150",2021,"YCCS - CHATHAM",182.0,134.0,"Free/Reduced Lunch"
"400133",2021,"YCCS - INNOVATIONS",361.0,172.0,"Free/Reduced Lunch"
"400135",2021,"YCCS - LATINO YOUTH",196.0,134.0,"Free/Reduced Lunch"
"400124",2021,"YCCS - MCKINLEY",130.0,93.0,"Free/Reduced Lunch"
"400136",2021,"YCCS - OLIVE HARVEY",99.0,59.0,"Free/Reduced Lunch"
"400129",2021,"YCCS - PROGRESSIVE LEADERSHIP",161.0,95.0,"Free/Reduced Lunch"
"400123",2021,"YCCS - SCHOLASTIC ACHIEVEMENT",162.0,94.0,"Free/Reduced Lunch"
"400139",2021,"YCCS - SULLIVAN",327.0,327.0,"Free/Reduced Lunch"
"400141",2021,"YCCS - TRUMAN",189.0,119.0,"Free/Reduced Lunch"
"400144",2021,"YCCS - WEST",118.0,68.0,"Free/Reduced Lunch"
"400143",2021,"YCCS - WEST TOWN",137.0,85.0,"Free/Reduced Lunch"
"400145",2021,"YCCS - YOUTH CONNECTION",126.0,69.0,"Free/Reduced Lunch"
"400130",2021,"YCCS - YOUTH DEVELOPMENT",89.0,58.0,"Free/Reduced Lunch"
"610212",2022,"ALBANY PARK",242.0,216.0,"Free/Reduced Lunch"
"609792",2022,"BATEMAN",879.0,521.0,"Free/Reduced Lunch"
"610083",2022,"BEARD",288.0,73.0,"Free/Reduced Lunch"
"609796",2022,"BEAUBIEN",964.0,368.0,"Free/Reduced Lunch"
"609798",2022,"BELDING",533.0,242.0,"Free/Reduced Lunch"
"609810",2022,"BRIDGE",1045.0,577.0,"Free/Reduced Lunch"
"609836",2022,"CANTY",774.0,320.0,"Free/Reduced Lunch"
"609857",2022,"CLEVELAND",520.0,352.0,"Free/Reduced Lunch"
"609884",2022,"DEVER",751.0,366.0,"Free/Reduced Lunch"
"609874",2022,"DIRKSEN",890.0,506.0,"Free/Reduced Lunch"
"609901",2022,"EDGEBROOK",453.0,55.0,"Free/Reduced Lunch"
"609794",2022,"EDISON",256.0,28.0,"Free/Reduced Lunch"
"610523",2022,"EDISON PARK",465.0,79.0,"Free/Reduced Lunch"
"609912",2022,"FARNSWORTH",521.0,281.0,"Free/Reduced Lunch"
"609937",2022,"GARVY",706.0,226.0,"Free/Reduced Lunch"
"609949",2022,"GRAY",1000.0,719.0,"Free/Reduced Lunch"
"609988",2022,"HENRY",506.0,385.0,"Free/Reduced Lunch"
"609994",2022,"HIBBARD",836.0,616.0,"Free/Reduced Lunch"
"609995",2022,"HITCH",490.0,219.0,"Free/Reduced Lunch"
"610089",2022,"MURPHY",481.0,266.0,"Free/Reduced Lunch"
"610354",2022,"NORTH RIVER",259.0,190.0,"Free/Reduced Lunch"
"610099",2022,"NORWOOD PARK",382.0,65.0,"Free/Reduced Lunch"
"610104",2022,"ONAHAN",662.0,177.0,"Free/Reduced Lunch"
"610105",2022,"ORIOLE PARK",621.0,120.0,"Free/Reduced Lunch"
"610127",2022,"PETERSON",865.0,482.0,"Free/Reduced Lunch"
"610135",2022,"PORTAGE PARK",787.0,465.0,"Free/Reduced Lunch"
"610137",2022,"PRUSSING",642.0,382.0,"Free/Reduced Lunch"
"610145",2022,"REINBERG",739.0,493.0,"Free/Reduced Lunch"
"610155",2022,"SAUGANASH",632.0,97.0,"Free/Reduced Lunch"
"610159",2022,"SCAMMON",653.0,525.0,"Free/Reduced Lunch"
"610182",2022,"SOLOMON",350.0,137.0,"Free/Reduced Lunch"
"610163",2022,"STOCK",241.0,20.0,"Free/Reduced Lunch"
"610209",2022,"VOLTA",701.0,546.0,"Free/Reduced Lunch"
"610230",2022,"WILDWOOD",443.0,41.0,"Free/Reduced Lunch"
"609804",2022,"BOONE",737.0,560.0,"Free/Reduced Lunch"
"610242",2022,"BRENNEMANN",433.0,285.0,"Free/Reduced Lunch"
"609866",2022,"COONLEY",877.0,100.0,"Free/Reduced Lunch"
"610355",2022,"COURTENAY",208.0,151.0,"Free/Reduced Lunch"
"609880",2022,"DECATUR",311.0,36.0,"Free/Reduced Lunch"
"610363",2022,"DISNEY",1467.0,836.0,"Free/Reduced Lunch"
"609918",2022,"FIELD",140.0,117.0,"Free/Reduced Lunch"
"609933",2022,"GALE",223.0,180.0,"Free/Reduced Lunch"
"609976",2022,"HAYT",886.0,639.0,"Free/Reduced Lunch"
"610011",2022,"JAMIESON",781.0,477.0,"Free/Reduced Lunch"
"609865",2022,"JORDAN",463.0,366.0,"Free/Reduced Lunch"
"610022",2022,"KILMER",716.0,563.0,"Free/Reduced Lunch"
"610269",2022,"MCCUTCHEON",309.0,227.0,"Free/Reduced Lunch"
"610070",2022,"MCPHERSON",650.0,319.0,"Free/Reduced Lunch"
"610284",2022,"NEW FIELD",544.0,327.0,"Free/Reduced Lunch"
"610141",2022,"RAVENSWOOD",516.0,145.0,"Free/Reduced Lunch"
"610191",2022,"STONE",548.0,284.0,"Free/Reduced Lunch"
"610196",2022,"SWIFT",549.0,344.0,"Free/Reduced Lunch"
"610220",2022,"WATERS",630.0,124.0,"Free/Reduced Lunch"
"609922",2022,"BELMONT-CRAGIN",454.0,290.0,"Free/Reduced Lunch"
"609830",2022,"BRUNSON",417.0,295.0,"Free/Reduced Lunch"
"609818",2022,"BURBANK",739.0,598.0,"Free/Reduced Lunch"
"610367",2022,"DEPRIEST",464.0,372.0,"Free/Reduced Lunch"
"609904",2022,"ELLINGTON",409.0,315.0,"Free/Reduced Lunch"
"609910",2022,"FALCONER",898.0,684.0,"Free/Reduced Lunch"
"610068",2022,"HANSON PARK",1175.0,942.0,"Free/Reduced Lunch"
"609975",2022,"HAY",268.0,215.0,"Free/Reduced Lunch"
"610305",2022,"LELAND",365.0,267.0,"Free/Reduced Lunch"
"610036",2022,"LEWIS",401.0,347.0,"Free/Reduced Lunch"
"610041",2022,"LOCKE J",1176.0,897.0,"Free/Reduced Lunch"
"610043",2022,"LOVETT",306.0,230.0,"Free/Reduced Lunch"
"610046",2022,"LYON",1105.0,899.0,"Free/Reduced Lunch"
"610282",2022,"MCNAIR",341.0,268.0,"Free/Reduced Lunch"
"610092",2022,"NASH",221.0,170.0,"Free/Reduced Lunch"
"610051",2022,"NORTHWEST",468.0,426.0,"Free/Reduced Lunch"
"610533",2022,"PRIETO",788.0,638.0,"Free/Reduced Lunch"
"610158",2022,"SAYRE",431.0,234.0,"Free/Reduced Lunch"
"610165",2022,"SCHUBERT",554.0,401.0,"Free/Reduced Lunch"
"610183",2022,"SPENCER",433.0,340.0,"Free/Reduced Lunch"
"610235",2022,"YOUNG ES",512.0,419.0,"Free/Reduced Lunch"
"609774",2022,"ALCOTT ES",602.0,57.0,"Free/Reduced Lunch"
"609782",2022,"AUDUBON",490.0,65.0,"Free/Reduced Lunch"
"610325",2022,"AVONDALE-LOGANDALE",523.0,432.0,"Free/Reduced Lunch"
"609789",2022,"BARRY",465.0,332.0,"Free/Reduced Lunch"
"609799",2022,"BELL",904.0,122.0,"Free/Reduced Lunch"
"609803",2022,"BLAINE",672.0,85.0,"Free/Reduced Lunch"
"609809",2022,"BRENTANO",669.0,270.0,"Free/Reduced Lunch"
"609853",2022,"CHASE",394.0,260.0,"Free/Reduced Lunch"
"609875",2022,"DARWIN",550.0,379.0,"Free/Reduced Lunch"
"609926",2022,"FRANKLIN",360.0,133.0,"Free/Reduced Lunch"
"609930",2022,"FUNSTON",403.0,345.0,"Free/Reduced Lunch"
"609942",2022,"GOETHE",730.0,372.0,"Free/Reduced Lunch"
"609850",2022,"GREELEY",372.0,278.0,"Free/Reduced Lunch"
"609963",2022,"HAMILTON",449.0,38.0,"Free/Reduced Lunch"
"609974",2022,"HAWTHORNE",576.0,93.0,"Free/Reduced Lunch"
"610078",2022,"INTER-AMERICAN",681.0,283.0,"Free/Reduced Lunch"
"610010",2022,"JAHN",311.0,133.0,"Free/Reduced Lunch"
"610033",2022,"LASALLE",469.0,151.0,"Free/Reduced Lunch"
"610038",2022,"LINCOLN",823.0,84.0,"Free/Reduced Lunch"
"610048",2022,"MANIERRE",266.0,211.0,"Free/Reduced Lunch"
"610059",2022,"MAYER",645.0,51.0,"Free/Reduced Lunch"
"609968",2022,"MCAULIFFE",571.0,454.0,"Free/Reduced Lunch"
"610074",2022,"MONROE",701.0,559.0,"Free/Reduced Lunch"
"610088",2022,"MOZART",480.0,396.0,"Free/Reduced Lunch"
"610094",2022,"NETTELHORST",675.0,145.0,"Free/Reduced Lunch"
"610095",2022,"NEWBERRY",386.0,229.0,"Free/Reduced Lunch"
"610097",2022,"NIXON",588.0,433.0,"Free/Reduced Lunch"
"610136",2022,"PRESCOTT",415.0,112.0,"Free/Reduced Lunch"
"610144",2022,"REILLY",608.0,492.0,"Free/Reduced Lunch"
"610534",2022,"SKINNER NORTH",493.0,40.0,"Free/Reduced Lunch"
"609773",2022,"TUBMAN",393.0,110.0,"Free/Reduced Lunch"
"609797",2022,"BEIDLER",306.0,251.0,"Free/Reduced Lunch"
"610021",2022,"CASALS",353.0,278.0,"Free/Reduced Lunch"
"610251",2022,"CATHER",335.0,290.0,"Free/Reduced Lunch"
"609854",2022,"CHOPIN",288.0,231.0,"Free/Reduced Lunch"
"609873",2022,"CROWN",141.0,120.0,"Free/Reduced Lunch"
"610313",2022,"DE DIEGO",464.0,360.0,"Free/Reduced Lunch"
"609907",2022,"ERICSON",405.0,329.0,"Free/Reduced Lunch"
"610055",2022,"FARADAY",184.0,155.0,"Free/Reduced Lunch"
"609954",2022,"GREGORY",284.0,241.0,"Free/Reduced Lunch"
"609985",2022,"HEFFERAN",224.0,184.0,"Free/Reduced Lunch"
"610271",2022,"JENSEN",300.0,257.0,"Free/Reduced Lunch"
"609925",2022,"KELLMAN",213.0,177.0,"Free/Reduced Lunch"
"610034",2022,"LAWNDALE",216.0,169.0,"Free/Reduced Lunch"
"610044",2022,"LOWELL",311.0,246.0,"Free/Reduced Lunch"
"610293",2022,"MELODY",310.0,253.0,"Free/Reduced Lunch"
"610076",2022,"MOOS",433.0,310.0,"Free/Reduced Lunch"
"610106",2022,"PICCOLO",546.0,456.0,"Free/Reduced Lunch"
"610192",2022,"STOWE",585.0,476.0,"Free/Reduced Lunch"
"610194",2022,"SUMNER",218.0,176.0,"Free/Reduced Lunch"
"610202",2022,"TILTON",253.0,210.0,"Free/Reduced Lunch"
"610133",2022,"WARD L",286.0,241.0,"Free/Reduced Lunch"
"610221",2022,"WEBSTER",222.0,187.0,"Free/Reduced Lunch"
"610100",2022,"WEST PARK",489.0,394.0,"Free/Reduced Lunch"
"610234",2022,"YATES",302.0,264.0,"Free/Reduced Lunch"
"609812",2022,"BROWN W",187.0,153.0,"Free/Reduced Lunch"
"609828",2022,"BURR",489.0,138.0,"Free/Reduced Lunch"
"610060",2022,"Chicago World Language Academy",445.0,174.0,"Free/Reduced Lunch"
"610252",2022,"DETT",288.0,236.0,"Free/Reduced Lunch"
"609896",2022,"DRUMMOND",312.0,35.0,"Free/Reduced Lunch"
"610009",2022,"GALILEO",546.0,228.0,"Free/Reduced Lunch"
"609947",2022,"GRAHAM ES",346.0,276.0,"Free/Reduced Lunch"
"609959",2022,"HAINES",567.0,432.0,"Free/Reduced Lunch"
"609979",2022,"HEALY",1269.0,957.0,"Free/Reduced Lunch"
"610121",2022,"IRVING",297.0,215.0,"Free/Reduced Lunch"
"610029",2022,"LOZANO",174.0,112.0,"Free/Reduced Lunch"
"610062",2022,"MCCLELLAN",304.0,224.0,"Free/Reduced Lunch"
"610107",2022,"OTIS",309.0,233.0,"Free/Reduced Lunch"
"610229",2022,"PRITZKER",655.0,193.0,"Free/Reduced Lunch"
"610138",2022,"PULASKI",832.0,344.0,"Free/Reduced Lunch"
"610308",2022,"RUDOLPH",97.0,71.0,"Free/Reduced Lunch"
"610342",2022,"SABIN",374.0,296.0,"Free/Reduced Lunch"
"610180",2022,"SMYTH",388.0,321.0,"Free/Reduced Lunch"
"610405",2022,"SUDER",436.0,178.0,"Free/Reduced Lunch"
"610197",2022,"TALCOTT",444.0,294.0,"Free/Reduced Lunch"
"609867",2022,"COOPER",457.0,389.0,"Free/Reduced Lunch"
"610254",2022,"DVORAK",327.0,265.0,"Free/Reduced Lunch"
"609967",2022,"FINKL",222.0,198.0,"Free/Reduced Lunch"
"609938",2022,"GARY",808.0,747.0,"Free/Reduced Lunch"
"609966",2022,"HAMMOND",252.0,213.0,"Free/Reduced Lunch"
"609991",2022,"HERZL",418.0,363.0,"Free/Reduced Lunch"
"610005",2022,"HUGHES C",198.0,159.0,"Free/Reduced Lunch"
"609920",2022,"KANOON",439.0,382.0,"Free/Reduced Lunch"
"610215",2022,"MADERO",265.0,259.0,"Free/Reduced Lunch"
"610056",2022,"MASON",268.0,204.0,"Free/Reduced Lunch"
"610063",2022,"MCCORMICK",478.0,405.0,"Free/Reduced Lunch"
"610329",2022,"OROZCO",275.0,195.0,"Free/Reduced Lunch"
"610123",2022,"PENN",221.0,167.0,"Free/Reduced Lunch"
"609872",2022,"PEREZ",287.0,220.0,"Free/Reduced Lunch"
"610129",2022,"PICKARD",318.0,276.0,"Free/Reduced Lunch"
"610013",2022,"PILSEN",229.0,191.0,"Free/Reduced Lunch"
"610125",2022,"RUIZ",447.0,364.0,"Free/Reduced Lunch"
"610017",2022,"SAUCEDO",901.0,760.0,"Free/Reduced Lunch"
"610184",2022,"SPRY ES",325.0,283.0,"Free/Reduced Lunch"
"609921",2022,"TELPOCHCALLI",248.0,190.0,"Free/Reduced Lunch"
"610216",2022,"WALSH",256.0,183.0,"Free/Reduced Lunch"
"610227",2022,"WHITNEY",676.0,585.0,"Free/Reduced Lunch"
"610228",2022,"WHITTIER",178.0,140.0,"Free/Reduced Lunch"
"610317",2022,"BRIGHTON PARK",332.0,280.0,"Free/Reduced Lunch"
"609829",2022,"BURROUGHS",380.0,326.0,"Free/Reduced Lunch"
"610353",2022,"CALMECA",665.0,524.0,"Free/Reduced Lunch"
"609855",2022,"CHRISTOPHER",331.0,280.0,"Free/Reduced Lunch"
"610239",2022,"DALEY",510.0,446.0,"Free/Reduced Lunch"
"609876",2022,"DAVIS N",528.0,447.0,"Free/Reduced Lunch"
"609885",2022,"DEWEY",297.0,240.0,"Free/Reduced Lunch"
"609903",2022,"EDWARDS",1300.0,1031.0,"Free/Reduced Lunch"
"610319",2022,"EVERGREEN",228.0,200.0,"Free/Reduced Lunch"
"609929",2022,"FULTON",325.0,274.0,"Free/Reduced Lunch"
"609952",2022,"GREENE",310.0,246.0,"Free/Reduced Lunch"
"609964",2022,"HAMLINE",557.0,463.0,"Free/Reduced Lunch"
"609983",2022,"HEDGES",493.0,405.0,"Free/Reduced Lunch"
"609986",2022,"HENDERSON",188.0,143.0,"Free/Reduced Lunch"
"609997",2022,"HOLMES",128.0,89.0,"Free/Reduced Lunch"
"610037",2022,"LIBBY",285.0,232.0,"Free/Reduced Lunch"
"610096",2022,"NIGHTINGALE",1054.0,880.0,"Free/Reduced Lunch"
"610117",2022,"PASTEUR",579.0,405.0,"Free/Reduced Lunch"
"610157",2022,"SAWYER",1103.0,960.0,"Free/Reduced Lunch"
"610167",2022,"SEWARD",484.0,423.0,"Free/Reduced Lunch"
"610172",2022,"SHERMAN",262.0,211.0,"Free/Reduced Lunch"
"610174",2022,"SHIELDS",485.0,372.0,"Free/Reduced Lunch"
"610589",2022,"SOR JUANA",317.0,143.0,"Free/Reduced Lunch"
"610203",2022,"TONTI",833.0,562.0,"Free/Reduced Lunch"
"609951",2022,"ARIEL",403.0,268.0,"Free/Reduced Lunch"
"610246",2022,"BEASLEY",1035.0,680.0,"Free/Reduced Lunch"
"610237",2022,"BEETHOVEN",294.0,206.0,"Free/Reduced Lunch"
"610590",2022,"BRONZEVILLE CLASSICAL",327.0,75.0,"Free/Reduced Lunch"
"609819",2022,"BURKE",269.0,214.0,"Free/Reduced Lunch"
"609837",2022,"CARNEGIE",495.0,384.0,"Free/Reduced Lunch"
"609844",2022,"CARTER",276.0,205.0,"Free/Reduced Lunch"
"609891",2022,"DOOLITTLE",243.0,189.0,"Free/Reduced Lunch"
"609894",2022,"DRAKE",281.0,224.0,"Free/Reduced Lunch"
"609919",2022,"FISKE",355.0,247.0,"Free/Reduced Lunch"
"609928",2022,"FULLER",313.0,259.0,"Free/Reduced Lunch"
"609969",2022,"HARTE",331.0,191.0,"Free/Reduced Lunch"
"609987",2022,"HENDRICKS",195.0,162.0,"Free/Reduced Lunch"
"610030",2022,"KOZMINSKI",250.0,178.0,"Free/Reduced Lunch"
"610276",2022,"MOLLISON",298.0,236.0,"Free/Reduced Lunch"
"610090",2022,"MURRAY",484.0,279.0,"Free/Reduced Lunch"
"610126",2022,"PERSHING",485.0,340.0,"Free/Reduced Lunch"
"610142",2022,"RAY",563.0,252.0,"Free/Reduced Lunch"
"610143",2022,"REAVIS",281.0,202.0,"Free/Reduced Lunch"
"610256",2022,"ROBINSON",106.0,71.0,"Free/Reduced Lunch"
"610175",2022,"SHOESMITH",310.0,203.0,"Free/Reduced Lunch"
"610065",2022,"TILL",313.0,228.0,"Free/Reduced Lunch"
"610213",2022,"WADSWORTH",465.0,340.0,"Free/Reduced Lunch"
"610110",2022,"WELLS ES",313.0,242.0,"Free/Reduced Lunch"
"609977",2022,"WOODLAWN",174.0,118.0,"Free/Reduced Lunch"
"610345",2022,"WOODSON",288.0,236.0,"Free/Reduced Lunch"
"610287",2022,"ASHBURN",342.0,268.0,"Free/Reduced Lunch"
"609788",2022,"BARNARD",262.0,175.0,"Free/Reduced Lunch"
"610087",2022,"BLAIR",218.0,80.0,"Free/Reduced Lunch"
"609832",2022,"BYRNE",613.0,261.0,"Free/Reduced Lunch"
"609839",2022,"CARROLL",385.0,264.0,"Free/Reduced Lunch"
"610347",2022,"CLAREMONT",419.0,340.0,"Free/Reduced Lunch"
"609861",2022,"CLISSOLD",389.0,170.0,"Free/Reduced Lunch"
"609879",2022,"DAWES",1000.0,821.0,"Free/Reduced Lunch"
"609893",2022,"DORE",719.0,289.0,"Free/Reduced Lunch"
"610352",2022,"DURKIN PARK",679.0,464.0,"Free/Reduced Lunch"
"609898",2022,"EBERHART",1123.0,915.0,"Free/Reduced Lunch"
"609908",2022,"ESMOND",274.0,215.0,"Free/Reduced Lunch"
"610057",2022,"FAIRFIELD",517.0,427.0,"Free/Reduced Lunch"
"609956",2022,"GRIMES",393.0,265.0,"Free/Reduced Lunch"
"609960",2022,"HALE",801.0,473.0,"Free/Reduced Lunch"
"609807",2022,"HAMPTON",485.0,379.0,"Free/Reduced Lunch"
"609981",2022,"HEARST",308.0,232.0,"Free/Reduced Lunch"
"610006",2022,"HURLEY",732.0,567.0,"Free/Reduced Lunch"
"610084",2022,"KELLER",212.0,48.0,"Free/Reduced Lunch"
"610016",2022,"KELLOGG",278.0,98.0,"Free/Reduced Lunch"
"610053",2022,"MARQUETTE",981.0,796.0,"Free/Reduced Lunch"
"610067",2022,"MCKAY",651.0,513.0,"Free/Reduced Lunch"
"610077",2022,"MORRILL",481.0,401.0,"Free/Reduced Lunch"
"610109",2022,"OWEN",267.0,146.0,"Free/Reduced Lunch"
"610588",2022,"RICHARDSON",977.0,895.0,"Free/Reduced Lunch"
"610185",2022,"STEVENSON",1086.0,866.0,"Free/Reduced Lunch"
"610195",2022,"SUTHERLAND",606.0,209.0,"Free/Reduced Lunch"
"610206",2022,"TWAIN",954.0,633.0,"Free/Reduced Lunch"
"610207",2022,"VANDERPOEL",255.0,138.0,"Free/Reduced Lunch"
"609871",2022,"VICK",274.0,41.0,"Free/Reduced Lunch"
"609790",2022,"BARTON",309.0,247.0,"Free/Reduced Lunch"
"609791",2022,"BASS",379.0,300.0,"Free/Reduced Lunch"
"610238",2022,"BOND",231.0,186.0,"Free/Reduced Lunch"
"609864",2022,"COOK",298.0,236.0,"Free/Reduced Lunch"
"610003",2022,"CUFFE",225.0,160.0,"Free/Reduced Lunch"
"609897",2022,"EARLE",269.0,197.0,"Free/Reduced Lunch"
"610362",2022,"EVERS",213.0,160.0,"Free/Reduced Lunch"
"609924",2022,"FORT DEARBORN",347.0,274.0,"Free/Reduced Lunch"
"609927",2022,"FOSTER PARK",320.0,232.0,"Free/Reduced Lunch"
"610032",2022,"GREEN",326.0,242.0,"Free/Reduced Lunch"
"609955",2022,"GRESHAM",363.0,312.0,"Free/Reduced Lunch"
"609971",2022,"HARVARD",377.0,298.0,"Free/Reduced Lunch"
"610369",2022,"JACKSON M",295.0,247.0,"Free/Reduced Lunch"
"609805",2022,"JOPLIN",379.0,298.0,"Free/Reduced Lunch"
"610019",2022,"KERSHAW",247.0,194.0,"Free/Reduced Lunch"
"610299",2022,"KING ES",245.0,192.0,"Free/Reduced Lunch"
"609869",2022,"LANGFORD",174.0,139.0,"Free/Reduced Lunch"
"610290",2022,"MAYS",257.0,204.0,"Free/Reduced Lunch"
"609793",2022,"NICHOLSON",448.0,358.0,"Free/Reduced Lunch"
"610102",2022,"OGLESBY",272.0,224.0,"Free/Reduced Lunch"
"610108",2022,"OTOOLE",328.0,256.0,"Free/Reduced Lunch"
"610112",2022,"PARKER",393.0,308.0,"Free/Reduced Lunch"
"609941",2022,"RANDOLPH",354.0,295.0,"Free/Reduced Lunch"
"610153",2022,"RYDER",364.0,297.0,"Free/Reduced Lunch"
"610339",2022,"STAGG",372.0,292.0,"Free/Reduced Lunch"
"610223",2022,"WENTWORTH",407.0,321.0,"Free/Reduced Lunch"
"610300",2022,"WESTCOTT",423.0,318.0,"Free/Reduced Lunch"
"610268",2022,"ASHE",320.0,216.0,"Free/Reduced Lunch"
"610350",2022,"BLACK",386.0,280.0,"Free/Reduced Lunch"
"609815",2022,"BOUCHET",597.0,482.0,"Free/Reduced Lunch"
"609806",2022,"BRADWELL",448.0,356.0,"Free/Reduced Lunch"
"609813",2022,"BROWNELL",168.0,131.0,"Free/Reduced Lunch"
"609827",2022,"BURNSIDE",338.0,240.0,"Free/Reduced Lunch"
"609862",2022,"COLES",304.0,241.0,"Free/Reduced Lunch"
"609883",2022,"DENEEN",432.0,336.0,"Free/Reduced Lunch"
"609887",2022,"DIXON",501.0,351.0,"Free/Reduced Lunch"
"610316",2022,"EARHART",208.0,133.0,"Free/Reduced Lunch"
"609939",2022,"GILLESPIE",401.0,312.0,"Free/Reduced Lunch"
"610002",2022,"HOYNE",211.0,155.0,"Free/Reduced Lunch"
"610047",2022,"MADISON",188.0,156.0,"Free/Reduced Lunch"
"610052",2022,"MANN",293.0,226.0,"Free/Reduced Lunch"
"610066",2022,"MCDADE",192.0,64.0,"Free/Reduced Lunch"
"610171",2022,"MIRELES",453.0,362.0,"Free/Reduced Lunch"
"610093",2022,"NEIL",264.0,200.0,"Free/Reduced Lunch"
"610193",2022,"NEW SULLIVAN",405.0,332.0,"Free/Reduced Lunch"
"609961",2022,"NINOS HEROES",325.0,245.0,"Free/Reduced Lunch"
"610115",2022,"PARK MANOR",243.0,201.0,"Free/Reduced Lunch"
"610116",2022,"PARKSIDE",241.0,200.0,"Free/Reduced Lunch"
"610130",2022,"PIRIE",221.0,152.0,"Free/Reduced Lunch"
"610281",2022,"POWELL",518.0,420.0,"Free/Reduced Lunch"
"610146",2022,"REVERE",219.0,172.0,"Free/Reduced Lunch"
"610152",2022,"RUGGLES",330.0,261.0,"Free/Reduced Lunch"
"610178",2022,"SCHMID",189.0,143.0,"Free/Reduced Lunch"
"610530",2022,"SOUTH SHORE ES",280.0,210.0,"Free/Reduced Lunch"
"610279",2022,"TANNER",309.0,234.0,"Free/Reduced Lunch"
"610200",2022,"THORP J",290.0,219.0,"Free/Reduced Lunch"
"610218",2022,"WARREN",236.0,171.0,"Free/Reduced Lunch"
"610124",2022,"WASHINGTON H ES",222.0,182.0,"Free/Reduced Lunch"
"609848",2022,"ALDRIDGE",217.0,164.0,"Free/Reduced Lunch"
"609800",2022,"BENNETT",272.0,213.0,"Free/Reduced Lunch"
"609811",2022,"BRIGHT",244.0,209.0,"Free/Reduced Lunch"
"610091",2022,"BROWN R",287.0,233.0,"Free/Reduced Lunch"
"609821",2022,"BURNHAM",434.0,347.0,"Free/Reduced Lunch"
"609845",2022,"CARVER G",426.0,357.0,"Free/Reduced Lunch"
"609856",2022,"CLAY",575.0,417.0,"Free/Reduced Lunch"
"610199",2022,"COLEMON",179.0,139.0,"Free/Reduced Lunch"
"610004",2022,"CULLEN",177.0,142.0,"Free/Reduced Lunch"
"610364",2022,"DUBOIS",198.0,166.0,"Free/Reduced Lunch"
"610188",2022,"DUNNE",201.0,156.0,"Free/Reduced Lunch"
"609917",2022,"FERNWOOD",299.0,233.0,"Free/Reduced Lunch"
"609935",2022,"GALLISTEL",598.0,483.0,"Free/Reduced Lunch"
"610128",2022,"GARVEY",257.0,187.0,"Free/Reduced Lunch"
"609944",2022,"GRISSOM",278.0,169.0,"Free/Reduced Lunch"
"609808",2022,"HALEY",459.0,356.0,"Free/Reduced Lunch"
"610295",2022,"HIGGINS",251.0,203.0,"Free/Reduced Lunch"
"610368",2022,"HUGHES L",461.0,322.0,"Free/Reduced Lunch"
"610208",2022,"LAVIZZO",332.0,260.0,"Free/Reduced Lunch"
"609902",2022,"METCALFE",334.0,257.0,"Free/Reduced Lunch"
"610086",2022,"MOUNT VERNON",244.0,188.0,"Free/Reduced Lunch"
"609943",2022,"OWENS",341.0,263.0,"Free/Reduced Lunch"
"610132",2022,"POE",203.0,75.0,"Free/Reduced Lunch"
"610139",2022,"PULLMAN",335.0,251.0,"Free/Reduced Lunch"
"610586",2022,"SADLOWSKI",624.0,474.0,"Free/Reduced Lunch"
"610176",2022,"SHOOP",437.0,345.0,"Free/Reduced Lunch"
"609978",2022,"SMITH",277.0,233.0,"Free/Reduced Lunch"
"610198",2022,"TAYLOR",349.0,295.0,"Free/Reduced Lunch"
"610219",2022,"WASHINGTON G ES",642.0,435.0,"Free/Reduced Lunch"
"610225",2022,"WHISTLER",284.0,205.0,"Free/Reduced Lunch"
"610315",2022,"WHITE",113.0,72.0,"Free/Reduced Lunch"
"610402",2022,"DEVRY HS",162.0,105.0,"Free/Reduced Lunch"
"610515",2022,"DISNEY II ES",421.0,132.0,"Free/Reduced Lunch"
"610564",2022,"DISNEY II HS",784.0,491.0,"Free/Reduced Lunch"
"609708",2022,"FOREMAN HS",569.0,481.0,"Free/Reduced Lunch"
"609769",2022,"GRAHAM HS",205.0,180.0,"Free/Reduced Lunch"
"609716",2022,"KELVYN PARK HS",489.0,416.0,"Free/Reduced Lunch"
"609719",2022,"LAKE VIEW HS",1443.0,1112.0,"Free/Reduced Lunch"
"609720",2022,"LANE TECH HS",4386.0,1657.0,"Free/Reduced Lunch"
"609738",2022,"LINCOLN PARK HS",2066.0,935.0,"Free/Reduced Lunch"
"609780",2022,"MARINE LEADERSHIP AT AMES HS",780.0,739.0,"Free/Reduced Lunch"
"609724",2022,"MATHER HS",1725.0,1410.0,"Free/Reduced Lunch"
"609744",2022,"NORTHSIDE LEARNING HS",255.0,193.0,"Free/Reduced Lunch"
"609749",2022,"NORTHSIDE PREP HS",1042.0,380.0,"Free/Reduced Lunch"
"609728",2022,"ROOSEVELT HS",1010.0,850.0,"Free/Reduced Lunch"
"609729",2022,"SCHURZ HS",1385.0,1177.0,"Free/Reduced Lunch"
"609730",2022,"SENN HS",1524.0,1091.0,"Free/Reduced Lunch"
"609732",2022,"STEINMETZ HS",1148.0,954.0,"Free/Reduced Lunch"
"609733",2022,"SULLIVAN HS",574.0,495.0,"Free/Reduced Lunch"
"609734",2022,"TAFT HS",4110.0,2085.0,"Free/Reduced Lunch"
"610394",2022,"UPLIFT HS",86.0,74.0,"Free/Reduced Lunch"
"609766",2022,"VAUGHN HS",211.0,161.0,"Free/Reduced Lunch"
"609737",2022,"VON STEUBEN HS",1676.0,1140.0,"Free/Reduced Lunch"
"610524",2022,"ALCOTT HS",357.0,263.0,"Free/Reduced Lunch"
"610518",2022,"AUSTIN CCA HS",159.0,144.0,"Free/Reduced Lunch"
"609759",2022,"CLEMENTE HS",680.0,596.0,"Free/Reduced Lunch"
"610561",2022,"CRANE MEDICAL HS",406.0,357.0,"Free/Reduced Lunch"
"609756",2022,"CURIE HS",3060.0,2687.0,"Free/Reduced Lunch"
"610245",2022,"DOUGLASS HS",44.0,35.0,"Free/Reduced Lunch"
"609694",2022,"HANCOCK HS",1019.0,780.0,"Free/Reduced Lunch"
"609764",2022,"JUAREZ HS",1702.0,1551.0,"Free/Reduced Lunch"
"609722",2022,"MANLEY HS",64.0,51.0,"Free/Reduced Lunch"
"609723",2022,"MARSHALL HS",213.0,196.0,"Free/Reduced Lunch"
"610385",2022,"MULTICULTURAL ARTS HIGH SCHOOL",233.0,213.0,"Free/Reduced Lunch"
"609691",2022,"NORTH-GRAND HS",1087.0,974.0,"Free/Reduced Lunch"
"610101",2022,"OGDEN ES",894.0,361.0,"Free/Reduced Lunch"
"610529",2022,"OGDEN HS",566.0,406.0,"Free/Reduced Lunch"
"609680",2022,"PAYTON HS",1193.0,354.0,"Free/Reduced Lunch"
"609679",2022,"PROSSER HS",1114.0,1001.0,"Free/Reduced Lunch"
"610334",2022,"RABY HS",198.0,190.0,"Free/Reduced Lunch"
"609750",2022,"SIMPSON HS",23.0,21.0,"Free/Reduced Lunch"
"610383",2022,"SOCIAL JUSTICE HS",304.0,276.0,"Free/Reduced Lunch"
"609740",2022,"WELLS HS",314.0,247.0,"Free/Reduced Lunch"
"609693",2022,"WESTINGHOUSE HS",1192.0,886.0,"Free/Reduced Lunch"
"610392",2022,"WORLD LANGUAGE HS",319.0,301.0,"Free/Reduced Lunch"
"610513",2022,"AIR FORCE HS",174.0,146.0,"Free/Reduced Lunch"
"609698",2022,"BOGAN HS",749.0,623.0,"Free/Reduced Lunch"
"610592",2022,"ENGLEWOOD STEM HS",829.0,753.0,"Free/Reduced Lunch"
"609704",2022,"FARRAGUT HS",506.0,480.0,"Free/Reduced Lunch"
"609709",2022,"GAGE PARK HS",301.0,265.0,"Free/Reduced Lunch"
"610558",2022,"GOODE HS",956.0,816.0,"Free/Reduced Lunch"
"609741",2022,"HUBBARD HS",1821.0,1619.0,"Free/Reduced Lunch"
"609783",2022,"JEFFERSON HS",161.0,122.0,"Free/Reduced Lunch"
"609762",2022,"JULIAN HS",392.0,353.0,"Free/Reduced Lunch"
"609715",2022,"KELLY HS",1736.0,1594.0,"Free/Reduced Lunch"
"609718",2022,"KENNEDY HS",1512.0,946.0,"Free/Reduced Lunch"
"610391",2022,"LINDBLOM HS",1388.0,852.0,"Free/Reduced Lunch"
"609725",2022,"MORGAN PARK HS",1138.0,883.0,"Free/Reduced Lunch"
"609682",2022,"RICHARDS HS",242.0,220.0,"Free/Reduced Lunch"
"610357",2022,"SPRY HS",88.0,84.0,"Free/Reduced Lunch"
"609735",2022,"TILDEN HS",181.0,157.0,"Free/Reduced Lunch"
"609748",2022,"YORK HS",165.0,110.0,"Free/Reduced Lunch"
"610323",2022,"BOWEN HS",189.0,161.0,"Free/Reduced Lunch"
"610381",2022,"BRONZEVILLE HS",61.0,49.0,"Free/Reduced Lunch"
"609760",2022,"CARVER MILITARY HS",406.0,307.0,"Free/Reduced Lunch"
"609754",2022,"CHICAGO MILITARY HS",244.0,200.0,"Free/Reduced Lunch"
"609674",2022,"CHICAGO VOCATIONAL HS",662.0,589.0,"Free/Reduced Lunch"
"609761",2022,"CORLISS HS",319.0,280.0,"Free/Reduced Lunch"
"609676",2022,"DUNBAR HS",493.0,455.0,"Free/Reduced Lunch"
"610587",2022,"DYETT ARTS HS",537.0,424.0,"Free/Reduced Lunch"
"609705",2022,"FENGER HS",244.0,205.0,"Free/Reduced Lunch"
"609710",2022,"HARLAN HS",293.0,247.0,"Free/Reduced Lunch"
"609712",2022,"HIRSCH HS",78.0,64.0,"Free/Reduced Lunch"
"609713",2022,"HYDE PARK HS",712.0,665.0,"Free/Reduced Lunch"
"609746",2022,"KENWOOD HS",2252.0,1310.0,"Free/Reduced Lunch"
"609751",2022,"KING HS",626.0,476.0,"Free/Reduced Lunch"
"609692",2022,"SIMEON HS",1358.0,1153.0,"Free/Reduced Lunch"
"610547",2022,"SOUTH SHORE INTL HS",583.0,440.0,"Free/Reduced Lunch"
"609739",2022,"WASHINGTON HS",1541.0,1307.0,"Free/Reduced Lunch"
"610380",2022,"WILLIAMS HS",63.0,59.0,"Free/Reduced Lunch"
"609851",2022,"CHALMERS",214.0,184.0,"Free/Reduced Lunch"
"610248",2022,"CHICAGO ACADEMY ES",561.0,372.0,"Free/Reduced Lunch"
"610340",2022,"CHICAGO ACADEMY HS",562.0,453.0,"Free/Reduced Lunch"
"610499",2022,"COLLINS HS",251.0,243.0,"Free/Reduced Lunch"
"609900",2022,"CURTIS",395.0,310.0,"Free/Reduced Lunch"
"610263",2022,"DULLES",721.0,582.0,"Free/Reduced Lunch"
"610000",2022,"HOWE",389.0,316.0,"Free/Reduced Lunch"
"610274",2022,"JOHNSON",265.0,213.0,"Free/Reduced Lunch"
"610257",2022,"MORTON",181.0,153.0,"Free/Reduced Lunch"
"610231",2022,"NATIONAL TEACHERS",727.0,408.0,"Free/Reduced Lunch"
"610103",2022,"OKEEFFE",507.0,413.0,"Free/Reduced Lunch"
"610389",2022,"ORR HS",216.0,186.0,"Free/Reduced Lunch"
"609727",2022,"PHILLIPS HS",565.0,491.0,"Free/Reduced Lunch"
"610543",2022,"SOLORIO HS",1252.0,1129.0,"Free/Reduced Lunch"
"610396",2022,"TARKINGTON",902.0,768.0,"Free/Reduced Lunch"
"609772",2022,"ADDAMS",576.0,422.0,"Free/Reduced Lunch"
"609695",2022,"AMUNDSEN HS",1490.0,781.0,"Free/Reduced Lunch"
"609777",2022,"ARMOUR",256.0,177.0,"Free/Reduced Lunch"
"609779",2022,"ARMSTRONG G",1215.0,917.0,"Free/Reduced Lunch"
"609786",2022,"AVALON PARK",225.0,178.0,"Free/Reduced Lunch"
"610544",2022,"AZUELA",716.0,560.0,"Free/Reduced Lunch"
"610563",2022,"BACK OF THE YARDS HS",1056.0,944.0,"Free/Reduced Lunch"
"609726",2022,"BROOKS HS",988.0,579.0,"Free/Reduced Lunch"
"609817",2022,"BUDLONG",652.0,370.0,"Free/Reduced Lunch"
"609820",2022,"BURLEY",519.0,82.0,"Free/Reduced Lunch"
"609833",2022,"CALDWELL",240.0,179.0,"Free/Reduced Lunch"
"609835",2022,"CAMERON",635.0,523.0,"Free/Reduced Lunch"
"610539",2022,"CAMRAS",797.0,582.0,"Free/Reduced Lunch"
"610024",2022,"CARDENAS",866.0,745.0,"Free/Reduced Lunch"
"609842",2022,"CARSON",877.0,727.0,"Free/Reduced Lunch"
"609849",2022,"CASSELL",361.0,77.0,"Free/Reduced Lunch"
"609852",2022,"CHAPPELL",527.0,202.0,"Free/Reduced Lunch"
"610148",2022,"CHAVEZ",821.0,708.0,"Free/Reduced Lunch"
"609753",2022,"CHICAGO AGRICULTURE HS",814.0,423.0,"Free/Reduced Lunch"
"609795",2022,"CLARK ES",178.0,131.0,"Free/Reduced Lunch"
"610244",2022,"CLARK HS",523.0,492.0,"Free/Reduced Lunch"
"609859",2022,"CLINTON",1024.0,792.0,"Free/Reduced Lunch"
"610170",2022,"COLUMBIA EXPLORERS",787.0,622.0,"Free/Reduced Lunch"
"609863",2022,"COLUMBUS",224.0,119.0,"Free/Reduced Lunch"
"609870",2022,"CORKERY",415.0,342.0,"Free/Reduced Lunch"
"610521",2022,"DAVIS M",152.0,122.0,"Free/Reduced Lunch"
"609899",2022,"EBINGER",748.0,74.0,"Free/Reduced Lunch"
"609909",2022,"EVERETT",104.0,66.0,"Free/Reduced Lunch"
"610503",2022,"FRAZIER PROSPECTIVE",164.0,138.0,"Free/Reduced Lunch"
"609945",2022,"GOUDY",556.0,381.0,"Free/Reduced Lunch"
"609958",2022,"GUNSAULUS",676.0,533.0,"Free/Reduced Lunch"
"609972",2022,"HAUGAN",845.0,628.0,"Free/Reduced Lunch"
"610532",2022,"HERNANDEZ",890.0,797.0,"Free/Reduced Lunch"
"609996",2022,"HOLDEN",412.0,285.0,"Free/Reduced Lunch"
"610384",2022,"INFINITY HS",401.0,374.0,"Free/Reduced Lunch"
"609678",2022,"JONES HS",1960.0,681.0,"Free/Reduced Lunch"
"610015",2022,"JUNGMAN",247.0,164.0,"Free/Reduced Lunch"
"610026",2022,"KINZIE",668.0,318.0,"Free/Reduced Lunch"
"610027",2022,"KIPLING",249.0,192.0,"Free/Reduced Lunch"
"609993",2022,"LARA",324.0,268.0,"Free/Reduced Lunch"
"610520",2022,"LASALLE II",580.0,173.0,"Free/Reduced Lunch"
"610291",2022,"LEE",665.0,548.0,"Free/Reduced Lunch"
"610298",2022,"LENART",280.0,77.0,"Free/Reduced Lunch"
"609834",2022,"LITTLE VILLAGE",628.0,553.0,"Free/Reduced Lunch"
"610040",2022,"LLOYD",827.0,598.0,"Free/Reduced Lunch"
"610541",2022,"LORCA",664.0,517.0,"Free/Reduced Lunch"
"610054",2022,"MARSH",680.0,488.0,"Free/Reduced Lunch"
"610312",2022,"MCDOWELL",114.0,82.0,"Free/Reduced Lunch"
"610073",2022,"MITCHELL",372.0,128.0,"Free/Reduced Lunch"
"610082",2022,"MOUNT GREENWOOD",1148.0,179.0,"Free/Reduced Lunch"
"610098",2022,"NOBEL",603.0,488.0,"Free/Reduced Lunch"
"609950",2022,"ORTIZ DE DOMINGUEZ",396.0,271.0,"Free/Reduced Lunch"
"610111",2022,"PALMER",730.0,440.0,"Free/Reduced Lunch"
"610386",2022,"PEACE AND EDUCATION HS",66.0,53.0,"Free/Reduced Lunch"
"610120",2022,"PECK",803.0,551.0,"Free/Reduced Lunch"
"610122",2022,"PEIRCE",1061.0,406.0,"Free/Reduced Lunch"
"610304",2022,"PHOENIX MILITARY HS",545.0,483.0,"Free/Reduced Lunch"
"610131",2022,"PLAMONDON",122.0,102.0,"Free/Reduced Lunch"
"610390",2022,"RICKOVER MILITARY HS",446.0,322.0,"Free/Reduced Lunch"
"610147",2022,"ROGERS",724.0,428.0,"Free/Reduced Lunch"
"610250",2022,"SALAZAR",301.0,207.0,"Free/Reduced Lunch"
"610226",2022,"SANDOVAL",779.0,608.0,"Free/Reduced Lunch"
"610081",2022,"SHERIDAN",530.0,254.0,"Free/Reduced Lunch"
"610173",2022,"SHERWOOD",247.0,201.0,"Free/Reduced Lunch"
"610559",2022,"SHIELDS MIDDLE",520.0,489.0,"Free/Reduced Lunch"
"610177",2022,"SKINNER",1126.0,165.0,"Free/Reduced Lunch"
"610179",2022,"SMYSER",771.0,466.0,"Free/Reduced Lunch"
"609990",2022,"SOUTH LOOP",799.0,183.0,"Free/Reduced Lunch"
"609745",2022,"SOUTHSIDE HS",371.0,311.0,"Free/Reduced Lunch"
"610548",2022,"STEM",387.0,145.0,"Free/Reduced Lunch"
"610249",2022,"TALMAN",349.0,269.0,"Free/Reduced Lunch"
"610504",2022,"THOMAS",117.0,32.0,"Free/Reduced Lunch"
"610201",2022,"THORP O",799.0,269.0,"Free/Reduced Lunch"
"609895",2022,"TURNER-DREW",201.0,148.0,"Free/Reduced Lunch"
"610039",2022,"VON LINNE",615.0,354.0,"Free/Reduced Lunch"
"610366",2022,"WACKER",222.0,162.0,"Free/Reduced Lunch"
"610217",2022,"WARD J",533.0,389.0,"Free/Reduced Lunch"
"610542",2022,"WEST RIDGE",667.0,492.0,"Free/Reduced Lunch"
"609755",2022,"YOUNG HS",2143.0,773.0,"Free/Reduced Lunch"
"609973",2022,"ZAPATA",554.0,463.0,"Free/Reduced Lunch"
"400153",2022,"ACERO - BRIGHTON PARK",531.0,455.0,"Free/Reduced Lunch"
"400101",2022,"ACERO - CISNEROS",480.0,420.0,"Free/Reduced Lunch"
"400120",2022,"ACERO - CLEMENTE",490.0,388.0,"Free/Reduced Lunch"
"400121",2022,"ACERO - DE LA CRUZ",545.0,431.0,"Free/Reduced Lunch"
"400081",2022,"ACERO - DE LAS CASAS",255.0,212.0,"Free/Reduced Lunch"
"400082",2022,"ACERO - FUENTES",417.0,360.0,"Free/Reduced Lunch"
"400085",2022,"ACERO - GARCIA HS",652.0,575.0,"Free/Reduced Lunch"
"400112",2022,"ACERO - IDAR",527.0,449.0,"Free/Reduced Lunch"
"400089",2022,"ACERO - MARQUEZ",533.0,457.0,"Free/Reduced Lunch"
"400083",2022,"ACERO - PAZ",206.0,179.0,"Free/Reduced Lunch"
"400114",2022,"ACERO - SANTIAGO",235.0,192.0,"Free/Reduced Lunch"
"400149",2022,"ACERO - SOTO HS",552.0,512.0,"Free/Reduced Lunch"
"400084",2022,"ACERO - TAMAYO",268.0,235.0,"Free/Reduced Lunch"
"400080",2022,"ACERO - TORRES",571.0,441.0,"Free/Reduced Lunch"
"400079",2022,"ACERO - ZIZUMBO",572.0,442.0,"Free/Reduced Lunch"
"400060",2022,"AHS - PASSAGES",314.0,229.0,"Free/Reduced Lunch"
"400181",2022,"ART IN MOTION",388.0,289.0,"Free/Reduced Lunch"
"400172",2022,"ASPIRA - BUSINESS & FINANCE HS",562.0,440.0,"Free/Reduced Lunch"
"400013",2022,"ASPIRA - EARLY COLLEGE HS",315.0,273.0,"Free/Reduced Lunch"
"400017",2022,"ASPIRA - HAUGAN",121.0,101.0,"Free/Reduced Lunch"
"400021",2022,"CATALYST - CIRCLE ROCK",504.0,407.0,"Free/Reduced Lunch"
"400115",2022,"CATALYST - MARIA",540.0,459.0,"Free/Reduced Lunch"
"400182",2022,"CATALYST - MARIA (HS)",561.0,528.0,"Free/Reduced Lunch"
"400161",2022,"CHICAGO COLLEGIATE",276.0,250.0,"Free/Reduced Lunch"
"400035",2022,"CHICAGO MATH & SCIENCE HS",591.0,524.0,"Free/Reduced Lunch"
"400159",2022,"CHRISTOPHER HOUSE",486.0,386.0,"Free/Reduced Lunch"
"400023",2022,"CICS - AVALON/SOUTH SHORE",486.0,385.0,"Free/Reduced Lunch"
"400024",2022,"CICS - BASIL",597.0,480.0,"Free/Reduced Lunch"
"400092",2022,"CICS - BOND",279.0,211.0,"Free/Reduced Lunch"
"400025",2022,"CICS - BUCKTOWN",700.0,506.0,"Free/Reduced Lunch"
"400032",2022,"CICS - ELLISON HS",170.0,136.0,"Free/Reduced Lunch"
"400027",2022,"CICS - IRVING PARK",512.0,306.0,"Free/Reduced Lunch"
"400033",2022,"CICS - LONGWOOD",1236.0,972.0,"Free/Reduced Lunch"
"400026",2022,"CICS - LOOMIS",398.0,233.0,"Free/Reduced Lunch"
"400034",2022,"CICS - NORTHTOWN HS",906.0,737.0,"Free/Reduced Lunch"
"400028",2022,"CICS - PRAIRIE",419.0,334.0,"Free/Reduced Lunch"
"400029",2022,"CICS - WASHINGTON PARK",473.0,402.0,"Free/Reduced Lunch"
"400030",2022,"CICS - WEST BELDEN",543.0,424.0,"Free/Reduced Lunch"
"400031",2022,"CICS - WRIGHTWOOD",687.0,447.0,"Free/Reduced Lunch"
"400094",2022,"EPIC HS",499.0,454.0,"Free/Reduced Lunch"
"400039",2022,"ERIE",403.0,312.0,"Free/Reduced Lunch"
"400009",2022,"GLOBAL CITIZENSHIP",468.0,292.0,"Free/Reduced Lunch"
"400168",2022,"GREAT LAKES",496.0,380.0,"Free/Reduced Lunch"
"400167",2022,"HORIZON - SOUTHWEST",718.0,641.0,"Free/Reduced Lunch"
"400104",2022,"INSTITUTO - HEALTH",580.0,535.0,"Free/Reduced Lunch"
"400162",2022,"INTRINSIC HS",1039.0,922.0,"Free/Reduced Lunch"
"400146",2022,"KIPP - ACADEMY",584.0,458.0,"Free/Reduced Lunch"
"400044",2022,"KIPP - ASCEND",908.0,757.0,"Free/Reduced Lunch"
"400163",2022,"KIPP - BLOOM",801.0,625.0,"Free/Reduced Lunch"
"400180",2022,"KIPP - ONE",1025.0,855.0,"Free/Reduced Lunch"
"400151",2022,"LEARN - 7",166.0,131.0,"Free/Reduced Lunch"
"400046",2022,"LEARN - BUTLER",489.0,415.0,"Free/Reduced Lunch"
"400047",2022,"LEARN - CAMPBELL",384.0,318.0,"Free/Reduced Lunch"
"400048",2022,"LEARN - EXCEL",426.0,344.0,"Free/Reduced Lunch"
"400165",2022,"LEARN - MIDDLE",360.0,326.0,"Free/Reduced Lunch"
"400111",2022,"LEARN - PERKINS",478.0,348.0,"Free/Reduced Lunch"
"400107",2022,"LEARN - SOUTH CHICAGO",428.0,333.0,"Free/Reduced Lunch"
"400049",2022,"LEGACY",459.0,369.0,"Free/Reduced Lunch"
"400119",2022,"LEGAL PREP HS",263.0,231.0,"Free/Reduced Lunch"
"400011",2022,"LOCKE A",375.0,308.0,"Free/Reduced Lunch"
"400116",2022,"MONTESSORI ENGLEWOOD",330.0,258.0,"Free/Reduced Lunch"
"400178",2022,"MOVING EVEREST",701.0,585.0,"Free/Reduced Lunch"
"400050",2022,"NAMASTE",444.0,319.0,"Free/Reduced Lunch"
"400058",2022,"NLCP - CHRISTIANA HS",338.0,315.0,"Free/Reduced Lunch"
"400059",2022,"NLCP - COLLINS HS",477.0,440.0,"Free/Reduced Lunch"
"400170",2022,"NOBLE - ACADEMY HS",575.0,409.0,"Free/Reduced Lunch"
"400157",2022,"NOBLE - BAKER HS",254.0,211.0,"Free/Reduced Lunch"
"400097",2022,"NOBLE - BULLS HS",1172.0,1036.0,"Free/Reduced Lunch"
"400156",2022,"NOBLE - BUTLER HS",628.0,533.0,"Free/Reduced Lunch"
"400052",2022,"NOBLE - COMER",1102.0,925.0,"Free/Reduced Lunch"
"400118",2022,"NOBLE - DRW HS",318.0,255.0,"Free/Reduced Lunch"
"400053",2022,"NOBLE - GOLDER HS",671.0,562.0,"Free/Reduced Lunch"
"400117",2022,"NOBLE - HANSBERRY HS",492.0,407.0,"Free/Reduced Lunch"
"400169",2022,"NOBLE - ITW SPEER HS",1167.0,1018.0,"Free/Reduced Lunch"
"400106",2022,"NOBLE - JOHNSON HS",496.0,416.0,"Free/Reduced Lunch"
"400179",2022,"NOBLE - MANSUETO HS",1073.0,943.0,"Free/Reduced Lunch"
"400098",2022,"NOBLE - MUCHIN HS",963.0,800.0,"Free/Reduced Lunch"
"400051",2022,"NOBLE - NOBLE HS",675.0,561.0,"Free/Reduced Lunch"
"400054",2022,"NOBLE - PRITZKER HS",977.0,901.0,"Free/Reduced Lunch"
"400055",2022,"NOBLE - RAUNER HS",652.0,487.0,"Free/Reduced Lunch"
"400056",2022,"NOBLE - ROWE CLARK HS",383.0,335.0,"Free/Reduced Lunch"
"400057",2022,"NOBLE - UIC HS",920.0,778.0,"Free/Reduced Lunch"
"400064",2022,"PERSPECTIVES - JOSLIN HS",373.0,318.0,"Free/Reduced Lunch"
"400061",2022,"PERSPECTIVES - LEADERSHIP HS",583.0,507.0,"Free/Reduced Lunch"
"400066",2022,"PERSPECTIVES - MATH & SCI HS",403.0,372.0,"Free/Reduced Lunch"
"400062",2022,"PERSPECTIVES - TECH HS",324.0,278.0,"Free/Reduced Lunch"
"400069",2022,"POLARIS",404.0,299.0,"Free/Reduced Lunch"
"400071",2022,"PROVIDENCE ENGLEWOOD",432.0,371.0,"Free/Reduced Lunch"
"400096",2022,"ROWE",882.0,648.0,"Free/Reduced Lunch"
"400075",2022,"U OF C - DONOGHUE",485.0,345.0,"Free/Reduced Lunch"
"400076",2022,"U OF C - NKO",318.0,188.0,"Free/Reduced Lunch"
"400077",2022,"U OF C - WOODLAWN HS",637.0,517.0,"Free/Reduced Lunch"
"400105",2022,"URBAN PREP - BRONZEVILLE HS",324.0,278.0,"Free/Reduced Lunch"
"400086",2022,"URBAN PREP - ENGLEWOOD HS",188.0,162.0,"Free/Reduced Lunch"
"400022",2022,"CHIARTS HS",620.0,314.0,"Free/Reduced Lunch"
"400091",2022,"CHICAGO TECH HS",430.0,384.0,"Free/Reduced Lunch"
"400043",2022,"HOPE LEARNING ACADEMY",252.0,181.0,"Free/Reduced Lunch"
"400068",2022,"PLATO",209.0,172.0,"Free/Reduced Lunch"
"400147",2022,"CHICAGO EXCEL HS",307.0,251.0,"Free/Reduced Lunch"
"610565",2022,"EXCEL ENGLEWOOD HS",287.0,229.0,"Free/Reduced Lunch"
"400175",2022,"EXCEL SOUTH SHORE HS",229.0,158.0,"Free/Reduced Lunch"
"400176",2022,"EXCEL SOUTHWEST HS",153.0,114.0,"Free/Reduced Lunch"
"400164",2022,"INSTITUTO - JUSTICE HS",125.0,97.0,"Free/Reduced Lunch"
"400137",2022,"LITTLE BLACK PEARL HS",102.0,84.0,"Free/Reduced Lunch"
"610569",2022,"OMBUDSMAN - NORTHWEST HS",200.0,156.0,"Free/Reduced Lunch"
"610593",2022,"OMBUDSMAN - ROSELAND HS",158.0,119.0,"Free/Reduced Lunch"
"610570",2022,"OMBUDSMAN - SOUTH HS",331.0,280.0,"Free/Reduced Lunch"
"610571",2022,"OMBUDSMAN - WEST HS",191.0,153.0,"Free/Reduced Lunch"
"610557",2022,"PATHWAYS - ASHBURN HS",324.0,233.0,"Free/Reduced Lunch"
"610568",2022,"PATHWAYS - AVONDALE HS",303.0,197.0,"Free/Reduced Lunch"
"400173",2022,"PATHWAYS - BRIGHTON PARK HS",392.0,272.0,"Free/Reduced Lunch"
"610594",2022,"PATHWAYS - HUMBOLDT PARK HS",151.0,108.0,"Free/Reduced Lunch"
"610573",2022,"SAFE ACHIEVE HS",2.0,1.0,"Free/Reduced Lunch"
"400134",2022,"YCCS - ADDAMS",206.0,159.0,"Free/Reduced Lunch"
"400125",2022,"YCCS - ASPIRA PANTOJA",178.0,122.0,"Free/Reduced Lunch"
"400126",2022,"YCCS - ASSOCIATION HOUSE",98.0,82.0,"Free/Reduced Lunch"
"400127",2022,"YCCS - AUSTIN CAREER",60.0,51.0,"Free/Reduced Lunch"
"400131",2022,"YCCS - CAMPOS",135.0,120.0,"Free/Reduced Lunch"
"400128",2022,"YCCS - CCA ACADEMY",143.0,113.0,"Free/Reduced Lunch"
"400150",2022,"YCCS - CHATHAM",140.0,112.0,"Free/Reduced Lunch"
"400133",2022,"YCCS - INNOVATIONS",429.0,363.0,"Free/Reduced Lunch"
"400135",2022,"YCCS - LATINO YOUTH",180.0,150.0,"Free/Reduced Lunch"
"400124",2022,"YCCS - MCKINLEY",147.0,129.0,"Free/Reduced Lunch"
"400136",2022,"YCCS - OLIVE HARVEY",107.0,78.0,"Free/Reduced Lunch"
"400129",2022,"YCCS - PROGRESSIVE LEADERSHIP",158.0,127.0,"Free/Reduced Lunch"
"400123",2022,"YCCS - SCHOLASTIC ACHIEVEMENT",164.0,129.0,"Free/Reduced Lunch"
"400139",2022,"YCCS - SULLIVAN",307.0,280.0,"Free/Reduced Lunch"
"400141",2022,"YCCS - TRUMAN",202.0,161.0,"Free/Reduced Lunch"
"400144",2022,"YCCS - WEST",111.0,100.0,"Free/Reduced Lunch"
"400143",2022,"YCCS - WEST TOWN",120.0,97.0,"Free/Reduced Lunch"
"400145",2022,"YCCS - YOUTH CONNECTION",130.0,108.0,"Free/Reduced Lunch"
"400130",2022,"YCCS - YOUTH DEVELOPMENT",108.0,81.0,"Free/Reduced Lunch"
"609772",2023,"ADDAMS",553,422,"Free/Reduced Lunch"
"610513",2023,"AIR FORCE HS",142,126,"Free/Reduced Lunch"
"610212",2023,"ALBANY PARK",221,198,"Free/Reduced Lunch"
"609774",2023,"ALCOTT ES",602,66,"Free/Reduced Lunch"
"610524",2023,"ALCOTT HS",346,271,"Free/Reduced Lunch"
"609848",2023,"ALDRIDGE",234,206,"Free/Reduced Lunch"
"609695",2023,"AMUNDSEN HS",1497,669,"Free/Reduced Lunch"
"609951",2023,"ARIEL",354,286,"Free/Reduced Lunch"
"609777",2023,"ARMOUR",248,184,"Free/Reduced Lunch"
"609779",2023,"ARMSTRONG G",1258,973,"Free/Reduced Lunch"
"610287",2023,"ASHBURN",350,288,"Free/Reduced Lunch"
"610268",2023,"ASHE",355,287,"Free/Reduced Lunch"
"609782",2023,"AUDUBON",574,62,"Free/Reduced Lunch"
"610518",2023,"AUSTIN CCA HS",167,158,"Free/Reduced Lunch"
"609786",2023,"AVALON PARK",226,188,"Free/Reduced Lunch"
"610325",2023,"AVONDALE-LOGANDALE",509,428,"Free/Reduced Lunch"
"610544",2023,"AZUELA",709,543,"Free/Reduced Lunch"
"610563",2023,"BACK OF THE YARDS HS",1004,935,"Free/Reduced Lunch"
"609788",2023,"BARNARD",263,199,"Free/Reduced Lunch"
"609789",2023,"BARRY",440,351,"Free/Reduced Lunch"
"609790",2023,"BARTON",384,310,"Free/Reduced Lunch"
"609791",2023,"BASS",347,309,"Free/Reduced Lunch"
"609792",2023,"BATEMAN",891,549,"Free/Reduced Lunch"
"610083",2023,"BEARD",249,77,"Free/Reduced Lunch"
"610246",2023,"BEASLEY",1064,809,"Free/Reduced Lunch"
"609796",2023,"BEAUBIEN",960,385,"Free/Reduced Lunch"
"610237",2023,"BEETHOVEN",264,200,"Free/Reduced Lunch"
"609797",2023,"BEIDLER",260,232,"Free/Reduced Lunch"
"609798",2023,"BELDING",550,263,"Free/Reduced Lunch"
"609799",2023,"BELL",885,132,"Free/Reduced Lunch"
"609922",2023,"BELMONT-CRAGIN",491,343,"Free/Reduced Lunch"
"609800",2023,"BENNETT",267,201,"Free/Reduced Lunch"
"610350",2023,"BLACK",399,276,"Free/Reduced Lunch"
"609803",2023,"BLAINE",634,73,"Free/Reduced Lunch"
"610087",2023,"BLAIR",228,94,"Free/Reduced Lunch"
"609698",2023,"BOGAN HS",641,580,"Free/Reduced Lunch"
"610238",2023,"BOND",226,191,"Free/Reduced Lunch"
"609804",2023,"BOONE",714,564,"Free/Reduced Lunch"
"609815",2023,"BOUCHET",597,487,"Free/Reduced Lunch"
"610323",2023,"BOWEN HS",197,187,"Free/Reduced Lunch"
"609806",2023,"BRADWELL",420,351,"Free/Reduced Lunch"
"610242",2023,"BRENNEMANN",434,331,"Free/Reduced Lunch"
"609809",2023,"BRENTANO",691,267,"Free/Reduced Lunch"
"609810",2023,"BRIDGE",1085,591,"Free/Reduced Lunch"
"609811",2023,"BRIGHT",228,193,"Free/Reduced Lunch"
"610317",2023,"BRIGHTON PARK",277,241,"Free/Reduced Lunch"
"610590",2023,"BRONZEVILLE CLASSICAL",395,75,"Free/Reduced Lunch"
"610381",2023,"BRONZEVILLE HS",73,68,"Free/Reduced Lunch"
"609726",2023,"BROOKS HS",977,642,"Free/Reduced Lunch"
"610091",2023,"BROWN R",292,230,"Free/Reduced Lunch"
"609812",2023,"BROWN W",209,157,"Free/Reduced Lunch"
"609813",2023,"BROWNELL",135,114,"Free/Reduced Lunch"
"609830",2023,"BRUNSON",420,332,"Free/Reduced Lunch"
"609817",2023,"BUDLONG",675,374,"Free/Reduced Lunch"
"609818",2023,"BURBANK",698,571,"Free/Reduced Lunch"
"609819",2023,"BURKE",280,220,"Free/Reduced Lunch"
"609820",2023,"BURLEY",493,67,"Free/Reduced Lunch"
"609821",2023,"BURNHAM",429,359,"Free/Reduced Lunch"
"609827",2023,"BURNSIDE",308,228,"Free/Reduced Lunch"
"609828",2023,"BURR",479,130,"Free/Reduced Lunch"
"609829",2023,"BURROUGHS",320,282,"Free/Reduced Lunch"
"609832",2023,"BYRNE",614,320,"Free/Reduced Lunch"
"609833",2023,"CALDWELL",205,163,"Free/Reduced Lunch"
"610353",2023,"CALMECA",614,509,"Free/Reduced Lunch"
"609835",2023,"CAMERON",565,502,"Free/Reduced Lunch"
"610539",2023,"CAMRAS",775,604,"Free/Reduced Lunch"
"609836",2023,"CANTY",797,356,"Free/Reduced Lunch"
"610024",2023,"CARDENAS",818,699,"Free/Reduced Lunch"
"609837",2023,"CARNEGIE",439,346,"Free/Reduced Lunch"
"609839",2023,"CARROLL",417,324,"Free/Reduced Lunch"
"609842",2023,"CARSON",791,667,"Free/Reduced Lunch"
"609844",2023,"CARTER",295,247,"Free/Reduced Lunch"
"609845",2023,"CARVER G",461,408,"Free/Reduced Lunch"
"609760",2023,"CARVER MILITARY HS",412,375,"Free/Reduced Lunch"
"610021",2023,"CASALS",349,285,"Free/Reduced Lunch"
"609849",2023,"CASSELL",351,70,"Free/Reduced Lunch"
"610251",2023,"CATHER",340,290,"Free/Reduced Lunch"
"609851",2023,"CHALMERS",218,184,"Free/Reduced Lunch"
"609852",2023,"CHAPPELL",541,196,"Free/Reduced Lunch"
"609853",2023,"CHASE",376,252,"Free/Reduced Lunch"
"610148",2023,"CHAVEZ",823,708,"Free/Reduced Lunch"
"610248",2023,"CHICAGO ACADEMY ES",565,391,"Free/Reduced Lunch"
"610340",2023,"CHICAGO ACADEMY HS",552,456,"Free/Reduced Lunch"
"609753",2023,"CHICAGO AGRICULTURE HS",791,412,"Free/Reduced Lunch"
"609754",2023,"CHICAGO MILITARY HS",228,206,"Free/Reduced Lunch"
"609674",2023,"CHICAGO VOCATIONAL HS",626,588,"Free/Reduced Lunch"
"610060",2023,"Chicago World Language Academy",454,174,"Free/Reduced Lunch"
"609854",2023,"CHOPIN",267,229,"Free/Reduced Lunch"
"609855",2023,"CHRISTOPHER",331,296,"Free/Reduced Lunch"
"610347",2023,"CLAREMONT",340,296,"Free/Reduced Lunch"
"609795",2023,"CLARK ES",146,116,"Free/Reduced Lunch"
"610244",2023,"CLARK HS",460,456,"Free/Reduced Lunch"
"609856",2023,"CLAY",539,429,"Free/Reduced Lunch"
"609759",2023,"CLEMENTE HS",594,539,"Free/Reduced Lunch"
"609857",2023,"CLEVELAND",462,322,"Free/Reduced Lunch"
"609859",2023,"CLINTON",1006,774,"Free/Reduced Lunch"
"609861",2023,"CLISSOLD",391,178,"Free/Reduced Lunch"
"610199",2023,"COLEMON",193,141,"Free/Reduced Lunch"
"609862",2023,"COLES",263,206,"Free/Reduced Lunch"
"610499",2023,"COLLINS HS",223,215,"Free/Reduced Lunch"
"610170",2023,"COLUMBIA EXPLORERS",748,587,"Free/Reduced Lunch"
"609863",2023,"COLUMBUS",278,121,"Free/Reduced Lunch"
"609864",2023,"COOK",318,276,"Free/Reduced Lunch"
"609866",2023,"COONLEY",791,77,"Free/Reduced Lunch"
"609867",2023,"COOPER",408,362,"Free/Reduced Lunch"
"609870",2023,"CORKERY",430,375,"Free/Reduced Lunch"
"609761",2023,"CORLISS HS",300,280,"Free/Reduced Lunch"
"610355",2023,"COURTENAY",211,170,"Free/Reduced Lunch"
"610561",2023,"CRANE MEDICAL HS",313,293,"Free/Reduced Lunch"
"609873",2023,"CROWN",125,117,"Free/Reduced Lunch"
"610003",2023,"CUFFE",228,173,"Free/Reduced Lunch"
"610004",2023,"CULLEN",164,139,"Free/Reduced Lunch"
"609756",2023,"CURIE HS",2935,2631,"Free/Reduced Lunch"
"609900",2023,"CURTIS",376,324,"Free/Reduced Lunch"
"610239",2023,"DALEY",488,415,"Free/Reduced Lunch"
"609875",2023,"DARWIN",504,366,"Free/Reduced Lunch"
"610521",2023,"DAVIS M",133,94,"Free/Reduced Lunch"
"609876",2023,"DAVIS N",515,422,"Free/Reduced Lunch"
"609879",2023,"DAWES",985,850,"Free/Reduced Lunch"
"610313",2023,"DE DIEGO",420,343,"Free/Reduced Lunch"
"609880",2023,"DECATUR",323,38,"Free/Reduced Lunch"
"609883",2023,"DENEEN",465,390,"Free/Reduced Lunch"
"610367",2023,"DEPRIEST",465,391,"Free/Reduced Lunch"
"610252",2023,"DETT",247,201,"Free/Reduced Lunch"
"609884",2023,"DEVER",734,393,"Free/Reduced Lunch"
"610402",2023,"DEVRY HS",134,100,"Free/Reduced Lunch"
"609885",2023,"DEWEY",242,214,"Free/Reduced Lunch"
"609874",2023,"DIRKSEN",1047,686,"Free/Reduced Lunch"
"610363",2023,"DISNEY",1461,857,"Free/Reduced Lunch"
"610515",2023,"DISNEY II ES",434,138,"Free/Reduced Lunch"
"610564",2023,"DISNEY II HS",752,491,"Free/Reduced Lunch"
"609887",2023,"DIXON",464,348,"Free/Reduced Lunch"
"609891",2023,"DOOLITTLE",260,228,"Free/Reduced Lunch"
"609893",2023,"DORE",720,357,"Free/Reduced Lunch"
"610245",2023,"DOUGLASS HS",34,34,"Free/Reduced Lunch"
"609894",2023,"DRAKE",243,214,"Free/Reduced Lunch"
"609896",2023,"DRUMMOND",305,45,"Free/Reduced Lunch"
"610364",2023,"DUBOIS",202,162,"Free/Reduced Lunch"
"610263",2023,"DULLES",668,576,"Free/Reduced Lunch"
"609676",2023,"DUNBAR HS",459,444,"Free/Reduced Lunch"
"610188",2023,"DUNNE",206,153,"Free/Reduced Lunch"
"610352",2023,"DURKIN PARK",664,486,"Free/Reduced Lunch"
"610254",2023,"DVORAK",273,237,"Free/Reduced Lunch"
"610587",2023,"DYETT ARTS HS",520,473,"Free/Reduced Lunch"
"610316",2023,"EARHART",193,123,"Free/Reduced Lunch"
"609897",2023,"EARLE",251,217,"Free/Reduced Lunch"
"609898",2023,"EBERHART",1028,885,"Free/Reduced Lunch"
"609899",2023,"EBINGER",729,112,"Free/Reduced Lunch"
"609901",2023,"EDGEBROOK",455,64,"Free/Reduced Lunch"
"609794",2023,"EDISON",263,27,"Free/Reduced Lunch"
"610523",2023,"EDISON PARK",413,62,"Free/Reduced Lunch"
"609903",2023,"EDWARDS",1250,973,"Free/Reduced Lunch"
"609904",2023,"ELLINGTON",435,349,"Free/Reduced Lunch"
"610592",2023,"ENGLEWOOD STEM HS",778,738,"Free/Reduced Lunch"
"609907",2023,"ERICSON",367,314,"Free/Reduced Lunch"
"609908",2023,"ESMOND",247,205,"Free/Reduced Lunch"
"609909",2023,"EVERETT",118,78,"Free/Reduced Lunch"
"610319",2023,"EVERGREEN",201,171,"Free/Reduced Lunch"
"610362",2023,"EVERS",212,155,"Free/Reduced Lunch"
"610057",2023,"FAIRFIELD",469,422,"Free/Reduced Lunch"
"609910",2023,"FALCONER",884,712,"Free/Reduced Lunch"
"610055",2023,"FARADAY",160,141,"Free/Reduced Lunch"
"609912",2023,"FARNSWORTH",473,261,"Free/Reduced Lunch"
"609704",2023,"FARRAGUT HS",445,431,"Free/Reduced Lunch"
"609705",2023,"FENGER HS",230,209,"Free/Reduced Lunch"
"609917",2023,"FERNWOOD",265,221,"Free/Reduced Lunch"
"609918",2023,"FIELD",150,127,"Free/Reduced Lunch"
"609967",2023,"FINKL",208,191,"Free/Reduced Lunch"
"609919",2023,"FISKE",338,275,"Free/Reduced Lunch"
"609708",2023,"FOREMAN HS",571,508,"Free/Reduced Lunch"
"609924",2023,"FORT DEARBORN",328,255,"Free/Reduced Lunch"
"609927",2023,"FOSTER PARK",294,224,"Free/Reduced Lunch"
"609926",2023,"FRANKLIN",368,162,"Free/Reduced Lunch"
"610503",2023,"FRAZIER PROSPECTIVE",131,107,"Free/Reduced Lunch"
"609928",2023,"FULLER",311,252,"Free/Reduced Lunch"
"609929",2023,"FULTON",293,251,"Free/Reduced Lunch"
"609930",2023,"FUNSTON",414,356,"Free/Reduced Lunch"
"609709",2023,"GAGE PARK HS",338,307,"Free/Reduced Lunch"
"609933",2023,"GALE",215,177,"Free/Reduced Lunch"
"610009",2023,"GALILEO",541,272,"Free/Reduced Lunch"
"609935",2023,"GALLISTEL",622,521,"Free/Reduced Lunch"
"610128",2023,"GARVEY",235,205,"Free/Reduced Lunch"
"609937",2023,"GARVY",737,244,"Free/Reduced Lunch"
"609938",2023,"GARY",755,678,"Free/Reduced Lunch"
"609939",2023,"GILLESPIE",377,318,"Free/Reduced Lunch"
"609942",2023,"GOETHE",707,392,"Free/Reduced Lunch"
"610558",2023,"GOODE HS",974,880,"Free/Reduced Lunch"
"609945",2023,"GOUDY",561,410,"Free/Reduced Lunch"
"609947",2023,"GRAHAM ES",332,274,"Free/Reduced Lunch"
"609769",2023,"GRAHAM HS",239,222,"Free/Reduced Lunch"
"609949",2023,"GRAY",998,758,"Free/Reduced Lunch"
"609850",2023,"GREELEY",315,246,"Free/Reduced Lunch"
"610032",2023,"GREEN",300,240,"Free/Reduced Lunch"
"609952",2023,"GREENE",305,237,"Free/Reduced Lunch"
"609954",2023,"GREGORY",280,237,"Free/Reduced Lunch"
"609955",2023,"GRESHAM",329,286,"Free/Reduced Lunch"
"609956",2023,"GRIMES",387,267,"Free/Reduced Lunch"
"609944",2023,"GRISSOM",296,215,"Free/Reduced Lunch"
"609958",2023,"GUNSAULUS",658,518,"Free/Reduced Lunch"
"609959",2023,"HAINES",527,419,"Free/Reduced Lunch"
"609960",2023,"HALE",797,504,"Free/Reduced Lunch"
"609808",2023,"HALEY",439,393,"Free/Reduced Lunch"
"609963",2023,"HAMILTON",443,39,"Free/Reduced Lunch"
"609964",2023,"HAMLINE",532,450,"Free/Reduced Lunch"
"609966",2023,"HAMMOND",232,202,"Free/Reduced Lunch"
"609807",2023,"HAMPTON",474,393,"Free/Reduced Lunch"
"609694",2023,"HANCOCK HS",1004,721,"Free/Reduced Lunch"
"610068",2023,"HANSON PARK",1149,943,"Free/Reduced Lunch"
"609710",2023,"HARLAN HS",259,245,"Free/Reduced Lunch"
"609969",2023,"HARTE",329,214,"Free/Reduced Lunch"
"609971",2023,"HARVARD",349,281,"Free/Reduced Lunch"
"609972",2023,"HAUGAN",878,694,"Free/Reduced Lunch"
"609974",2023,"HAWTHORNE",606,99,"Free/Reduced Lunch"
"609975",2023,"HAY",266,237,"Free/Reduced Lunch"
"609976",2023,"HAYT",879,655,"Free/Reduced Lunch"
"609979",2023,"HEALY",1218,906,"Free/Reduced Lunch"
"609981",2023,"HEARST",308,244,"Free/Reduced Lunch"
"609983",2023,"HEDGES",456,386,"Free/Reduced Lunch"
"609985",2023,"HEFFERAN",237,202,"Free/Reduced Lunch"
"609986",2023,"HENDERSON",173,141,"Free/Reduced Lunch"
"609987",2023,"HENDRICKS",176,149,"Free/Reduced Lunch"
"609988",2023,"HENRY",449,363,"Free/Reduced Lunch"
"610532",2023,"HERNANDEZ",856,786,"Free/Reduced Lunch"
"609991",2023,"HERZL",417,357,"Free/Reduced Lunch"
"609994",2023,"HIBBARD",903,661,"Free/Reduced Lunch"
"610295",2023,"HIGGINS",262,225,"Free/Reduced Lunch"
"609712",2023,"HIRSCH HS",100,86,"Free/Reduced Lunch"
"609995",2023,"HITCH",494,238,"Free/Reduced Lunch"
"609996",2023,"HOLDEN",393,289,"Free/Reduced Lunch"
"609997",2023,"HOLMES",118,100,"Free/Reduced Lunch"
"610000",2023,"HOWE",380,315,"Free/Reduced Lunch"
"610002",2023,"HOYNE",227,162,"Free/Reduced Lunch"
"609741",2023,"HUBBARD HS",1726,1614,"Free/Reduced Lunch"
"610005",2023,"HUGHES C",186,155,"Free/Reduced Lunch"
"610368",2023,"HUGHES L",463,338,"Free/Reduced Lunch"
"610006",2023,"HURLEY",711,568,"Free/Reduced Lunch"
"609713",2023,"HYDE PARK HS",727,692,"Free/Reduced Lunch"
"610384",2023,"INFINITY HS",406,380,"Free/Reduced Lunch"
"610078",2023,"INTER-AMERICAN",673,320,"Free/Reduced Lunch"
"610121",2023,"IRVING",290,217,"Free/Reduced Lunch"
"610369",2023,"JACKSON M",340,288,"Free/Reduced Lunch"
"610010",2023,"JAHN",295,132,"Free/Reduced Lunch"
"610011",2023,"JAMIESON",786,492,"Free/Reduced Lunch"
"609783",2023,"JEFFERSON HS",152,132,"Free/Reduced Lunch"
"610271",2023,"JENSEN",250,225,"Free/Reduced Lunch"
"610274",2023,"JOHNSON",220,195,"Free/Reduced Lunch"
"609678",2023,"JONES HS",1936,742,"Free/Reduced Lunch"
"609805",2023,"JOPLIN",330,277,"Free/Reduced Lunch"
"609865",2023,"JORDAN",499,375,"Free/Reduced Lunch"
"609764",2023,"JUAREZ HS",1598,1484,"Free/Reduced Lunch"
"609762",2023,"JULIAN HS",422,402,"Free/Reduced Lunch"
"610015",2023,"JUNGMAN",287,197,"Free/Reduced Lunch"
"609920",2023,"KANOON",408,361,"Free/Reduced Lunch"
"610084",2023,"KELLER",214,68,"Free/Reduced Lunch"
"609925",2023,"KELLMAN",208,181,"Free/Reduced Lunch"
"610016",2023,"KELLOGG",282,93,"Free/Reduced Lunch"
"609715",2023,"KELLY HS",1746,1633,"Free/Reduced Lunch"
"609716",2023,"KELVYN PARK HS",479,438,"Free/Reduced Lunch"
"609718",2023,"KENNEDY HS",1642,1183,"Free/Reduced Lunch"
"609746",2023,"KENWOOD HS",2324,1451,"Free/Reduced Lunch"
"610019",2023,"KERSHAW",213,190,"Free/Reduced Lunch"
"610022",2023,"KILMER",743,582,"Free/Reduced Lunch"
"610299",2023,"KING ES",235,214,"Free/Reduced Lunch"
"609751",2023,"KING HS",589,494,"Free/Reduced Lunch"
"610026",2023,"KINZIE",665,343,"Free/Reduced Lunch"
"610027",2023,"KIPLING",229,177,"Free/Reduced Lunch"
"610030",2023,"KOZMINSKI",255,175,"Free/Reduced Lunch"
"609719",2023,"LAKE VIEW HS",1360,1114,"Free/Reduced Lunch"
"609720",2023,"LANE TECH HS",4488,1644,"Free/Reduced Lunch"
"609869",2023,"LANGFORD",181,163,"Free/Reduced Lunch"
"609993",2023,"LARA",312,267,"Free/Reduced Lunch"
"610033",2023,"LASALLE",489,179,"Free/Reduced Lunch"
"610520",2023,"LASALLE II",580,178,"Free/Reduced Lunch"
"610208",2023,"LAVIZZO",341,280,"Free/Reduced Lunch"
"610034",2023,"LAWNDALE",217,189,"Free/Reduced Lunch"
"610291",2023,"LEE",629,534,"Free/Reduced Lunch"
"610305",2023,"LELAND",374,321,"Free/Reduced Lunch"
"610298",2023,"LENART",290,77,"Free/Reduced Lunch"
"610036",2023,"LEWIS",360,306,"Free/Reduced Lunch"
"610037",2023,"LIBBY",255,225,"Free/Reduced Lunch"
"610038",2023,"LINCOLN",802,99,"Free/Reduced Lunch"
"610595",2023,"LINCOLN PARK ELC",31,2,"Free/Reduced Lunch"
"609738",2023,"LINCOLN PARK HS",2069,1000,"Free/Reduced Lunch"
"610391",2023,"LINDBLOM HS",1401,861,"Free/Reduced Lunch"
"609834",2023,"LITTLE VILLAGE",602,523,"Free/Reduced Lunch"
"610040",2023,"LLOYD",827,637,"Free/Reduced Lunch"
"610041",2023,"LOCKE J",1141,894,"Free/Reduced Lunch"
"610541",2023,"LORCA",625,530,"Free/Reduced Lunch"
"610043",2023,"LOVETT",298,242,"Free/Reduced Lunch"
"610044",2023,"LOWELL",312,259,"Free/Reduced Lunch"
"610029",2023,"LOZANO",158,103,"Free/Reduced Lunch"
"610046",2023,"LYON",1043,851,"Free/Reduced Lunch"
"610215",2023,"MADERO",252,241,"Free/Reduced Lunch"
"610047",2023,"MADISON",172,148,"Free/Reduced Lunch"
"610048",2023,"MANIERRE",252,219,"Free/Reduced Lunch"
"609722",2023,"MANLEY HS",70,64,"Free/Reduced Lunch"
"610052",2023,"MANN",318,260,"Free/Reduced Lunch"
"609780",2023,"MARINE LEADERSHIP AT AMES HS",698,654,"Free/Reduced Lunch"
"610053",2023,"MARQUETTE",1004,828,"Free/Reduced Lunch"
"610054",2023,"MARSH",643,514,"Free/Reduced Lunch"
"609723",2023,"MARSHALL HS",186,175,"Free/Reduced Lunch"
"610056",2023,"MASON",216,192,"Free/Reduced Lunch"
"609724",2023,"MATHER HS",1640,1385,"Free/Reduced Lunch"
"610059",2023,"MAYER",673,68,"Free/Reduced Lunch"
"610290",2023,"MAYS",236,204,"Free/Reduced Lunch"
"609968",2023,"MCAULIFFE",571,479,"Free/Reduced Lunch"
"610062",2023,"MCCLELLAN",296,236,"Free/Reduced Lunch"
"610063",2023,"MCCORMICK",443,351,"Free/Reduced Lunch"
"610269",2023,"MCCUTCHEON",305,234,"Free/Reduced Lunch"
"610066",2023,"MCDADE",210,73,"Free/Reduced Lunch"
"610312",2023,"MCDOWELL",116,91,"Free/Reduced Lunch"
"610067",2023,"MCKAY",624,535,"Free/Reduced Lunch"
"610282",2023,"MCNAIR",345,308,"Free/Reduced Lunch"
"610070",2023,"MCPHERSON",664,313,"Free/Reduced Lunch"
"610293",2023,"MELODY",273,237,"Free/Reduced Lunch"
"609902",2023,"METCALFE",341,276,"Free/Reduced Lunch"
"610171",2023,"MIRELES",469,384,"Free/Reduced Lunch"
"610073",2023,"MITCHELL",381,117,"Free/Reduced Lunch"
"610276",2023,"MOLLISON",267,230,"Free/Reduced Lunch"
"610074",2023,"MONROE",654,533,"Free/Reduced Lunch"
"610076",2023,"MOOS",433,305,"Free/Reduced Lunch"
"609725",2023,"MORGAN PARK HS",1108,900,"Free/Reduced Lunch"
"610077",2023,"MORRILL",515,437,"Free/Reduced Lunch"
"610257",2023,"MORTON",181,148,"Free/Reduced Lunch"
"610082",2023,"MOUNT GREENWOOD",1154,171,"Free/Reduced Lunch"
"610086",2023,"MOUNT VERNON",232,202,"Free/Reduced Lunch"
"610088",2023,"MOZART",481,410,"Free/Reduced Lunch"
"610385",2023,"MULTICULTURAL ARTS HIGH SCHOOL",252,238,"Free/Reduced Lunch"
"610089",2023,"MURPHY",495,249,"Free/Reduced Lunch"
"610090",2023,"MURRAY",450,273,"Free/Reduced Lunch"
"610092",2023,"NASH",230,196,"Free/Reduced Lunch"
"610231",2023,"NATIONAL TEACHERS",754,458,"Free/Reduced Lunch"
"610093",2023,"NEIL",253,210,"Free/Reduced Lunch"
"610094",2023,"NETTELHORST",616,109,"Free/Reduced Lunch"
"610284",2023,"NEW FIELD",515,333,"Free/Reduced Lunch"
"610193",2023,"NEW SULLIVAN",390,326,"Free/Reduced Lunch"
"610095",2023,"NEWBERRY",366,259,"Free/Reduced Lunch"
"609793",2023,"NICHOLSON",438,382,"Free/Reduced Lunch"
"610096",2023,"NIGHTINGALE",971,829,"Free/Reduced Lunch"
"609961",2023,"NINOS HEROES",300,248,"Free/Reduced Lunch"
"610097",2023,"NIXON",588,463,"Free/Reduced Lunch"
"610098",2023,"NOBEL",571,486,"Free/Reduced Lunch"
"610354",2023,"NORTH RIVER",212,164,"Free/Reduced Lunch"
"609691",2023,"NORTH-GRAND HS",1059,967,"Free/Reduced Lunch"
"609744",2023,"NORTHSIDE LEARNING HS",271,206,"Free/Reduced Lunch"
"609749",2023,"NORTHSIDE PREP HS",1042,391,"Free/Reduced Lunch"
"610051",2023,"NORTHWEST",479,442,"Free/Reduced Lunch"
"610599",2023,"Northwest ECC",70,2,"Free/Reduced Lunch"
"610099",2023,"NORWOOD PARK",339,46,"Free/Reduced Lunch"
"610101",2023,"OGDEN ES",866,400,"Free/Reduced Lunch"
"610529",2023,"OGDEN HS",494,369,"Free/Reduced Lunch"
"610102",2023,"OGLESBY",268,238,"Free/Reduced Lunch"
"610103",2023,"OKEEFFE",485,431,"Free/Reduced Lunch"
"610104",2023,"ONAHAN",656,188,"Free/Reduced Lunch"
"610105",2023,"ORIOLE PARK",597,126,"Free/Reduced Lunch"
"610329",2023,"OROZCO",281,189,"Free/Reduced Lunch"
"610389",2023,"ORR HS",228,210,"Free/Reduced Lunch"
"609950",2023,"ORTIZ DE DOMINGUEZ",392,282,"Free/Reduced Lunch"
"610107",2023,"OTIS",318,266,"Free/Reduced Lunch"
"610108",2023,"OTOOLE",323,282,"Free/Reduced Lunch"
"610109",2023,"OWEN",274,151,"Free/Reduced Lunch"
"609943",2023,"OWENS",340,281,"Free/Reduced Lunch"
"610111",2023,"PALMER",731,437,"Free/Reduced Lunch"
"610115",2023,"PARK MANOR",263,220,"Free/Reduced Lunch"
"610112",2023,"PARKER",348,293,"Free/Reduced Lunch"
"610116",2023,"PARKSIDE",234,204,"Free/Reduced Lunch"
"610117",2023,"PASTEUR",580,395,"Free/Reduced Lunch"
"609680",2023,"PAYTON HS",1230,380,"Free/Reduced Lunch"
"610386",2023,"PEACE AND EDUCATION HS",131,123,"Free/Reduced Lunch"
"610120",2023,"PECK",799,563,"Free/Reduced Lunch"
"610122",2023,"PEIRCE",1062,366,"Free/Reduced Lunch"
"610123",2023,"PENN",223,183,"Free/Reduced Lunch"
"609872",2023,"PEREZ",258,199,"Free/Reduced Lunch"
"610126",2023,"PERSHING",438,326,"Free/Reduced Lunch"
"610127",2023,"PETERSON",840,484,"Free/Reduced Lunch"
"609727",2023,"PHILLIPS HS",457,391,"Free/Reduced Lunch"
"610304",2023,"PHOENIX MILITARY HS",462,410,"Free/Reduced Lunch"
"610106",2023,"PICCOLO",568,498,"Free/Reduced Lunch"
"610129",2023,"PICKARD",288,248,"Free/Reduced Lunch"
"610013",2023,"PILSEN",216,178,"Free/Reduced Lunch"
"610130",2023,"PIRIE",202,148,"Free/Reduced Lunch"
"610131",2023,"PLAMONDON",103,85,"Free/Reduced Lunch"
"610132",2023,"POE",228,86,"Free/Reduced Lunch"
"610135",2023,"PORTAGE PARK",823,516,"Free/Reduced Lunch"
"610281",2023,"POWELL",534,453,"Free/Reduced Lunch"
"610136",2023,"PRESCOTT",396,119,"Free/Reduced Lunch"
"610533",2023,"PRIETO",739,645,"Free/Reduced Lunch"
"610229",2023,"PRITZKER",647,199,"Free/Reduced Lunch"
"609679",2023,"PROSSER HS",1166,1063,"Free/Reduced Lunch"
"610137",2023,"PRUSSING",614,390,"Free/Reduced Lunch"
"610138",2023,"PULASKI",817,345,"Free/Reduced Lunch"
"610139",2023,"PULLMAN",301,252,"Free/Reduced Lunch"
"610334",2023,"RABY HS",176,173,"Free/Reduced Lunch"
"609941",2023,"RANDOLPH",339,292,"Free/Reduced Lunch"
"610141",2023,"RAVENSWOOD",532,155,"Free/Reduced Lunch"
"610142",2023,"RAY",496,256,"Free/Reduced Lunch"
"610143",2023,"REAVIS",291,232,"Free/Reduced Lunch"
"610144",2023,"REILLY",559,461,"Free/Reduced Lunch"
"610145",2023,"REINBERG",718,509,"Free/Reduced Lunch"
"610146",2023,"REVERE",214,178,"Free/Reduced Lunch"
"609682",2023,"RICHARDS HS",279,256,"Free/Reduced Lunch"
"610588",2023,"RICHARDSON",924,864,"Free/Reduced Lunch"
"610390",2023,"RICKOVER MILITARY HS",459,332,"Free/Reduced Lunch"
"610256",2023,"ROBINSON",112,83,"Free/Reduced Lunch"
"610147",2023,"ROGERS",690,407,"Free/Reduced Lunch"
"609728",2023,"ROOSEVELT HS",1068,933,"Free/Reduced Lunch"
"610308",2023,"RUDOLPH",101,73,"Free/Reduced Lunch"
"610152",2023,"RUGGLES",319,261,"Free/Reduced Lunch"
"610125",2023,"RUIZ",434,352,"Free/Reduced Lunch"
"610153",2023,"RYDER",350,296,"Free/Reduced Lunch"
"610342",2023,"SABIN",320,241,"Free/Reduced Lunch"
"610586",2023,"SADLOWSKI",622,465,"Free/Reduced Lunch"
"610250",2023,"SALAZAR",272,205,"Free/Reduced Lunch"
"610226",2023,"SANDOVAL",744,601,"Free/Reduced Lunch"
"610017",2023,"SAUCEDO",874,722,"Free/Reduced Lunch"
"610155",2023,"SAUGANASH",601,116,"Free/Reduced Lunch"
"610157",2023,"SAWYER",1016,888,"Free/Reduced Lunch"
"610158",2023,"SAYRE",430,262,"Free/Reduced Lunch"
"610159",2023,"SCAMMON",637,520,"Free/Reduced Lunch"
"610178",2023,"SCHMID",172,131,"Free/Reduced Lunch"
"610165",2023,"SCHUBERT",542,439,"Free/Reduced Lunch"
"609729",2023,"SCHURZ HS",1287,1139,"Free/Reduced Lunch"
"609730",2023,"SENN HS",1528,1144,"Free/Reduced Lunch"
"610167",2023,"SEWARD",452,397,"Free/Reduced Lunch"
"610081",2023,"SHERIDAN",532,258,"Free/Reduced Lunch"
"610172",2023,"SHERMAN",232,197,"Free/Reduced Lunch"
"610173",2023,"SHERWOOD",205,172,"Free/Reduced Lunch"
"610174",2023,"SHIELDS",446,363,"Free/Reduced Lunch"
"610559",2023,"SHIELDS MIDDLE",439,420,"Free/Reduced Lunch"
"610175",2023,"SHOESMITH",314,219,"Free/Reduced Lunch"
"610176",2023,"SHOOP",385,323,"Free/Reduced Lunch"
"609692",2023,"SIMEON HS",1157,1073,"Free/Reduced Lunch"
"609750",2023,"SIMPSON HS",22,21,"Free/Reduced Lunch"
"610177",2023,"SKINNER",984,273,"Free/Reduced Lunch"
"610534",2023,"SKINNER NORTH",492,43,"Free/Reduced Lunch"
"609978",2023,"SMITH",311,241,"Free/Reduced Lunch"
"610179",2023,"SMYSER",746,457,"Free/Reduced Lunch"
"610180",2023,"SMYTH",384,312,"Free/Reduced Lunch"
"610383",2023,"SOCIAL JUSTICE HS",287,264,"Free/Reduced Lunch"
"610182",2023,"SOLOMON",343,147,"Free/Reduced Lunch"
"610543",2023,"SOLORIO HS",1226,1120,"Free/Reduced Lunch"
"610589",2023,"SOR JUANA",395,173,"Free/Reduced Lunch"
"609990",2023,"SOUTH LOOP",795,225,"Free/Reduced Lunch"
"610530",2023,"SOUTH SHORE ES",253,196,"Free/Reduced Lunch"
"610547",2023,"SOUTH SHORE INTL HS",512,425,"Free/Reduced Lunch"
"609745",2023,"SOUTHSIDE HS",361,317,"Free/Reduced Lunch"
"610183",2023,"SPENCER",384,320,"Free/Reduced Lunch"
"610184",2023,"SPRY ES",292,260,"Free/Reduced Lunch"
"610357",2023,"SPRY HS",73,69,"Free/Reduced Lunch"
"610339",2023,"STAGG",386,317,"Free/Reduced Lunch"
"609732",2023,"STEINMETZ HS",1130,977,"Free/Reduced Lunch"
"610548",2023,"STEM",400,159,"Free/Reduced Lunch"
"610185",2023,"STEVENSON",1116,841,"Free/Reduced Lunch"
"610163",2023,"STOCK",236,25,"Free/Reduced Lunch"
"610191",2023,"STONE",555,310,"Free/Reduced Lunch"
"610192",2023,"STOWE",555,478,"Free/Reduced Lunch"
"610405",2023,"SUDER",450,192,"Free/Reduced Lunch"
"609733",2023,"SULLIVAN HS",661,557,"Free/Reduced Lunch"
"610194",2023,"SUMNER",203,173,"Free/Reduced Lunch"
"610195",2023,"SUTHERLAND",575,189,"Free/Reduced Lunch"
"610196",2023,"SWIFT",543,384,"Free/Reduced Lunch"
"609734",2023,"TAFT HS",4344,2374,"Free/Reduced Lunch"
"610197",2023,"TALCOTT",437,285,"Free/Reduced Lunch"
"610249",2023,"TALMAN",343,277,"Free/Reduced Lunch"
"610279",2023,"TANNER",300,257,"Free/Reduced Lunch"
"610396",2023,"TARKINGTON",868,732,"Free/Reduced Lunch"
"610198",2023,"TAYLOR",339,289,"Free/Reduced Lunch"
"609921",2023,"TELPOCHCALLI",219,174,"Free/Reduced Lunch"
"610504",2023,"THOMAS",129,41,"Free/Reduced Lunch"
"610200",2023,"THORP J",275,237,"Free/Reduced Lunch"
"610201",2023,"THORP O",785,299,"Free/Reduced Lunch"
"609735",2023,"TILDEN HS",217,190,"Free/Reduced Lunch"
"610065",2023,"TILL",307,260,"Free/Reduced Lunch"
"610202",2023,"TILTON",232,209,"Free/Reduced Lunch"
"610203",2023,"TONTI",802,626,"Free/Reduced Lunch"
"609773",2023,"TUBMAN",295,95,"Free/Reduced Lunch"
"609895",2023,"TURNER-DREW",199,151,"Free/Reduced Lunch"
"610206",2023,"TWAIN",930,639,"Free/Reduced Lunch"
"610394",2023,"UPLIFT HS",107,87,"Free/Reduced Lunch"
"610207",2023,"VANDERPOEL",243,141,"Free/Reduced Lunch"
"609766",2023,"VAUGHN HS",200,158,"Free/Reduced Lunch"
"609871",2023,"VICK",320,62,"Free/Reduced Lunch"
"610209",2023,"VOLTA",695,528,"Free/Reduced Lunch"
"610039",2023,"VON LINNE",619,355,"Free/Reduced Lunch"
"609737",2023,"VON STEUBEN HS",1647,1159,"Free/Reduced Lunch"
"610366",2023,"WACKER",219,158,"Free/Reduced Lunch"
"610213",2023,"WADSWORTH",466,377,"Free/Reduced Lunch"
"610216",2023,"WALSH",238,180,"Free/Reduced Lunch"
"610217",2023,"WARD J",516,355,"Free/Reduced Lunch"
"610133",2023,"WARD L",249,215,"Free/Reduced Lunch"
"610218",2023,"WARREN",242,197,"Free/Reduced Lunch"
"610219",2023,"WASHINGTON G ES",638,443,"Free/Reduced Lunch"
"610124",2023,"WASHINGTON H ES",248,201,"Free/Reduced Lunch"
"609739",2023,"WASHINGTON HS",1496,1309,"Free/Reduced Lunch"
"610220",2023,"WATERS",616,137,"Free/Reduced Lunch"
"610221",2023,"WEBSTER",213,158,"Free/Reduced Lunch"
"610110",2023,"WELLS ES",287,237,"Free/Reduced Lunch"
"609740",2023,"WELLS HS",313,260,"Free/Reduced Lunch"
"610223",2023,"WENTWORTH",403,328,"Free/Reduced Lunch"
"610100",2023,"WEST PARK",459,407,"Free/Reduced Lunch"
"610542",2023,"WEST RIDGE",610,468,"Free/Reduced Lunch"
"610300",2023,"WESTCOTT",415,366,"Free/Reduced Lunch"
"609693",2023,"WESTINGHOUSE HS",1206,972,"Free/Reduced Lunch"
"610225",2023,"WHISTLER",268,200,"Free/Reduced Lunch"
"610315",2023,"WHITE",116,105,"Free/Reduced Lunch"
"610227",2023,"WHITNEY",595,503,"Free/Reduced Lunch"
"610228",2023,"WHITTIER",165,131,"Free/Reduced Lunch"
"610230",2023,"WILDWOOD",467,77,"Free/Reduced Lunch"
"610380",2023,"WILLIAMS HS",72,69,"Free/Reduced Lunch"
"609977",2023,"WOODLAWN",181,129,"Free/Reduced Lunch"
"610345",2023,"WOODSON",290,251,"Free/Reduced Lunch"
"610392",2023,"WORLD LANGUAGE HS",344,325,"Free/Reduced Lunch"
"610234",2023,"YATES",273,232,"Free/Reduced Lunch"
"609748",2023,"YORK HS",163,155,"Free/Reduced Lunch"
"610235",2023,"YOUNG ES",476,403,"Free/Reduced Lunch"
"609755",2023,"YOUNG HS",2152,817,"Free/Reduced Lunch"
"609973",2023,"ZAPATA",514,421,"Free/Reduced Lunch"
"400153",2023,"ACERO - BRIGHTON PARK",533,453,"Free/Reduced Lunch"
"400101",2023,"ACERO - CISNEROS",417,351,"Free/Reduced Lunch"
"400120",2023,"ACERO - CLEMENTE",456,376,"Free/Reduced Lunch"
"400121",2023,"ACERO - DE LA CRUZ",513,416,"Free/Reduced Lunch"
"400081",2023,"ACERO - DE LAS CASAS",244,207,"Free/Reduced Lunch"
"400082",2023,"ACERO - FUENTES",402,347,"Free/Reduced Lunch"
"400085",2023,"ACERO - GARCIA HS",646,582,"Free/Reduced Lunch"
"400112",2023,"ACERO - IDAR",521,438,"Free/Reduced Lunch"
"400089",2023,"ACERO - MARQUEZ",526,453,"Free/Reduced Lunch"
"400083",2023,"ACERO - PAZ",173,155,"Free/Reduced Lunch"
"400114",2023,"ACERO - SANTIAGO",221,191,"Free/Reduced Lunch"
"400149",2023,"ACERO - SOTO HS",562,538,"Free/Reduced Lunch"
"400084",2023,"ACERO - TAMAYO",270,224,"Free/Reduced Lunch"
"400080",2023,"ACERO - TORRES",530,445,"Free/Reduced Lunch"
"400079",2023,"ACERO - ZIZUMBO",552,452,"Free/Reduced Lunch"
"400060",2023,"AHS - PASSAGES",309,242,"Free/Reduced Lunch"
"400181",2023,"ART IN MOTION",559,470,"Free/Reduced Lunch"
"400172",2023,"ASPIRA - BUSINESS & FINANCE HS",494,449,"Free/Reduced Lunch"
"400013",2023,"ASPIRA - EARLY COLLEGE HS",262,249,"Free/Reduced Lunch"
"400017",2023,"ASPIRA - HAUGAN",103,89,"Free/Reduced Lunch"
"400021",2023,"CATALYST - CIRCLE ROCK",519,446,"Free/Reduced Lunch"
"400115",2023,"CATALYST - MARIA",556,482,"Free/Reduced Lunch"
"400182",2023,"CATALYST - MARIA (HS)",552,527,"Free/Reduced Lunch"
"400161",2023,"CHICAGO COLLEGIATE",255,241,"Free/Reduced Lunch"
"400035",2023,"CHICAGO MATH & SCIENCE HS",601,517,"Free/Reduced Lunch"
"400159",2023,"CHRISTOPHER HOUSE",450,386,"Free/Reduced Lunch"
"400023",2023,"CICS - AVALON/SOUTH SHORE",457,370,"Free/Reduced Lunch"
"400024",2023,"CICS - BASIL",479,425,"Free/Reduced Lunch"
"400092",2023,"CICS - BOND",253,216,"Free/Reduced Lunch"
"400025",2023,"CICS - BUCKTOWN",630,486,"Free/Reduced Lunch"
"400032",2023,"CICS - ELLISON HS",205,189,"Free/Reduced Lunch"
"400027",2023,"CICS - IRVING PARK",532,329,"Free/Reduced Lunch"
"400033",2023,"CICS - LONGWOOD",1240,1127,"Free/Reduced Lunch"
"400026",2023,"CICS - LOOMIS",356,227,"Free/Reduced Lunch"
"400034",2023,"CICS - NORTHTOWN HS",882,746,"Free/Reduced Lunch"
"400028",2023,"CICS - PRAIRIE",399,333,"Free/Reduced Lunch"
"400029",2023,"CICS - WASHINGTON PARK",495,421,"Free/Reduced Lunch"
"400030",2023,"CICS - WEST BELDEN",548,449,"Free/Reduced Lunch"
"400031",2023,"CICS - WRIGHTWOOD",643,549,"Free/Reduced Lunch"
"400094",2023,"EPIC HS",330,315,"Free/Reduced Lunch"
"400039",2023,"ERIE",380,316,"Free/Reduced Lunch"
"400009",2023,"GLOBAL CITIZENSHIP",462,283,"Free/Reduced Lunch"
"400168",2023,"GREAT LAKES",526,421,"Free/Reduced Lunch"
"400167",2023,"HORIZON - SOUTHWEST",739,663,"Free/Reduced Lunch"
"400104",2023,"INSTITUTO - HEALTH",631,592,"Free/Reduced Lunch"
"400164",2023,"INSTITUTO - JUSTICE HS",92,82,"Free/Reduced Lunch"
"400162",2023,"INTRINSIC HS",990,884,"Free/Reduced Lunch"
"400146",2023,"KIPP - ACADEMY",619,533,"Free/Reduced Lunch"
"400044",2023,"KIPP - ASCEND",944,833,"Free/Reduced Lunch"
"400163",2023,"KIPP - BLOOM",865,755,"Free/Reduced Lunch"
"400180",2023,"KIPP - ONE",1003,849,"Free/Reduced Lunch"
"400151",2023,"LEARN - 7",179,146,"Free/Reduced Lunch"
"400046",2023,"LEARN - BUTLER",515,443,"Free/Reduced Lunch"
"400047",2023,"LEARN - CAMPBELL",369,318,"Free/Reduced Lunch"
"400048",2023,"LEARN - EXCEL",376,319,"Free/Reduced Lunch"
"400165",2023,"LEARN - MIDDLE",282,261,"Free/Reduced Lunch"
"400111",2023,"LEARN - PERKINS",476,371,"Free/Reduced Lunch"
"400107",2023,"LEARN - SOUTH CHICAGO",416,349,"Free/Reduced Lunch"
"400049",2023,"LEGACY",455,411,"Free/Reduced Lunch"
"400119",2023,"LEGAL PREP HS",262,251,"Free/Reduced Lunch"
"400011",2023,"LOCKE A",323,277,"Free/Reduced Lunch"
"400116",2023,"MONTESSORI ENGLEWOOD",330,291,"Free/Reduced Lunch"
"400178",2023,"MOVING EVEREST",781,679,"Free/Reduced Lunch"
"400050",2023,"NAMASTE",422,325,"Free/Reduced Lunch"
"400058",2023,"NLCP - CHRISTIANA HS",323,312,"Free/Reduced Lunch"
"400059",2023,"NLCP - COLLINS HS",432,423,"Free/Reduced Lunch"
"400170",2023,"NOBLE - ACADEMY HS",593,512,"Free/Reduced Lunch"
"400157",2023,"NOBLE - BAKER HS",273,242,"Free/Reduced Lunch"
"400097",2023,"NOBLE - BULLS HS",1178,1065,"Free/Reduced Lunch"
"400156",2023,"NOBLE - BUTLER HS",652,591,"Free/Reduced Lunch"
"400052",2023,"NOBLE - COMER",1040,935,"Free/Reduced Lunch"
"400118",2023,"NOBLE - DRW HS",353,334,"Free/Reduced Lunch"
"400053",2023,"NOBLE - GOLDER HS",638,571,"Free/Reduced Lunch"
"400117",2023,"NOBLE - HANSBERRY HS",500,463,"Free/Reduced Lunch"
"400169",2023,"NOBLE - ITW SPEER HS",1111,901,"Free/Reduced Lunch"
"400106",2023,"NOBLE - JOHNSON HS",476,453,"Free/Reduced Lunch"
"400179",2023,"NOBLE - MANSUETO HS",1045,956,"Free/Reduced Lunch"
"400098",2023,"NOBLE - MUCHIN HS",861,715,"Free/Reduced Lunch"
"400051",2023,"NOBLE - NOBLE HS",662,533,"Free/Reduced Lunch"
"400054",2023,"NOBLE - PRITZKER HS",969,895,"Free/Reduced Lunch"
"400055",2023,"NOBLE - RAUNER HS",666,576,"Free/Reduced Lunch"
"400056",2023,"NOBLE - ROWE CLARK HS",397,386,"Free/Reduced Lunch"
"400057",2023,"NOBLE - UIC HS",903,764,"Free/Reduced Lunch"
"400064",2023,"PERSPECTIVES - JOSLIN HS",380,341,"Free/Reduced Lunch"
"400061",2023,"PERSPECTIVES - LEADERSHIP HS",707,638,"Free/Reduced Lunch"
"400066",2023,"PERSPECTIVES - MATH & SCI HS",413,379,"Free/Reduced Lunch"
"400062",2023,"PERSPECTIVES - TECH HS",361,330,"Free/Reduced Lunch"
"400069",2023,"POLARIS",381,334,"Free/Reduced Lunch"
"400071",2023,"PROVIDENCE ENGLEWOOD",429,343,"Free/Reduced Lunch"
"400096",2023,"ROWE",758,650,"Free/Reduced Lunch"
"400075",2023,"U OF C - DONOGHUE",452,357,"Free/Reduced Lunch"
"400076",2023,"U OF C - NKO",298,216,"Free/Reduced Lunch"
"400077",2023,"U OF C - WOODLAWN HS",578,495,"Free/Reduced Lunch"
"400105",2023,"URBAN PREP - BRONZEVILLE HS",222,187,"Free/Reduced Lunch"
"400086",2023,"URBAN PREP - ENGLEWOOD HS",161,149,"Free/Reduced Lunch"
"400125",2023,"YCCS - ASPIRA PANTOJA",192,169,"Free/Reduced Lunch"
"400126",2023,"YCCS - ASSOCIATION HOUSE",83,78,"Free/Reduced Lunch"
"400131",2023,"YCCS - CAMPOS",115,106,"Free/Reduced Lunch"
"400128",2023,"YCCS - CCA ACADEMY",119,115,"Free/Reduced Lunch"
"400150",2023,"YCCS - CHATHAM",124,118,"Free/Reduced Lunch"
"400133",2023,"YCCS - INNOVATIONS",509,500,"Free/Reduced Lunch"
"400135",2023,"YCCS - LATINO YOUTH",157,142,"Free/Reduced Lunch"
"400124",2023,"YCCS - MCKINLEY",89,86,"Free/Reduced Lunch"
"400136",2023,"YCCS - OLIVE HARVEY",111,95,"Free/Reduced Lunch"
"400129",2023,"YCCS - PROGRESSIVE LEADERSHIP",142,138,"Free/Reduced Lunch"
"400123",2023,"YCCS - SCHOLASTIC ACHIEVEMENT",129,120,"Free/Reduced Lunch"
"400139",2023,"YCCS - SULLIVAN",301,293,"Free/Reduced Lunch"
"400141",2023,"YCCS - TRUMAN",178,153,"Free/Reduced Lunch"
"400144",2023,"YCCS - WEST",78,76,"Free/Reduced Lunch"
"400143",2023,"YCCS - WEST TOWN",96,87,"Free/Reduced Lunch"
"400145",2023,"YCCS - YOUTH CONNECTION",116,106,"Free/Reduced Lunch"
"400130",2023,"YCCS - YOUTH DEVELOPMENT",86,85,"Free/Reduced Lunch"
"400022",2023,"CHIARTS HS",599,340,"Free/Reduced Lunch"
"400147",2023,"CHICAGO EXCEL HS",225,212,"Free/Reduced Lunch"
"400091",2023,"CHICAGO TECH HS",424,386,"Free/Reduced Lunch"
"610565",2023,"EXCEL ENGLEWOOD HS",212,191,"Free/Reduced Lunch"
"400175",2023,"EXCEL SOUTH SHORE HS",222,211,"Free/Reduced Lunch"
"400176",2023,"EXCEL SOUTHWEST HS",125,120,"Free/Reduced Lunch"
"400043",2023,"HOPE LEARNING ACADEMY",241,203,"Free/Reduced Lunch"
"400137",2023,"LITTLE BLACK PEARL HS",83,74,"Free/Reduced Lunch"
"400068",2023,"PLATO",175,158,"Free/Reduced Lunch"
"610572",2023,"SAFE ACHIEVE ES",2,2,"Free/Reduced Lunch"
"610573",2023,"SAFE ACHIEVE HS",34,32,"Free/Reduced Lunch"
"610569",2023,"OMBUDSMAN - NORTHWEST HS",133,117,"Free/Reduced Lunch"
"610593",2023,"OMBUDSMAN - ROSELAND HS",140,126,"Free/Reduced Lunch"
"610570",2023,"OMBUDSMAN - SOUTH HS",231,222,"Free/Reduced Lunch"
"610571",2023,"OMBUDSMAN - WEST HS",116,112,"Free/Reduced Lunch"
"610557",2023,"PATHWAYS - ASHBURN HS",259,222,"Free/Reduced Lunch"
"610568",2023,"PATHWAYS - AVONDALE HS",305,273,"Free/Reduced Lunch"
"400173",2023,"PATHWAYS - BRIGHTON PARK HS",418,390,"Free/Reduced Lunch"
"610594",2023,"PATHWAYS - HUMBOLDT PARK HS",150,132,"Free/Reduced Lunch"
"400153",2024,"ACERO - BRIGHTON PARK",466,388,"Economically Disadvantaged"
"400101",2024,"ACERO - CISNEROS",353,298,"Economically Disadvantaged"
"400120",2024,"ACERO - CLEMENTE",466,379,"Economically Disadvantaged"
"400121",2024,"ACERO - DE LA CRUZ",497,416,"Economically Disadvantaged"
"400081",2024,"ACERO - DE LAS CASAS",223,189,"Economically Disadvantaged"
"400082",2024,"ACERO - FUENTES",394,328,"Economically Disadvantaged"
"400085",2024,"ACERO - GARCIA HS",623,560,"Economically Disadvantaged"
"400112",2024,"ACERO - IDAR",524,409,"Economically Disadvantaged"
"400089",2024,"ACERO - MARQUEZ",517,452,"Economically Disadvantaged"
"400083",2024,"ACERO - PAZ",125,115,"Economically Disadvantaged"
"400114",2024,"ACERO - SANTIAGO",221,181,"Economically Disadvantaged"
"400149",2024,"ACERO - SOTO HS",565,431,"Economically Disadvantaged"
"400084",2024,"ACERO - TAMAYO",269,227,"Economically Disadvantaged"
"400080",2024,"ACERO - TORRES",544,464,"Economically Disadvantaged"
"400079",2024,"ACERO - ZIZUMBO",531,419,"Economically Disadvantaged"
"609772",2024,"ADDAMS",531,385,"Economically Disadvantaged"
"400060",2024,"AHS - PASSAGES",353,239,"Economically Disadvantaged"
"610513",2024,"AIR FORCE HS",118,99,"Economically Disadvantaged"
"610212",2024,"ALBANY PARK",228,189,"Economically Disadvantaged"
"609774",2024,"ALCOTT ES",572,61,"Economically Disadvantaged"
"610524",2024,"ALCOTT HS",371,287,"Economically Disadvantaged"
"609848",2024,"ALDRIDGE",242,193,"Economically Disadvantaged"
"609695",2024,"AMUNDSEN HS",1503,690,"Economically Disadvantaged"
"609951",2024,"ARIEL",354,287,"Economically Disadvantaged"
"609777",2024,"ARMOUR",241,170,"Economically Disadvantaged"
"609779",2024,"ARMSTRONG G",1253,951,"Economically Disadvantaged"
"400181",2024,"ART IN MOTION",543,518,"Economically Disadvantaged"
"610287",2024,"ASHBURN",329,260,"Economically Disadvantaged"
"610268",2024,"ASHE",360,287,"Economically Disadvantaged"
"400172",2024,"ASPIRA - BUSINESS & FINANCE HS",492,440,"Economically Disadvantaged"
"400013",2024,"ASPIRA - EARLY COLLEGE HS",257,223,"Economically Disadvantaged"
"400017",2024,"ASPIRA - HAUGAN",82,68,"Economically Disadvantaged"
"609782",2024,"AUDUBON",608,58,"Economically Disadvantaged"
"610518",2024,"AUSTIN CCA HS",172,153,"Economically Disadvantaged"
"609786",2024,"AVALON PARK",189,156,"Economically Disadvantaged"
"610325",2024,"AVONDALE-LOGANDALE",492,416,"Economically Disadvantaged"
"610544",2024,"AZUELA",697,509,"Economically Disadvantaged"
"610563",2024,"BACK OF THE YARDS HS",1001,938,"Economically Disadvantaged"
"609788",2024,"BARNARD",245,174,"Economically Disadvantaged"
"609789",2024,"BARRY",475,358,"Economically Disadvantaged"
"609790",2024,"BARTON",395,342,"Economically Disadvantaged"
"609791",2024,"BASS",289,248,"Economically Disadvantaged"
"609792",2024,"BATEMAN",901,532,"Economically Disadvantaged"
"610083",2024,"BEARD",348,79,"Economically Disadvantaged"
"610246",2024,"BEASLEY",1018,734,"Economically Disadvantaged"
"609796",2024,"BEAUBIEN",1021,377,"Economically Disadvantaged"
"610237",2024,"BEETHOVEN",336,247,"Economically Disadvantaged"
"609797",2024,"BEIDLER",256,215,"Economically Disadvantaged"
"609798",2024,"BELDING",553,241,"Economically Disadvantaged"
"609799",2024,"BELL",850,119,"Economically Disadvantaged"
"609922",2024,"BELMONT-CRAGIN",525,375,"Economically Disadvantaged"
"609800",2024,"BENNETT",263,195,"Economically Disadvantaged"
"610350",2024,"BLACK",356,208,"Economically Disadvantaged"
"609803",2024,"BLAINE",628,63,"Economically Disadvantaged"
"610087",2024,"BLAIR",256,105,"Economically Disadvantaged"
"609698",2024,"BOGAN HS",574,496,"Economically Disadvantaged"
"610238",2024,"BOND",260,215,"Economically Disadvantaged"
"609815",2024,"BOUCHET",646,541,"Economically Disadvantaged"
"610323",2024,"BOWEN HS",172,159,"Economically Disadvantaged"
"609806",2024,"BRADWELL",412,338,"Economically Disadvantaged"
"610242",2024,"BRENNEMANN",474,340,"Economically Disadvantaged"
"609809",2024,"BRENTANO",736,274,"Economically Disadvantaged"
"609810",2024,"BRIDGE",1105,577,"Economically Disadvantaged"
"609811",2024,"BRIGHT",201,164,"Economically Disadvantaged"
"610317",2024,"BRIGHTON PARK",285,233,"Economically Disadvantaged"
"610590",2024,"BRONZEVILLE CLASSICAL",423,82,"Economically Disadvantaged"
"610381",2024,"BRONZEVILLE HS",104,101,"Economically Disadvantaged"
"609726",2024,"BROOKS HS",974,628,"Economically Disadvantaged"
"610091",2024,"BROWN R",289,242,"Economically Disadvantaged"
"609812",2024,"BROWN W",271,235,"Economically Disadvantaged"
"609813",2024,"BROWNELL",130,100,"Economically Disadvantaged"
"609830",2024,"BRUNSON",436,324,"Economically Disadvantaged"
"609817",2024,"BUDLONG",728,373,"Economically Disadvantaged"
"609818",2024,"BURBANK",697,569,"Economically Disadvantaged"
"609819",2024,"BURKE",248,201,"Economically Disadvantaged"
"609820",2024,"BURLEY",496,51,"Economically Disadvantaged"
"609821",2024,"BURNHAM",418,351,"Economically Disadvantaged"
"609827",2024,"BURNSIDE",287,216,"Economically Disadvantaged"
"609828",2024,"BURR",447,116,"Economically Disadvantaged"
"609829",2024,"BURROUGHS",307,265,"Economically Disadvantaged"
"609832",2024,"BYRNE",580,278,"Economically Disadvantaged"
"610353",2024,"CALMECA",626,490,"Economically Disadvantaged"
"609835",2024,"CAMERON",618,497,"Economically Disadvantaged"
"610539",2024,"CAMRAS",721,545,"Economically Disadvantaged"
"609836",2024,"CANTY",806,350,"Economically Disadvantaged"
"610024",2024,"CARDENAS",766,627,"Economically Disadvantaged"
"609837",2024,"CARNEGIE",406,314,"Economically Disadvantaged"
"609839",2024,"CARROLL",408,308,"Economically Disadvantaged"
"609842",2024,"CARSON",748,616,"Economically Disadvantaged"
"609844",2024,"CARTER",280,240,"Economically Disadvantaged"
"609845",2024,"CARVER G",467,403,"Economically Disadvantaged"
"609760",2024,"CARVER MILITARY HS",410,375,"Economically Disadvantaged"
"610021",2024,"CASALS",372,296,"Economically Disadvantaged"
"609849",2024,"CASSELL",354,75,"Economically Disadvantaged"
"610599",2024,"CATALPA",181,5,"Economically Disadvantaged"
"400021",2024,"CATALYST - CIRCLE ROCK",504,439,"Economically Disadvantaged"
"400115",2024,"CATALYST - MARIA",546,484,"Economically Disadvantaged"
"400182",2024,"CATALYST MARIA HS",557,521,"Economically Disadvantaged"
"610251",2024,"CATHER",323,282,"Economically Disadvantaged"
"609851",2024,"CHALMERS",224,196,"Economically Disadvantaged"
"609852",2024,"CHAPPELL",569,193,"Economically Disadvantaged"
"609853",2024,"CHASE",393,220,"Economically Disadvantaged"
"610148",2024,"CHAVEZ",780,659,"Economically Disadvantaged"
"400022",2024,"CHIARTS HS",604,360,"Economically Disadvantaged"
"610248",2024,"CHICAGO ACADEMY ES",559,369,"Economically Disadvantaged"
"610340",2024,"CHICAGO ACADEMY HS",561,473,"Economically Disadvantaged"
"609753",2024,"CHICAGO AGRICULTURE HS",769,394,"Economically Disadvantaged"
"400161",2024,"CHICAGO COLLEGIATE",245,218,"Economically Disadvantaged"
"400147",2024,"CHICAGO EXCEL HS",267,244,"Economically Disadvantaged"
"400035",2024,"CHICAGO MATH & SCIENCE HS",617,549,"Economically Disadvantaged"
"609754",2024,"CHICAGO MILITARY HS",214,201,"Economically Disadvantaged"
"400091",2024,"CHICAGO TECH HS",392,365,"Economically Disadvantaged"
"609674",2024,"CHICAGO VOCATIONAL HS",575,526,"Economically Disadvantaged"
"610060",2024,"CHICAGO WORLD LANGUAGE ACADEMY",453,182,"Economically Disadvantaged"
"609854",2024,"CHOPIN",300,243,"Economically Disadvantaged"
"609855",2024,"CHRISTOPHER",311,277,"Economically Disadvantaged"
"400159",2024,"CHRISTOPHER HOUSE",430,333,"Economically Disadvantaged"
"400023",2024,"CICS - AVALON/SOUTH SHORE",436,366,"Economically Disadvantaged"
"400024",2024,"CICS - BASIL",488,435,"Economically Disadvantaged"
"400092",2024,"CICS - BOND",258,224,"Economically Disadvantaged"
"400025",2024,"CICS - BUCKTOWN",543,419,"Economically Disadvantaged"
"400032",2024,"CICS - ELLISON HS",201,189,"Economically Disadvantaged"
"400027",2024,"CICS - IRVING PARK",505,324,"Economically Disadvantaged"
"400033",2024,"CICS - LONGWOOD",1217,1151,"Economically Disadvantaged"
"400026",2024,"CICS - LOOMIS",351,228,"Economically Disadvantaged"
"400034",2024,"CICS - NORTHTOWN HS",836,704,"Economically Disadvantaged"
"400028",2024,"CICS - PRAIRIE",420,351,"Economically Disadvantaged"
"400029",2024,"CICS - WASHINGTON PARK",483,413,"Economically Disadvantaged"
"400030",2024,"CICS - WEST BELDEN",528,441,"Economically Disadvantaged"
"400031",2024,"CICS - WRIGHTWOOD",626,522,"Economically Disadvantaged"
"610347",2024,"CLAREMONT",330,289,"Economically Disadvantaged"
"609795",2024,"CLARK ES",141,99,"Economically Disadvantaged"
"610244",2024,"CLARK HS",394,387,"Economically Disadvantaged"
"609856",2024,"CLAY",590,438,"Economically Disadvantaged"
"609759",2024,"CLEMENTE HS",753,568,"Economically Disadvantaged"
"609857",2024,"CLEVELAND",465,327,"Economically Disadvantaged"
"609859",2024,"CLINTON",1037,760,"Economically Disadvantaged"
"609861",2024,"CLISSOLD",479,185,"Economically Disadvantaged"
"610199",2024,"COLEMON",178,123,"Economically Disadvantaged"
"609862",2024,"COLES",253,207,"Economically Disadvantaged"
"610499",2024,"COLLINS HS",213,209,"Economically Disadvantaged"
"610170",2024,"COLUMBIA EXPLORERS",725,578,"Economically Disadvantaged"
"609863",2024,"COLUMBUS",272,182,"Economically Disadvantaged"
"609864",2024,"COOK",279,226,"Economically Disadvantaged"
"609866",2024,"COONLEY",772,88,"Economically Disadvantaged"
"609867",2024,"COOPER",417,325,"Economically Disadvantaged"
"609870",2024,"CORKERY",407,328,"Economically Disadvantaged"
"609761",2024,"CORLISS HS",275,254,"Economically Disadvantaged"
"610355",2024,"COURTENAY",303,190,"Economically Disadvantaged"
"610561",2024,"CRANE MEDICAL HS",264,253,"Economically Disadvantaged"
"609873",2024,"CROWN",107,96,"Economically Disadvantaged"
"610003",2024,"CUFFE",236,176,"Economically Disadvantaged"
"610004",2024,"CULLEN",169,148,"Economically Disadvantaged"
"609756",2024,"CURIE HS",2910,2560,"Economically Disadvantaged"
"609900",2024,"CURTIS",318,283,"Economically Disadvantaged"
"609833",2024,"DAISY BATES",217,178,"Economically Disadvantaged"
"610239",2024,"DALEY",502,438,"Economically Disadvantaged"
"609875",2024,"DARWIN",491,365,"Economically Disadvantaged"
"610521",2024,"DAVIS M",150,103,"Economically Disadvantaged"
"609876",2024,"DAVIS N",526,420,"Economically Disadvantaged"
"609879",2024,"DAWES",945,809,"Economically Disadvantaged"
"610313",2024,"DE DIEGO",528,330,"Economically Disadvantaged"
"609880",2024,"DECATUR",329,51,"Economically Disadvantaged"
"609883",2024,"DENEEN",464,384,"Economically Disadvantaged"
"610367",2024,"DEPRIEST",483,396,"Economically Disadvantaged"
"610252",2024,"DETT",284,235,"Economically Disadvantaged"
"609884",2024,"DEVER",745,373,"Economically Disadvantaged"
"610402",2024,"DEVRY HS",130,103,"Economically Disadvantaged"
"609885",2024,"DEWEY",264,212,"Economically Disadvantaged"
"609874",2024,"DIRKSEN",1207,740,"Economically Disadvantaged"
"610363",2024,"DISNEY",1417,849,"Economically Disadvantaged"
"610515",2024,"DISNEY II ES",431,120,"Economically Disadvantaged"
"610564",2024,"DISNEY II HS",744,502,"Economically Disadvantaged"
"609887",2024,"DIXON",464,361,"Economically Disadvantaged"
"609891",2024,"DOOLITTLE",262,220,"Economically Disadvantaged"
"609893",2024,"DORE",736,347,"Economically Disadvantaged"
"610245",2024,"DOUGLASS HS",35,33,"Economically Disadvantaged"
"609894",2024,"DRAKE",302,263,"Economically Disadvantaged"
"609896",2024,"DRUMMOND",336,51,"Economically Disadvantaged"
"610364",2024,"DUBOIS",191,157,"Economically Disadvantaged"
"610263",2024,"DULLES",678,544,"Economically Disadvantaged"
"609676",2024,"DUNBAR HS",367,333,"Economically Disadvantaged"
"610188",2024,"DUNNE",200,154,"Economically Disadvantaged"
"610352",2024,"DURKIN PARK",673,464,"Economically Disadvantaged"
"610254",2024,"DVORAK",280,245,"Economically Disadvantaged"
"610587",2024,"DYETT ARTS HS",501,453,"Economically Disadvantaged"
"610316",2024,"EARHART",201,139,"Economically Disadvantaged"
"609897",2024,"EARLE",263,216,"Economically Disadvantaged"
"609898",2024,"EBERHART",1007,841,"Economically Disadvantaged"
"609899",2024,"EBINGER",694,112,"Economically Disadvantaged"
"609901",2024,"EDGEBROOK",505,46,"Economically Disadvantaged"
"609794",2024,"EDISON",266,28,"Economically Disadvantaged"
"610523",2024,"EDISON PARK",427,76,"Economically Disadvantaged"
"609903",2024,"EDWARDS",1219,903,"Economically Disadvantaged"
"609904",2024,"ELLINGTON",493,356,"Economically Disadvantaged"
"610592",2024,"ENGLEWOOD STEM HS",611,573,"Economically Disadvantaged"
"400094",2024,"EPIC HS",267,252,"Economically Disadvantaged"
"609907",2024,"ERICSON",315,264,"Economically Disadvantaged"
"400039",2024,"ERIE",391,317,"Economically Disadvantaged"
"609908",2024,"ESMOND",261,207,"Economically Disadvantaged"
"609909",2024,"EVERETT",99,69,"Economically Disadvantaged"
"610319",2024,"EVERGREEN",198,175,"Economically Disadvantaged"
"610362",2024,"EVERS",207,153,"Economically Disadvantaged"
"610565",2024,"EXCEL ENGLEWOOD HS",271,257,"Economically Disadvantaged"
"400175",2024,"EXCEL SOUTH SHORE HS",208,196,"Economically Disadvantaged"
"400176",2024,"EXCEL SOUTHWEST HS",155,148,"Economically Disadvantaged"
"610057",2024,"FAIRFIELD",472,403,"Economically Disadvantaged"
"609910",2024,"FALCONER",842,671,"Economically Disadvantaged"
"610055",2024,"FARADAY",157,143,"Economically Disadvantaged"
"609912",2024,"FARNSWORTH",506,287,"Economically Disadvantaged"
"609704",2024,"FARRAGUT HS",489,458,"Economically Disadvantaged"
"609705",2024,"FENGER HS",210,195,"Economically Disadvantaged"
"609917",2024,"FERNWOOD",258,205,"Economically Disadvantaged"
"609918",2024,"FIELD",152,109,"Economically Disadvantaged"
"609967",2024,"FINKL",214,170,"Economically Disadvantaged"
"610595",2024,"FISHER",124,6,"Economically Disadvantaged"
"609919",2024,"FISKE",379,303,"Economically Disadvantaged"
"609708",2024,"FOREMAN HS",607,513,"Economically Disadvantaged"
"609924",2024,"FORT DEARBORN",309,240,"Economically Disadvantaged"
"609927",2024,"FOSTER PARK",345,229,"Economically Disadvantaged"
"609926",2024,"FRANKLIN",359,173,"Economically Disadvantaged"
"610503",2024,"FRAZIER PROSPECTIVE",134,111,"Economically Disadvantaged"
"609928",2024,"FULLER",291,252,"Economically Disadvantaged"
"609929",2024,"FULTON",327,258,"Economically Disadvantaged"
"609930",2024,"FUNSTON",434,338,"Economically Disadvantaged"
"609709",2024,"GAGE PARK HS",348,308,"Economically Disadvantaged"
"609933",2024,"GALE",302,181,"Economically Disadvantaged"
"610009",2024,"GALILEO",533,270,"Economically Disadvantaged"
"609935",2024,"GALLISTEL",607,484,"Economically Disadvantaged"
"610128",2024,"GARVEY",238,183,"Economically Disadvantaged"
"609937",2024,"GARVY",741,269,"Economically Disadvantaged"
"609938",2024,"GARY",718,641,"Economically Disadvantaged"
"609939",2024,"GILLESPIE",350,296,"Economically Disadvantaged"
"400009",2024,"GLOBAL CITIZENSHIP",480,290,"Economically Disadvantaged"
"609942",2024,"GOETHE",724,344,"Economically Disadvantaged"
"610558",2024,"GOODE HS",955,841,"Economically Disadvantaged"
"609945",2024,"GOUDY",531,355,"Economically Disadvantaged"
"609947",2024,"GRAHAM ES",299,242,"Economically Disadvantaged"
"609769",2024,"GRAHAM HS",255,230,"Economically Disadvantaged"
"609949",2024,"GRAY",999,734,"Economically Disadvantaged"
"400168",2024,"GREAT LAKES",537,428,"Economically Disadvantaged"
"609850",2024,"GREELEY",453,204,"Economically Disadvantaged"
"610032",2024,"GREEN",302,243,"Economically Disadvantaged"
"609952",2024,"GREENE",312,240,"Economically Disadvantaged"
"609954",2024,"GREGORY",238,201,"Economically Disadvantaged"
"609955",2024,"GRESHAM",325,281,"Economically Disadvantaged"
"609956",2024,"GRIMES",369,252,"Economically Disadvantaged"
"609944",2024,"GRISSOM",290,205,"Economically Disadvantaged"
"609958",2024,"GUNSAULUS",670,498,"Economically Disadvantaged"
"609959",2024,"HAINES",480,367,"Economically Disadvantaged"
"609960",2024,"HALE",769,481,"Economically Disadvantaged"
"609808",2024,"HALEY",448,369,"Economically Disadvantaged"
"609963",2024,"HAMILTON",483,47,"Economically Disadvantaged"
"609964",2024,"HAMLINE",574,468,"Economically Disadvantaged"
"609966",2024,"HAMMOND",224,195,"Economically Disadvantaged"
"609807",2024,"HAMPTON",436,372,"Economically Disadvantaged"
"609694",2024,"HANCOCK HS",1028,716,"Economically Disadvantaged"
"610068",2024,"HANSON PARK",1136,898,"Economically Disadvantaged"
"609710",2024,"HARLAN HS",205,192,"Economically Disadvantaged"
"609969",2024,"HARTE",352,228,"Economically Disadvantaged"
"609971",2024,"HARVARD",357,296,"Economically Disadvantaged"
"609972",2024,"HAUGAN",987,707,"Economically Disadvantaged"
"609974",2024,"HAWTHORNE",619,85,"Economically Disadvantaged"
"609975",2024,"HAY",254,200,"Economically Disadvantaged"
"609976",2024,"HAYT",850,602,"Economically Disadvantaged"
"609979",2024,"HEALY",1206,895,"Economically Disadvantaged"
"609981",2024,"HEARST",305,227,"Economically Disadvantaged"
"609983",2024,"HEDGES",480,377,"Economically Disadvantaged"
"609985",2024,"HEFFERAN",175,143,"Economically Disadvantaged"
"609986",2024,"HENDERSON",232,167,"Economically Disadvantaged"
"609987",2024,"HENDRICKS",183,156,"Economically Disadvantaged"
"609988",2024,"HENRY",430,316,"Economically Disadvantaged"
"610532",2024,"HERNANDEZ",751,675,"Economically Disadvantaged"
"609991",2024,"HERZL",424,359,"Economically Disadvantaged"
"609994",2024,"HIBBARD",912,651,"Economically Disadvantaged"
"610295",2024,"HIGGINS",278,224,"Economically Disadvantaged"
"609712",2024,"HIRSCH HS",104,91,"Economically Disadvantaged"
"609995",2024,"HITCH",504,227,"Economically Disadvantaged"
"609996",2024,"HOLDEN",432,273,"Economically Disadvantaged"
"609997",2024,"HOLMES",129,104,"Economically Disadvantaged"
"400167",2024,"HORIZON - SOUTHWEST",766,703,"Economically Disadvantaged"
"610000",2024,"HOWE",357,288,"Economically Disadvantaged"
"610002",2024,"HOYNE",250,181,"Economically Disadvantaged"
"609741",2024,"HUBBARD HS",1673,1539,"Economically Disadvantaged"
"610005",2024,"HUGHES C",156,116,"Economically Disadvantaged"
"610368",2024,"HUGHES L",427,332,"Economically Disadvantaged"
"610006",2024,"HURLEY",711,557,"Economically Disadvantaged"
"609713",2024,"HYDE PARK HS",807,765,"Economically Disadvantaged"
"610384",2024,"INFINITY HS",420,393,"Economically Disadvantaged"
"400104",2024,"INSTITUTO - HEALTH",549,458,"Economically Disadvantaged"
"400164",2024,"INSTITUTO - JUSTICE HS",57,43,"Economically Disadvantaged"
"610078",2024,"INTER-AMERICAN",641,299,"Economically Disadvantaged"
"400162",2024,"INTRINSIC HS",941,837,"Economically Disadvantaged"
"610121",2024,"IRVING",273,220,"Economically Disadvantaged"
"610369",2024,"JACKSON M",313,274,"Economically Disadvantaged"
"610010",2024,"JAHN",316,122,"Economically Disadvantaged"
"610011",2024,"JAMIESON",806,471,"Economically Disadvantaged"
"609783",2024,"JEFFERSON HS",174,154,"Economically Disadvantaged"
"610271",2024,"JENSEN",253,226,"Economically Disadvantaged"
"610274",2024,"JOHNSON",210,184,"Economically Disadvantaged"
"609678",2024,"JONES HS",1967,810,"Economically Disadvantaged"
"609805",2024,"JOPLIN",272,231,"Economically Disadvantaged"
"609865",2024,"JORDAN",502,354,"Economically Disadvantaged"
"609764",2024,"JUAREZ HS",1547,1429,"Economically Disadvantaged"
"609762",2024,"JULIAN HS",470,436,"Economically Disadvantaged"
"610015",2024,"JUNGMAN",299,206,"Economically Disadvantaged"
"609920",2024,"KANOON",371,306,"Economically Disadvantaged"
"610084",2024,"KELLER",220,73,"Economically Disadvantaged"
"609925",2024,"KELLMAN",189,167,"Economically Disadvantaged"
"610016",2024,"KELLOGG",289,113,"Economically Disadvantaged"
"609715",2024,"KELLY HS",1711,1572,"Economically Disadvantaged"
"609716",2024,"KELVYN PARK HS",479,405,"Economically Disadvantaged"
"609718",2024,"KENNEDY HS",1601,1156,"Economically Disadvantaged"
"609746",2024,"KENWOOD HS",2298,1394,"Economically Disadvantaged"
"610019",2024,"KERSHAW",210,174,"Economically Disadvantaged"
"610022",2024,"KILMER",784,587,"Economically Disadvantaged"
"610299",2024,"KING ES",240,199,"Economically Disadvantaged"
"609751",2024,"KING HS",704,596,"Economically Disadvantaged"
"610026",2024,"KINZIE",673,376,"Economically Disadvantaged"
"610027",2024,"KIPLING",223,177,"Economically Disadvantaged"
"400146",2024,"KIPP - ACADEMY",671,548,"Economically Disadvantaged"
"400044",2024,"KIPP - ASCEND",945,796,"Economically Disadvantaged"
"400163",2024,"KIPP - BLOOM",925,788,"Economically Disadvantaged"
"400180",2024,"KIPP - ONE",1032,880,"Economically Disadvantaged"
"610030",2024,"KOZMINSKI",255,169,"Economically Disadvantaged"
"609719",2024,"LAKE VIEW HS",1410,1141,"Economically Disadvantaged"
"609720",2024,"LANE TECH HS",4520,1716,"Economically Disadvantaged"
"609869",2024,"LANGFORD",179,145,"Economically Disadvantaged"
"609993",2024,"LARA",332,275,"Economically Disadvantaged"
"610033",2024,"LASALLE",488,165,"Economically Disadvantaged"
"610520",2024,"LASALLE II",582,188,"Economically Disadvantaged"
"610208",2024,"LAVIZZO",332,285,"Economically Disadvantaged"
"610034",2024,"LAWNDALE",192,170,"Economically Disadvantaged"
"400151",2024,"LEARN - 7",150,122,"Economically Disadvantaged"
"400046",2024,"LEARN - BUTLER",464,410,"Economically Disadvantaged"
"400047",2024,"LEARN - CAMPBELL",359,299,"Economically Disadvantaged"
"400048",2024,"LEARN - EXCEL",402,323,"Economically Disadvantaged"
"400165",2024,"LEARN - MIDDLE",186,169,"Economically Disadvantaged"
"400111",2024,"LEARN - PERKINS",476,362,"Economically Disadvantaged"
"400107",2024,"LEARN - SOUTH CHICAGO",407,328,"Economically Disadvantaged"
"610291",2024,"LEE",578,486,"Economically Disadvantaged"
"400049",2024,"LEGACY",458,402,"Economically Disadvantaged"
"400119",2024,"LEGAL PREP HS",213,196,"Economically Disadvantaged"
"610305",2024,"LELAND",307,236,"Economically Disadvantaged"
"610298",2024,"LENART",295,85,"Economically Disadvantaged"
"610036",2024,"LEWIS",418,348,"Economically Disadvantaged"
"610037",2024,"LIBBY",252,214,"Economically Disadvantaged"
"610038",2024,"LINCOLN",843,107,"Economically Disadvantaged"
"609738",2024,"LINCOLN PARK HS",2097,1009,"Economically Disadvantaged"
"610391",2024,"LINDBLOM HS",1347,826,"Economically Disadvantaged"
"400137",2024,"LITTLE BLACK PEARL HS",79,72,"Economically Disadvantaged"
"609834",2024,"LITTLE VILLAGE",566,492,"Economically Disadvantaged"
"610040",2024,"LLOYD",815,618,"Economically Disadvantaged"
"400011",2024,"LOCKE A",371,288,"Economically Disadvantaged"
"610041",2024,"LOCKE J",1133,860,"Economically Disadvantaged"
"610541",2024,"LORCA",611,469,"Economically Disadvantaged"
"610043",2024,"LOVETT",336,256,"Economically Disadvantaged"
"610044",2024,"LOWELL",308,257,"Economically Disadvantaged"
"610029",2024,"LOZANO",241,105,"Economically Disadvantaged"
"610046",2024,"LYON",986,776,"Economically Disadvantaged"
"610215",2024,"MADERO",248,233,"Economically Disadvantaged"
"610047",2024,"MADISON",214,187,"Economically Disadvantaged"
"610048",2024,"MANIERRE",278,224,"Economically Disadvantaged"
"609722",2024,"MANLEY HS",78,72,"Economically Disadvantaged"
"610052",2024,"MANN",270,214,"Economically Disadvantaged"
"609780",2024,"MARINE LEADERSHIP AT AMES HS",628,583,"Economically Disadvantaged"
"610053",2024,"MARQUETTE",1026,833,"Economically Disadvantaged"
"610054",2024,"MARSH",612,493,"Economically Disadvantaged"
"609723",2024,"MARSHALL HS",174,157,"Economically Disadvantaged"
"610056",2024,"MASON",244,216,"Economically Disadvantaged"
"609724",2024,"MATHER HS",1683,1394,"Economically Disadvantaged"
"610059",2024,"MAYER",702,57,"Economically Disadvantaged"
"610290",2024,"MAYS",239,185,"Economically Disadvantaged"
"609968",2024,"MCAULIFFE",561,433,"Economically Disadvantaged"
"610063",2024,"MCCORMICK",429,336,"Economically Disadvantaged"
"610269",2024,"MCCUTCHEON",347,247,"Economically Disadvantaged"
"610066",2024,"MCDADE",217,87,"Economically Disadvantaged"
"610312",2024,"MCDOWELL",115,86,"Economically Disadvantaged"
"610067",2024,"MCKAY",617,460,"Economically Disadvantaged"
"610282",2024,"MCNAIR",327,274,"Economically Disadvantaged"
"610070",2024,"MCPHERSON",738,331,"Economically Disadvantaged"
"610293",2024,"MELODY",318,262,"Economically Disadvantaged"
"609902",2024,"METCALFE",309,264,"Economically Disadvantaged"
"610062",2024,"MIÑOSO",318,248,"Economically Disadvantaged"
"610171",2024,"MIRELES",451,366,"Economically Disadvantaged"
"610073",2024,"MITCHELL",386,104,"Economically Disadvantaged"
"610276",2024,"MOLLISON",236,195,"Economically Disadvantaged"
"610203",2024,"MONARCAS",804,614,"Economically Disadvantaged"
"610074",2024,"MONROE",633,501,"Economically Disadvantaged"
"400116",2024,"MONTESSORI ENGLEWOOD",347,287,"Economically Disadvantaged"
"610076",2024,"MOOS",454,301,"Economically Disadvantaged"
"609725",2024,"MORGAN PARK HS",1163,946,"Economically Disadvantaged"
"610077",2024,"MORRILL",500,417,"Economically Disadvantaged"
"610257",2024,"MORTON",210,148,"Economically Disadvantaged"
"609804",2024,"MOSAIC",718,561,"Economically Disadvantaged"
"610082",2024,"MOUNT GREENWOOD",1155,167,"Economically Disadvantaged"
"610086",2024,"MOUNT VERNON",248,209,"Economically Disadvantaged"
"400178",2024,"MOVING EVEREST",770,656,"Economically Disadvantaged"
"610088",2024,"MOZART",484,344,"Economically Disadvantaged"
"610385",2024,"MULTICULTURAL ARTS HS",253,215,"Economically Disadvantaged"
"610089",2024,"MURPHY",487,238,"Economically Disadvantaged"
"610090",2024,"MURRAY",464,274,"Economically Disadvantaged"
"400050",2024,"NAMASTE",359,267,"Economically Disadvantaged"
"610092",2024,"NASH",267,199,"Economically Disadvantaged"
"610231",2024,"NATIONAL TEACHERS",768,454,"Economically Disadvantaged"
"610093",2024,"NEIL",253,196,"Economically Disadvantaged"
"610094",2024,"NETTELHORST",646,119,"Economically Disadvantaged"
"610284",2024,"NEW FIELD",572,311,"Economically Disadvantaged"
"610193",2024,"NEW SULLIVAN",419,342,"Economically Disadvantaged"
"610095",2024,"NEWBERRY",330,240,"Economically Disadvantaged"
"609793",2024,"NICHOLSON",439,372,"Economically Disadvantaged"
"610096",2024,"NIGHTINGALE",962,783,"Economically Disadvantaged"
"609961",2024,"NINOS HEROES",276,231,"Economically Disadvantaged"
"610097",2024,"NIXON",641,486,"Economically Disadvantaged"
"400058",2024,"NLCP - CHRISTIANA HS",309,303,"Economically Disadvantaged"
"400059",2024,"NLCP - COLLINS HS",372,361,"Economically Disadvantaged"
"610098",2024,"NOBEL",598,507,"Economically Disadvantaged"
"400170",2024,"NOBLE - ACADEMY HS",521,439,"Economically Disadvantaged"
"400157",2024,"NOBLE - BAKER HS",240,217,"Economically Disadvantaged"
"400097",2024,"NOBLE - BULLS HS",1152,1029,"Economically Disadvantaged"
"400156",2024,"NOBLE - BUTLER HS",637,574,"Economically Disadvantaged"
"400052",2024,"NOBLE - COMER",1037,948,"Economically Disadvantaged"
"400118",2024,"NOBLE - DRW HS",375,357,"Economically Disadvantaged"
"400053",2024,"NOBLE - GOLDER HS",650,570,"Economically Disadvantaged"
"400117",2024,"NOBLE - HANSBERRY HS",518,475,"Economically Disadvantaged"
"400169",2024,"NOBLE - ITW SPEER HS",1099,996,"Economically Disadvantaged"
"400106",2024,"NOBLE - JOHNSON HS",459,439,"Economically Disadvantaged"
"400179",2024,"NOBLE - MANSUETO HS",1068,985,"Economically Disadvantaged"
"400098",2024,"NOBLE - MUCHIN HS",941,784,"Economically Disadvantaged"
"400051",2024,"NOBLE - NOBLE HS",674,542,"Economically Disadvantaged"
"400054",2024,"NOBLE - PRITZKER HS",990,921,"Economically Disadvantaged"
"400055",2024,"NOBLE - RAUNER HS",599,518,"Economically Disadvantaged"
"400056",2024,"NOBLE - ROWE CLARK HS",345,331,"Economically Disadvantaged"
"400057",2024,"NOBLE - UIC HS",935,824,"Economically Disadvantaged"
"610354",2024,"NORTH RIVER",296,166,"Economically Disadvantaged"
"609691",2024,"NORTH-GRAND HS",1047,951,"Economically Disadvantaged"
"609744",2024,"NORTHSIDE LEARNING HS",277,220,"Economically Disadvantaged"
"609749",2024,"NORTHSIDE PREP HS",1033,402,"Economically Disadvantaged"
"610051",2024,"NORTHWEST",513,445,"Economically Disadvantaged"
"610099",2024,"NORWOOD PARK",325,48,"Economically Disadvantaged"
"610101",2024,"OGDEN ES",910,395,"Economically Disadvantaged"
"610529",2024,"OGDEN HS",510,386,"Economically Disadvantaged"
"610102",2024,"OGLESBY",278,230,"Economically Disadvantaged"
"610103",2024,"OKEEFFE",501,427,"Economically Disadvantaged"
"610569",2024,"OMBUDSMAN - NORTHWEST HS",240,193,"Economically Disadvantaged"
"610593",2024,"OMBUDSMAN - ROSELAND HS",137,127,"Economically Disadvantaged"
"610570",2024,"OMBUDSMAN - SOUTH HS",215,202,"Economically Disadvantaged"
"610571",2024,"OMBUDSMAN - WEST HS",148,138,"Economically Disadvantaged"
"610104",2024,"ONAHAN",647,192,"Economically Disadvantaged"
"610105",2024,"ORIOLE PARK",587,128,"Economically Disadvantaged"
"610329",2024,"OROZCO",268,190,"Economically Disadvantaged"
"610389",2024,"ORR HS",230,179,"Economically Disadvantaged"
"609950",2024,"ORTIZ DE DOMINGUEZ",399,271,"Economically Disadvantaged"
"610107",2024,"OTIS",347,276,"Economically Disadvantaged"
"610108",2024,"OTOOLE",274,235,"Economically Disadvantaged"
"610109",2024,"OWEN",276,151,"Economically Disadvantaged"
"609943",2024,"OWENS",332,287,"Economically Disadvantaged"
"610111",2024,"PALMER",757,430,"Economically Disadvantaged"
"610115",2024,"PARK MANOR",252,215,"Economically Disadvantaged"
"610112",2024,"PARKER",355,294,"Economically Disadvantaged"
"610116",2024,"PARKSIDE",245,204,"Economically Disadvantaged"
"610117",2024,"PASTEUR",625,444,"Economically Disadvantaged"
"610557",2024,"PATHWAYS - ASHBURN HS",265,246,"Economically Disadvantaged"
"610568",2024,"PATHWAYS - AVONDALE HS",302,270,"Economically Disadvantaged"
"400173",2024,"PATHWAYS - BRIGHTON PARK HS",427,403,"Economically Disadvantaged"
"610594",2024,"PATHWAYS - HUMBOLDT PARK HS",162,148,"Economically Disadvantaged"
"609680",2024,"PAYTON HS",1260,417,"Economically Disadvantaged"
"610386",2024,"PEACE AND EDUCATION HS",146,128,"Economically Disadvantaged"
"610120",2024,"PECK",754,565,"Economically Disadvantaged"
"610122",2024,"PEIRCE",1101,349,"Economically Disadvantaged"
"610123",2024,"PENN",216,174,"Economically Disadvantaged"
"609872",2024,"PEREZ",302,198,"Economically Disadvantaged"
"610126",2024,"PERSHING",396,301,"Economically Disadvantaged"
"400064",2024,"PERSPECTIVES - JOSLIN HS",330,294,"Economically Disadvantaged"
"400061",2024,"PERSPECTIVES - LEADERSHIP HS",847,769,"Economically Disadvantaged"
"400066",2024,"PERSPECTIVES - MATH & SCI HS",399,376,"Economically Disadvantaged"
"400062",2024,"PERSPECTIVES - TECH HS",427,390,"Economically Disadvantaged"
"610127",2024,"PETERSON",893,439,"Economically Disadvantaged"
"609727",2024,"PHILLIPS HS",385,350,"Economically Disadvantaged"
"610304",2024,"PHOENIX MILITARY HS",401,368,"Economically Disadvantaged"
"610106",2024,"PICCOLO",640,498,"Economically Disadvantaged"
"610129",2024,"PICKARD",293,220,"Economically Disadvantaged"
"610013",2024,"PILSEN",223,162,"Economically Disadvantaged"
"610130",2024,"PIRIE",182,152,"Economically Disadvantaged"
"610131",2024,"PLAMONDON",84,60,"Economically Disadvantaged"
"400068",2024,"PLATO",182,150,"Economically Disadvantaged"
"610132",2024,"POE",229,86,"Economically Disadvantaged"
"400069",2024,"POLARIS",356,297,"Economically Disadvantaged"
"610135",2024,"PORTAGE PARK",889,544,"Economically Disadvantaged"
"610281",2024,"POWELL",548,437,"Economically Disadvantaged"
"610136",2024,"PRESCOTT",415,125,"Economically Disadvantaged"
"610533",2024,"PRIETO",751,618,"Economically Disadvantaged"
"610229",2024,"PRITZKER",653,160,"Economically Disadvantaged"
"609679",2024,"PROSSER HS",1170,1062,"Economically Disadvantaged"
"400071",2024,"PROVIDENCE ENGLEWOOD",446,360,"Economically Disadvantaged"
"610137",2024,"PRUSSING",661,418,"Economically Disadvantaged"
"610138",2024,"PULASKI",840,320,"Economically Disadvantaged"
"610139",2024,"PULLMAN",314,246,"Economically Disadvantaged"
"610334",2024,"RABY HS",149,146,"Economically Disadvantaged"
"609941",2024,"RANDOLPH",294,247,"Economically Disadvantaged"
"610141",2024,"RAVENSWOOD",505,160,"Economically Disadvantaged"
"610142",2024,"RAY",612,278,"Economically Disadvantaged"
"610143",2024,"REAVIS",272,196,"Economically Disadvantaged"
"610144",2024,"REILLY",527,361,"Economically Disadvantaged"
"610145",2024,"REINBERG",776,513,"Economically Disadvantaged"
"610146",2024,"REVERE",194,160,"Economically Disadvantaged"
"609682",2024,"RICHARDS HS",278,229,"Economically Disadvantaged"
"610588",2024,"RICHARDSON",841,782,"Economically Disadvantaged"
"610390",2024,"RICKOVER MILITARY HS",506,363,"Economically Disadvantaged"
"610256",2024,"ROBINSON",113,78,"Economically Disadvantaged"
"610147",2024,"ROGERS",721,392,"Economically Disadvantaged"
"609728",2024,"ROOSEVELT HS",1084,894,"Economically Disadvantaged"
"400096",2024,"ROWE",703,581,"Economically Disadvantaged"
"610308",2024,"RUDOLPH",99,68,"Economically Disadvantaged"
"610152",2024,"RUGGLES",319,273,"Economically Disadvantaged"
"610125",2024,"RUIZ",441,333,"Economically Disadvantaged"
"610153",2024,"RYDER",359,288,"Economically Disadvantaged"
"610342",2024,"SABIN",351,226,"Economically Disadvantaged"
"610586",2024,"SADLOWSKI",660,488,"Economically Disadvantaged"
"610572",2024,"SAFE ACHIEVE ES",2,2,"Economically Disadvantaged"
"610573",2024,"SAFE ACHIEVE HS",27,25,"Economically Disadvantaged"
"610250",2024,"SALAZAR",370,239,"Economically Disadvantaged"
"610226",2024,"SANDOVAL",723,594,"Economically Disadvantaged"
"610017",2024,"SAUCEDO",852,710,"Economically Disadvantaged"
"610155",2024,"SAUGANASH",663,107,"Economically Disadvantaged"
"610157",2024,"SAWYER",924,801,"Economically Disadvantaged"
"610158",2024,"SAYRE",400,236,"Economically Disadvantaged"
"610159",2024,"SCAMMON",627,521,"Economically Disadvantaged"
"610178",2024,"SCHMID",178,133,"Economically Disadvantaged"
"610165",2024,"SCHUBERT",555,436,"Economically Disadvantaged"
"609729",2024,"SCHURZ HS",1217,1020,"Economically Disadvantaged"
"609730",2024,"SENN HS",1453,1048,"Economically Disadvantaged"
"610167",2024,"SEWARD",413,347,"Economically Disadvantaged"
"610081",2024,"SHERIDAN",532,286,"Economically Disadvantaged"
"610172",2024,"SHERMAN",207,182,"Economically Disadvantaged"
"610173",2024,"SHERWOOD",211,179,"Economically Disadvantaged"
"610174",2024,"SHIELDS",483,383,"Economically Disadvantaged"
"610559",2024,"SHIELDS MIDDLE",373,355,"Economically Disadvantaged"
"610175",2024,"SHOESMITH",327,206,"Economically Disadvantaged"
"610176",2024,"SHOOP",416,343,"Economically Disadvantaged"
"609692",2024,"SIMEON HS",1077,1004,"Economically Disadvantaged"
"609750",2024,"SIMPSON HS",22,19,"Economically Disadvantaged"
"610177",2024,"SKINNER",1049,277,"Economically Disadvantaged"
"610534",2024,"SKINNER NORTH",512,61,"Economically Disadvantaged"
"609978",2024,"SMITH",363,314,"Economically Disadvantaged"
"610179",2024,"SMYSER",753,447,"Economically Disadvantaged"
"610180",2024,"SMYTH",370,321,"Economically Disadvantaged"
"610383",2024,"SOCIAL JUSTICE HS",302,270,"Economically Disadvantaged"
"610182",2024,"SOLOMON",340,134,"Economically Disadvantaged"
"610543",2024,"SOLORIO HS",1230,1118,"Economically Disadvantaged"
"610589",2024,"SOR JUANA",489,221,"Economically Disadvantaged"
"609990",2024,"SOUTH LOOP",839,192,"Economically Disadvantaged"
"610530",2024,"SOUTH SHORE ES",241,179,"Economically Disadvantaged"
"610547",2024,"SOUTH SHORE INTL HS",565,461,"Economically Disadvantaged"
"609745",2024,"SOUTHSIDE HS",370,316,"Economically Disadvantaged"
"610183",2024,"SPENCER",387,308,"Economically Disadvantaged"
"610184",2024,"SPRY ES",303,243,"Economically Disadvantaged"
"610357",2024,"SPRY HS",62,55,"Economically Disadvantaged"
"610339",2024,"STAGG",389,306,"Economically Disadvantaged"
"609732",2024,"STEINMETZ HS",1158,988,"Economically Disadvantaged"
"610548",2024,"STEM",403,182,"Economically Disadvantaged"
"610185",2024,"STEVENSON",1161,875,"Economically Disadvantaged"
"610163",2024,"STOCK",212,30,"Economically Disadvantaged"
"610191",2024,"STONE",554,317,"Economically Disadvantaged"
"610192",2024,"STOWE",511,423,"Economically Disadvantaged"
"610405",2024,"SUDER",463,194,"Economically Disadvantaged"
"609733",2024,"SULLIVAN HS",723,581,"Economically Disadvantaged"
"610194",2024,"SUMNER",203,170,"Economically Disadvantaged"
"610195",2024,"SUTHERLAND",629,230,"Economically Disadvantaged"
"610196",2024,"SWIFT",602,346,"Economically Disadvantaged"
"609734",2024,"TAFT HS",4228,2367,"Economically Disadvantaged"
"610197",2024,"TALCOTT",465,289,"Economically Disadvantaged"
"610249",2024,"TALMAN",347,282,"Economically Disadvantaged"
"610279",2024,"TANNER",250,215,"Economically Disadvantaged"
"610396",2024,"TARKINGTON",854,725,"Economically Disadvantaged"
"610198",2024,"TAYLOR",324,272,"Economically Disadvantaged"
"609921",2024,"TELPOCHCALLI",226,172,"Economically Disadvantaged"
"610504",2024,"THOMAS",128,46,"Economically Disadvantaged"
"610200",2024,"THORP J",323,271,"Economically Disadvantaged"
"610201",2024,"THORP O",823,315,"Economically Disadvantaged"
"609735",2024,"TILDEN HS",223,182,"Economically Disadvantaged"
"610065",2024,"TILL",329,270,"Economically Disadvantaged"
"610202",2024,"TILTON",239,217,"Economically Disadvantaged"
"609773",2024,"TUBMAN",279,98,"Economically Disadvantaged"
"609895",2024,"TURNER-DREW",193,149,"Economically Disadvantaged"
"610206",2024,"TWAIN",870,622,"Economically Disadvantaged"
"400075",2024,"U OF C - DONOGHUE",500,386,"Economically Disadvantaged"
"400076",2024,"U OF C - NKO",305,220,"Economically Disadvantaged"
"400077",2024,"U OF C - WOODLAWN HS",607,528,"Economically Disadvantaged"
"610394",2024,"UPLIFT HS",161,118,"Economically Disadvantaged"
"400105",2024,"URBAN PREP - BRONZEVILLE HS",164,144,"Economically Disadvantaged"
"400086",2024,"URBAN PREP - ENGLEWOOD HS",93,84,"Economically Disadvantaged"
"610207",2024,"VANDERPOEL",239,142,"Economically Disadvantaged"
"609766",2024,"VAUGHN HS",214,171,"Economically Disadvantaged"
"609871",2024,"VICK",420,96,"Economically Disadvantaged"
"610209",2024,"VOLTA",742,542,"Economically Disadvantaged"
"610039",2024,"VON LINNE",676,351,"Economically Disadvantaged"
"609737",2024,"VON STEUBEN HS",1670,1120,"Economically Disadvantaged"
"610366",2024,"WACKER",220,158,"Economically Disadvantaged"
"610213",2024,"WADSWORTH",475,347,"Economically Disadvantaged"
"610216",2024,"WALSH",250,164,"Economically Disadvantaged"
"610217",2024,"WARD J",500,353,"Economically Disadvantaged"
"610133",2024,"WARD L",258,200,"Economically Disadvantaged"
"610218",2024,"WARREN",281,227,"Economically Disadvantaged"
"610219",2024,"WASHINGTON G ES",617,428,"Economically Disadvantaged"
"610124",2024,"WASHINGTON H ES",233,199,"Economically Disadvantaged"
"609739",2024,"WASHINGTON HS",1492,1273,"Economically Disadvantaged"
"610220",2024,"WATERS",655,123,"Economically Disadvantaged"
"610221",2024,"WEBSTER",206,147,"Economically Disadvantaged"
"610110",2024,"WELLS ES",323,253,"Economically Disadvantaged"
"609740",2024,"WELLS HS",339,250,"Economically Disadvantaged"
"610223",2024,"WENTWORTH",383,324,"Economically Disadvantaged"
"610100",2024,"WEST PARK",425,349,"Economically Disadvantaged"
"610542",2024,"WEST RIDGE",617,454,"Economically Disadvantaged"
"610300",2024,"WESTCOTT",401,330,"Economically Disadvantaged"
"609693",2024,"WESTINGHOUSE HS",1236,995,"Economically Disadvantaged"
"610225",2024,"WHISTLER",252,219,"Economically Disadvantaged"
"610315",2024,"WHITE",124,98,"Economically Disadvantaged"
"610227",2024,"WHITNEY",598,474,"Economically Disadvantaged"
"610228",2024,"WHITTIER",177,127,"Economically Disadvantaged"
"610230",2024,"WILDWOOD",494,67,"Economically Disadvantaged"
"610380",2024,"WILLIAMS HS",79,73,"Economically Disadvantaged"
"609977",2024,"WOODLAWN",166,139,"Economically Disadvantaged"
"610345",2024,"WOODSON",293,251,"Economically Disadvantaged"
"610392",2024,"WORLD LANGUAGE HS",326,301,"Economically Disadvantaged"
"610234",2024,"YATES",310,233,"Economically Disadvantaged"
"400125",2024,"YCCS - ASPIRA PANTOJA",202,164,"Economically Disadvantaged"
"400126",2024,"YCCS - ASSOCIATION HOUSE",98,95,"Economically Disadvantaged"
"400131",2024,"YCCS - CAMPOS",156,142,"Economically Disadvantaged"
"400128",2024,"YCCS - CCA ACADEMY",72,70,"Economically Disadvantaged"
"400150",2024,"YCCS - CHATHAM",100,99,"Economically Disadvantaged"
"400133",2024,"YCCS - INNOVATIONS",502,490,"Economically Disadvantaged"
"400135",2024,"YCCS - LATINO YOUTH",160,144,"Economically Disadvantaged"
"400124",2024,"YCCS - MCKINLEY",93,87,"Economically Disadvantaged"
"400136",2024,"YCCS - OLIVE HARVEY",131,118,"Economically Disadvantaged"
"400129",2024,"YCCS - PROGRESSIVE LEADERSHIP",132,128,"Economically Disadvantaged"
"400123",2024,"YCCS - SCHOLASTIC ACHIEVEMENT",114,109,"Economically Disadvantaged"
"400139",2024,"YCCS - SULLIVAN",326,317,"Economically Disadvantaged"
"400141",2024,"YCCS - TRUMAN",180,134,"Economically Disadvantaged"
"400144",2024,"YCCS - WEST",65,63,"Economically Disadvantaged"
"400143",2024,"YCCS - WEST TOWN",84,78,"Economically Disadvantaged"
"400145",2024,"YCCS - YOUTH CONNECTION",131,117,"Economically Disadvantaged"
"400130",2024,"YCCS - YOUTH DEVELOPMENT",83,79,"Economically Disadvantaged"
"609748",2024,"YORK HS",165,159,"Economically Disadvantaged"
"610235",2024,"YOUNG ES",395,337,"Economically Disadvantaged"
"609755",2024,"YOUNG HS",2224,826,"Economically Disadvantaged"
"609973",2024,"ZAPATA",520,418,"Economically Disadvantaged"
