{"type":"FeatureCollection","features":[{"type":"Feature","geometry":{"type":"Polygon","coordinates":[[[-89.55482,46.2279],[-89.5548,46.2279],[-89.55472,46.22789],[-89.55469,46.22788],[-89.55432,46.22782],[-89.55406,46.22778],[-89.55321,46.22763],[-89.55284,46.22757],[-89.55256,46.22751],[-89.55204,46.2274],[-89.55172,46.22734],[-89.55144,46.22729],[-89.55126,46.22725],[-89.55035,46.22707],[-89.54985,46.22696],[-89.54708,46.22641],[-89.54599,46.2262],[-89.54585,46.22617],[-89.54565,46.22613],[-89.54542,46.22608],[-89.54528,46.22605],[-89.54386,46.22578],[-89.53961,46.22495],[-89.5382,46.22467],[-89.53731,46.2245],[-89.53517,46.22427],[-89.53486,46.22423],[-89.53439,46.22418],[-89.5338,46.22412],[-89.53375,46.22411],[-89.53322,46.224],[-89.52261,46.22187],[-89.52245,46.22179],[-89.52242,46.22178],[-89.52229,46.22183],[-89.52139,46.22168],[-89.5175,46.22089],[-89.50582,46.21854],[-89.50193,46.21775],[-89.50086,46.21753],[-89.50015,46.21738],[-89.49772,46.21672],[-89.4976,46.21668],[-89.49666,46.21649],[-89.49653,46.21646],[-89.49615,46.21639],[-89.49613,46.21638],[-89.496,46.21635],[-89.49564,46.21629],[-89.49492,46.21615],[-89.49167,46.21555],[-89.49059,46.21535],[-89.49051,46.21534],[-89.49038,46.21532],[-89.49027,46.2153],[-89.49019,46.21528],[-89.49009,46.21526],[-89.4898,46.2152],[-89.48971,46.21518],[-89.48922,46.2151],[-89.48826,46.21493],[-89.48776,46.21484],[-89.48728,46.21475],[-89.48725,46.21474],[-89.48722,46.21473],[-89.48717,46.21472],[-89.48687,46.21467],[-89.48662,46.21463],[-89.48598,46.21451],[-89.48568,46.21445],[-89.48526,46.21438],[-89.48461,46.21426],[-89.4826,46.21389],[-89.4814,46.21365],[-89.48033,46.21344],[-89.47984,46.21334],[-89.47887,46.21315],[-89.47836,46.21308],[-89.47786,46.21301],[-89.47688,46.21281],[-89.47394,46.2122],[-89.47317,46.21205],[-89.47296,46.21201],[-89.47293,46.212],[-89.47283,46.21199],[-89.47279,46.21198],[-89.47277,46.21198],[-89.47268,46.21196],[-89.47265,46.21196],[-89.47263,46.21195],[-89.47254,46.21194],[-89.47252,46.21193],[-89.47223,46.21188],[-89.47211,46.21186],[-89.47207,46.21185],[-89.47201,46.21185],[-89.47161,46.21178],[-89.47125,46.21172],[-89.47071,46.21159],[-89.46988,46.2114],[-89.469,46.2112],[-89.4687,46.21113],[-89.4653,46.21043],[-89.4635,46.21006],[-89.46077,46.20953],[-89.4526,46.20795],[-89.44988,46.20742],[-89.44982,46.20741],[-89.44925,46.2073],[-89.44736,46.20692],[-89.44674,46.2068],[-89.44621,46.2067],[-89.44463,46.2064],[-89.4441,46.2063],[-89.44266,46.20603],[-89.44203,46.20591],[-89.43997,46.20551],[-89.43844,46.20521],[-89.43835,46.2052],[-89.43692,46.20492],[-89.43666,46.20487],[-89.43586,46.20471],[-89.4356,46.20466],[-89.43555,46.20465],[-89.43539,46.20462],[-89.43533,46.20462],[-89.43486,46.20452],[-89.43479,46.20451],[-89.43346,46.20425],[-89.43299,46.20416],[-89.43297,46.20415],[-89.43293,46.20414],[-89.43291,46.20414],[-89.43289,46.20414],[-89.43111,46.20379],[-89.42838,46.20327],[-89.42795,46.20319],[-89.42598,46.2028],[-89.42579,46.20276],[-89.42401,46.20242],[-89.42391,46.2024],[-89.42096,46.20183],[-89.41181,46.20006],[-89.40877,46.19947],[-89.40818,46.19935],[-89.40642,46.19902],[-89.40583,46.19891],[-89.40556,46.19886],[-89.40475,46.1987],[-89.40448,46.19865],[-89.404,46.19855],[-89.40299,46.19835],[-89.40254,46.19826],[-89.40206,46.19817],[-89.40162,46.19808],[-89.40032,46.19782],[-89.39989,46.19774],[-89.39968,46.1977],[-89.39907,46.19758],[-89.39887,46.19754],[-89.39828,46.19743],[-89.39738,46.19727],[-89.39651,46.19711],[-89.39592,46.197],[-89.39582,46.19699],[-89.39569,46.19696],[-89.39555,46.19694],[-89.39546,46.19692],[-89.39534,46.1969],[-89.39523,46.19688],[-89.39461,46.19677],[-89.39344,46.19656],[-89.39204,46.19629],[-89.39119,46.19613],[-89.39012,46.19594],[-89.38692,46.19539],[-89.38585,46.1952],[-89.38396,46.19487],[-89.37827,46.19386],[-89.37637,46.19353],[-89.37543,46.19336],[-89.34561,46.18753],[-89.34548,46.18751],[-89.34535,46.18748],[-89.34532,46.18748],[-89.34528,46.18747],[-89.34525,46.18746],[-89.34522,46.18746],[-89.34258,46.18694],[-89.33843,46.18613],[-89.33464,46.18539],[-89.33206,46.18489],[-89.33199,46.18488],[-89.33198,46.18487],[-89.33193,46.18487],[-89.33192,46.18486],[-89.33181,46.18484],[-89.33164,46.18481],[-89.33148,46.18478],[-89.33137,46.18476],[-89.33134,46.18475],[-89.33129,46.18474],[-89.33124,46.18473],[-89.33121,46.18473],[-89.33086,46.18466],[-89.33033,46.18455],[-89.32981,46.18445],[-89.32946,46.18438],[-89.32944,46.18438],[-89.32939,46.18437],[-89.32937,46.18437],[-89.32244,46.18302],[-89.31206,46.18099],[-89.30167,46.17896],[-89.29474,46.17761],[-89.29286,46.17724],[-89.28721,46.17612],[-89.2855,46.17578],[-89.28533,46.17575],[-89.28497,46.17569],[-89.28407,46.17553],[-89.28389,46.1755],[-89.28354,46.17543],[-89.28209,46.17512],[-89.27777,46.17419],[-89.27633,46.17388],[-89.27627,46.17386],[-89.27609,46.17381],[-89.25043,46.16901],[-89.25032,46.16899],[-89.25014,46.16896],[-89.24996,46.16894],[-89.24988,46.16892],[-89.24985,46.16893],[-89.24982,46.16891],[-89.24962,46.16888],[-89.24959,46.16888],[-89.24933,46.16884],[-89.24911,46.16881],[-89.24892,46.16878],[-89.2487,46.16874],[-89.24865,46.16874],[-89.24853,46.16872],[-89.24849,46.16871],[-89.24831,46.16868],[-89.24792,46.16863],[-89.24698,46.16845],[-89.24245,46.16759],[-89.24093,46.1673],[-89.23994,46.16711],[-89.23846,46.16682],[-89.23695,46.16654],[-89.23595,46.16635],[-89.23307,46.16581],[-89.22443,46.16417],[-89.22155,46.16362],[-89.22143,46.1636],[-89.22105,46.16353],[-89.22093,46.1635],[-89.22074,46.16347],[-89.22019,46.16336],[-89.22,46.16333],[-89.22,46.1633],[-89.2199,46.16328],[-89.21947,46.16321],[-89.21816,46.16299],[-89.21788,46.16293],[-89.21725,46.1628],[-89.21714,46.16278],[-89.21651,46.16266],[-89.21635,46.16263],[-89.2163,46.16262],[-89.21514,46.16237],[-89.21165,46.16165],[-89.21048,46.1614],[-89.20948,46.1612],[-89.20647,46.16059],[-89.20547,46.16039],[-89.20529,46.16036],[-89.20499,46.16031],[-89.20475,46.16026],[-89.20458,46.16022],[-89.20425,46.16015],[-89.20373,46.16004],[-89.20331,46.15995],[-89.20328,46.15994],[-89.20295,46.15987],[-89.20128,46.15942],[-89.2007,46.15926],[-89.20066,46.15925],[-89.20063,46.15924],[-89.20034,46.15917],[-89.2001,46.15911],[-89.19931,46.15894],[-89.199,46.15888],[-89.1987,46.15882],[-89.19844,46.15877],[-89.19811,46.15872],[-89.19765,46.15863],[-89.19608,46.15831],[-89.1952,46.15814],[-89.19454,46.15799],[-89.19432,46.15792],[-89.19429,46.1579],[-89.18378,46.15594],[-89.18359,46.15591],[-89.18332,46.15586],[-89.18303,46.15581],[-89.18286,46.15578],[-89.18284,46.15578],[-89.18237,46.15569],[-89.18167,46.15557],[-89.18095,46.15544],[-89.18048,46.15536],[-89.1799,46.15525],[-89.1797,46.15521],[-89.17736,46.15479],[-89.17659,46.15464],[-89.17476,46.15431],[-89.1747,46.1543],[-89.17173,46.15376],[-89.16688,46.15287],[-89.16653,46.15273],[-89.16381,46.15219],[-89.16353,46.15214],[-89.16268,46.15197],[-89.1624,46.15191],[-89.16219,46.15187],[-89.16192,46.15182],[-89.16156,46.15175],[-89.16136,46.1517],[-89.1613,46.1517],[-89.16113,46.15168],[-89.16044,46.15154],[-89.15917,46.15127],[-89.15892,46.15122],[-89.15825,46.15107],[-89.15788,46.15099],[-89.15771,46.15095],[-89.15749,46.15091],[-89.15745,46.1509],[-89.15706,46.15082],[-89.15683,46.15077],[-89.1566,46.15072],[-89.15642,46.15068],[-89.15636,46.15067],[-89.15625,46.15064],[-89.15619,46.15063],[-89.15605,46.1506],[-89.15602,46.15058],[-89.15583,46.15052],[-89.15553,46.15044],[-89.15541,46.15042],[-89.15349,46.15005],[-89.14773,46.14893],[-89.14581,46.14856],[-89.14448,46.1483],[-89.14048,46.14753],[-89.13927,46.14729],[-89.13915,46.14727],[-89.13871,46.14719],[-89.13738,46.14693],[-89.13694,46.14685],[-89.13596,46.14666],[-89.13458,46.14638],[-89.1275,46.14499],[-89.12514,46.14453],[-89.12475,46.14446],[-89.12418,46.14436],[-89.1236,46.14425],[-89.12322,46.14419],[-89.12034,46.14367],[-89.11586,46.14286],[-89.11171,46.14211],[-89.10883,46.14159],[-89.10851,46.14153],[-89.10819,46.14147],[-89.10627,46.14114],[-89.10575,46.14105],[-89.10563,46.14103],[-89.10496,46.1409],[-89.10295,46.14053],[-89.10247,46.14044],[-89.10228,46.14041],[-89.10144,46.14025],[-89.10028,46.14004],[-89.09892,46.13979],[-89.09837,46.13969],[-89.09823,46.13966],[-89.09809,46.13963],[-89.09536,46.13913],[-89.09164,46.13845],[-89.08743,46.13674],[-89.08495,46.13574],[-89.08486,46.1357],[-89.08379,46.13527],[-89.08214,46.13461],[-89.0806,46.13396],[-89.07994,46.13369],[-89.07954,46.13352],[-89.07945,46.13348],[-89.07727,46.13258],[-89.07047,46.12978],[-89.0682,46.12885],[-89.06741,46.12853],[-89.06504,46.12755],[-89.06425,46.12723],[-89.06397,46.1271],[-89.06389,46.12707],[-89.06377,46.12702],[-89.06364,46.12697],[-89.05868,46.12491],[-89.02656,46.11185],[-89.02587,46.11154],[-89.02382,46.11063],[-89.02313,46.11033],[-89.02288,46.11022],[-89.02214,46.10989],[-89.02213,46.10989],[-89.02189,46.10979],[-89.02127,46.10955],[-89.02039,46.1092],[-89.01941,46.10881],[-89.01881,46.10857],[-89.01879,46.10857],[-89.01858,46.10848],[-89.01801,46.10825],[-89.01793,46.10822],[-89.01771,46.10814],[-89.01232,46.10599],[-89.00003,46.10109],[-88.99616,46.09952],[-88.99086,46.09738],[-88.99,46.09697],[-88.97332,46.0902],[-88.97015,46.08892],[-88.96671,46.08746],[-88.96369,46.08629],[-88.95855,46.08415],[-88.95823,46.08404],[-88.95777,46.08389],[-88.95601,46.08313],[-88.95593,46.0831],[-88.95586,46.08311],[-88.95583,46.08306],[-88.95576,46.08303],[-88.9555,46.08292],[-88.9547,46.0826],[-88.95443,46.08249],[-88.94983,46.08064],[-88.94687,46.07941],[-88.94684,46.0794],[-88.94429,46.07838],[-88.94385,46.07821],[-88.94375,46.07818],[-88.94361,46.07813],[-88.94337,46.07805],[-88.94316,46.078],[-88.9335,46.07397],[-88.93341,46.07394],[-88.9334,46.07393],[-88.93336,46.07392],[-88.93335,46.07391],[-88.93333,46.0739],[-88.93328,46.07388],[-88.93326,46.07388],[-88.93276,46.07367],[-88.93112,46.073],[-88.92887,46.07212],[-88.9225,46.06957],[-88.92121,46.06905],[-88.91231,46.06543],[-88.90784,46.06359],[-88.90421,46.06213],[-88.90275,46.06154],[-88.89524,46.05852],[-88.88983,46.0562],[-88.88698,46.05507],[-88.87514,46.05019],[-88.86524,46.04617],[-88.86515,46.04613],[-88.85113,46.04044],[-88.85082,46.04031],[-88.85024,46.04],[-88.84911,46.03917],[-88.84882,46.03895],[-88.8487,46.03878],[-88.84868,46.03872],[-88.84848,46.03865],[-88.84836,46.03847],[-88.84795,46.03759],[-88.84777,46.03703],[-88.84712,46.03634],[-88.8461,46.03583],[-88.84396,46.03481],[-88.84383,46.03465],[-88.84391,46.03436],[-88.84408,46.03392],[-88.84416,46.0336],[-88.84417,46.03329],[-88.84394,46.03298],[-88.84371,46.03284],[-88.84257,46.03257],[-88.8415,46.03243],[-88.84108,46.03221],[-88.84104,46.03197],[-88.84098,46.03187],[-88.84095,46.03184],[-88.84081,46.03175],[-88.8407,46.03166],[-88.84064,46.0316],[-88.84057,46.03158],[-88.84047,46.03156],[-88.84037,46.03157],[-88.8403,46.03156],[-88.84018,46.03152],[-88.84012,46.03145],[-88.84006,46.03141],[-88.83999,46.03136],[-88.83987,46.03129],[-88.83982,46.03123],[-88.83983,46.03102],[-88.83982,46.03094],[-88.83977,46.03083],[-88.83968,46.03076],[-88.8396,46.03071],[-88.83948,46.03065],[-88.83934,46.03057],[-88.83924,46.03048],[-88.83919,46.03037],[-88.83915,46.03028],[-88.83914,46.03023],[-88.83913,46.03017],[-88.83914,46.03012],[-88.83915,46.03006],[-88.83915,46.03004],[-88.83909,46.02998],[-88.83903,46.02995],[-88.83895,46.02993],[-88.83888,46.02995],[-88.83875,46.03002],[-88.83866,46.03007],[-88.8386,46.03012],[-88.83854,46.03017],[-88.83851,46.03022],[-88.83843,46.03026],[-88.83835,46.03029],[-88.83827,46.0303],[-88.83817,46.03029],[-88.83705,46.03051],[-88.83541,46.03044],[-88.83495,46.03024],[-88.83441,46.03001],[-88.8338,46.02979],[-88.83316,46.02976],[-88.8326,46.02983],[-88.8322,46.02982],[-88.83167,46.02972],[-88.8303,46.02919],[-88.82927,46.02886],[-88.82844,46.0284],[-88.82787,46.02822],[-88.82737,46.02821],[-88.82701,46.02812],[-88.8264,46.02777],[-88.82526,46.02726],[-88.82438,46.02655],[-88.82352,46.02645],[-88.82248,46.02633],[-88.8216,46.02637],[-88.82064,46.02632],[-88.81979,46.02632],[-88.81948,46.02636],[-88.81908,46.02631],[-88.81884,46.02614],[-88.81884,46.02612],[-88.81877,46.02592],[-88.81878,46.02566],[-88.81875,46.02537],[-88.8187,46.02502],[-88.81859,46.02472],[-88.81849,46.0246],[-88.81803,46.02445],[-88.81742,46.02432],[-88.81651,46.02395],[-88.81618,46.02366],[-88.81583,46.0234],[-88.81544,46.02297],[-88.81554,46.02265],[-88.81565,46.02234],[-88.81595,46.02191],[-88.81611,46.02165],[-88.81619,46.02124],[-88.81603,46.02059],[-88.81589,46.02061],[-88.81507,46.02064],[-88.81416,46.02075],[-88.81349,46.02068],[-88.81259,46.02121],[-88.81195,46.02161],[-88.81152,46.02178],[-88.81112,46.02193],[-88.81042,46.02206],[-88.8097,46.02208],[-88.80891,46.02199],[-88.80718,46.02171],[-88.80577,46.02155],[-88.80497,46.022],[-88.80424,46.02229],[-88.80369,46.02289],[-88.80314,46.02334],[-88.80258,46.02355],[-88.80176,46.02374],[-88.80074,46.02379],[-88.79973,46.02385],[-88.79917,46.02384],[-88.79838,46.02374],[-88.79753,46.02355],[-88.79707,46.02354],[-88.79646,46.02361],[-88.796,46.02401],[-88.79586,46.02445],[-88.79579,46.02487],[-88.79592,46.02602],[-88.79624,46.02685],[-88.79741,46.0278],[-88.8004,46.02979],[-88.80067,46.03004],[-88.80056,46.03029],[-88.80027,46.0306],[-88.79982,46.03096],[-88.79926,46.03126],[-88.7986,46.03143],[-88.79811,46.03165],[-88.79788,46.03182],[-88.79797,46.03186],[-88.79819,46.03194],[-88.79829,46.03201],[-88.79834,46.0321],[-88.79833,46.03223],[-88.79824,46.03232],[-88.79803,46.0324],[-88.79785,46.03243],[-88.79769,46.03243],[-88.79752,46.03241],[-88.79745,46.0324],[-88.79727,46.03246],[-88.79715,46.03255],[-88.79707,46.03266],[-88.79707,46.03288],[-88.79707,46.03316],[-88.79699,46.03341],[-88.79684,46.03355],[-88.79668,46.03363],[-88.7965,46.03366],[-88.79629,46.03364],[-88.79601,46.03356],[-88.79553,46.03344],[-88.79472,46.03316],[-88.79399,46.03287],[-88.79323,46.03247],[-88.79217,46.03189],[-88.79156,46.03144],[-88.79119,46.03107],[-88.79096,46.03067],[-88.79087,46.03033],[-88.79063,46.02981],[-88.79033,46.02918],[-88.79012,46.02884],[-88.78994,46.02865],[-88.7897,46.02852],[-88.78929,46.02846],[-88.78842,46.02847],[-88.78794,46.02856],[-88.78767,46.02869],[-88.78747,46.02886],[-88.78724,46.02927],[-88.78671,46.03037],[-88.78654,46.03069],[-88.78632,46.03098],[-88.78594,46.03136],[-88.78574,46.03171],[-88.78565,46.03195],[-88.78546,46.03226],[-88.7852,46.0325],[-88.785,46.03259],[-88.78472,46.03264],[-88.78441,46.03271],[-88.7842,46.0327],[-88.78403,46.03269],[-88.7835,46.03267],[-88.783,46.03227],[-88.78219,46.03211],[-88.78128,46.0321],[-88.78017,46.0321],[-88.77922,46.03187],[-88.77874,46.03169],[-88.77863,46.03127],[-88.7786,46.02974],[-88.77873,46.02888],[-88.7789,46.02869],[-88.77907,46.02845],[-88.78364,46.02436],[-88.78394,46.02384],[-88.78401,46.02298],[-88.78389,46.02093],[-88.78369,46.02026],[-88.7834,46.01967],[-88.78329,46.01906],[-88.78314,46.01861],[-88.78247,46.01757],[-88.78267,46.01725],[-88.78247,46.01675],[-88.78237,46.01654],[-88.78207,46.01618],[-88.78106,46.01568],[-88.78016,46.01539],[-88.77857,46.01532],[-88.77753,46.0155],[-88.77638,46.01589],[-88.77541,46.01639],[-88.77435,46.01724],[-88.77352,46.01783],[-88.77224,46.01842],[-88.77121,46.0187],[-88.77035,46.01882],[-88.7698,46.01894],[-88.76927,46.01964],[-88.76876,46.02057],[-88.76885,46.02189],[-88.76947,46.02287],[-88.76991,46.02348],[-88.77043,46.02409],[-88.77093,46.02458],[-88.77116,46.02485],[-88.77119,46.02508],[-88.77099,46.02534],[-88.77062,46.02556],[-88.77005,46.02573],[-88.7693,46.02581],[-88.76865,46.02572],[-88.76797,46.02554],[-88.76731,46.02534],[-88.7668,46.02504],[-88.7664,46.02488],[-88.76607,46.0247],[-88.76565,46.02435],[-88.76522,46.02377],[-88.7648,46.02267],[-88.76388,46.02202],[-88.76324,46.02169],[-88.76196,46.02106],[-88.76146,46.02075],[-88.76121,46.02048],[-88.761,46.02028],[-88.76083,46.02012],[-88.76055,46.01995],[-88.76003,46.01976],[-88.75972,46.01967],[-88.75933,46.01962],[-88.75897,46.01963],[-88.75857,46.01972],[-88.75819,46.01973],[-88.75765,46.01978],[-88.75715,46.01985],[-88.75686,46.01998],[-88.75643,46.02027],[-88.75538,46.02118],[-88.75509,46.02134],[-88.75473,46.02152],[-88.75463,46.02165],[-88.7544,46.02197],[-88.7542,46.02221],[-88.75373,46.02261],[-88.75324,46.0231],[-88.75272,46.02341],[-88.75201,46.02358],[-88.75077,46.02383],[-88.75014,46.02395],[-88.74951,46.02404],[-88.74884,46.02415],[-88.7483,46.0243],[-88.74781,46.02454],[-88.74741,46.02488],[-88.74714,46.02516],[-88.74692,46.02543],[-88.74675,46.02556],[-88.74654,46.02572],[-88.74624,46.02594],[-88.74583,46.02599],[-88.74531,46.026],[-88.74465,46.02595],[-88.74411,46.02605],[-88.74355,46.02606],[-88.74303,46.02606],[-88.7425,46.02611],[-88.742,46.02621],[-88.74174,46.0264],[-88.74154,46.02667],[-88.74127,46.02689],[-88.74079,46.02709],[-88.73967,46.02742],[-88.7394,46.02746],[-88.73898,46.02746],[-88.73851,46.02735],[-88.73803,46.02717],[-88.73767,46.02692],[-88.7373,46.02662],[-88.73676,46.02637],[-88.73589,46.02609],[-88.73543,46.02594],[-88.73465,46.02566],[-88.73423,46.02554],[-88.73372,46.02551],[-88.7335,46.02554],[-88.73252,46.02654],[-88.73249,46.02655],[-88.73225,46.02668],[-88.7318,46.02673],[-88.73145,46.02671],[-88.73102,46.02678],[-88.73072,46.02679],[-88.73047,46.02673],[-88.7303,46.02658],[-88.72936,46.02601],[-88.72887,46.02578],[-88.72851,46.02566],[-88.72804,46.02558],[-88.72744,46.02538],[-88.72702,46.02518],[-88.72689,46.02512],[-88.72654,46.02494],[-88.72599,46.0249],[-88.72542,46.02483],[-88.72505,46.02472],[-88.72468,46.0245],[-88.72428,46.02414],[-88.72415,46.02396],[-88.72406,46.0237],[-88.72399,46.02334],[-88.72392,46.0231],[-88.72382,46.0229],[-88.72368,46.02278],[-88.72329,46.02265],[-88.72266,46.02257],[-88.72202,46.0224],[-88.72158,46.02232],[-88.72126,46.02222],[-88.72116,46.0221],[-88.72113,46.02194],[-88.72102,46.02166],[-88.72111,46.02141],[-88.72127,46.02127],[-88.72145,46.02114],[-88.72147,46.02095],[-88.72142,46.02059],[-88.72136,46.02019],[-88.72134,46.0197],[-88.72113,46.01922],[-88.72113,46.01891],[-88.72136,46.01857],[-88.72175,46.01827],[-88.72204,46.01803],[-88.72222,46.01778],[-88.72222,46.01753],[-88.72211,46.01735],[-88.72184,46.01709],[-88.72156,46.0169],[-88.72128,46.01678],[-88.72098,46.01675],[-88.72075,46.01662],[-88.72061,46.01643],[-88.72053,46.01622],[-88.72032,46.01609],[-88.72003,46.01609],[-88.7198,46.01609],[-88.71949,46.01608],[-88.71909,46.01605],[-88.71878,46.01596],[-88.71802,46.01561],[-88.71796,46.01545],[-88.71794,46.01532],[-88.71793,46.01522],[-88.71792,46.015],[-88.71799,46.01469],[-88.71822,46.01442],[-88.71845,46.01418],[-88.71867,46.01388],[-88.71877,46.01356],[-88.71871,46.01339],[-88.71854,46.01327],[-88.71831,46.01318],[-88.71657,46.01304],[-88.71593,46.01307],[-88.71558,46.0131],[-88.71523,46.01308],[-88.7151,46.01304],[-88.71482,46.01294],[-88.71434,46.01287],[-88.71383,46.01283],[-88.71356,46.01278],[-88.71326,46.01272],[-88.71298,46.01272],[-88.7128,46.01282],[-88.71278,46.01283],[-88.7127,46.01297],[-88.71274,46.01322],[-88.71275,46.01371],[-88.71267,46.01424],[-88.71268,46.01449],[-88.71263,46.01491],[-88.71239,46.01538],[-88.71235,46.01574],[-88.71233,46.01598],[-88.71226,46.01618],[-88.71208,46.01635],[-88.71172,46.01646],[-88.71125,46.01658],[-88.71078,46.01663],[-88.71045,46.01657],[-88.71022,46.01643],[-88.71009,46.01622],[-88.71005,46.01588],[-88.71007,46.01561],[-88.70997,46.01543],[-88.70982,46.01529],[-88.70938,46.01513],[-88.70908,46.01515],[-88.70877,46.01528],[-88.70856,46.01541],[-88.708,46.01536],[-88.70771,46.0154],[-88.7075,46.01557],[-88.70746,46.01582],[-88.70744,46.01614],[-88.70737,46.0164],[-88.70672,46.01711],[-88.70617,46.01763],[-88.70587,46.01794],[-88.70552,46.01807],[-88.70515,46.0181],[-88.70466,46.01816],[-88.70445,46.01817],[-88.70436,46.01824],[-88.70371,46.01829],[-88.70287,46.0182],[-88.70213,46.01806],[-88.70144,46.01797],[-88.70072,46.01791],[-88.70024,46.01793],[-88.69982,46.01802],[-88.69952,46.01803],[-88.69913,46.018],[-88.69828,46.01775],[-88.69742,46.01749],[-88.69701,46.01726],[-88.69686,46.01705],[-88.69691,46.01657],[-88.69683,46.01637],[-88.69651,46.01627],[-88.69616,46.01625],[-88.6957,46.01631],[-88.69527,46.01634],[-88.69483,46.01633],[-88.6945,46.01621],[-88.69414,46.01604],[-88.69375,46.01588],[-88.69302,46.01575],[-88.6924,46.01563],[-88.69214,46.01559],[-88.69181,46.01545],[-88.69163,46.01526],[-88.69122,46.01499],[-88.69086,46.01486],[-88.69043,46.01468],[-88.69017,46.01445],[-88.6899,46.01411],[-88.6897,46.014],[-88.68942,46.01396],[-88.68916,46.01399],[-88.68874,46.01412],[-88.68852,46.01428],[-88.68838,46.01444],[-88.68823,46.01465],[-88.68807,46.0148],[-88.68791,46.0149],[-88.68764,46.01501],[-88.68727,46.01504],[-88.68682,46.01502],[-88.68641,46.01484],[-88.68578,46.01464],[-88.68515,46.01437],[-88.68484,46.01415],[-88.68447,46.01406],[-88.68406,46.01404],[-88.6837,46.01406],[-88.68331,46.01411],[-88.68321,46.01413],[-88.68284,46.01419],[-88.68246,46.01419],[-88.68207,46.01412],[-88.68159,46.01394],[-88.68124,46.01383],[-88.68093,46.01375],[-88.68072,46.01372],[-88.68022,46.01363],[-88.67945,46.01367],[-88.67907,46.01366],[-88.67887,46.0136],[-88.67861,46.01315],[-88.67858,46.01291],[-88.67846,46.01273],[-88.67823,46.01266],[-88.67795,46.01259],[-88.6776,46.01254],[-88.67733,46.01249],[-88.67714,46.01237],[-88.67704,46.01216],[-88.67709,46.01198],[-88.67719,46.01182],[-88.67716,46.01168],[-88.67681,46.01157],[-88.67653,46.01151],[-88.6763,46.01153],[-88.67603,46.0117],[-88.67582,46.01171],[-88.67564,46.01168],[-88.67545,46.01158],[-88.67528,46.0114],[-88.67511,46.01101],[-88.67478,46.01072],[-88.67477,46.01064],[-88.67477,46.01053],[-88.67491,46.0103],[-88.67523,46.01011],[-88.67554,46.00991],[-88.67578,46.00959],[-88.67582,46.00936],[-88.67584,46.00913],[-88.67592,46.00883],[-88.67592,46.00855],[-88.67585,46.00848],[-88.67576,46.00838],[-88.67553,46.00825],[-88.67512,46.00807],[-88.67471,46.00781],[-88.67447,46.00771],[-88.67424,46.00757],[-88.67418,46.00735],[-88.67424,46.00698],[-88.67419,46.00693],[-88.67406,46.00678],[-88.67378,46.00662],[-88.67342,46.00656],[-88.67293,46.00651],[-88.67259,46.00642],[-88.67208,46.00617],[-88.67191,46.00601],[-88.67186,46.00577],[-88.67185,46.0056],[-88.6717,46.00544],[-88.67149,46.00527],[-88.67132,46.00505],[-88.67121,46.00486],[-88.67121,46.00468],[-88.67131,46.00419],[-88.67149,46.0039],[-88.67196,46.00318],[-88.67218,46.00289],[-88.67226,46.00265],[-88.67222,46.00246],[-88.67194,46.00217],[-88.67158,46.00188],[-88.67148,46.00185],[-88.67128,46.0018],[-88.67075,46.00158],[-88.6706,46.00144],[-88.67045,46.0012],[-88.67033,46.001],[-88.67025,46.00063],[-88.67026,46.00038],[-88.67034,46.00019],[-88.67049,46.00006],[-88.6705,46.00004],[-88.67054,46.00001],[-88.67055,46.0],[-88.67081,45.99973],[-88.67103,45.9995],[-88.67116,45.99933],[-88.67116,45.99907],[-88.67101,45.99883],[-88.67048,45.99844],[-88.67028,45.99828],[-88.67005,45.99815],[-88.66984,45.99801],[-88.6697,45.99786],[-88.66956,45.99776],[-88.66929,45.99774],[-88.66895,45.99773],[-88.66818,45.9976],[-88.66799,45.99757],[-88.66761,45.99751],[-88.66746,45.99746],[-88.66724,45.99737],[-88.66704,45.99723],[-88.66673,45.99693],[-88.66663,45.9963],[-88.66666,45.99622],[-88.6668,45.99607],[-88.66707,45.99585],[-88.66731,45.99568],[-88.66747,45.99541],[-88.66749,45.99513],[-88.66748,45.99492],[-88.66743,45.99464],[-88.66734,45.99433],[-88.66719,45.99403],[-88.667,45.99372],[-88.66681,45.99361],[-88.66663,45.99349],[-88.66635,45.99342],[-88.66609,45.99339],[-88.66587,45.99339],[-88.66562,45.99339],[-88.66512,45.9935],[-88.66486,45.99354],[-88.66457,45.99352],[-88.66427,45.99347],[-88.66403,45.99338],[-88.66387,45.99331],[-88.6638,45.99323],[-88.66376,45.99318],[-88.66363,45.993],[-88.66354,45.99284],[-88.66348,45.9927],[-88.66343,45.99225],[-88.66345,45.99215],[-88.66353,45.99203],[-88.66363,45.99192],[-88.66375,45.99182],[-88.664,45.9917],[-88.66429,45.99162],[-88.66462,45.9915],[-88.665,45.99141],[-88.66532,45.99133],[-88.66585,45.99116],[-88.66609,45.99104],[-88.66672,45.99062],[-88.66702,45.99053],[-88.66709,45.99053],[-88.66738,45.99051],[-88.66759,45.99056],[-88.66772,45.99065],[-88.66782,45.9907],[-88.66798,45.99073],[-88.66822,45.99072],[-88.66844,45.99064],[-88.66857,45.99057],[-88.66868,45.99043],[-88.66882,45.99023],[-88.66897,45.99007],[-88.66925,45.98996],[-88.66954,45.98989],[-88.66984,45.98987],[-88.67008,45.98987],[-88.67039,45.98987],[-88.6706,45.98983],[-88.67075,45.98973],[-88.67084,45.98958],[-88.67096,45.98918],[-88.671,45.98902],[-88.67095,45.98886],[-88.67083,45.98855],[-88.67051,45.98851],[-88.66981,45.98839],[-88.66936,45.98828],[-88.66882,45.98821],[-88.66774,45.9881],[-88.66728,45.98809],[-88.66691,45.98812],[-88.66639,45.98818],[-88.666,45.98834],[-88.66563,45.98858],[-88.66536,45.98877],[-88.6651,45.98891],[-88.66493,45.98903],[-88.6647,45.9891],[-88.66448,45.98913],[-88.66416,45.98914],[-88.66388,45.98908],[-88.66367,45.98895],[-88.6635,45.98882],[-88.66328,45.9884],[-88.66323,45.98822],[-88.66324,45.98807],[-88.66328,45.98792],[-88.66337,45.98779],[-88.66337,45.98767],[-88.6633,45.98759],[-88.6632,45.98754],[-88.66307,45.98751],[-88.66298,45.9875],[-88.66279,45.98753],[-88.66252,45.98761],[-88.66228,45.98774],[-88.66199,45.9881],[-88.66168,45.98833],[-88.66143,45.98842],[-88.66103,45.98848],[-88.66065,45.98854],[-88.66021,45.98868],[-88.65983,45.98885],[-88.65953,45.98901],[-88.65918,45.98912],[-88.65915,45.98913],[-88.65865,45.98929],[-88.65817,45.98939],[-88.65794,45.98942],[-88.65763,45.9894],[-88.65659,45.98917],[-88.65617,45.98904],[-88.65507,45.98857],[-88.65456,45.98832],[-88.65431,45.98814],[-88.65398,45.98796],[-88.65362,45.98783],[-88.65333,45.98779],[-88.65281,45.98776],[-88.6524,45.98771],[-88.65211,45.98761],[-88.65177,45.98757],[-88.65142,45.98757],[-88.65111,45.98761],[-88.6506,45.98781],[-88.65009,45.98811],[-88.64975,45.9883],[-88.6493,45.98848],[-88.64885,45.98859],[-88.64788,45.98867],[-88.6476,45.98864],[-88.64725,45.98852],[-88.64703,45.98837],[-88.64683,45.98803],[-88.64677,45.98779],[-88.64675,45.98773],[-88.64674,45.98749],[-88.64671,45.98733],[-88.64665,45.98722],[-88.64647,45.98711],[-88.64539,45.98704],[-88.64486,45.98695],[-88.6443,45.9868],[-88.64356,45.98653],[-88.64255,45.98632],[-88.64178,45.98611],[-88.64078,45.98576],[-88.6405,45.98562],[-88.64017,45.98552],[-88.6398,45.98546],[-88.63965,45.98537],[-88.63947,45.9852],[-88.63924,45.9851],[-88.639,45.98507],[-88.63855,45.98506],[-88.63776,45.98513],[-88.63669,45.98507],[-88.63585,45.98508],[-88.63547,45.98513],[-88.6352,45.98522],[-88.63495,45.98543],[-88.63483,45.98566],[-88.63478,45.98592],[-88.63479,45.98615],[-88.63489,45.9864],[-88.63499,45.98669],[-88.63491,45.98701],[-88.63482,45.98732],[-88.63459,45.98767],[-88.63438,45.9879],[-88.63419,45.98807],[-88.63394,45.98817],[-88.63346,45.98822],[-88.63091,45.98827],[-88.6294,45.98836],[-88.62878,45.98842],[-88.62825,45.98845],[-88.62784,45.98844],[-88.62751,45.98832],[-88.62718,45.98812],[-88.62695,45.98787],[-88.6267,45.98767],[-88.62641,45.98759],[-88.62608,45.98755],[-88.62577,45.98757],[-88.62551,45.98762],[-88.62527,45.98772],[-88.6251,45.98789],[-88.62434,45.98837],[-88.62415,45.98853],[-88.624,45.98861],[-88.62379,45.98863],[-88.62334,45.98862],[-88.62227,45.98844],[-88.62188,45.98846],[-88.6214,45.98846],[-88.62082,45.98843],[-88.62004,45.98831],[-88.61936,45.98824],[-88.61886,45.98817],[-88.6182,45.98798],[-88.61778,45.98787],[-88.61697,45.9878],[-88.61685,45.98776],[-88.61662,45.98772],[-88.61647,45.98773],[-88.61596,45.9879],[-88.61564,45.98804],[-88.6143,45.98883],[-88.61368,45.98928],[-88.61361,45.9895],[-88.61367,45.98978],[-88.6137,45.99009],[-88.61369,45.99034],[-88.61355,45.99054],[-88.61327,45.9907],[-88.6131,45.99082],[-88.613,45.99098],[-88.61305,45.99125],[-88.61317,45.99146],[-88.61347,45.99178],[-88.61366,45.99208],[-88.61387,45.99232],[-88.61407,45.99242],[-88.61473,45.99259],[-88.61494,45.99268],[-88.6153,45.99287],[-88.61571,45.99314],[-88.61592,45.99334],[-88.61597,45.99354],[-88.61591,45.99385],[-88.61565,45.99422],[-88.61538,45.99444],[-88.61511,45.99456],[-88.61477,45.99465],[-88.61456,45.99482],[-88.61457,45.99505],[-88.61467,45.99524],[-88.6148,45.99548],[-88.61483,45.9958],[-88.61474,45.99614],[-88.61446,45.99648],[-88.6143,45.99666],[-88.61411,45.99698],[-88.61381,45.99728],[-88.6134,45.99759],[-88.61299,45.99784],[-88.61259,45.99799],[-88.6122,45.9981],[-88.61196,45.99827],[-88.61185,45.99839],[-88.61178,45.99869],[-88.61169,45.9995],[-88.61174,45.99985],[-88.61194,46.00053],[-88.61201,46.00091],[-88.61198,46.00112],[-88.61194,46.00157],[-88.61186,46.00199],[-88.61162,46.00289],[-88.61148,46.00323],[-88.61151,46.00348],[-88.6116,46.00367],[-88.61181,46.00388],[-88.61198,46.004],[-88.61218,46.00406],[-88.61239,46.00414],[-88.61258,46.0042],[-88.61267,46.00433],[-88.61271,46.00446],[-88.61245,46.00488],[-88.61212,46.0051],[-88.61184,46.00525],[-88.61155,46.00555],[-88.61128,46.00569],[-88.61098,46.00571],[-88.6107,46.00571],[-88.61041,46.0057],[-88.61007,46.00573],[-88.60983,46.00581],[-88.60952,46.00596],[-88.60884,46.00645],[-88.60823,46.00687],[-88.60767,46.00732],[-88.60731,46.00762],[-88.60721,46.00784],[-88.60702,46.00807],[-88.60694,46.00845],[-88.60706,46.00885],[-88.60704,46.00924],[-88.60703,46.00948],[-88.60703,46.00954],[-88.60709,46.00969],[-88.60715,46.00988],[-88.60733,46.01009],[-88.60746,46.01031],[-88.60754,46.01068],[-88.60748,46.01099],[-88.60727,46.01135],[-88.60686,46.01178],[-88.6064,46.01221],[-88.60595,46.0126],[-88.60551,46.01309],[-88.60522,46.01364],[-88.60454,46.01519],[-88.60435,46.01583],[-88.60423,46.01614],[-88.60411,46.0163],[-88.6039,46.01648],[-88.60354,46.01662],[-88.60295,46.01684],[-88.60235,46.01713],[-88.60173,46.0175],[-88.60142,46.01769],[-88.60118,46.01777],[-88.60072,46.01782],[-88.59927,46.01786],[-88.59874,46.0178],[-88.59828,46.01769],[-88.59768,46.01747],[-88.59712,46.01713],[-88.5967,46.01674],[-88.59639,46.01642],[-88.59598,46.01605],[-88.59567,46.0158],[-88.59521,46.01556],[-88.59474,46.01544],[-88.59432,46.01531],[-88.59395,46.01514],[-88.59355,46.01477],[-88.59335,46.01449],[-88.59315,46.01403],[-88.59302,46.01335],[-88.59307,46.01254],[-88.59309,46.01212],[-88.593,46.01156],[-88.59289,46.01113],[-88.59257,46.01077],[-88.59152,46.00983],[-88.59132,46.00966],[-88.59111,46.00942],[-88.59085,46.00911],[-88.59068,46.0087],[-88.59066,46.00838],[-88.59064,46.00806],[-88.59056,46.00774],[-88.59032,46.0073],[-88.59012,46.00681],[-88.59011,46.00648],[-88.58998,46.00624],[-88.58985,46.00595],[-88.58981,46.00569],[-88.58966,46.00555],[-88.58956,46.00545],[-88.58935,46.00534],[-88.58901,46.0052],[-88.58865,46.00514],[-88.58827,46.0051],[-88.58793,46.00517],[-88.58758,46.00533],[-88.58723,46.0055],[-88.58697,46.00557],[-88.58642,46.00566],[-88.58595,46.00567],[-88.58532,46.00573],[-88.58473,46.00587],[-88.58448,46.00596],[-88.58419,46.00606],[-88.58371,46.00632],[-88.58337,46.00647],[-88.583,46.00659],[-88.58267,46.00661],[-88.58234,46.00662],[-88.58215,46.00659],[-88.58165,46.0066],[-88.58125,46.00666],[-88.58092,46.00678],[-88.58057,46.00696],[-88.58023,46.00722],[-88.57999,46.00744],[-88.5798,46.00775],[-88.57966,46.00814],[-88.57945,46.00844],[-88.57933,46.00873],[-88.57919,46.00901],[-88.5791,46.00925],[-88.57903,46.00937],[-88.57888,46.00959],[-88.57878,46.00967],[-88.57875,46.00969],[-88.57854,46.00976],[-88.57818,46.0098],[-88.57789,46.00979],[-88.57779,46.00979],[-88.57746,46.00973],[-88.57707,46.00971],[-88.57683,46.00971],[-88.57646,46.00975],[-88.57623,46.0098],[-88.57599,46.00989],[-88.57545,46.01005],[-88.57521,46.01019],[-88.57499,46.01033],[-88.57468,46.01058],[-88.57442,46.01083],[-88.5742,46.01108],[-88.57372,46.01127],[-88.57332,46.01142],[-88.57296,46.0116],[-88.57269,46.0118],[-88.57249,46.01201],[-88.57237,46.01223],[-88.57226,46.01251],[-88.57221,46.01287],[-88.5722,46.01316],[-88.57213,46.01344],[-88.57199,46.01361],[-88.57176,46.01377],[-88.57137,46.01396],[-88.57083,46.01412],[-88.5704,46.01421],[-88.5689,46.01466],[-88.56625,46.01547],[-88.56593,46.0156],[-88.56566,46.01568],[-88.56541,46.01572],[-88.56513,46.01573],[-88.56486,46.01568],[-88.5648,46.01567],[-88.56405,46.01551],[-88.56265,46.01515],[-88.56206,46.01493],[-88.56136,46.01455],[-88.56078,46.01432],[-88.56068,46.01428],[-88.56019,46.01416],[-88.55966,46.01412],[-88.55937,46.0141],[-88.5593,46.0141],[-88.55919,46.0141],[-88.55894,46.01412],[-88.55865,46.01421],[-88.55854,46.01424],[-88.55848,46.01427],[-88.55819,46.01442],[-88.55768,46.01461],[-88.5572,46.01474],[-88.55671,46.01484],[-88.55612,46.01497],[-88.55542,46.01505],[-88.55509,46.01504],[-88.5547,46.01494],[-88.55427,46.01477],[-88.55381,46.01443],[-88.55324,46.01405],[-88.55259,46.01371],[-88.55217,46.01351],[-88.55143,46.01318],[-88.55121,46.01307],[-88.55099,46.01294],[-88.55078,46.01287],[-88.55059,46.01287],[-88.55032,46.01292],[-88.55008,46.01298],[-88.54986,46.01296],[-88.54953,46.0129],[-88.54932,46.01287],[-88.54915,46.01288],[-88.54898,46.01294],[-88.54859,46.01318],[-88.54826,46.01346],[-88.54779,46.01366],[-88.54749,46.01375],[-88.54725,46.0138],[-88.54688,46.01383],[-88.54647,46.01383],[-88.54526,46.01357],[-88.54463,46.01348],[-88.54407,46.01345],[-88.54324,46.01349],[-88.54252,46.01359],[-88.54168,46.01372],[-88.54086,46.01395],[-88.53994,46.01424],[-88.53943,46.01447],[-88.53889,46.01478],[-88.5385,46.01506],[-88.53817,46.01534],[-88.53806,46.01547],[-88.53781,46.01581],[-88.53752,46.0161],[-88.53709,46.01643],[-88.53687,46.01669],[-88.53672,46.01698],[-88.53657,46.01738],[-88.53644,46.01756],[-88.53627,46.01769],[-88.53604,46.01776],[-88.5355,46.01793],[-88.53529,46.01798],[-88.53496,46.01806],[-88.53457,46.01808],[-88.53398,46.01797],[-88.5337,46.01795],[-88.53344,46.01795],[-88.53315,46.01799],[-88.5329,46.0181],[-88.53266,46.01823],[-88.53252,46.01837],[-88.53247,46.01852],[-88.53244,46.01866],[-88.53246,46.01884],[-88.53255,46.01902],[-88.53272,46.01919],[-88.53299,46.01939],[-88.53325,46.01963],[-88.53338,46.01975],[-88.53359,46.01992],[-88.53384,46.02005],[-88.53398,46.02012],[-88.53417,46.02027],[-88.53423,46.02053],[-88.53424,46.0207],[-88.5342,46.02089],[-88.53411,46.02097],[-88.53395,46.02106],[-88.53369,46.02115],[-88.53312,46.02119],[-88.53265,46.02119],[-88.53215,46.0211],[-88.53185,46.021],[-88.53143,46.02084],[-88.5312,46.02071],[-88.5308,46.02046],[-88.53068,46.02044],[-88.53048,46.02044],[-88.53015,46.02049],[-88.52921,46.02062],[-88.5288,46.02069],[-88.52826,46.0208],[-88.52785,46.02091],[-88.52731,46.02092],[-88.52671,46.02082],[-88.52622,46.02078],[-88.52579,46.02068],[-88.52527,46.02046],[-88.52486,46.02027],[-88.52443,46.02008],[-88.52413,46.01992],[-88.52398,46.01979],[-88.52375,46.01961],[-88.52351,46.01951],[-88.52329,46.01944],[-88.52304,46.0194],[-88.52275,46.01936],[-88.52234,46.01935],[-88.52194,46.01937],[-88.52163,46.01942],[-88.52117,46.01951],[-88.52083,46.01963],[-88.52063,46.01967],[-88.52044,46.01969],[-88.51978,46.01969],[-88.51837,46.01972],[-88.51798,46.01974],[-88.51767,46.0198],[-88.5174,46.01989],[-88.51725,46.01996],[-88.517,46.02003],[-88.51647,46.02007],[-88.51547,46.02006],[-88.51469,46.02002],[-88.51408,46.01993],[-88.51353,46.0198],[-88.51271,46.01965],[-88.51178,46.01946],[-88.51086,46.01931],[-88.51008,46.01938],[-88.50982,46.01935],[-88.50926,46.0192],[-88.50882,46.01899],[-88.50832,46.01877],[-88.50797,46.01867],[-88.50782,46.01863],[-88.50748,46.01852],[-88.50692,46.01817],[-88.50636,46.01761],[-88.50624,46.01737],[-88.50614,46.01703],[-88.50605,46.01659],[-88.50603,46.01605],[-88.50597,46.01549],[-88.50596,46.015],[-88.50596,46.01455],[-88.5059,46.01412],[-88.50585,46.01362],[-88.50581,46.01333],[-88.5058,46.01308],[-88.50594,46.01286],[-88.50619,46.01242],[-88.50643,46.01191],[-88.50658,46.01153],[-88.50655,46.0113],[-88.50648,46.01111],[-88.50637,46.01089],[-88.50603,46.01059],[-88.50524,46.01018],[-88.50511,46.01001],[-88.50498,46.00983],[-88.50471,46.00949],[-88.50443,46.0091],[-88.50433,46.00863],[-88.50409,46.00814],[-88.50387,46.00788],[-88.50324,46.00748],[-88.50299,46.00728],[-88.50267,46.00714],[-88.50243,46.00705],[-88.50235,46.00701],[-88.50229,46.00697],[-88.50223,46.00671],[-88.50226,46.00658],[-88.50233,46.00654],[-88.5024,46.00651],[-88.5026,46.00646],[-88.50266,46.00643],[-88.50276,46.0064],[-88.50289,46.00631],[-88.50302,46.0062],[-88.5031,46.00609],[-88.5031,46.00596],[-88.50285,46.00573],[-88.50266,46.00561],[-88.50241,46.00526],[-88.50231,46.00504],[-88.50224,46.00472],[-88.50227,46.00452],[-88.50219,46.00438],[-88.50214,46.00434],[-88.50205,46.00427],[-88.50199,46.00415],[-88.50192,46.00406],[-88.50149,46.00389],[-88.50143,46.00385],[-88.50138,46.00381],[-88.50128,46.00365],[-88.50123,46.00348],[-88.50122,46.00345],[-88.50124,46.00306],[-88.5012,46.00286],[-88.50117,46.00282],[-88.50109,46.00267],[-88.50101,46.00246],[-88.50096,46.00226],[-88.50095,46.00221],[-88.50076,46.0019],[-88.50075,46.0017],[-88.50081,46.00154],[-88.50086,46.00149],[-88.50096,46.00141],[-88.50104,46.00124],[-88.50106,46.00109],[-88.50104,46.00094],[-88.50095,46.00078],[-88.50089,46.0006],[-88.50076,46.00047],[-88.50064,46.00038],[-88.50062,46.00038],[-88.50045,46.00034],[-88.50018,46.00034],[-88.50002,46.00034],[-88.4999,46.00035],[-88.49973,46.00036],[-88.49934,46.00034],[-88.49907,46.00033],[-88.49901,46.00033],[-88.4988,46.00029],[-88.49866,46.00026],[-88.49862,46.00024],[-88.4983,46.00014],[-88.49813,46.00004],[-88.49802,45.99999],[-88.49797,45.99996],[-88.4978,45.99989],[-88.49774,45.99986],[-88.49747,45.99971],[-88.49728,45.9996],[-88.49707,45.99946],[-88.49685,45.99923],[-88.49681,45.99907],[-88.4968,45.99888],[-88.49681,45.99869],[-88.49685,45.99852],[-88.49692,45.99827],[-88.497,45.99807],[-88.49709,45.99792],[-88.4973,45.99771],[-88.4975,45.99757],[-88.49767,45.99736],[-88.49775,45.99719],[-88.49779,45.997],[-88.4978,45.99683],[-88.49789,45.99665],[-88.49803,45.99648],[-88.49811,45.99631],[-88.49813,45.99615],[-88.49809,45.99598],[-88.49798,45.99579],[-88.4978,45.99565],[-88.49737,45.99534],[-88.49688,45.99504],[-88.49648,45.99483],[-88.49597,45.99463],[-88.49564,45.99448],[-88.4954,45.9944],[-88.49536,45.99439],[-88.49515,45.99434],[-88.49484,45.99429],[-88.49452,45.99429],[-88.49422,45.99429],[-88.4938,45.99426],[-88.49354,45.99419],[-88.49334,45.9941],[-88.49319,45.99394],[-88.49304,45.99374],[-88.49299,45.99351],[-88.49297,45.99329],[-88.49293,45.99312],[-88.4929,45.99288],[-88.49284,45.99262],[-88.49271,45.99249],[-88.4925,45.9923],[-88.4921,45.9921],[-88.49164,45.99197],[-88.49129,45.99192],[-88.49108,45.99186],[-88.49072,45.99181],[-88.49013,45.99161],[-88.48971,45.99146],[-88.48935,45.99137],[-88.48893,45.99132],[-88.48841,45.99129],[-88.48801,45.99123],[-88.48762,45.99112],[-88.48732,45.99102],[-88.48709,45.99101],[-88.48672,45.99103],[-88.48644,45.99103],[-88.48611,45.99109],[-88.48587,45.99122],[-88.48554,45.99138],[-88.48519,45.99161],[-88.48487,45.9919],[-88.48452,45.99221],[-88.48411,45.99233],[-88.4838,45.9924],[-88.48332,45.9924],[-88.48272,45.99232],[-88.48216,45.99226],[-88.48158,45.99213],[-88.48116,45.99197],[-88.48079,45.99182],[-88.48037,45.99172],[-88.48,45.99171],[-88.47956,45.99174],[-88.47899,45.99182],[-88.47831,45.992],[-88.47732,45.99227],[-88.47682,45.99246],[-88.4766,45.99255],[-88.47624,45.99267],[-88.47568,45.99289],[-88.47521,45.99313],[-88.47481,45.99333],[-88.47452,45.99363],[-88.47436,45.99394],[-88.47417,45.99417],[-88.474,45.99444],[-88.47385,45.99468],[-88.47377,45.99491],[-88.47389,45.99514],[-88.47407,45.99537],[-88.47443,45.99578],[-88.47473,45.99614],[-88.47499,45.99635],[-88.47507,45.99661],[-88.47514,45.99718],[-88.47498,45.99771],[-88.47483,45.99802],[-88.47472,45.99845],[-88.47458,45.99895],[-88.47428,45.99926],[-88.47373,45.99961],[-88.47305,45.99989],[-88.47245,46.00006],[-88.47205,46.00021],[-88.47164,46.00045],[-88.47128,46.00074],[-88.4711,46.00088],[-88.47077,46.001],[-88.47025,46.00104],[-88.46984,46.00104],[-88.46937,46.001],[-88.46868,46.00085],[-88.46818,46.00071],[-88.46771,46.00059],[-88.46734,46.00057],[-88.46676,46.0006],[-88.46637,46.00069],[-88.4659,46.0008],[-88.4654,46.00083],[-88.46473,46.00074],[-88.46441,46.00061],[-88.46386,46.00033],[-88.46323,45.99982],[-88.46278,45.99953],[-88.46253,45.99942],[-88.46224,45.99935],[-88.46196,45.99938],[-88.4617,45.99951],[-88.46134,45.99956],[-88.4609,45.99956],[-88.46044,45.99949],[-88.45989,45.99952],[-88.45933,45.99956],[-88.45904,45.99956],[-88.45867,45.99951],[-88.45839,45.99943],[-88.45817,45.99929],[-88.45803,45.99907],[-88.45776,45.99881],[-88.45752,45.99869],[-88.45728,45.99861],[-88.45661,45.99849],[-88.45611,45.99834],[-88.45564,45.9981],[-88.45432,45.99766],[-88.45411,45.99753],[-88.45391,45.99732],[-88.45377,45.99702],[-88.45369,45.99644],[-88.45382,45.99601],[-88.45395,45.99527],[-88.45427,45.99418],[-88.4543,45.99386],[-88.45423,45.99348],[-88.45392,45.99311],[-88.45345,45.99267],[-88.45315,45.99216],[-88.45289,45.99193],[-88.45253,45.99176],[-88.45222,45.99168],[-88.4519,45.99135],[-88.45131,45.99091],[-88.45055,45.99042],[-88.45004,45.99011],[-88.44962,45.98989],[-88.44924,45.98979],[-88.44885,45.98976],[-88.44846,45.98978],[-88.448,45.98981],[-88.44692,45.98999],[-88.44636,45.99014],[-88.44616,45.99021],[-88.44567,45.9903],[-88.44508,45.99042],[-88.44439,45.99057],[-88.44358,45.99068],[-88.44252,45.99086],[-88.44178,45.99088],[-88.44167,45.99088],[-88.44075,45.99085],[-88.44045,45.99079],[-88.4402,45.99069],[-88.43987,45.99051],[-88.43976,45.99044],[-88.43954,45.99031],[-88.43925,45.99018],[-88.43911,45.9899],[-88.439,45.98969],[-88.43899,45.98939],[-88.43891,45.98891],[-88.4388,45.98874],[-88.43856,45.9886],[-88.43817,45.98853],[-88.43744,45.98849],[-88.43734,45.98845],[-88.4366,45.98815],[-88.43597,45.98813],[-88.43544,45.98825],[-88.43517,45.98834],[-88.435,45.98837],[-88.43476,45.98834],[-88.43461,45.98825],[-88.4344,45.98809],[-88.43406,45.98761],[-88.43371,45.98701],[-88.43368,45.98676],[-88.43379,45.98656],[-88.434,45.98624],[-88.43417,45.98599],[-88.43416,45.98581],[-88.43388,45.9856],[-88.43356,45.98541],[-88.43308,45.98523],[-88.43274,45.98517],[-88.43224,45.9852],[-88.43195,45.98519],[-88.4315,45.98508],[-88.43105,45.98487],[-88.43049,45.98448],[-88.43015,45.98437],[-88.4297,45.98439],[-88.42945,45.98444],[-88.4294,45.98445],[-88.42918,45.98447],[-88.42895,45.98445],[-88.4286,45.98438],[-88.42819,45.98419],[-88.42787,45.98401],[-88.42759,45.98395],[-88.42734,45.98402],[-88.42715,45.98411],[-88.42693,45.98426],[-88.42673,45.98442],[-88.42651,45.98445],[-88.42635,45.98446],[-88.42622,45.98444],[-88.42613,45.98439],[-88.42606,45.98431],[-88.426,45.98424],[-88.42591,45.98405],[-88.42574,45.98375],[-88.42556,45.98341],[-88.42543,45.98314],[-88.42517,45.98292],[-88.42453,45.98264],[-88.42387,45.98228],[-88.42349,45.98207],[-88.42319,45.98173],[-88.42311,45.98117],[-88.42304,45.98097],[-88.42244,45.98023],[-88.42234,45.9799],[-88.42226,45.97968],[-88.42234,45.97944],[-88.42251,45.97914],[-88.42281,45.97887],[-88.42305,45.97862],[-88.42304,45.9784],[-88.42266,45.97807],[-88.422,45.97762],[-88.4207,45.97678],[-88.42,45.97646],[-88.41839,45.97582],[-88.41771,45.97543],[-88.41703,45.97518],[-88.41638,45.97509],[-88.41594,45.97514],[-88.4155,45.97525],[-88.41519,45.97535],[-88.41495,45.97547],[-88.41485,45.97553],[-88.41446,45.97585],[-88.41419,45.97635],[-88.41368,45.9768],[-88.41294,45.97725],[-88.41256,45.97739],[-88.41225,45.97758],[-88.41191,45.97794],[-88.41156,45.97852],[-88.41121,45.97904],[-88.41081,45.97938],[-88.40991,45.97967],[-88.40886,45.97992],[-88.40815,45.98003],[-88.40742,45.98017],[-88.40676,45.98023],[-88.40596,45.98028],[-88.40528,45.9805],[-88.40455,45.98077],[-88.40397,45.98099],[-88.4031,45.98119],[-88.40245,45.98118],[-88.40204,45.98111],[-88.40184,45.98108],[-88.40129,45.98094],[-88.40066,45.98081],[-88.39991,45.98058],[-88.39926,45.98035],[-88.39897,45.98033],[-88.39863,45.98037],[-88.39801,45.98047],[-88.39771,45.98056],[-88.3975,45.98059],[-88.39718,45.98059],[-88.39692,45.98053],[-88.39637,45.98037],[-88.39609,45.98032],[-88.39542,45.98031],[-88.39487,45.98044],[-88.39441,45.98068],[-88.394,45.9808],[-88.39339,45.98091],[-88.39305,45.98101],[-88.39258,45.98124],[-88.39239,45.98141],[-88.39205,45.98162],[-88.3916,45.98192],[-88.39095,45.98215],[-88.39037,45.98231],[-88.39021,45.98232],[-88.38971,45.98237],[-88.38928,45.98244],[-88.38896,45.98251],[-88.38864,45.98262],[-88.38829,45.9828],[-88.38794,45.98317],[-88.38782,45.98358],[-88.38789,45.98395],[-88.3878,45.98428],[-88.38753,45.98451],[-88.38723,45.98482],[-88.38687,45.98526],[-88.38653,45.98582],[-88.38623,45.98638],[-88.3857,45.98683],[-88.38533,45.98711],[-88.38493,45.98735],[-88.38445,45.98756],[-88.38426,45.9879],[-88.38423,45.98817],[-88.38431,45.98841],[-88.38455,45.98885],[-88.3848,45.98911],[-88.38507,45.98951],[-88.38517,45.98996],[-88.38498,45.99024],[-88.38484,45.99045],[-88.38468,45.99062],[-88.38438,45.99067],[-88.38306,45.99054],[-88.38276,45.99058],[-88.38229,45.99065],[-88.38207,45.99073],[-88.3819,45.99079],[-88.38156,45.99105],[-88.38143,45.99144],[-88.38117,45.99167],[-88.38089,45.99181],[-88.3805,45.99176],[-88.37997,45.99153],[-88.37933,45.99082],[-88.37897,45.99065],[-88.37849,45.99051],[-88.37816,45.99041],[-88.37768,45.99002],[-88.37723,45.98978],[-88.37645,45.98946],[-88.37552,45.98927],[-88.37513,45.98927],[-88.37468,45.98918],[-88.3743,45.98905],[-88.374,45.98883],[-88.3737,45.98856],[-88.37356,45.98831],[-88.37347,45.98802],[-88.37346,45.98764],[-88.37326,45.98733],[-88.37303,45.98701],[-88.37286,45.98665],[-88.37265,45.98625],[-88.3724,45.98586],[-88.37219,45.98568],[-88.37199,45.98557],[-88.37176,45.98545],[-88.37145,45.98536],[-88.37089,45.98528],[-88.37026,45.98525],[-88.36969,45.98526],[-88.36951,45.98528],[-88.3693,45.9853],[-88.36891,45.98529],[-88.36845,45.98527],[-88.36792,45.98517],[-88.36691,45.98477],[-88.36638,45.98455],[-88.36586,45.98428],[-88.36523,45.98406],[-88.36379,45.98347],[-88.36295,45.98319],[-88.3623,45.98294],[-88.36188,45.98268],[-88.3616,45.98254],[-88.36119,45.98239],[-88.36074,45.98219],[-88.36032,45.98206],[-88.35982,45.98189],[-88.35928,45.98151],[-88.3591,45.98133],[-88.35896,45.98103],[-88.35883,45.98069],[-88.35871,45.98059],[-88.35852,45.9805],[-88.35823,45.98041],[-88.35802,45.98026],[-88.35766,45.97996],[-88.35738,45.97972],[-88.35707,45.97958],[-88.35668,45.97942],[-88.3561,45.97933],[-88.35556,45.9793],[-88.35509,45.97926],[-88.3547,45.97918],[-88.3542,45.9789],[-88.35397,45.97868],[-88.3538,45.97834],[-88.35373,45.97806],[-88.35363,45.97798],[-88.35346,45.97779],[-88.35321,45.97767],[-88.35286,45.97761],[-88.35169,45.97737],[-88.35121,45.9773],[-88.35095,45.97721],[-88.3506,45.977],[-88.35034,45.97678],[-88.34993,45.97651],[-88.3496,45.97625],[-88.34923,45.97599],[-88.34901,45.97571],[-88.34884,45.97544],[-88.34854,45.97515],[-88.3483,45.97481],[-88.34814,45.97466],[-88.34794,45.97448],[-88.34755,45.97432],[-88.34688,45.97416],[-88.34616,45.97406],[-88.3457,45.97405],[-88.34542,45.97399],[-88.34522,45.97387],[-88.34496,45.97364],[-88.34458,45.97325],[-88.34429,45.97293],[-88.34392,45.97268],[-88.34357,45.97249],[-88.34275,45.97217],[-88.34252,45.97199],[-88.34238,45.97173],[-88.3424,45.97147],[-88.34241,45.97116],[-88.34254,45.9708],[-88.34259,45.97046],[-88.34263,45.96991],[-88.34259,45.96968],[-88.34242,45.96945],[-88.34225,45.96922],[-88.34204,45.96898],[-88.34165,45.96881],[-88.34144,45.96872],[-88.3412,45.96872],[-88.34072,45.96878],[-88.3403,45.96889],[-88.33999,45.96903],[-88.3397,45.96935],[-88.33951,45.96947],[-88.33927,45.96955],[-88.33896,45.9696],[-88.33876,45.96958],[-88.33824,45.96945],[-88.3376,45.96939],[-88.33719,45.96928],[-88.33679,45.96913],[-88.33641,45.96891],[-88.33568,45.96876],[-88.33529,45.96873],[-88.33474,45.96863],[-88.33447,45.96847],[-88.33435,45.96826],[-88.33372,45.96781],[-88.33333,45.96742],[-88.33299,45.96723],[-88.33269,45.96702],[-88.33254,45.96676],[-88.33231,45.96659],[-88.33195,45.96645],[-88.33138,45.96621],[-88.3306,45.96596],[-88.33028,45.96584],[-88.33019,45.96572],[-88.33003,45.96546],[-88.32968,45.96507],[-88.32939,45.96476],[-88.32909,45.96454],[-88.32867,45.96424],[-88.32841,45.96402],[-88.32816,45.96377],[-88.32804,45.96354],[-88.32809,45.96321],[-88.32815,45.96292],[-88.32809,45.96264],[-88.32798,45.96242],[-88.32794,45.96212],[-88.32806,45.9618],[-88.32822,45.96142],[-88.32828,45.96132],[-88.32828,45.96115],[-88.32822,45.96076],[-88.32825,45.96052],[-88.32829,45.96034],[-88.32837,45.96004],[-88.3284,45.95975],[-88.32823,45.95952],[-88.328,45.95924],[-88.32791,45.95908],[-88.32788,45.95892],[-88.3279,45.95874],[-88.32796,45.95857],[-88.32809,45.95837],[-88.32846,45.95824],[-88.32893,45.95805],[-88.32923,45.95794],[-88.32937,45.9577],[-88.32967,45.95757],[-88.32989,45.95746],[-88.33005,45.95727],[-88.33018,45.95702],[-88.33022,45.95682],[-88.33017,45.95663],[-88.33005,45.95642],[-88.32988,45.95628],[-88.32966,45.95617],[-88.32926,45.95603],[-88.32886,45.95585],[-88.32855,45.95569],[-88.32806,45.95547],[-88.32775,45.95526],[-88.32752,45.95507],[-88.32728,45.95496],[-88.32679,45.95498],[-88.32605,45.95519],[-88.32579,45.95533],[-88.3256,45.95553],[-88.32556,45.9557],[-88.32556,45.95596],[-88.32554,45.95609],[-88.32552,45.95625],[-88.32546,45.95637],[-88.32528,45.9565],[-88.32521,45.95653],[-88.32491,45.95667],[-88.32442,45.9568],[-88.3241,45.9569],[-88.32381,45.95717],[-88.32364,45.95739],[-88.32339,45.95781],[-88.32304,45.95825],[-88.32274,45.9586],[-88.32248,45.95882],[-88.32163,45.95927],[-88.32087,45.95963],[-88.32044,45.95985],[-88.32024,45.96008],[-88.32023,45.96028],[-88.32034,45.96044],[-88.32058,45.96067],[-88.32086,45.96093],[-88.32103,45.96137],[-88.32107,45.96178],[-88.32106,45.96224],[-88.32113,45.96267],[-88.32114,45.9629],[-88.32112,45.96315],[-88.32103,45.96331],[-88.32082,45.96349],[-88.32061,45.96362],[-88.32031,45.96366],[-88.32,45.96366],[-88.3197,45.96363],[-88.31928,45.96356],[-88.31905,45.96345],[-88.31882,45.96327],[-88.31869,45.96305],[-88.31858,45.96267],[-88.31866,45.96205],[-88.31849,45.96177],[-88.31834,45.96164],[-88.31782,45.96142],[-88.31729,45.96121],[-88.31666,45.96099],[-88.3163,45.96081],[-88.3159,45.96068],[-88.31536,45.96055],[-88.3144,45.96015],[-88.31394,45.95996],[-88.31367,45.95978],[-88.31358,45.95972],[-88.31344,45.95961],[-88.31302,45.95943],[-88.31275,45.95938],[-88.31197,45.95935],[-88.31129,45.9594],[-88.31115,45.95941],[-88.31039,45.95956],[-88.30985,45.9595],[-88.30909,45.95927],[-88.30872,45.95908],[-88.30834,45.95885],[-88.30782,45.9587],[-88.30732,45.9586],[-88.30693,45.95846],[-88.30654,45.9582],[-88.30609,45.9578],[-88.30571,45.95755],[-88.30531,45.95743],[-88.30479,45.95728],[-88.30472,45.95727],[-88.30412,45.95717],[-88.30322,45.95701],[-88.30244,45.95681],[-88.3024,45.9568],[-88.30189,45.95664],[-88.30138,45.95646],[-88.30107,45.95628],[-88.30078,45.95608],[-88.30039,45.95574],[-88.29998,45.95545],[-88.29951,45.95522],[-88.29877,45.95499],[-88.29865,45.95495],[-88.29822,45.9548],[-88.2973,45.95436],[-88.29699,45.95417],[-88.29671,45.95376],[-88.29623,45.95315],[-88.29609,45.95288],[-88.29585,45.95234],[-88.29577,45.95207],[-88.29557,45.95174],[-88.29539,45.95148],[-88.29516,45.95129],[-88.29486,45.9511],[-88.29442,45.95096],[-88.29385,45.95094],[-88.29297,45.95107],[-88.29244,45.95105],[-88.29198,45.95109],[-88.29173,45.95116],[-88.29141,45.95141],[-88.29117,45.95164],[-88.29063,45.95205],[-88.29015,45.95218],[-88.28952,45.95236],[-88.28909,45.9525],[-88.28827,45.95274],[-88.28818,45.95277],[-88.28788,45.95295],[-88.28757,45.95326],[-88.2873,45.95339],[-88.28694,45.95359],[-88.28672,45.95374],[-88.28652,45.95395],[-88.28653,45.95416],[-88.28657,45.95433],[-88.28651,45.95451],[-88.28627,45.95473],[-88.28573,45.955],[-88.28531,45.95526],[-88.28523,45.95528],[-88.28516,45.95529],[-88.285,45.95533],[-88.28497,45.95533],[-88.28491,45.95534],[-88.28462,45.95538],[-88.28453,45.9554],[-88.28401,45.95541],[-88.28373,45.95539],[-88.2835,45.95538],[-88.28343,45.95536],[-88.28322,45.95533],[-88.28296,45.95514],[-88.28269,45.95491],[-88.28237,45.95481],[-88.28204,45.9548],[-88.28171,45.95485],[-88.2814,45.95506],[-88.28129,45.95515],[-88.28105,45.95535],[-88.28067,45.95559],[-88.28007,45.95587],[-88.2796,45.95603],[-88.27927,45.95608],[-88.2788,45.95608],[-88.278,45.95587],[-88.27759,45.95581],[-88.27717,45.95582],[-88.27672,45.95587],[-88.27638,45.95594],[-88.27592,45.95608],[-88.27555,45.95624],[-88.27514,45.95639],[-88.2746,45.95653],[-88.27444,45.95656],[-88.27426,45.95659],[-88.27361,45.95662],[-88.27236,45.95659],[-88.27203,45.95659],[-88.27171,45.95659],[-88.27155,45.95659],[-88.27129,45.95659],[-88.27097,45.95656],[-88.27071,45.95647],[-88.27048,45.95639],[-88.26967,45.95622],[-88.26931,45.95627],[-88.26894,45.95641],[-88.26863,45.9568],[-88.26841,45.95731],[-88.26815,45.95763],[-88.26798,45.95777],[-88.26764,45.95789],[-88.26629,45.95822],[-88.26579,45.95836],[-88.2655,45.95844],[-88.26487,45.95856],[-88.26421,45.95863],[-88.26357,45.9589],[-88.26264,45.95916],[-88.26173,45.95934],[-88.26133,45.95935],[-88.26067,45.95935],[-88.25994,45.9594],[-88.25944,45.95948],[-88.25903,45.95965],[-88.25867,45.95985],[-88.25854,45.96001],[-88.25835,45.96023],[-88.25829,45.96041],[-88.25827,45.96071],[-88.25829,45.96094],[-88.25827,45.9612],[-88.25807,45.96143],[-88.25748,45.96175],[-88.25673,45.96207],[-88.25642,45.96226],[-88.25613,45.96247],[-88.25581,45.96287],[-88.25553,45.9632],[-88.25528,45.96339],[-88.25498,45.96351],[-88.25442,45.96355],[-88.2537,45.96353],[-88.25343,45.96352],[-88.25267,45.96359],[-88.25161,45.96357],[-88.25014,45.96361],[-88.25008,45.96361],[-88.24689,45.96353],[-88.24635,45.96339],[-88.24605,45.96325],[-88.2458,45.96302],[-88.24571,45.96274],[-88.24573,45.96238],[-88.24626,45.95819],[-88.24626,45.95758],[-88.24618,45.95608],[-88.24596,45.95509],[-88.24572,45.95437],[-88.24483,45.95286],[-88.2443,45.95214],[-88.24383,45.95155],[-88.24249,45.9506],[-88.24147,45.94995],[-88.23711,45.94828],[-88.23344,45.9474],[-88.23274,45.9473],[-88.23204,45.94721],[-88.23019,45.94725],[-88.22904,45.94739],[-88.22803,45.94756],[-88.22611,45.94821],[-88.22498,45.94852],[-88.22422,45.94861],[-88.22338,45.94856],[-88.22252,45.94847],[-88.22182,45.9483],[-88.21914,45.9475],[-88.21791,45.9473],[-88.21735,45.94731],[-88.21687,45.94737],[-88.21641,45.94743],[-88.21581,45.94744],[-88.21541,45.94736],[-88.21494,45.94723],[-88.21444,45.94701],[-88.21359,45.94646],[-88.21255,45.94572],[-88.21133,45.94489],[-88.21058,45.94441],[-88.21013,45.94425],[-88.2099,45.94422],[-88.2096,45.94429],[-88.20925,45.94454],[-88.20886,45.94488],[-88.20849,45.94513],[-88.20775,45.94539],[-88.20595,45.94582],[-88.20529,45.9459],[-88.20462,45.94586],[-88.20393,45.94568],[-88.20346,45.94552],[-88.20301,45.94544],[-88.20258,45.94541],[-88.20223,45.94547],[-88.20195,45.94563],[-88.20174,45.94578],[-88.20169,45.94592],[-88.20166,45.94613],[-88.20174,45.94637],[-88.2019,45.9465],[-88.20203,45.94678],[-88.20204,45.94703],[-88.20205,45.94724],[-88.20205,45.94745],[-88.202,45.94765],[-88.20192,45.94781],[-88.20181,45.94796],[-88.20179,45.94808],[-88.20177,45.94822],[-88.20177,45.9483],[-88.20184,45.94849],[-88.20194,45.94861],[-88.20212,45.94898],[-88.20224,45.94934],[-88.20223,45.94977],[-88.20202,45.95003],[-88.20151,45.95034],[-88.20067,45.95053],[-88.20022,45.95075],[-88.19974,45.95104],[-88.19944,45.95138],[-88.1992,45.95179],[-88.19907,45.95194],[-88.19878,45.95228],[-88.19835,45.95268],[-88.19776,45.95302],[-88.19737,45.95314],[-88.19713,45.95321],[-88.19658,45.95321],[-88.19608,45.95313],[-88.19479,45.95279],[-88.1941,45.95269],[-88.19336,45.9526],[-88.19248,45.95248],[-88.19206,45.95265],[-88.19117,45.95241],[-88.19068,45.95218],[-88.18985,45.95213],[-88.18912,45.95182],[-88.18829,45.95128],[-88.18738,45.9506],[-88.18668,45.94982],[-88.18617,45.9493],[-88.18533,45.94898],[-88.18366,45.94873],[-88.18188,45.94864],[-88.1805,45.94829],[-88.17981,45.94798],[-88.17925,45.94761],[-88.17868,45.94737],[-88.17804,45.94709],[-88.17754,45.9466],[-88.17669,45.94576],[-88.17555,45.94489],[-88.17504,45.94421],[-88.17372,45.94237],[-88.17263,45.94102],[-88.1713,45.94002],[-88.17009,45.93949],[-88.16916,45.93926],[-88.16912,45.93925],[-88.16911,45.93928],[-88.16793,45.93904],[-88.16716,45.93886],[-88.16594,45.93851],[-88.16465,45.93836],[-88.16386,45.93838],[-88.16322,45.93859],[-88.16293,45.93886],[-88.16276,45.93919],[-88.16288,45.93954],[-88.16315,45.93974],[-88.16323,45.93998],[-88.16318,45.9403],[-88.16288,45.94058],[-88.1624,45.94067],[-88.16176,45.94074],[-88.16117,45.9406],[-88.1604,45.94006],[-88.15976,45.93964],[-88.15879,45.9392],[-88.15787,45.93857],[-88.15677,45.93807],[-88.1565,45.9379],[-88.15611,45.93751],[-88.15564,45.93735],[-88.15321,45.93683],[-88.15253,45.93684],[-88.15169,45.93693],[-88.15066,45.93725],[-88.14935,45.93754],[-88.14878,45.93758],[-88.14841,45.93757],[-88.14813,45.93755],[-88.14784,45.93749],[-88.14765,45.93743],[-88.14652,45.93688],[-88.14596,45.93653],[-88.14577,45.93638],[-88.14571,45.93624],[-88.14568,45.93612],[-88.1457,45.93597],[-88.14578,45.93584],[-88.14582,45.93579],[-88.14595,45.93565],[-88.14607,45.93515],[-88.14609,45.93483],[-88.14615,45.93466],[-88.14623,45.93453],[-88.14636,45.93438],[-88.14639,45.93425],[-88.14636,45.93416],[-88.14633,45.93407],[-88.1462,45.93395],[-88.14592,45.93381],[-88.14468,45.9329],[-88.14452,45.9328],[-88.14391,45.93265],[-88.14344,45.93247],[-88.14283,45.93216],[-88.1425,45.93188],[-88.14223,45.93161],[-88.14175,45.93115],[-88.14125,45.93084],[-88.14058,45.93048],[-88.13954,45.93009],[-88.13492,45.9289],[-88.1338,45.92862],[-88.13282,45.92825],[-88.13223,45.92795],[-88.13168,45.92763],[-88.13128,45.92743],[-88.13072,45.92719],[-88.13009,45.92704],[-88.12953,45.92691],[-88.12793,45.9266],[-88.12726,45.92632],[-88.12681,45.92599],[-88.12642,45.92561],[-88.12618,45.92519],[-88.12607,45.92499],[-88.12605,45.92496],[-88.12611,45.92434],[-88.12613,45.92412],[-88.1263,45.92394],[-88.12637,45.92389],[-88.12644,45.92385],[-88.12656,45.92376],[-88.1267,45.9237],[-88.12695,45.92364],[-88.12719,45.92354],[-88.12735,45.92343],[-88.12745,45.92325],[-88.12753,45.92282],[-88.1275,45.9226],[-88.12741,45.92241],[-88.12727,45.92221],[-88.12704,45.92201],[-88.12665,45.92179],[-88.12635,45.92169],[-88.12578,45.9216],[-88.12575,45.9216],[-88.12526,45.92153],[-88.12513,45.92164],[-88.12447,45.92152],[-88.12396,45.92147],[-88.12342,45.92141],[-88.12303,45.92129],[-88.12266,45.92115],[-88.12223,45.92095],[-88.12189,45.92086],[-88.1215,45.92084],[-88.12026,45.92085],[-88.11953,45.92096],[-88.11902,45.92103],[-88.11835,45.92118],[-88.11728,45.92144],[-88.11684,45.92163],[-88.11612,45.92183],[-88.1153,45.92199],[-88.11424,45.92217],[-88.11361,45.92225],[-88.11305,45.92226],[-88.11209,45.92225],[-88.11137,45.92227],[-88.11004,45.92236],[-88.10987,45.92237],[-88.10911,45.9224],[-88.10819,45.92242],[-88.1063,45.92234],[-88.10527,45.92224],[-88.10462,45.92216],[-88.10436,45.92209],[-88.10401,45.92201],[-88.1035,45.9219],[-88.10301,45.92177],[-88.10246,45.92155],[-88.10169,45.92108],[-88.10111,45.92069],[-88.10079,45.92043],[-88.09964,45.9197],[-88.099,45.91925],[-88.09847,45.91884],[-88.09711,45.91786],[-88.09652,45.91736],[-88.09582,45.91673],[-88.09519,45.91611],[-88.09503,45.91584],[-88.09493,45.91532],[-88.09497,45.91467],[-88.0951,45.91411],[-88.09531,45.91366],[-88.09573,45.91336],[-88.09628,45.9131],[-88.09684,45.91291],[-88.09748,45.91274],[-88.09835,45.91252],[-88.09907,45.91222],[-88.09943,45.91203],[-88.09991,45.91176],[-88.10032,45.9115],[-88.10063,45.91133],[-88.10109,45.91107],[-88.10134,45.91091],[-88.10173,45.91052],[-88.10225,45.90994],[-88.10313,45.9088],[-88.10403,45.90766],[-88.10448,45.90704],[-88.10502,45.90645],[-88.10536,45.90589],[-88.10571,45.9052],[-88.10592,45.90427],[-88.10626,45.90287],[-88.10662,45.90221],[-88.10689,45.90075],[-88.10699,45.89977],[-88.10695,45.89913],[-88.10676,45.89853],[-88.10649,45.89797],[-88.10599,45.89727],[-88.1056,45.8968],[-88.10515,45.89647],[-88.105,45.89637],[-88.10449,45.89597],[-88.10419,45.89569],[-88.10363,45.89523],[-88.10323,45.89468],[-88.10253,45.89222],[-88.10229,45.8907],[-88.10236,45.88982],[-88.10231,45.88896],[-88.10215,45.88679],[-88.10204,45.88608],[-88.10207,45.88525],[-88.10202,45.88432],[-88.10197,45.88403],[-88.1019,45.88363],[-88.10189,45.8836],[-88.10176,45.88319],[-88.10161,45.88288],[-88.10126,45.88228],[-88.10091,45.88177],[-88.10052,45.88142],[-88.10004,45.88103],[-88.09953,45.88075],[-88.09886,45.88044],[-88.09747,45.88001],[-88.0973,45.87998],[-88.0965,45.87986],[-88.09565,45.87983],[-88.09421,45.87976],[-88.09282,45.87977],[-88.09196,45.87986],[-88.09018,45.88009],[-88.0876,45.88055],[-88.08656,45.88064],[-88.08489,45.88067],[-88.08416,45.88064],[-88.08329,45.88055],[-88.08249,45.88037],[-88.08182,45.8802],[-88.08117,45.87999],[-88.08065,45.87977],[-88.08015,45.87945],[-88.07959,45.87901],[-88.07916,45.87852],[-88.07871,45.87795],[-88.07854,45.87772],[-88.07848,45.87762],[-88.07842,45.87753],[-88.07839,45.87751],[-88.0782,45.87737],[-88.07755,45.87674],[-88.07699,45.87632],[-88.07645,45.87601],[-88.07604,45.87585],[-88.07558,45.87573],[-88.07444,45.87552],[-88.07246,45.87508],[-88.07229,45.875],[-88.0711,45.87464],[-88.07048,45.87433],[-88.07,45.87381],[-88.06981,45.87332],[-88.06976,45.87294],[-88.06988,45.87272],[-88.07018,45.87251],[-88.07029,45.87247],[-88.07097,45.87234],[-88.07204,45.87215],[-88.07288,45.87199],[-88.0737,45.87182],[-88.07377,45.87173],[-88.07387,45.87168],[-88.07399,45.87139],[-88.07401,45.87098],[-88.0741,45.87063],[-88.07427,45.87037],[-88.07557,45.86994],[-88.07584,45.86963],[-88.07598,45.86932],[-88.076,45.86891],[-88.07603,45.86872],[-88.07625,45.86859],[-88.07598,45.86822],[-88.07561,45.86775],[-88.07537,45.86744],[-88.07513,45.86712],[-88.0744,45.86619],[-88.07437,45.86604],[-88.07432,45.86577],[-88.07435,45.86553],[-88.07455,45.86524],[-88.07483,45.86491],[-88.0753,45.86461],[-88.07601,45.86427],[-88.07697,45.86394],[-88.07736,45.86376],[-88.07765,45.86374],[-88.07808,45.86379],[-88.07856,45.86391],[-88.07901,45.86411],[-88.07949,45.86439],[-88.08025,45.86475],[-88.08111,45.865],[-88.08176,45.86508],[-88.08217,45.86505],[-88.08246,45.86496],[-88.08261,45.86484],[-88.08282,45.86468],[-88.08329,45.86413],[-88.08408,45.86331],[-88.08448,45.86293],[-88.08508,45.86216],[-88.0856,45.86167],[-88.08589,45.86124],[-88.0863,45.86],[-88.08639,45.85942],[-88.08655,45.85888],[-88.08675,45.85832],[-88.08707,45.85783],[-88.08739,45.8575],[-88.08757,45.85725],[-88.08772,45.85695],[-88.0882,45.85667],[-88.0885,45.85643],[-88.08929,45.85559],[-88.08983,45.85526],[-88.09027,45.85484],[-88.09079,45.85447],[-88.09164,45.85403],[-88.09329,45.85309],[-88.09407,45.85251],[-88.09507,45.85178],[-88.09563,45.85138],[-88.09638,45.85106],[-88.09709,45.85085],[-88.09776,45.85044],[-88.09847,45.84982],[-88.09911,45.84914],[-88.09986,45.84835],[-88.10065,45.8476],[-88.10111,45.84712],[-88.10155,45.84659],[-88.10202,45.84604],[-88.10235,45.84549],[-88.10279,45.84489],[-88.10394,45.84374],[-88.1052,45.84241],[-88.10617,45.84166],[-88.10702,45.84116],[-88.108,45.84054],[-88.10907,45.84],[-88.11027,45.83952],[-88.11117,45.83929],[-88.11228,45.83872],[-88.11313,45.83804],[-88.11406,45.83741],[-88.11522,45.83661],[-88.11603,45.83599],[-88.11667,45.83554],[-88.11759,45.83498],[-88.11845,45.8345],[-88.11917,45.83403],[-88.1209,45.83296],[-88.12183,45.83176],[-88.12313,45.83054],[-88.1239,45.82998],[-88.12442,45.8296],[-88.12453,45.82951],[-88.12507,45.82914],[-88.12582,45.82851],[-88.12649,45.82802],[-88.12693,45.82772],[-88.12736,45.82741],[-88.12741,45.82738],[-88.12801,45.82692],[-88.12852,45.82651],[-88.12883,45.82631],[-88.12951,45.82588],[-88.13003,45.82556],[-88.1307,45.82521],[-88.13147,45.82478],[-88.13246,45.82416],[-88.13424,45.82274],[-88.13452,45.82246],[-88.13489,45.82198],[-88.13531,45.82143],[-88.13566,45.82075],[-88.13592,45.82013],[-88.13613,45.81938],[-88.13621,45.81873],[-88.13603,45.81809],[-88.13559,45.81731],[-88.13499,45.81648],[-88.13431,45.8156],[-88.13364,45.81486],[-88.13339,45.81438],[-88.13309,45.81395],[-88.13285,45.81352],[-88.13272,45.81311],[-88.13265,45.81276],[-88.13237,45.81207],[-88.13198,45.81155],[-88.13135,45.81095],[-88.13095,45.81053],[-88.13059,45.81012],[-88.13013,45.80971],[-88.12957,45.80932],[-88.12868,45.80886],[-88.12757,45.80844],[-88.12645,45.80798],[-88.12585,45.80777],[-88.1255,45.8077],[-88.12513,45.80753],[-88.12443,45.80733],[-88.12283,45.80683],[-88.12161,45.80649],[-88.12075,45.8063],[-88.1199,45.8059],[-88.11911,45.80542],[-88.11837,45.80496],[-88.11776,45.80462],[-88.11627,45.80409],[-88.11512,45.80388],[-88.1139,45.80375],[-88.11234,45.8036],[-88.11074,45.80367],[-88.10937,45.80365],[-88.10874,45.80361],[-88.10833,45.80347],[-88.10761,45.80304],[-88.10699,45.80245],[-88.10672,45.80191],[-88.10649,45.80133],[-88.10607,45.80076],[-88.10562,45.80039],[-88.10536,45.79982],[-88.10546,45.79903],[-88.1056,45.79862],[-88.10582,45.79819],[-88.10602,45.79771],[-88.10601,45.79712],[-88.10572,45.79637],[-88.1051,45.79555],[-88.10468,45.79515],[-88.10409,45.79442],[-88.10388,45.79399],[-88.10387,45.79397],[-88.10378,45.79352],[-88.1038,45.79274],[-88.10375,45.79218],[-88.10321,45.79125],[-88.10267,45.79084],[-88.10248,45.79078],[-88.10172,45.79052],[-88.10064,45.79038],[-88.09979,45.79018],[-88.09942,45.78999],[-88.09896,45.78964],[-88.0985,45.78903],[-88.09815,45.78871],[-88.09741,45.78814],[-88.09688,45.78779],[-88.09625,45.78744],[-88.0957,45.78691],[-88.09475,45.78575],[-88.09412,45.78547],[-88.09335,45.78528],[-88.09332,45.78528],[-88.09259,45.78517],[-88.09161,45.78506],[-88.09058,45.78492],[-88.08961,45.78483],[-88.0887,45.78473],[-88.08792,45.7847],[-88.08721,45.78474],[-88.08632,45.78483],[-88.08506,45.78495],[-88.0826,45.78527],[-88.08225,45.7853],[-88.0808,45.78524],[-88.07998,45.78512],[-88.07928,45.78491],[-88.07874,45.78458],[-88.07804,45.78405],[-88.07759,45.78338],[-88.07718,45.78267],[-88.07685,45.78207],[-88.07646,45.78171],[-88.07598,45.7814],[-88.07553,45.78119],[-88.07491,45.78099],[-88.0743,45.78084],[-88.07372,45.78065],[-88.07311,45.78036],[-88.07217,45.78009],[-88.0714,45.77994],[-88.07056,45.77994],[-88.06964,45.77996],[-88.06903,45.78007],[-88.06843,45.7801],[-88.06805,45.78013],[-88.06802,45.78012],[-88.06771,45.78015],[-88.06718,45.7802],[-88.06614,45.78029],[-88.06536,45.78034],[-88.06529,45.78035],[-88.06466,45.7804],[-88.06338,45.78048],[-88.06292,45.7805],[-88.06228,45.78054],[-88.06154,45.78059],[-88.06081,45.78063],[-88.06034,45.78067],[-88.05961,45.78071],[-88.05904,45.78074],[-88.05825,45.78063],[-88.05761,45.78054],[-88.05731,45.78054],[-88.05705,45.78054],[-88.0567,45.78055],[-88.05435,45.78079],[-88.05295,45.78081],[-88.05229,45.78088],[-88.05096,45.78096],[-88.05064,45.781],[-88.0504,45.78107],[-88.04996,45.78119],[-88.04969,45.78155],[-88.04943,45.78189],[-88.04925,45.78219],[-88.04851,45.78255],[-88.04791,45.78253],[-88.04671,45.78238],[-88.04605,45.78243],[-88.04543,45.78299],[-88.04534,45.78339],[-88.0447,45.78372],[-88.04378,45.7838],[-88.04318,45.7837],[-88.04283,45.78365],[-88.04262,45.78366],[-88.04242,45.78368],[-88.04174,45.78373],[-88.04094,45.78427],[-88.04051,45.78508],[-88.04066,45.78592],[-88.04083,45.78631],[-88.04089,45.78645],[-88.0406,45.78699],[-88.0404,45.78742],[-88.04031,45.78752],[-88.04004,45.78784],[-88.04004,45.78789],[-88.04002,45.78836],[-88.0402,45.78878],[-88.04022,45.78924],[-88.03973,45.78963],[-88.03919,45.78957],[-88.03776,45.78952],[-88.03683,45.78989],[-88.03633,45.78989],[-88.03485,45.78977],[-88.0343,45.78979],[-88.03357,45.78982],[-88.03205,45.78943],[-88.03112,45.78923],[-88.02723,45.7892],[-88.02395,45.79001],[-88.0236,45.79009],[-88.02124,45.79103],[-88.02063,45.79135],[-88.01985,45.79178],[-88.01956,45.79194],[-88.0194,45.79198],[-88.01929,45.79201],[-88.01919,45.79203],[-88.01832,45.79226],[-88.01759,45.79245],[-88.01548,45.79263],[-88.01528,45.7926],[-88.01332,45.79239],[-88.01182,45.79213],[-88.01152,45.79207],[-88.00867,45.79201],[-88.00704,45.79219],[-88.00627,45.79246],[-88.00606,45.79253],[-88.00585,45.7926],[-88.00374,45.79331],[-88.00159,45.79409],[-88.00016,45.79449],[-88.00012,45.7945],[-87.99911,45.7947],[-87.99882,45.79477],[-87.99771,45.79503],[-87.99588,45.79544],[-87.99454,45.79564],[-87.9938,45.79562],[-87.99335,45.79561],[-87.99145,45.79539],[-87.98983,45.79483],[-87.98866,45.79374],[-87.98847,45.79357],[-87.98794,45.79308],[-87.98669,45.79086],[-87.98569,45.78908],[-87.98342,45.78455],[-87.98262,45.78294],[-87.98145,45.77879],[-87.98087,45.77698],[-87.98132,45.77605],[-87.98154,45.77559],[-87.98176,45.77513],[-87.98179,45.77508],[-87.98214,45.775],[-87.98265,45.77487],[-87.98316,45.77475],[-87.98339,45.7747],[-87.98485,45.77486],[-87.9856,45.77493],[-87.98597,45.77475],[-87.98613,45.77467],[-87.98641,45.77454],[-87.9874,45.77395],[-87.98879,45.77346],[-87.98889,45.77341],[-87.98895,45.77338],[-87.98931,45.7732],[-87.98983,45.77295],[-87.98982,45.77292],[-87.98981,45.77286],[-87.98976,45.77261],[-87.98976,45.7726],[-87.98972,45.77236],[-87.98966,45.77202],[-87.98859,45.77098],[-87.98659,45.7697],[-87.98643,45.7696],[-87.98125,45.76836],[-87.98063,45.76817],[-87.97909,45.7677],[-87.97754,45.76723],[-87.97683,45.76701],[-87.97481,45.76669],[-87.97473,45.76668],[-87.97451,45.76664],[-87.9742,45.7666],[-87.97354,45.76649],[-87.97311,45.76642],[-87.97288,45.76639],[-87.97266,45.76635],[-87.97245,45.76632],[-87.97223,45.76623],[-87.97016,45.76536],[-87.9681,45.7645],[-87.96697,45.76402],[-87.96457,45.76122],[-87.964,45.76079],[-87.9639,45.76037],[-87.96416,45.76004],[-87.96454,45.75976],[-87.96468,45.75954],[-87.96473,45.75946],[-87.96455,45.75904],[-87.96345,45.75822],[-87.96225,45.75783],[-87.96076,45.75757],[-87.96035,45.75751],[-87.95981,45.75744],[-87.95937,45.75738],[-87.95928,45.75737],[-87.95866,45.75741],[-87.95683,45.75788],[-87.95635,45.75799],[-87.95446,45.75841],[-87.95225,45.75842],[-87.95218,45.75842],[-87.95061,45.75808],[-87.94996,45.758],[-87.94913,45.7579],[-87.94768,45.75735],[-87.94708,45.75712],[-87.94695,45.75702],[-87.94649,45.7567],[-87.94548,45.75669],[-87.94476,45.75714],[-87.94411,45.75742],[-87.9425,45.75766],[-87.9424,45.75767],[-87.94229,45.75769],[-87.94224,45.75769],[-87.94217,45.7577],[-87.93964,45.75802],[-87.93841,45.75812],[-87.93759,45.75807],[-87.93677,45.75802],[-87.93458,45.7581],[-87.93319,45.75857],[-87.93168,45.75925],[-87.93091,45.75967],[-87.92992,45.76025],[-87.92987,45.76029],[-87.92982,45.76029],[-87.92979,45.76029],[-87.92966,45.76031],[-87.92954,45.76032],[-87.92913,45.76037],[-87.9279,45.76011],[-87.92747,45.75994],[-87.92721,45.75984],[-87.92695,45.75973],[-87.92661,45.7596],[-87.92478,45.75845],[-87.92333,45.75742],[-87.92199,45.757],[-87.92188,45.75702],[-87.92117,45.75716],[-87.92047,45.75729],[-87.92003,45.75737],[-87.91891,45.75869],[-87.91845,45.75915],[-87.91789,45.75937],[-87.91749,45.75944],[-87.91728,45.75948],[-87.91656,45.75946],[-87.91541,45.75921],[-87.91485,45.75863],[-87.91413,45.75772],[-87.91377,45.75751],[-87.91364,45.75744],[-87.91353,45.75737],[-87.91351,45.75736],[-87.9133,45.75723],[-87.91309,45.75709],[-87.91294,45.75699],[-87.91134,45.75654],[-87.91,45.75672],[-87.90933,45.75765],[-87.90893,45.7583],[-87.90817,45.75934],[-87.90666,45.75952],[-87.90573,45.75936],[-87.90504,45.75923],[-87.90466,45.75916],[-87.90407,45.75879],[-87.90403,45.75877],[-87.90402,45.75876],[-87.90396,45.75872],[-87.90271,45.75793],[-87.90155,45.75681],[-87.9013,45.75655],[-87.90104,45.75563],[-87.90101,45.75547],[-87.90078,45.75465],[-87.90058,45.75435],[-87.90042,45.75411],[-87.90026,45.75388],[-87.9,45.7535],[-87.89836,45.7525],[-87.89713,45.75239],[-87.89687,45.75236],[-87.89662,45.75234],[-87.89603,45.75229],[-87.89389,45.75325],[-87.89196,45.75403],[-87.89191,45.75406],[-87.89187,45.75406],[-87.89122,45.75411],[-87.89057,45.75415],[-87.89003,45.7542],[-87.8897,45.75417],[-87.88808,45.75403],[-87.88567,45.75396],[-87.88414,45.75441],[-87.88226,45.75478],[-87.87981,45.75484],[-87.8769,45.75438],[-87.87583,45.7539],[-87.8758,45.75389],[-87.8758,45.75386],[-87.87512,45.75288],[-87.87479,45.75219],[-87.87473,45.75208],[-87.87458,45.75182],[-87.87444,45.75155],[-87.8743,45.75131],[-87.87334,45.75044],[-87.87214,45.75017],[-87.87017,45.74996],[-87.86937,45.74977],[-87.86923,45.74974],[-87.86829,45.74952],[-87.86824,45.74951],[-87.8682,45.7495],[-87.86811,45.74948],[-87.8677,45.74905],[-87.86709,45.74831],[-87.86625,45.74714],[-87.86599,45.74654],[-87.86583,45.74641],[-87.86568,45.74629],[-87.86519,45.74607],[-87.86503,45.74601],[-87.86414,45.7457],[-87.86299,45.74537],[-87.86221,45.74502],[-87.86178,45.74436],[-87.86166,45.74372],[-87.86195,45.74337],[-87.86305,45.74309],[-87.86387,45.74266],[-87.86396,45.74221],[-87.86396,45.74217],[-87.86361,45.74171],[-87.86351,45.74157],[-87.86358,45.74112],[-87.86383,45.74069],[-87.86387,45.74026],[-87.86368,45.73986],[-87.86398,45.73953],[-87.86403,45.7393],[-87.8641,45.73896],[-87.8641,45.73892],[-87.86428,45.73794],[-87.86432,45.73714],[-87.8639,45.73639],[-87.86317,45.7354],[-87.86297,45.73513],[-87.86102,45.73309],[-87.86086,45.73292],[-87.86019,45.73214],[-87.85991,45.73186],[-87.8594,45.73133],[-87.85856,45.73054],[-87.85763,45.72941],[-87.85736,45.72907],[-87.85621,45.72758],[-87.85548,45.72694],[-87.85511,45.72667],[-87.85473,45.7264],[-87.85459,45.7263],[-87.85452,45.72628],[-87.85398,45.72613],[-87.85334,45.72597],[-87.85291,45.72587],[-87.85134,45.72556],[-87.85043,45.72527],[-87.85005,45.72505],[-87.84949,45.72472],[-87.84832,45.72382],[-87.84734,45.72308],[-87.8466,45.72254],[-87.84599,45.7221],[-87.84459,45.72112],[-87.84299,45.72014],[-87.84117,45.719],[-87.8394,45.71781],[-87.839,45.71764],[-87.83734,45.71692],[-87.83714,45.71686],[-87.8368,45.71675],[-87.83645,45.71664],[-87.83566,45.7164],[-87.83423,45.71594],[-87.83269,45.71531],[-87.83146,45.71492],[-87.8297,45.71473],[-87.82895,45.71478],[-87.82828,45.71473],[-87.82792,45.7147],[-87.82729,45.71465],[-87.82663,45.71449],[-87.82641,45.71443],[-87.82598,45.7142],[-87.82581,45.71407],[-87.82541,45.71363],[-87.82482,45.71319],[-87.82418,45.71265],[-87.82326,45.71254],[-87.82242,45.7127],[-87.81923,45.71239],[-87.81913,45.71237],[-87.8163,45.71203],[-87.81539,45.71193],[-87.81401,45.71163],[-87.81258,45.71135],[-87.81234,45.7113],[-87.81225,45.71125],[-87.81158,45.71089],[-87.81014,45.71023],[-87.8084,45.70897],[-87.80714,45.70801],[-87.80587,45.70684],[-87.80526,45.70586],[-87.80508,45.70497],[-87.80508,45.70426],[-87.80508,45.70356],[-87.80529,45.7033],[-87.80559,45.70295],[-87.80649,45.70211],[-87.80809,45.70109],[-87.8087,45.70067],[-87.80884,45.70056],[-87.80899,45.70046],[-87.80918,45.70034],[-87.80912,45.69999],[-87.80907,45.69972],[-87.80818,45.69912],[-87.80672,45.69799],[-87.80666,45.69794],[-87.8066,45.6979],[-87.80601,45.69744],[-87.80578,45.69701],[-87.80551,45.6965],[-87.80532,45.69625],[-87.80499,45.6958],[-87.80476,45.69568],[-87.80375,45.69519],[-87.80306,45.6947],[-87.80188,45.69386],[-87.80041,45.69312],[-87.79792,45.69188],[-87.79596,45.69096],[-87.79236,45.68939],[-87.78952,45.68806],[-87.78773,45.68718],[-87.7864,45.68632],[-87.78473,45.68526],[-87.78372,45.68436],[-87.78341,45.68409],[-87.78223,45.68305],[-87.78142,45.68148],[-87.7813,45.68126],[-87.7812,45.68108],[-87.78111,45.68091],[-87.78081,45.68035],[-87.78077,45.67965],[-87.78074,45.67905],[-87.78065,45.67769],[-87.7807,45.67696],[-87.7807,45.67681],[-87.78071,45.67667],[-87.78071,45.6766],[-87.78074,45.67546],[-87.78101,45.67393],[-87.78162,45.67328],[-87.78321,45.67282],[-87.78324,45.67282],[-87.78576,45.67265],[-87.78592,45.67261],[-87.78802,45.6721],[-87.79029,45.67189],[-87.79045,45.67187],[-87.79325,45.67158],[-87.79403,45.67149],[-87.79469,45.67141],[-87.79535,45.67133],[-87.79728,45.67084],[-87.798,45.67051],[-87.79859,45.67027],[-87.7989,45.67014],[-87.79938,45.66976],[-87.79978,45.66944],[-87.80131,45.66775],[-87.80195,45.66725],[-87.80207,45.66716],[-87.80218,45.66706],[-87.80234,45.66694],[-87.80244,45.66689],[-87.80276,45.66674],[-87.80329,45.66649],[-87.80482,45.66615],[-87.80624,45.6657],[-87.80662,45.66565],[-87.80726,45.66557],[-87.8079,45.66549],[-87.80853,45.66542],[-87.80938,45.66535],[-87.81008,45.66532],[-87.81218,45.66525],[-87.81371,45.66516],[-87.81428,45.66513],[-87.81495,45.66476],[-87.81604,45.66415],[-87.81659,45.6639],[-87.81745,45.66365],[-87.81897,45.66331],[-87.8199,45.66305],[-87.8211,45.66298],[-87.82271,45.6627],[-87.82321,45.66248],[-87.82419,45.66204],[-87.82403,45.66194],[-87.82391,45.66171],[-87.82339,45.66164],[-87.82305,45.66157],[-87.82273,45.66141],[-87.82267,45.6613],[-87.82238,45.661],[-87.82251,45.6607],[-87.82273,45.66044],[-87.82296,45.66027],[-87.82324,45.66002],[-87.8237,45.6597],[-87.82305,45.65895],[-87.82294,45.65872],[-87.82276,45.65846],[-87.82256,45.6582],[-87.82243,45.65801],[-87.82243,45.65782],[-87.82246,45.65715],[-87.8227,45.65608],[-87.82315,45.65557],[-87.82352,45.65516],[-87.82403,45.65448],[-87.82445,45.65401],[-87.8245,45.65382],[-87.82468,45.65321],[-87.82465,45.65296],[-87.82465,45.65274],[-87.82459,45.65188],[-87.82441,45.65065],[-87.82435,45.65018],[-87.82435,45.64877],[-87.82437,45.6483],[-87.82436,45.64823],[-87.82437,45.64816],[-87.82439,45.64781],[-87.82439,45.64771],[-87.82424,45.64741],[-87.82419,45.64731],[-87.82414,45.64721],[-87.8241,45.64714],[-87.82323,45.64629],[-87.8232,45.64628],[-87.82182,45.64559],[-87.81951,45.64479],[-87.81897,45.64458],[-87.81866,45.64446],[-87.81833,45.64433],[-87.81728,45.64393],[-87.81644,45.64336],[-87.81627,45.64324],[-87.8151,45.64225],[-87.81502,45.64218],[-87.81453,45.64187],[-87.81378,45.6414],[-87.81343,45.64114],[-87.81296,45.6408],[-87.81259,45.64059],[-87.81138,45.6399],[-87.81105,45.63957],[-87.8102,45.63873],[-87.80934,45.63725],[-87.80818,45.63548],[-87.8074,45.63411],[-87.80668,45.63278],[-87.80589,45.63103],[-87.80509,45.62979],[-87.80452,45.62899],[-87.80447,45.62894],[-87.80358,45.62819],[-87.80314,45.62783],[-87.80206,45.62718],[-87.80157,45.62688],[-87.79962,45.62584],[-87.7994,45.62561],[-87.79879,45.62496],[-87.79787,45.62431],[-87.79711,45.62371],[-87.79698,45.62361],[-87.79695,45.62355],[-87.79618,45.62207],[-87.79628,45.62075],[-87.79626,45.62012],[-87.79625,45.61992],[-87.79624,45.61971],[-87.79624,45.61964],[-87.79597,45.61905],[-87.79588,45.61885],[-87.79556,45.61863],[-87.7953,45.61846],[-87.79504,45.61829],[-87.79398,45.61758],[-87.7921,45.61679],[-87.792,45.61675],[-87.7894,45.6163],[-87.78627,45.61572],[-87.78291,45.61529],[-87.78084,45.6146],[-87.77982,45.61299],[-87.77951,45.61186],[-87.77924,45.61091],[-87.77873,45.61036],[-87.77767,45.6092],[-87.77762,45.60857],[-87.77788,45.60822],[-87.77841,45.60778],[-87.77834,45.6068],[-87.77828,45.60643],[-87.77823,45.60606],[-87.77796,45.60449],[-87.77794,45.60444],[-87.77706,45.60342],[-87.77571,45.60282],[-87.77489,45.60231],[-87.77468,45.60202],[-87.77502,45.60116],[-87.77585,45.60001],[-87.77597,45.59937],[-87.77624,45.5978],[-87.77674,45.5964],[-87.77694,45.5955],[-87.77701,45.59515],[-87.77705,45.59498],[-87.7775,45.59391],[-87.77749,45.59383],[-87.77724,45.59199],[-87.77722,45.5915],[-87.77721,45.59121],[-87.77721,45.59111],[-87.7772,45.59066],[-87.77711,45.58922],[-87.7772,45.5885],[-87.77802,45.58787],[-87.77912,45.58751],[-87.78034,45.58683],[-87.78091,45.58612],[-87.78126,45.58568],[-87.78177,45.58542],[-87.78196,45.58533],[-87.78215,45.58523],[-87.78227,45.58516],[-87.78237,45.58514],[-87.78398,45.58469],[-87.7853,45.58411],[-87.78565,45.58396],[-87.78677,45.58283],[-87.78753,45.58137],[-87.78724,45.57946],[-87.78723,45.57776],[-87.78719,45.57769],[-87.78737,45.57638],[-87.78735,45.57602],[-87.78729,45.57491],[-87.78744,45.57406],[-87.78749,45.57379],[-87.78754,45.57352],[-87.78761,45.57313],[-87.78832,45.5705],[-87.78844,45.56963],[-87.78853,45.56901],[-87.78837,45.56815],[-87.78833,45.56794],[-87.78838,45.56773],[-87.78841,45.56757],[-87.78845,45.56741],[-87.78854,45.56705],[-87.78862,45.56669],[-87.7888,45.56595],[-87.78949,45.56531],[-87.78998,45.56488],[-87.79033,45.56457],[-87.79068,45.56426],[-87.79075,45.5642],[-87.79087,45.5641],[-87.79237,45.56306],[-87.79474,45.56237],[-87.79754,45.56212],[-87.80043,45.56239],[-87.80332,45.56267],[-87.8061,45.56286],[-87.80759,45.56333],[-87.80898,45.56419],[-87.81042,45.56531],[-87.81176,45.56555],[-87.81271,45.56541],[-87.81375,45.56517],[-87.81438,45.56523],[-87.81634,45.56582],[-87.81801,45.56648],[-87.81982,45.56708],[-87.82132,45.56713],[-87.82376,45.56722],[-87.8258,45.56755],[-87.82774,45.56844],[-87.82935,45.56878],[-87.83094,45.56851],[-87.83169,45.56804],[-87.83187,45.56774],[-87.83186,45.56771],[-87.83186,45.56768],[-87.83189,45.56719],[-87.83164,45.56623],[-87.83203,45.56462],[-87.83268,45.56341],[-87.83288,45.56321],[-87.83359,45.56253],[-87.83366,45.56185],[-87.83369,45.56156],[-87.8332,45.56017],[-87.8332,45.56015],[-87.83297,45.55946],[-87.8323,45.55877],[-87.8314,45.5583],[-87.83051,45.55783],[-87.83029,45.55771],[-87.82846,45.55647],[-87.82722,45.55562],[-87.82297,45.55385],[-87.8213,45.55315],[-87.81962,45.55245],[-87.81879,45.5521],[-87.81871,45.55192],[-87.81836,45.55117],[-87.81753,45.54985],[-87.81709,45.54951],[-87.81576,45.54914],[-87.81572,45.54913],[-87.81567,45.54911],[-87.81541,45.54903],[-87.81442,45.54891],[-87.81374,45.54862],[-87.81263,45.54735],[-87.81152,45.5464],[-87.81026,45.54571],[-87.80936,45.54521],[-87.80837,45.54466],[-87.80791,45.54424],[-87.80716,45.54352],[-87.80636,45.54166],[-87.80556,45.54082],[-87.80461,45.53982],[-87.80427,45.53939],[-87.80386,45.53887],[-87.80345,45.53834],[-87.80339,45.53827],[-87.80339,45.53818],[-87.80336,45.53702],[-87.80453,45.53437],[-87.80472,45.53124],[-87.8042,45.52468],[-87.80367,45.52261],[-87.80249,45.51806],[-87.80228,45.51443],[-87.80227,45.51423],[-87.80224,45.51306],[-87.80183,45.51238],[-87.80177,45.51229],[-87.8017,45.5122],[-87.80105,45.51122],[-87.80039,45.50991],[-87.79994,45.50846],[-87.79979,45.50803],[-87.79947,45.50715],[-87.79922,45.50682],[-87.79915,45.50674],[-87.79909,45.50666],[-87.79879,45.50629],[-87.79839,45.50615],[-87.79756,45.50586],[-87.79672,45.50578],[-87.79565,45.50567],[-87.79392,45.50549],[-87.79321,45.50503],[-87.79318,45.50486],[-87.79293,45.50376],[-87.79315,45.50272],[-87.79305,45.50207],[-87.79277,45.49997],[-87.7929,45.49962],[-87.79345,45.49837],[-87.79464,45.49744],[-87.79641,45.49468],[-87.79729,45.49432],[-87.79794,45.49404],[-87.79817,45.49367],[-87.79824,45.49326],[-87.79816,45.49296],[-87.7979,45.49207],[-87.79782,45.49147],[-87.7977,45.49041],[-87.79821,45.48863],[-87.79836,45.48656],[-87.79858,45.48592],[-87.79896,45.48515],[-87.79916,45.48491],[-87.7995,45.48452],[-87.80045,45.48376],[-87.80142,45.48303],[-87.80252,45.48243],[-87.80256,45.48241],[-87.80264,45.48237],[-87.80274,45.48232],[-87.80351,45.48193],[-87.80544,45.48013],[-87.80557,45.48],[-87.8058,45.47979],[-87.8059,45.47973],[-87.80689,45.47909],[-87.80709,45.47869],[-87.80712,45.47863],[-87.80729,45.47831],[-87.80739,45.47703],[-87.8073,45.47681],[-87.80617,45.47484],[-87.80587,45.47438],[-87.80577,45.47314],[-87.80599,45.4728],[-87.80635,45.47226],[-87.8078,45.47114],[-87.81147,45.46799],[-87.8124,45.46682],[-87.81258,45.46659],[-87.81276,45.46636],[-87.81283,45.46628],[-87.81297,45.4661],[-87.81295,45.4658],[-87.81289,45.46521],[-87.81287,45.46499],[-87.813,45.46471],[-87.81303,45.46464],[-87.813,45.46457],[-87.81296,45.4645],[-87.81293,45.46442],[-87.8129,45.46437],[-87.81288,45.46433],[-87.81291,45.46429],[-87.81298,45.46416],[-87.813,45.46414],[-87.81308,45.46407],[-87.81316,45.464],[-87.8135,45.4637],[-87.81418,45.46336],[-87.81421,45.46334],[-87.81432,45.46329],[-87.81461,45.46314],[-87.81555,45.4628],[-87.81608,45.46271],[-87.81682,45.46267],[-87.81834,45.46256],[-87.81848,45.46254],[-87.81978,45.46248],[-87.81997,45.46241],[-87.82006,45.46238],[-87.82015,45.46235],[-87.82026,45.46231],[-87.82055,45.46188],[-87.82056,45.46142],[-87.82041,45.46127],[-87.82014,45.46102],[-87.81996,45.46073],[-87.82,45.46059],[-87.82004,45.46045],[-87.82035,45.46028],[-87.82054,45.4602],[-87.82068,45.46013],[-87.8209,45.46003],[-87.82106,45.45995],[-87.82148,45.45987],[-87.82167,45.45984],[-87.82208,45.45978],[-87.82232,45.45975],[-87.82291,45.45963],[-87.82307,45.45962],[-87.82341,45.45959],[-87.82409,45.45941],[-87.82466,45.45914],[-87.8248,45.4588],[-87.8251,45.45847],[-87.82547,45.45807],[-87.82551,45.45803],[-87.82602,45.45787],[-87.82646,45.45781],[-87.82667,45.45778],[-87.82716,45.45791],[-87.82743,45.45808],[-87.82782,45.45812],[-87.82879,45.45798],[-87.82913,45.45793],[-87.83022,45.45755],[-87.83122,45.45718],[-87.83148,45.45699],[-87.83197,45.45662],[-87.83216,45.45644],[-87.83231,45.45629],[-87.83247,45.45614],[-87.83269,45.45592],[-87.83269,45.45589],[-87.83246,45.45502],[-87.83267,45.45434],[-87.83304,45.4536],[-87.83366,45.45327],[-87.83459,45.45265],[-87.83461,45.45264],[-87.83476,45.45229],[-87.83484,45.45212],[-87.83486,45.45209],[-87.83495,45.4519],[-87.83505,45.45168],[-87.83556,45.4511],[-87.8357,45.45103],[-87.83601,45.45088],[-87.83695,45.45053],[-87.8374,45.45044],[-87.83787,45.45035],[-87.83834,45.45026],[-87.84056,45.44961],[-87.84224,45.44922],[-87.8442,45.44867],[-87.8448,45.44841],[-87.84515,45.44789],[-87.84537,45.44666],[-87.84586,45.44628],[-87.84602,45.44616],[-87.84713,45.4446],[-87.84743,45.44418],[-87.8516,45.44266],[-87.8553,45.44138],[-87.85574,45.44102],[-87.85626,45.44057],[-87.8566,45.43996],[-87.85698,45.43914],[-87.85721,45.43793],[-87.85784,45.43703],[-87.85848,45.43648],[-87.86013,45.43557],[-87.86114,45.43499],[-87.86162,45.43455],[-87.8617,45.43447],[-87.86187,45.43405],[-87.86197,45.43381],[-87.86195,45.43307],[-87.86162,45.43244],[-87.86131,45.43187],[-87.86119,45.43165],[-87.86017,45.42968],[-87.86013,45.42958],[-87.86015,45.42931],[-87.86026,45.42827],[-87.86036,45.42723],[-87.86037,45.42712],[-87.86043,45.42652],[-87.86055,45.42537],[-87.86049,45.42404],[-87.86043,45.4235],[-87.86015,45.42299],[-87.86014,45.42296],[-87.85973,45.42236],[-87.85885,45.42139],[-87.8578,45.42096],[-87.85761,45.42075],[-87.85753,45.42068],[-87.85712,45.42019],[-87.85706,45.41953],[-87.85709,45.41935],[-87.85723,45.41849],[-87.85717,45.41807],[-87.85716,45.41799],[-87.85715,45.41791],[-87.85714,45.41783],[-87.85713,45.41776],[-87.85712,45.41762],[-87.85679,45.41685],[-87.85675,45.41681],[-87.85651,45.41648],[-87.85626,45.41616],[-87.85622,45.4161],[-87.85593,45.41585],[-87.85565,45.41562],[-87.85539,45.41538],[-87.85494,45.41498],[-87.85275,45.41367],[-87.85181,45.4131],[-87.85115,45.41236],[-87.85053,45.41168],[-87.85019,45.41085],[-87.84978,45.4098],[-87.84967,45.40952],[-87.84962,45.40866],[-87.84958,45.40812],[-87.84955,45.40759],[-87.84951,45.40698],[-87.84948,45.40636],[-87.84942,45.40538],[-87.84935,45.4044],[-87.84932,45.40387],[-87.84966,45.40306],[-87.85097,45.40192],[-87.85263,45.40133],[-87.85281,45.40129],[-87.85489,45.4008],[-87.85653,45.40015],[-87.85658,45.40013],[-87.85742,45.39979],[-87.85827,45.39946],[-87.85831,45.39945],[-87.85913,45.39897],[-87.85953,45.39828],[-87.85977,45.39728],[-87.8596,45.39641],[-87.85903,45.39557],[-87.85897,45.39552],[-87.8582,45.39488],[-87.85816,45.39483],[-87.85745,45.39419],[-87.85728,45.39395],[-87.857,45.39356],[-87.85683,45.39311],[-87.85691,45.39262],[-87.8573,45.39191],[-87.85776,45.39103],[-87.85826,45.39006],[-87.85886,45.38902],[-87.85942,45.38823],[-87.85963,45.38804],[-87.86007,45.38766],[-87.86132,45.38683],[-87.8623,45.38633],[-87.86284,45.38607],[-87.86468,45.38523],[-87.86687,45.38442],[-87.86888,45.38372],[-87.87072,45.38317],[-87.8709,45.38312],[-87.87246,45.38223],[-87.87253,45.38217],[-87.87283,45.38194],[-87.87312,45.38171],[-87.87357,45.38136],[-87.87449,45.38035],[-87.87511,45.37968],[-87.87542,45.37937],[-87.87552,45.37922],[-87.87558,45.37912],[-87.8757,45.3788],[-87.87578,45.37847],[-87.87584,45.37819],[-87.87584,45.37787],[-87.87581,45.37761],[-87.87577,45.37729],[-87.87569,45.37705],[-87.87556,45.37682],[-87.87538,45.37658],[-87.87511,45.37633],[-87.87492,45.37612],[-87.87472,45.37591],[-87.87443,45.37559],[-87.87396,45.3752],[-87.8737,45.37497],[-87.87208,45.37379],[-87.87179,45.37356],[-87.87152,45.37303],[-87.87146,45.37293],[-87.87141,45.37282],[-87.87129,45.37214],[-87.87148,45.37155],[-87.872,45.37119],[-87.8731,45.37077],[-87.87452,45.37018],[-87.87511,45.36984],[-87.87624,45.36908],[-87.87686,45.36853],[-87.87722,45.36818],[-87.87749,45.36759],[-87.87783,45.36699],[-87.87838,45.36632],[-87.87917,45.36575],[-87.88008,45.36512],[-87.88135,45.36466],[-87.88255,45.36435],[-87.88301,45.36404],[-87.88385,45.36348],[-87.88438,45.36312],[-87.88485,45.36279],[-87.88491,45.36271],[-87.88511,45.36244],[-87.88615,45.36124],[-87.88679,45.36018],[-87.88705,45.35974],[-87.88783,45.35812],[-87.88803,45.35711],[-87.88823,45.35587],[-87.88824,45.35581],[-87.88822,45.35574],[-87.8882,45.35571],[-87.88821,45.35568],[-87.88805,45.3547],[-87.88761,45.35382],[-87.88695,45.35311],[-87.88661,45.35286],[-87.88594,45.35235],[-87.8854,45.35192],[-87.88517,45.35174],[-87.88501,45.35169],[-87.88382,45.35133],[-87.88237,45.35123],[-87.88111,45.35128],[-87.87984,45.35149],[-87.87965,45.35157],[-87.87845,45.35214],[-87.87746,45.35283],[-87.87654,45.35363],[-87.87593,45.35428],[-87.87546,45.35463],[-87.87511,45.35489],[-87.87373,45.35528],[-87.87224,45.35561],[-87.8711,45.35592],[-87.87037,45.35627],[-87.86985,45.35676],[-87.86978,45.35698],[-87.86961,45.35748],[-87.86977,45.35862],[-87.87008,45.35902],[-87.87052,45.35959],[-87.87249,45.36127],[-87.87265,45.36141],[-87.87451,45.36308],[-87.87511,45.36361],[-87.8755,45.36402],[-87.87567,45.36423],[-87.8758,45.36442],[-87.87586,45.36476],[-87.87584,45.36502],[-87.8758,45.36531],[-87.87563,45.36553],[-87.87542,45.36578],[-87.87511,45.36595],[-87.87464,45.36612],[-87.87414,45.36631],[-87.87321,45.36648],[-87.87295,45.36653],[-87.87219,45.36655],[-87.87197,45.36656],[-87.87175,45.36656],[-87.87166,45.36656],[-87.87024,45.36644],[-87.86917,45.36605],[-87.86818,45.36537],[-87.86741,45.36485],[-87.86648,45.36383],[-87.86622,45.36348],[-87.86611,45.36334],[-87.866,45.36319],[-87.86576,45.36289],[-87.86534,45.3621],[-87.86516,45.36112],[-87.86563,45.35784],[-87.86576,45.35637],[-87.86576,45.35628],[-87.86559,45.35562],[-87.86538,45.35534],[-87.86494,45.35477],[-87.8645,45.3542],[-87.86349,45.35302],[-87.86314,45.35278],[-87.86199,45.35202],[-87.86087,45.35119],[-87.86012,45.35092],[-87.85937,45.35065],[-87.85862,45.35038],[-87.85646,45.34999],[-87.85422,45.34969],[-87.85278,45.3495],[-87.85242,45.34927],[-87.85188,45.34893],[-87.85042,45.34749],[-87.8504,45.34744],[-87.85022,45.34684],[-87.85004,45.34625],[-87.84981,45.3455],[-87.8499,45.34465],[-87.85133,45.34255],[-87.85138,45.34248],[-87.85147,45.34234],[-87.85146,45.34227],[-87.8514,45.34187],[-87.85134,45.34147],[-87.85132,45.34135],[-87.85126,45.34128],[-87.85122,45.34123],[-87.85117,45.34117],[-87.85079,45.34071],[-87.85013,45.34043],[-87.84837,45.34068],[-87.84412,45.34248],[-87.84378,45.34263],[-87.83925,45.34456],[-87.83814,45.3451],[-87.83806,45.34518],[-87.83678,45.34645],[-87.83595,45.34975],[-87.83591,45.34994],[-87.83586,45.35001],[-87.83569,45.35031],[-87.83552,45.3506],[-87.8353,45.35098],[-87.83467,45.35139],[-87.83381,45.35195],[-87.83261,45.35225],[-87.82978,45.352],[-87.82781,45.35118],[-87.82731,45.35082],[-87.82692,45.35054],[-87.82486,45.35071],[-87.82438,45.35105],[-87.82431,45.3511],[-87.82423,45.35116],[-87.82355,45.35164],[-87.82313,45.35246],[-87.82303,45.35265],[-87.8225,45.35267],[-87.82189,45.35269],[-87.81998,45.35246],[-87.81797,45.35222],[-87.81596,45.35198],[-87.81524,45.35189],[-87.81451,45.3518],[-87.81416,45.35176],[-87.81268,45.35158],[-87.81086,45.35136],[-87.81008,45.35127],[-87.80959,45.35138],[-87.80604,45.3522],[-87.80577,45.35227],[-87.80046,45.35361],[-87.79283,45.35348],[-87.79161,45.35346],[-87.79039,45.35344],[-87.79032,45.35345],[-87.79026,45.35343],[-87.78914,45.35314],[-87.78852,45.35286],[-87.78797,45.35261],[-87.78771,45.35244],[-87.78451,45.35032],[-87.78308,45.34973],[-87.78187,45.34963],[-87.78153,45.34969],[-87.78139,45.34972],[-87.77921,45.35016],[-87.77704,45.3506],[-87.7739,45.35123],[-87.77138,45.35121],[-87.77056,45.3512],[-87.76974,45.3512],[-87.7695,45.3512],[-87.76926,45.3512],[-87.76917,45.35119],[-87.76789,45.35064],[-87.7636,45.34876],[-87.76213,45.3484],[-87.76195,45.34842],[-87.75861,45.34886],[-87.75526,45.34929],[-87.7541,45.34944],[-87.7537,45.34966],[-87.75314,45.34996],[-87.75281,45.35026],[-87.75265,45.35039],[-87.7525,45.35053],[-87.75184,45.3511],[-87.75145,45.35176],[-87.7512,45.35228],[-87.75162,45.35341],[-87.75163,45.35417],[-87.7516,45.35421],[-87.75155,45.35429],[-87.75133,45.3547],[-87.75116,45.35484],[-87.7511,45.35489],[-87.75093,45.35504],[-87.75081,45.35508],[-87.75054,45.35518],[-87.75027,45.35528],[-87.75011,45.35534],[-87.74963,45.35541],[-87.74795,45.35565],[-87.74639,45.35608],[-87.74631,45.3561],[-87.74469,45.35642],[-87.74442,45.3565],[-87.74381,45.35656],[-87.74292,45.3565],[-87.74172,45.35638],[-87.74113,45.35633],[-87.74041,45.3564],[-87.73963,45.35644],[-87.73921,45.35667],[-87.73882,45.35685],[-87.73846,45.35716],[-87.73836,45.35749],[-87.73836,45.35774],[-87.73835,45.35824],[-87.73828,45.35864],[-87.7378,45.35963],[-87.73649,45.36109],[-87.73518,45.36253],[-87.73341,45.36443],[-87.73195,45.36565],[-87.7295,45.36805],[-87.72854,45.36868],[-87.72734,45.36961],[-87.72613,45.37075],[-87.7251,45.37192],[-87.72418,45.37301],[-87.72298,45.37397],[-87.72204,45.37497],[-87.722,45.37501],[-87.72052,45.3763],[-87.71942,45.37709],[-87.71889,45.37746],[-87.71658,45.37818],[-87.71361,45.37909],[-87.71173,45.37982],[-87.71024,45.38039],[-87.70969,45.3806],[-87.70833,45.38122],[-87.70821,45.38148],[-87.70807,45.38179],[-87.70774,45.38215],[-87.70743,45.38251],[-87.70699,45.38338],[-87.70677,45.38383],[-87.70666,45.38391],[-87.70585,45.38453],[-87.70434,45.38546],[-87.70237,45.38652],[-87.70166,45.38692],[-87.70163,45.38693],[-87.70151,45.38699],[-87.70143,45.38703],[-87.70086,45.38734],[-87.70028,45.38766],[-87.6998,45.38793],[-87.69896,45.38826],[-87.69884,45.38831],[-87.69873,45.38836],[-87.69659,45.38922],[-87.69396,45.38989],[-87.69195,45.38995],[-87.69184,45.38994],[-87.69028,45.38982],[-87.68878,45.38948],[-87.6883,45.38937],[-87.68768,45.38923],[-87.68746,45.38918],[-87.68715,45.38911],[-87.68593,45.38871],[-87.68576,45.38853],[-87.68535,45.38812],[-87.68495,45.3877],[-87.68484,45.38758],[-87.684,45.3865],[-87.68362,45.38598],[-87.68325,45.38547],[-87.68287,45.38495],[-87.68177,45.38453],[-87.68022,45.38406],[-87.6795,45.38392],[-87.67826,45.38369],[-87.67647,45.38322],[-87.67599,45.38297],[-87.67561,45.38277],[-87.67523,45.38257],[-87.67502,45.38245],[-87.67455,45.38165],[-87.67466,45.38057],[-87.6747,45.37935],[-87.67443,45.3782],[-87.6744,45.37806],[-87.67351,45.37695],[-87.67252,45.37644],[-87.6718,45.37608],[-87.67065,45.37498],[-87.6698,45.37497],[-87.66821,45.37409],[-87.66761,45.37376],[-87.66705,45.37343],[-87.66667,45.37321],[-87.66639,45.37312],[-87.66501,45.37265],[-87.66412,45.37229],[-87.66335,45.37201],[-87.66192,45.37135],[-87.66031,45.37053],[-87.65939,45.37006],[-87.6587,45.36972],[-87.65818,45.36948],[-87.65769,45.369],[-87.65735,45.36875],[-87.65688,45.36795],[-87.65677,45.36776],[-87.65662,45.3673],[-87.65659,45.36676],[-87.65662,45.3665],[-87.65664,45.36637],[-87.65693,45.36515],[-87.65694,45.36457],[-87.65676,45.36413],[-87.65662,45.36393],[-87.65628,45.3634],[-87.65596,45.36294],[-87.65592,45.36288],[-87.6558,45.36271],[-87.656,45.36221],[-87.65607,45.36167],[-87.65611,45.36094],[-87.65631,45.36034],[-87.65632,45.35986],[-87.65633,45.35862],[-87.65645,45.35841],[-87.65634,45.35829],[-87.65606,45.35798],[-87.65574,45.35757],[-87.65567,45.35722],[-87.65548,45.35689],[-87.65535,45.3564],[-87.65488,45.35564],[-87.65473,45.35552],[-87.65442,45.35526],[-87.65398,45.35469],[-87.65392,45.35459],[-87.65348,45.35425],[-87.65329,45.3541],[-87.65287,45.35395],[-87.65251,45.35383],[-87.65228,45.35384],[-87.65223,45.35386],[-87.65211,45.35387],[-87.652,45.35388],[-87.6518,45.3539],[-87.65152,45.35392],[-87.65135,45.35394],[-87.6513,45.35393],[-87.65117,45.35405],[-87.65105,45.35417],[-87.65072,45.354],[-87.65035,45.35368],[-87.65006,45.35347],[-87.64961,45.35304],[-87.649,45.35252],[-87.6488,45.3524],[-87.64848,45.35224],[-87.64809,45.35172],[-87.64773,45.35072],[-87.64776,45.35017],[-87.64777,45.34994],[-87.64778,45.34971],[-87.64787,45.34925],[-87.64795,45.3488],[-87.64813,45.34788],[-87.64801,45.34744],[-87.64792,45.3471],[-87.64783,45.34676],[-87.64772,45.34634],[-87.64745,45.34523],[-87.6475,45.34459],[-87.64791,45.34406],[-87.64794,45.34403],[-87.64824,45.34329],[-87.64803,45.34225],[-87.64782,45.34122],[-87.64777,45.34056],[-87.64797,45.33982],[-87.64813,45.3394],[-87.64853,45.33903],[-87.64898,45.33817],[-87.64962,45.33763],[-87.65064,45.33702],[-87.65067,45.33701],[-87.6518,45.33641],[-87.65242,45.33542],[-87.65247,45.33533],[-87.65283,45.33469],[-87.65339,45.33414],[-87.65373,45.33342],[-87.65378,45.33325],[-87.65388,45.33298],[-87.65409,45.33248],[-87.65459,45.33192],[-87.6552,45.33135],[-87.65578,45.33085],[-87.65643,45.33043],[-87.65668,45.3303],[-87.65729,45.33009],[-87.65823,45.32982],[-87.65875,45.32959],[-87.65943,45.32927],[-87.65983,45.32914],[-87.66044,45.32872],[-87.66116,45.32806],[-87.6616,45.32761],[-87.66187,45.32696],[-87.66203,45.32643],[-87.662,45.32609],[-87.662,45.32608],[-87.66193,45.32543],[-87.66181,45.32472],[-87.6617,45.3242],[-87.66157,45.32347],[-87.66154,45.32306],[-87.66151,45.32297],[-87.66147,45.32241],[-87.66147,45.32219],[-87.66148,45.322],[-87.6615,45.32138],[-87.66171,45.32074],[-87.66231,45.31996],[-87.66305,45.3191],[-87.66368,45.31824],[-87.66445,45.31761],[-87.6647,45.31744],[-87.66475,45.31741],[-87.66526,45.31709],[-87.6662,45.31684],[-87.6666,45.31675],[-87.66671,45.31673],[-87.66677,45.31671],[-87.66687,45.31666],[-87.66704,45.31656],[-87.6672,45.31647],[-87.66735,45.31638],[-87.66745,45.31632],[-87.66785,45.31584],[-87.66831,45.31517],[-87.66876,45.31456],[-87.669,45.31396],[-87.66919,45.31365],[-87.66936,45.31344],[-87.66965,45.31315],[-87.67031,45.3125],[-87.67081,45.31221],[-87.67127,45.31154],[-87.67171,45.31122],[-87.67238,45.31055],[-87.67267,45.31021],[-87.67269,45.30981],[-87.67237,45.30911],[-87.67198,45.3083],[-87.67194,45.3082],[-87.67189,45.30811],[-87.67201,45.30802],[-87.67265,45.30776],[-87.6729,45.30761],[-87.67324,45.30754],[-87.67365,45.30755],[-87.6745,45.30788],[-87.67483,45.30795],[-87.67533,45.30791],[-87.6757,45.30765],[-87.6762,45.30734],[-87.67685,45.30704],[-87.67765,45.30643],[-87.67824,45.30619],[-87.67863,45.30607],[-87.67881,45.30602],[-87.67909,45.30584],[-87.67923,45.30566],[-87.67935,45.30551],[-87.67973,45.30484],[-87.68008,45.30385],[-87.68015,45.30336],[-87.68033,45.3028],[-87.68108,45.30229],[-87.68197,45.30183],[-87.68249,45.3016],[-87.68314,45.3014],[-87.68338,45.30133],[-87.68427,45.30102],[-87.68479,45.30067],[-87.68499,45.30049],[-87.68534,45.30019],[-87.68563,45.29995],[-87.68618,45.29944],[-87.68646,45.29917],[-87.687,45.29856],[-87.6875,45.29806],[-87.68773,45.29749],[-87.68766,45.29701],[-87.68763,45.29673],[-87.6876,45.29649],[-87.6875,45.29635],[-87.68741,45.29622],[-87.68741,45.29608],[-87.68751,45.29581],[-87.68808,45.29516],[-87.6887,45.29428],[-87.68873,45.29415],[-87.6889,45.29401],[-87.68932,45.29293],[-87.6895,45.29222],[-87.68958,45.29202],[-87.68982,45.29127],[-87.69018,45.29063],[-87.69034,45.29022],[-87.69084,45.28954],[-87.69159,45.28874],[-87.69203,45.28852],[-87.69265,45.28799],[-87.69317,45.28775],[-87.69344,45.2874],[-87.69353,45.2872],[-87.69392,45.28666],[-87.69431,45.28585],[-87.69449,45.28556],[-87.69473,45.28511],[-87.69492,45.28485],[-87.69605,45.28402],[-87.69658,45.28363],[-87.69705,45.28321],[-87.69722,45.28307],[-87.69727,45.28303],[-87.69734,45.28297],[-87.69743,45.28286],[-87.69765,45.28255],[-87.698,45.28192],[-87.69825,45.28151],[-87.69847,45.28091],[-87.69863,45.28052],[-87.69858,45.27999],[-87.69822,45.27964],[-87.69774,45.27935],[-87.6975,45.27866],[-87.69748,45.27864],[-87.69748,45.27857],[-87.69737,45.27844],[-87.69744,45.27848],[-87.69754,45.27847],[-87.69788,45.27826],[-87.69821,45.2779],[-87.69867,45.27757],[-87.69901,45.27725],[-87.69923,45.27675],[-87.69919,45.27643],[-87.69901,45.276],[-87.69877,45.27567],[-87.69899,45.27542],[-87.69891,45.2739],[-87.69885,45.27369],[-87.69879,45.27324],[-87.69869,45.27292],[-87.69857,45.27238],[-87.69844,45.27206],[-87.69839,45.27058],[-87.69842,45.27045],[-87.69844,45.27033],[-87.69847,45.27021],[-87.69852,45.26994],[-87.69878,45.26942],[-87.69897,45.26915],[-87.69951,45.26883],[-87.69978,45.2686],[-87.70059,45.26821],[-87.7018,45.26788],[-87.70212,45.26773],[-87.70305,45.26704],[-87.70351,45.26684],[-87.70404,45.2667],[-87.7047,45.26654],[-87.70486,45.26649],[-87.70516,45.2664],[-87.70564,45.2661],[-87.70584,45.26587],[-87.70587,45.26574],[-87.70585,45.26468],[-87.70584,45.26427],[-87.70596,45.26404],[-87.70613,45.2637],[-87.70639,45.26343],[-87.70661,45.26324],[-87.70677,45.26297],[-87.70684,45.26289],[-87.7069,45.26276],[-87.70692,45.26273],[-87.70706,45.26254],[-87.7071,45.26248],[-87.70714,45.26243],[-87.70734,45.26215],[-87.7082,45.26177],[-87.70867,45.2613],[-87.709,45.2608],[-87.70913,45.26071],[-87.70915,45.26068],[-87.70926,45.26038],[-87.71006,45.25973],[-87.71045,45.25932],[-87.71044,45.25894],[-87.71018,45.25866],[-87.70982,45.25846],[-87.70878,45.25855],[-87.70776,45.25864],[-87.70778,45.25834],[-87.70802,45.25795],[-87.70835,45.25766],[-87.70875,45.25741],[-87.70892,45.2571],[-87.70887,45.25679],[-87.70883,45.25616],[-87.7088,45.25566],[-87.70883,45.25564],[-87.70884,45.25557],[-87.70885,45.25549],[-87.70889,45.25527],[-87.70914,45.25465],[-87.70944,45.25433],[-87.71,45.25397],[-87.71049,45.25356],[-87.71086,45.2533],[-87.71113,45.25293],[-87.71131,45.2524],[-87.7113,45.25199],[-87.71132,45.25153],[-87.71133,45.25142],[-87.7112,45.25108],[-87.71101,45.25085],[-87.71069,45.25047],[-87.71039,45.24998],[-87.70993,45.24903],[-87.70998,45.24854],[-87.70999,45.24847],[-87.70999,45.24845],[-87.71023,45.24769],[-87.71093,45.2464],[-87.71148,45.24522],[-87.71167,45.2442],[-87.71172,45.24348],[-87.71147,45.24237],[-87.71118,45.24155],[-87.71107,45.24095],[-87.71134,45.23997],[-87.7116,45.23952],[-87.71218,45.23901],[-87.71243,45.23891],[-87.71268,45.23881],[-87.7134,45.23856],[-87.71427,45.2385],[-87.71445,45.23848],[-87.71479,45.23855],[-87.71511,45.23861],[-87.7159,45.23868],[-87.71624,45.23877],[-87.71635,45.23877],[-87.71705,45.23874],[-87.71765,45.23863],[-87.71826,45.23833],[-87.71882,45.23785],[-87.71962,45.23646],[-87.71997,45.23584],[-87.72049,45.23557],[-87.72075,45.23541],[-87.72117,45.23519],[-87.72155,45.235],[-87.72193,45.2348],[-87.72225,45.23464],[-87.72346,45.2339],[-87.72416,45.23324],[-87.72467,45.23259],[-87.72499,45.23214],[-87.7252,45.23154],[-87.72532,45.23118],[-87.72534,45.23085],[-87.72517,45.23033],[-87.72492,45.22998],[-87.72437,45.22949],[-87.72371,45.22927],[-87.72345,45.22918],[-87.7229,45.22897],[-87.72243,45.22878],[-87.72193,45.22844],[-87.72158,45.22802],[-87.72139,45.22743],[-87.72136,45.2269],[-87.72135,45.22685],[-87.72161,45.22582],[-87.72163,45.22576],[-87.72188,45.22494],[-87.72206,45.22421],[-87.72247,45.22331],[-87.72301,45.22274],[-87.72342,45.2223],[-87.72427,45.2215],[-87.72476,45.22123],[-87.72501,45.2211],[-87.7254,45.22072],[-87.72568,45.22045],[-87.7257,45.22041],[-87.72577,45.22037],[-87.72626,45.21982],[-87.72682,45.21915],[-87.72695,45.21895],[-87.72705,45.21858],[-87.72718,45.21804],[-87.72734,45.21738],[-87.72731,45.21689],[-87.72728,45.21613],[-87.72713,45.21548],[-87.72701,45.21499],[-87.72676,45.21394],[-87.72664,45.21376],[-87.72638,45.21335],[-87.72617,45.21264],[-87.72604,45.21171],[-87.72604,45.21115],[-87.72605,45.21044],[-87.72609,45.20997],[-87.7262,45.20939],[-87.72635,45.20924],[-87.72656,45.20905],[-87.72676,45.20885],[-87.72698,45.20862],[-87.72719,45.2084],[-87.72724,45.20835],[-87.72749,45.20821],[-87.72796,45.20796],[-87.72891,45.20764],[-87.72995,45.20729],[-87.73061,45.20707],[-87.73117,45.20693],[-87.73171,45.20679],[-87.73313,45.20622],[-87.73459,45.20565],[-87.735,45.20541],[-87.73548,45.20513],[-87.73634,45.20465],[-87.73689,45.20415],[-87.73744,45.20381],[-87.73835,45.203],[-87.7385,45.20289],[-87.73928,45.20229],[-87.73949,45.20213],[-87.7396,45.20196],[-87.73979,45.20164],[-87.74034,45.20087],[-87.74079,45.2003],[-87.74092,45.20002],[-87.74117,45.19948],[-87.74144,45.19882],[-87.74173,45.1982],[-87.74177,45.19767],[-87.7418,45.19756],[-87.74181,45.19747],[-87.74181,45.19735],[-87.7418,45.19705],[-87.74155,45.1964],[-87.74139,45.1957],[-87.7408,45.1947],[-87.74013,45.19414],[-87.7395,45.19367],[-87.73914,45.19309],[-87.73901,45.19274],[-87.73905,45.1924],[-87.7391,45.19204],[-87.7394,45.19126],[-87.73946,45.19064],[-87.73947,45.1905],[-87.7394,45.19005],[-87.73927,45.18955],[-87.73881,45.18868],[-87.7384,45.18808],[-87.73802,45.18738],[-87.73764,45.18684],[-87.73758,45.18675],[-87.73749,45.18611],[-87.73759,45.18526],[-87.73766,45.18482],[-87.73766,45.18463],[-87.73769,45.18461],[-87.73774,45.18417],[-87.73769,45.18377],[-87.73728,45.18274],[-87.73706,45.18208],[-87.73684,45.18173],[-87.73681,45.18171],[-87.73653,45.18097],[-87.73601,45.18012],[-87.73589,45.17966],[-87.7358,45.1791],[-87.73576,45.17894],[-87.73572,45.17881],[-87.73569,45.17868],[-87.73566,45.17859],[-87.73563,45.17853],[-87.73535,45.17803],[-87.73521,45.17764],[-87.73518,45.17723],[-87.7352,45.17709],[-87.73528,45.17656],[-87.73553,45.17584],[-87.73591,45.175],[-87.73611,45.17438],[-87.73633,45.17404],[-87.73651,45.17339],[-87.73643,45.17307],[-87.73627,45.1726],[-87.73625,45.17256],[-87.7361,45.17224],[-87.73586,45.172],[-87.73538,45.17172],[-87.73514,45.17154],[-87.73425,45.1713],[-87.73331,45.17112],[-87.73251,45.17112],[-87.73192,45.17105],[-87.73139,45.17099],[-87.73087,45.17091],[-87.73036,45.17071],[-87.72967,45.17057],[-87.72929,45.17033],[-87.72841,45.16995],[-87.72777,45.1696],[-87.72693,45.16903],[-87.72652,45.16881],[-87.72578,45.16838],[-87.72529,45.16795],[-87.7246,45.16745],[-87.7244,45.16708],[-87.72411,45.16666],[-87.72376,45.16619],[-87.72344,45.16553],[-87.72311,45.16515],[-87.7225,45.16464],[-87.72191,45.16426],[-87.72136,45.16393],[-87.72036,45.16331],[-87.7198,45.1628],[-87.71929,45.1623],[-87.71878,45.16184],[-87.71851,45.16169],[-87.71791,45.16119],[-87.71713,45.16085],[-87.71658,45.16063],[-87.71573,45.16035],[-87.71527,45.16018],[-87.71446,45.15996],[-87.71396,45.15984],[-87.71315,45.15958],[-87.71205,45.15924],[-87.71126,45.159],[-87.71011,45.15901],[-87.70999,45.15896],[-87.70954,45.15869],[-87.70907,45.15838],[-87.70861,45.15794],[-87.70839,45.15776],[-87.70829,45.15774],[-87.70826,45.15777],[-87.7082,45.15769],[-87.70823,45.15762],[-87.70813,45.15626],[-87.70813,45.156],[-87.70789,45.1555],[-87.70778,45.1553],[-87.70739,45.15468],[-87.70683,45.15431],[-87.7063,45.15393],[-87.7056,45.15349],[-87.70466,45.15292],[-87.70419,45.15263],[-87.70349,45.15221],[-87.70299,45.15195],[-87.70172,45.1515],[-87.70126,45.15137],[-87.70062,45.15119],[-87.69964,45.15106],[-87.6985,45.1508],[-87.69684,45.15063],[-87.69572,45.15061],[-87.69506,45.15052],[-87.69379,45.15003],[-87.69363,45.14999],[-87.69308,45.14978],[-87.69238,45.14951],[-87.69205,45.14936],[-87.69164,45.14918],[-87.69061,45.14868],[-87.68999,45.14835],[-87.68957,45.14803],[-87.68952,45.148],[-87.68843,45.14743],[-87.68811,45.14718],[-87.6878,45.14693],[-87.68775,45.1469],[-87.68724,45.14651],[-87.68657,45.14613],[-87.68569,45.14543],[-87.68513,45.14504],[-87.68453,45.14449],[-87.6839,45.14413],[-87.68344,45.1437],[-87.6832,45.14347],[-87.68249,45.14289],[-87.68218,45.14259],[-87.68169,45.14199],[-87.68161,45.14186],[-87.68133,45.14138],[-87.68074,45.14069],[-87.68057,45.14026],[-87.68038,45.13964],[-87.67993,45.13909],[-87.67959,45.13875],[-87.67928,45.13845],[-87.67879,45.13782],[-87.67829,45.13738],[-87.67743,45.13672],[-87.67715,45.13651],[-87.67688,45.13631],[-87.67661,45.13606],[-87.67638,45.13587],[-87.67597,45.13544],[-87.67582,45.13506],[-87.67577,45.13448],[-87.67602,45.13409],[-87.67719,45.13288],[-87.67726,45.1328],[-87.67794,45.13204],[-87.67823,45.13162],[-87.67851,45.1312],[-87.67847,45.13079],[-87.6784,45.13051],[-87.67821,45.13008],[-87.67784,45.12973],[-87.67751,45.12939],[-87.67692,45.12876],[-87.67671,45.12863],[-87.676,45.12821],[-87.67533,45.12754],[-87.67487,45.12713],[-87.67474,45.12702],[-87.6745,45.12657],[-87.6744,45.12624],[-87.67438,45.12579],[-87.6744,45.12498],[-87.67391,45.12377],[-87.67294,45.12261],[-87.67251,45.12146],[-87.67245,45.12129],[-87.67186,45.12079],[-87.67159,45.12057],[-87.67132,45.12034],[-87.671,45.12007],[-87.67056,45.11983],[-87.67047,45.11979],[-87.66931,45.11914],[-87.66837,45.11872],[-87.6676,45.11835],[-87.66706,45.11808],[-87.66584,45.11695],[-87.66584,45.11695],[-87.66516,45.11628],[-87.6646,45.11573],[-87.66448,45.11561],[-87.66444,45.11558],[-87.6637,45.11485],[-87.66354,45.1147],[-87.66209,45.11332],[-87.6613,45.11257],[-87.66111,45.11187],[-87.66122,45.10965],[-87.66121,45.10907],[-87.66121,45.10834],[-87.66121,45.10828],[-87.66105,45.10818],[-87.66053,45.10786],[-87.66,45.10754],[-87.65995,45.10751],[-87.65924,45.10753],[-87.6587,45.10754],[-87.65817,45.10755],[-87.65714,45.10757],[-87.65674,45.10768],[-87.65445,45.10833],[-87.65251,45.10863],[-87.65141,45.10856],[-87.65057,45.10792],[-87.64899,45.10689],[-87.64829,45.10643],[-87.64819,45.10637],[-87.64788,45.10634],[-87.64576,45.10612],[-87.6424,45.10626],[-87.64017,45.10647],[-87.64004,45.10648],[-87.63829,45.10655],[-87.63803,45.10648],[-87.63611,45.10592],[-87.63581,45.10587],[-87.63577,45.10586],[-87.6348,45.10572],[-87.63409,45.10584],[-87.6332,45.10606],[-87.63298,45.10611],[-87.63275,45.10617],[-87.63272,45.10618],[-87.63153,45.10622],[-87.63068,45.10604],[-87.63001,45.10561],[-87.62958,45.10533],[-87.62888,45.10405],[-87.62772,45.10335],[-87.62653,45.10313],[-87.62649,45.10312],[-87.62519,45.10296],[-87.62512,45.10295],[-87.62262,45.10256],[-87.62194,45.10245],[-87.62165,45.10241],[-87.61924,45.10157],[-87.61495,45.10008],[-87.60831,45.09853],[-87.60411,45.09756],[-87.60331,45.09737],[-87.5983,45.0962],[-87.59585,45.09563],[-87.59341,45.09505],[-87.5928,45.09491],[-87.59219,45.09476],[-87.59188,45.09469],[-87.59021,45.09526],[-87.59016,45.09528],[-87.58549,45.09689],[-87.58539,45.09692],[-87.58528,45.09691],[-87.57792,45.09585],[-87.57564,45.09552],[-87.57328,45.09518],[-87.57091,45.09484],[-87.57039,45.09476],[-87.56987,45.09469],[-87.50763,45.08571],[-87.50011,45.08462],[-87.49916,45.08451],[-87.4982,45.08441],[-87.49449,45.08399],[-87.49077,45.08358],[-87.47376,45.08106],[-87.44276,45.07647],[-87.44251,45.07643],[-87.4402,45.08427],[-87.43923,45.08763],[-87.43242,45.11177],[-87.43046,45.11872],[-87.42843,45.12499],[-87.42604,45.13306],[-87.42576,45.134],[-87.40569,45.20197],[-87.37511,45.21497],[-87.31542,45.24066],[-87.30383,45.24998],[-87.27133,45.27535],[-87.25011,45.29192],[-87.2384,45.30034],[-87.22803,45.30836],[-87.22729,45.30893],[-87.19578,45.33342],[-87.17117,45.35254],[-87.15773,45.37042],[-87.1543,45.37498],[-87.15368,45.37579],[-87.12783,45.40949],[-87.12512,45.41301],[-87.11721,45.42331],[-87.10113,45.44423],[-87.07689,45.4442],[-87.00012,45.44412],[-86.96336,45.44404],[-86.93224,45.444],[-86.90471,45.44396],[-86.87512,45.44389],[-86.87198,45.4439],[-86.86135,45.44387],[-86.84104,45.4438],[-86.81883,45.44379],[-86.81528,45.44378],[-86.81476,45.44378],[-86.79722,45.44374],[-86.77799,45.44369],[-86.75651,45.44364],[-86.75424,45.44361],[-86.75414,45.44357],[-86.75395,45.4435],[-86.75012,45.44198],[-86.72543,45.4319],[-86.71725,45.42856],[-86.63945,45.39681],[-86.62512,45.39096],[-86.58572,45.37499],[-86.50011,45.33989],[-86.46452,45.32497],[-86.46412,45.32481],[-86.37511,45.28825],[-86.32576,45.2679],[-86.2823,45.24998],[-86.25137,45.23694],[-86.2501,45.2364],[-86.24955,45.23612],[-86.2501,45.23573],[-86.33111,45.18671],[-86.3751,45.16008],[-86.42968,45.12708],[-86.43313,45.12499],[-86.49993,45.0808],[-86.50011,45.08062],[-86.52821,45.05045],[-86.56551,45.01041],[-86.56921,45.00643],[-86.57485,45.00038],[-86.57521,45.0],[-86.61245,44.96042],[-86.6251,44.94697],[-86.63637,44.93483],[-86.68629,44.881],[-86.68902,44.875],[-86.69983,44.85077],[-86.73453,44.77307],[-86.73896,44.76316],[-86.74485,44.75],[-86.7501,44.7395],[-86.7784,44.67522],[-86.7787,44.67452],[-86.80053,44.62485],[-86.84693,44.51943],[-86.85518,44.50034],[-86.84769,44.50034],[-86.87456,44.4408],[-86.90272,44.37567],[-86.9234,44.32882],[-86.92482,44.32563],[-86.92786,44.31851],[-86.9311,44.31111],[-86.95802,44.24999],[-86.96396,44.23664],[-86.988,44.18265],[-86.99926,44.15671],[-87.00008,44.15482],[-87.00008,44.15487],[-87.00007,44.15544],[-87.00007,44.1564],[-87.00007,44.15687],[-87.00007,44.15937],[-87.00007,44.16324],[-87.00009,44.16321],[-87.00535,44.15071],[-87.01062,44.13819],[-87.01323,44.1319],[-87.01484,44.125],[-87.02107,44.10169],[-87.03043,44.06419],[-87.04625,44.0],[-87.04885,44.0],[-87.05164,43.98892],[-87.07534,43.89477],[-87.09311,43.82011],[-87.0943,43.81524],[-87.09685,43.80476],[-87.09704,43.80398],[-87.10523,43.77038],[-87.1102,43.75],[-87.11408,43.7342],[-87.1141,43.73411],[-87.12508,43.67045],[-87.12508,43.66652],[-87.12561,43.65952],[-87.12656,43.64691],[-87.12821,43.625],[-87.12849,43.62137],[-87.12951,43.60843],[-87.13478,43.54167],[-87.13478,43.54143],[-87.1349,43.53313],[-87.13497,43.52844],[-87.13647,43.50828],[-87.13708,43.5],[-87.13731,43.5],[-87.13778,43.5],[-87.13798,43.5],[-87.1382,43.5],[-87.13856,43.49514],[-87.13856,43.49512],[-87.13965,43.48054],[-87.14001,43.47568],[-87.14008,43.47483],[-87.14027,43.47228],[-87.14033,43.47144],[-87.14044,43.47],[-87.14105,43.46178],[-87.14717,43.37986],[-87.14659,43.375],[-87.14657,43.37488],[-87.13532,43.29811],[-87.12827,43.25001],[-87.12584,43.23462],[-87.12507,43.22975],[-87.12507,43.22774],[-87.12148,43.20586],[-87.1192,43.19197],[-87.11901,43.19082],[-87.1084,43.12501],[-87.10767,43.11824],[-87.10648,43.10932],[-87.10514,43.09927],[-87.10134,43.07089],[-87.09753,43.04232],[-87.09471,43.02116],[-87.09188,43.00001],[-87.08938,42.98264],[-87.08468,42.94995],[-87.07748,42.89988],[-87.0739,42.87502],[-87.07363,42.87302],[-87.06969,42.84411],[-87.06961,42.84349],[-87.06942,42.84215],[-87.06453,42.80686],[-87.05951,42.77094],[-87.0591,42.76793],[-87.05872,42.7652],[-87.05635,42.75002],[-87.05559,42.74472],[-87.0439,42.66373],[-87.0384,42.62502],[-87.03674,42.61287],[-87.02567,42.53193],[-87.0218,42.50367],[-87.0213,42.50002],[-87.02043,42.50003],[-87.01986,42.49376],[-87.01994,42.4935],[-87.12505,42.49368],[-87.16596,42.49364],[-87.2247,42.49359],[-87.25005,42.49357],[-87.37506,42.49382],[-87.50006,42.49352],[-87.60404,42.49304],[-87.62507,42.49295],[-87.74928,42.49269],[-87.75007,42.49269],[-87.75873,42.49249],[-87.78471,42.49191],[-87.79337,42.49172],[-87.79727,42.49192],[-87.79906,42.49192],[-87.80048,42.49192],[-87.80049,42.49192],[-87.80054,42.49192],[-87.80056,42.49192],[-87.80101,42.49203],[-87.80236,42.49235],[-87.80253,42.49239],[-87.8028,42.49246],[-87.80289,42.49248],[-87.80314,42.49254],[-87.80322,42.49257],[-87.8035,42.49257],[-87.80381,42.49258],[-87.8049,42.4926],[-87.80505,42.49261],[-87.80534,42.49261],[-87.80563,42.49261],[-87.80623,42.49262],[-87.80641,42.49262],[-87.80653,42.49262],[-87.80695,42.49263],[-87.80885,42.49266],[-87.80966,42.49266],[-87.8128,42.4927],[-87.8156,42.49273],[-87.81626,42.49274],[-87.8166,42.49274],[-87.81665,42.49274],[-87.81725,42.49275],[-87.81784,42.49276],[-87.82191,42.4928],[-87.82525,42.49284],[-87.82645,42.49285],[-87.8276,42.49287],[-87.8289,42.49288],[-87.8301,42.49289],[-87.83133,42.49291],[-87.83253,42.49292],[-87.83375,42.49293],[-87.83429,42.49294],[-87.83488,42.49294],[-87.8388,42.49299],[-87.8401,42.493],[-87.84265,42.49303],[-87.84286,42.49303],[-87.844,42.49304],[-87.84442,42.49305],[-87.84457,42.49305],[-87.84462,42.49305],[-87.84476,42.49305],[-87.84499,42.49306],[-87.8454,42.49306],[-87.84575,42.49307],[-87.84658,42.49308],[-87.84671,42.49308],[-87.84697,42.49308],[-87.84721,42.49309],[-87.84725,42.49309],[-87.84739,42.49309],[-87.84774,42.4931],[-87.84778,42.4931],[-87.84785,42.4931],[-87.84803,42.4931],[-87.84862,42.49311],[-87.8491,42.49311],[-87.85287,42.49317],[-87.85865,42.49325],[-87.86107,42.49328],[-87.86168,42.49329],[-87.86257,42.49331],[-87.86393,42.49333],[-87.86425,42.49333],[-87.86747,42.49338],[-87.87065,42.49343],[-87.87236,42.49346],[-87.87243,42.49346],[-87.87369,42.49348],[-87.87396,42.49349],[-87.87428,42.49349],[-87.87528,42.49351],[-87.88102,42.4936],[-87.88214,42.49362],[-87.883,42.49364],[-87.88337,42.49364],[-87.8841,42.49365],[-87.88571,42.49368],[-87.88654,42.4937],[-87.88664,42.4937],[-87.88666,42.4937],[-87.8867,42.4937],[-87.88676,42.4937],[-87.8868,42.4937],[-87.89179,42.49379],[-87.89299,42.49381],[-87.89767,42.49389],[-87.89799,42.4939],[-87.89819,42.4939],[-87.89953,42.49392],[-87.89968,42.49393],[-87.90238,42.49398],[-87.90281,42.49398],[-87.9082,42.49404],[-87.91198,42.49409],[-87.91699,42.49414],[-87.91711,42.49414],[-87.91729,42.49415],[-87.91738,42.49415],[-87.91746,42.49415],[-87.91753,42.49415],[-87.91878,42.49416],[-87.91897,42.49416],[-87.91916,42.49417],[-87.91925,42.49417],[-87.91939,42.49417],[-87.92246,42.4942],[-87.92514,42.49424],[-87.93137,42.49433],[-87.94956,42.49459],[-87.94963,42.49459],[-87.94984,42.49459],[-87.95009,42.49459],[-87.95013,42.49459],[-87.9502,42.49459],[-87.95091,42.4946],[-87.95103,42.49461],[-87.95159,42.49461],[-87.95463,42.49466],[-87.96177,42.49476],[-87.97158,42.49484],[-87.98098,42.49492],[-87.98132,42.49493],[-87.99007,42.49494],[-87.9904,42.49494],[-87.99133,42.49494],[-87.99709,42.49495],[-88.00243,42.49496],[-88.00314,42.49496],[-88.00328,42.49496],[-88.00328,42.49489],[-88.005,42.49491],[-88.00508,42.49491],[-88.01753,42.49504],[-88.01758,42.49505],[-88.02075,42.49507],[-88.02505,42.49511],[-88.027,42.49513],[-88.02713,42.49513],[-88.02725,42.49514],[-88.03056,42.49517],[-88.03059,42.49517],[-88.03797,42.49524],[-88.03798,42.49524],[-88.04226,42.49528],[-88.04252,42.49529],[-88.0496,42.49537],[-88.05107,42.49538],[-88.0587,42.49547],[-88.0589,42.49547],[-88.05918,42.49548],[-88.06192,42.49551],[-88.06206,42.49551],[-88.06506,42.49553],[-88.06843,42.49555],[-88.06847,42.49555],[-88.06876,42.49555],[-88.06894,42.49555],[-88.06975,42.49556],[-88.07008,42.49556],[-88.0771,42.49561],[-88.07772,42.49561],[-88.07868,42.49562],[-88.07889,42.49562],[-88.07954,42.49562],[-88.07976,42.49562],[-88.08043,42.49563],[-88.08065,42.49563],[-88.08073,42.49563],[-88.08098,42.49563],[-88.08107,42.49563],[-88.08141,42.49563],[-88.08242,42.49564],[-88.08277,42.49564],[-88.08289,42.49564],[-88.08327,42.49564],[-88.0834,42.49564],[-88.08997,42.49563],[-88.09006,42.49563],[-88.09087,42.49563],[-88.09174,42.49563],[-88.09421,42.49563],[-88.09719,42.49562],[-88.09845,42.49562],[-88.09931,42.49562],[-88.10018,42.49562],[-88.10099,42.49562],[-88.10134,42.49562],[-88.10148,42.49562],[-88.10222,42.49562],[-88.10316,42.49562],[-88.10388,42.49562],[-88.10749,42.49561],[-88.10833,42.49561],[-88.10869,42.49561],[-88.10877,42.49561],[-88.109,42.49561],[-88.10908,42.49561],[-88.10967,42.49561],[-88.11153,42.49561],[-88.11801,42.49561],[-88.12371,42.4956],[-88.12374,42.4956],[-88.12377,42.4956],[-88.12381,42.4956],[-88.12384,42.4956],[-88.12446,42.4956],[-88.12635,42.4956],[-88.12698,42.4956],[-88.1292,42.4956],[-88.13587,42.4956],[-88.1381,42.4956],[-88.13817,42.4956],[-88.1384,42.4956],[-88.13847,42.4956],[-88.13855,42.4956],[-88.1388,42.4956],[-88.13888,42.4956],[-88.13907,42.4956],[-88.13967,42.4956],[-88.13986,42.4956],[-88.14023,42.4956],[-88.14135,42.4956],[-88.14172,42.4956],[-88.14174,42.4956],[-88.1418,42.4956],[-88.14183,42.4956],[-88.14186,42.4956],[-88.14253,42.49559],[-88.14455,42.49558],[-88.14522,42.49558],[-88.14566,42.49557],[-88.14784,42.49556],[-88.14858,42.49555],[-88.15014,42.49554],[-88.15105,42.49554],[-88.15747,42.49551],[-88.1598,42.49548],[-88.16197,42.49546],[-88.17687,42.49534],[-88.17993,42.49532],[-88.18144,42.4953],[-88.1818,42.4953],[-88.18187,42.4953],[-88.18209,42.4953],[-88.18216,42.4953],[-88.18338,42.49528],[-88.18706,42.49525],[-88.1871,42.49525],[-88.18736,42.49525],[-88.18748,42.49525],[-88.18759,42.49525],[-88.18777,42.49525],[-88.18794,42.49524],[-88.18828,42.49524],[-88.19034,42.49522],[-88.19652,42.49516],[-88.1968,42.49516],[-88.19858,42.49514],[-88.19888,42.49514],[-88.19939,42.49513],[-88.19953,42.49513],[-88.20505,42.49518],[-88.20657,42.49517],[-88.21142,42.49513],[-88.21314,42.49512],[-88.21404,42.49511],[-88.21407,42.49511],[-88.2159,42.49507],[-88.21636,42.49505],[-88.21641,42.49505],[-88.21655,42.49504],[-88.2166,42.49504],[-88.21677,42.49504],[-88.21703,42.49504],[-88.21833,42.49503],[-88.21876,42.49503],[-88.21886,42.49503],[-88.22132,42.49503],[-88.2237,42.49503],[-88.2237,42.49504],[-88.22618,42.49502],[-88.22633,42.495],[-88.22788,42.49498],[-88.22862,42.49497],[-88.23135,42.49495],[-88.23178,42.49495],[-88.23326,42.49494],[-88.23428,42.49493],[-88.23789,42.4949],[-88.23979,42.49489],[-88.24295,42.4949],[-88.24327,42.4949],[-88.24645,42.49488],[-88.24745,42.49488],[-88.24749,42.49488],[-88.24752,42.49488],[-88.24774,42.49488],[-88.24781,42.49488],[-88.24827,42.49488],[-88.24964,42.49489],[-88.2501,42.49489],[-88.25115,42.49489],[-88.25242,42.49488],[-88.25403,42.49487],[-88.25703,42.49489],[-88.25829,42.49487],[-88.25939,42.49482],[-88.2601,42.49479],[-88.26171,42.49473],[-88.26244,42.49473],[-88.26464,42.49471],[-88.26537,42.49471],[-88.26591,42.4947],[-88.26714,42.49469],[-88.26755,42.49469],[-88.26766,42.49469],[-88.26809,42.49469],[-88.26832,42.49469],[-88.26854,42.49469],[-88.26902,42.49469],[-88.26926,42.4947],[-88.26951,42.49469],[-88.26978,42.49468],[-88.2701,42.49468],[-88.27028,42.49468],[-88.27042,42.49468],[-88.27054,42.49469],[-88.27057,42.49469],[-88.27066,42.49469],[-88.2707,42.49469],[-88.27089,42.4947],[-88.27104,42.4947],[-88.27113,42.4947],[-88.27147,42.49471],[-88.27166,42.49472],[-88.27186,42.49474],[-88.27246,42.4948],[-88.27266,42.49482],[-88.27271,42.49482],[-88.27285,42.49482],[-88.27289,42.49482],[-88.27323,42.49482],[-88.27425,42.49482],[-88.27459,42.49482],[-88.27504,42.49482],[-88.27641,42.49482],[-88.27686,42.49482],[-88.27715,42.49482],[-88.27739,42.49482],[-88.27743,42.49482],[-88.27785,42.49482],[-88.27846,42.49482],[-88.27897,42.49482],[-88.27929,42.49482],[-88.27949,42.49482],[-88.27955,42.49483],[-88.27959,42.49482],[-88.27988,42.49481],[-88.27997,42.49481],[-88.281,42.4948],[-88.28134,42.4948],[-88.28157,42.4948],[-88.28181,42.4948],[-88.28408,42.49478],[-88.285,42.49477],[-88.2851,42.49477],[-88.28863,42.49474],[-88.29921,42.49465],[-88.30195,42.49463],[-88.3024,42.49462],[-88.30259,42.49462],[-88.30273,42.49462],[-88.30296,42.49462],[-88.30319,42.49462],[-88.30349,42.49462],[-88.30439,42.49462],[-88.30469,42.49462],[-88.31029,42.49462],[-88.31122,42.49462],[-88.31128,42.49462],[-88.31156,42.49462],[-88.31188,42.49462],[-88.31192,42.49462],[-88.31533,42.49462],[-88.31572,42.49462],[-88.31588,42.49462],[-88.31612,42.49462],[-88.31647,42.49462],[-88.31657,42.49462],[-88.31757,42.49462],[-88.31763,42.49462],[-88.31851,42.49462],[-88.32003,42.49462],[-88.32194,42.49462],[-88.3225,42.49462],[-88.32269,42.49462],[-88.32311,42.49462],[-88.32437,42.49462],[-88.32479,42.49462],[-88.32529,42.49462],[-88.32679,42.49462],[-88.32729,42.49462],[-88.32753,42.49462],[-88.32825,42.49462],[-88.32849,42.49462],[-88.32895,42.49462],[-88.32936,42.49462],[-88.33024,42.49462],[-88.3303,42.49462],[-88.33076,42.49462],[-88.33153,42.49462],[-88.33383,42.49462],[-88.33459,42.49462],[-88.33466,42.49462],[-88.33485,42.49462],[-88.33491,42.49462],[-88.33575,42.49462],[-88.33826,42.49462],[-88.33909,42.49462],[-88.34396,42.49462],[-88.35499,42.49462],[-88.35519,42.49462],[-88.37509,42.49452],[-88.3784,42.49452],[-88.38999,42.49452],[-88.39059,42.49452],[-88.39291,42.49453],[-88.40924,42.49462],[-88.41311,42.49462],[-88.41347,42.49462],[-88.41844,42.49461],[-88.42059,42.4946],[-88.42149,42.49461],[-88.42172,42.49467],[-88.42189,42.49467],[-88.42201,42.4946],[-88.42203,42.49459],[-88.42214,42.49454],[-88.42224,42.4945],[-88.42232,42.4945],[-88.4225,42.49453],[-88.42251,42.49453],[-88.4226,42.49455],[-88.42273,42.49457],[-88.42302,42.49459],[-88.42341,42.4946],[-88.43163,42.49467],[-88.43199,42.49467],[-88.43729,42.49471],[-88.43733,42.49471],[-88.43961,42.49472],[-88.44232,42.49473],[-88.44689,42.49475],[-88.44707,42.49475],[-88.4533,42.49477],[-88.45369,42.49477],[-88.45408,42.49477],[-88.455,42.49477],[-88.4577,42.49478],[-88.45977,42.49479],[-88.46012,42.49479],[-88.46181,42.4948],[-88.46183,42.4948],[-88.46186,42.4948],[-88.46194,42.49479],[-88.46197,42.49479],[-88.4637,42.49476],[-88.46887,42.49465],[-88.4706,42.49462],[-88.4713,42.49462],[-88.47162,42.49462],[-88.47169,42.49462],[-88.47201,42.49462],[-88.47404,42.49462],[-88.47497,42.49462],[-88.47607,42.49462],[-88.47806,42.49462],[-88.47903,42.49462],[-88.48402,42.49462],[-88.48601,42.49462],[-88.4861,42.49462],[-88.496,42.49462],[-88.49603,42.49462],[-88.4978,42.49462],[-88.5001,42.49478],[-88.5015,42.49477],[-88.50572,42.49478],[-88.50713,42.49478],[-88.50733,42.49481],[-88.50735,42.49481],[-88.50741,42.49481],[-88.50743,42.49481],[-88.50744,42.49481],[-88.50749,42.49481],[-88.50751,42.49481],[-88.50762,42.49481],[-88.51576,42.49481],[-88.51593,42.49481],[-88.52571,42.49492],[-88.52863,42.49493],[-88.5374,42.49496],[-88.54019,42.49496],[-88.54033,42.49496],[-88.54035,42.49496],[-88.54048,42.49496],[-88.55022,42.49497],[-88.55919,42.495],[-88.55982,42.495],[-88.56052,42.49501],[-88.56262,42.49501],[-88.56332,42.49501],[-88.56396,42.49501],[-88.56588,42.49501],[-88.56652,42.49501],[-88.56667,42.49501],[-88.56967,42.49501],[-88.58339,42.49501],[-88.58938,42.49502],[-88.5896,42.49503],[-88.58987,42.49503],[-88.59628,42.49505],[-88.597,42.49505],[-88.59941,42.49506],[-88.60428,42.49508],[-88.60497,42.49508],[-88.6059,42.49509],[-88.60669,42.49509],[-88.60737,42.49509],[-88.61908,42.49507],[-88.62311,42.49505],[-88.629,42.49504],[-88.63864,42.49498],[-88.64383,42.49493],[-88.6459,42.4949],[-88.65605,42.49484],[-88.658,42.49482],[-88.65836,42.49482],[-88.65848,42.49481],[-88.66079,42.49476],[-88.66594,42.49462],[-88.66834,42.49457],[-88.6708,42.4945],[-88.67821,42.49429],[-88.67828,42.49428],[-88.68061,42.49423],[-88.68534,42.49411],[-88.68705,42.49407],[-88.68815,42.49405],[-88.69788,42.49382],[-88.70438,42.49367],[-88.70738,42.4936],[-88.70742,42.4936],[-88.71014,42.49352],[-88.7123,42.49348],[-88.71278,42.49346],[-88.71412,42.49342],[-88.71954,42.49327],[-88.7218,42.49321],[-88.72199,42.49321],[-88.72209,42.49321],[-88.72246,42.4932],[-88.72332,42.49317],[-88.72365,42.49316],[-88.7259,42.4931],[-88.72676,42.49308],[-88.72689,42.49307],[-88.72729,42.49306],[-88.72742,42.49306],[-88.72841,42.49303],[-88.73137,42.49293],[-88.73236,42.4929],[-88.73239,42.4929],[-88.73248,42.4929],[-88.73252,42.4929],[-88.73332,42.49287],[-88.73572,42.49279],[-88.73652,42.49276],[-88.73665,42.49276],[-88.73703,42.49274],[-88.73711,42.49274],[-88.73716,42.49274],[-88.73727,42.49274],[-88.73894,42.49268],[-88.74427,42.49249],[-88.74605,42.49243],[-88.74624,42.49243],[-88.74683,42.49241],[-88.74703,42.49241],[-88.75069,42.49233],[-88.76168,42.49208],[-88.76534,42.492],[-88.76614,42.49198],[-88.76852,42.49195],[-88.7687,42.49194],[-88.76931,42.49194],[-88.77077,42.49194],[-88.77514,42.49192],[-88.77652,42.49191],[-88.77659,42.49191],[-88.79493,42.49199],[-88.80102,42.49205],[-88.80415,42.49207],[-88.81396,42.49217],[-88.81647,42.49221],[-88.81991,42.49228],[-88.82501,42.49238],[-88.8256,42.4924],[-88.8338,42.49263],[-88.85051,42.49304],[-88.85259,42.49305],[-88.86073,42.49351],[-88.86075,42.49351],[-88.86227,42.49355],[-88.86241,42.49355],[-88.86421,42.49358],[-88.86511,42.4936],[-88.86516,42.4936],[-88.8682,42.49366],[-88.86925,42.49367],[-88.86936,42.49368],[-88.87464,42.49378],[-88.87511,42.49379],[-88.87913,42.49382],[-88.87915,42.49382],[-88.88484,42.49396],[-88.88486,42.49396],[-88.88725,42.49401],[-88.88726,42.49401],[-88.88818,42.49402],[-88.88947,42.49406],[-88.88949,42.49406],[-88.89455,42.49417],[-88.89458,42.49417],[-88.90632,42.4944],[-88.918,42.49463],[-88.91845,42.49464],[-88.91846,42.49464],[-88.92019,42.49467],[-88.92101,42.49471],[-88.92129,42.49473],[-88.92377,42.49476],[-88.92391,42.49477],[-88.93177,42.49489],[-88.93456,42.49494],[-88.94032,42.49504],[-88.94035,42.49504],[-88.94039,42.49504],[-88.94088,42.49506],[-88.94237,42.4951],[-88.94287,42.49512],[-88.94333,42.49512],[-88.94351,42.49512],[-88.94353,42.49512],[-88.94357,42.49512],[-88.9436,42.49512],[-88.95055,42.49525],[-88.95189,42.49527],[-88.96479,42.4955],[-88.96497,42.49551],[-88.97598,42.4957],[-88.97612,42.49571],[-88.97761,42.49574],[-88.97783,42.49574],[-88.97821,42.49575],[-88.97848,42.49575],[-88.97886,42.49576],[-88.97892,42.49576],[-88.97909,42.49576],[-88.97915,42.49577],[-88.97922,42.49577],[-88.97942,42.49577],[-88.97949,42.49577],[-88.97952,42.49577],[-88.97961,42.49577],[-88.97964,42.49578],[-88.98083,42.4958],[-88.98441,42.49587],[-88.9856,42.49589],[-88.9868,42.49591],[-88.99041,42.49598],[-88.99102,42.49599],[-88.99161,42.49601],[-88.99179,42.49601],[-88.99231,42.49601],[-88.99247,42.49601],[-88.99248,42.49601],[-88.9925,42.49601],[-88.99256,42.49601],[-88.99258,42.49601],[-88.99261,42.49601],[-88.9927,42.49601],[-88.99288,42.49601],[-88.99294,42.49601],[-88.99298,42.49601],[-88.99391,42.49602],[-88.99774,42.49603],[-88.99778,42.49603],[-88.99793,42.49603],[-88.99797,42.49604],[-88.99841,42.49604],[-88.99971,42.49604],[-89.00015,42.49604],[-89.00017,42.49604],[-89.0002,42.49604],[-89.00022,42.49604],[-89.00037,42.49604],[-89.00068,42.49603],[-89.00082,42.49603],[-89.00097,42.49604],[-89.00103,42.49604],[-89.0012,42.49604],[-89.00126,42.49604],[-89.00136,42.49604],[-89.00138,42.49604],[-89.00166,42.49604],[-89.00175,42.49604],[-89.0018,42.49604],[-89.00195,42.49604],[-89.002,42.49604],[-89.00206,42.49604],[-89.00224,42.49604],[-89.0023,42.49604],[-89.00237,42.49604],[-89.00258,42.49604],[-89.00265,42.49604],[-89.00266,42.49604],[-89.0027,42.49604],[-89.00272,42.49605],[-89.003,42.49605],[-89.00385,42.49605],[-89.00414,42.49605],[-89.00446,42.49605],[-89.00474,42.49605],[-89.00545,42.49606],[-89.00578,42.49606],[-89.00634,42.49607],[-89.00757,42.49608],[-89.00804,42.49608],[-89.00861,42.49608],[-89.0087,42.49608],[-89.00898,42.49608],[-89.00907,42.49608],[-89.00924,42.49608],[-89.00973,42.49609],[-89.0099,42.49609],[-89.01002,42.49609],[-89.01041,42.49609],[-89.01054,42.49609],[-89.01075,42.49609],[-89.01136,42.49609],[-89.01139,42.49609],[-89.01157,42.49609],[-89.01159,42.49609],[-89.01165,42.49609],[-89.01167,42.49609],[-89.01175,42.49609],[-89.01202,42.4961],[-89.01211,42.4961],[-89.01222,42.4961],[-89.01255,42.4961],[-89.01266,42.4961],[-89.01286,42.4961],[-89.01344,42.49611],[-89.01364,42.49611],[-89.01369,42.49611],[-89.01386,42.49612],[-89.01391,42.49612],[-89.01413,42.49612],[-89.01478,42.49612],[-89.01499,42.49612],[-89.01872,42.4961],[-89.01985,42.49609],[-89.02003,42.49609],[-89.02014,42.49609],[-89.022,42.49609],[-89.02461,42.49611],[-89.02478,42.49611],[-89.02497,42.49611],[-89.02532,42.49611],[-89.02623,42.49612],[-89.02691,42.49612],[-89.02996,42.49614],[-89.03074,42.49615],[-89.03181,42.49616],[-89.03656,42.49618],[-89.03815,42.49618],[-89.03867,42.49618],[-89.03976,42.49619],[-89.03984,42.49619],[-89.04009,42.49619],[-89.04018,42.49619],[-89.04087,42.49619],[-89.04147,42.4962],[-89.04175,42.49619],[-89.04198,42.49619],[-89.04205,42.49619],[-89.04212,42.4962],[-89.0423,42.4962],[-89.04249,42.4962],[-89.04264,42.4962],[-89.04281,42.4962],[-89.04363,42.49621],[-89.04381,42.49622],[-89.04436,42.49623],[-89.04603,42.49622],[-89.04659,42.49622],[-89.04683,42.49622],[-89.04756,42.49622],[-89.04781,42.49622],[-89.04805,42.49622],[-89.04879,42.49622],[-89.04904,42.49622],[-89.04929,42.49622],[-89.05004,42.49623],[-89.0503,42.49623],[-89.05055,42.49623],[-89.0513,42.49623],[-89.05155,42.49623],[-89.0518,42.49623],[-89.05255,42.49623],[-89.0528,42.49623],[-89.05302,42.49623],[-89.05369,42.49623],[-89.05391,42.49623],[-89.05407,42.49623],[-89.05454,42.49623],[-89.0547,42.49623],[-89.05477,42.49623],[-89.05496,42.49623],[-89.05503,42.49623],[-89.05525,42.49623],[-89.05592,42.49623],[-89.05614,42.49623],[-89.05618,42.49623],[-89.05631,42.49623],[-89.05636,42.49623],[-89.05654,42.49623],[-89.05708,42.49623],[-89.05726,42.49623],[-89.05756,42.49623],[-89.05846,42.49623],[-89.05876,42.49623],[-89.05896,42.49623],[-89.05957,42.49623],[-89.05978,42.49623],[-89.06007,42.49623],[-89.06094,42.49624],[-89.06123,42.49624],[-89.06149,42.49624],[-89.06226,42.49624],[-89.06252,42.49624],[-89.06275,42.49625],[-89.06345,42.49625],[-89.06369,42.49625],[-89.06416,42.49625],[-89.06557,42.49625],[-89.06604,42.49625],[-89.06621,42.49625],[-89.06632,42.49625],[-89.06716,42.49625],[-89.06744,42.49625],[-89.06794,42.49625],[-89.06943,42.49626],[-89.06969,42.49626],[-89.06993,42.49626],[-89.07001,42.49626],[-89.07027,42.49626],[-89.07035,42.49626],[-89.07043,42.49626],[-89.07068,42.49626],[-89.07076,42.49626],[-89.07115,42.49621],[-89.07252,42.49622],[-89.07779,42.49628],[-89.07955,42.4963],[-89.08342,42.49634],[-89.09504,42.49647],[-89.09891,42.49652],[-89.09891,42.49656],[-89.09891,42.49663],[-89.09898,42.49663],[-89.09902,42.49663],[-89.0992,42.49663],[-89.09973,42.49664],[-89.09991,42.49664],[-89.10029,42.49664],[-89.10141,42.49666],[-89.10179,42.49666],[-89.10347,42.49668],[-89.10852,42.49674],[-89.11021,42.49676],[-89.11027,42.49671],[-89.11125,42.49674],[-89.11441,42.49683],[-89.11547,42.49686],[-89.11574,42.49686],[-89.11654,42.49688],[-89.11681,42.49688],[-89.11684,42.49689],[-89.11692,42.4969],[-89.11695,42.49691],[-89.11703,42.4969],[-89.11728,42.49687],[-89.11737,42.49686],[-89.11747,42.49686],[-89.11778,42.49685],[-89.11789,42.49685],[-89.11793,42.49687],[-89.11804,42.49691],[-89.11808,42.49693],[-89.11814,42.49692],[-89.11832,42.4969],[-89.11838,42.4969],[-89.11842,42.49689],[-89.11853,42.49689],[-89.11857,42.49689],[-89.12011,42.49691],[-89.12025,42.49691],[-89.12046,42.49692],[-89.12061,42.49692],[-89.12342,42.49696],[-89.12486,42.49699],[-89.12502,42.49699],[-89.12504,42.49699],[-89.12511,42.49696],[-89.12532,42.49698],[-89.12595,42.49704],[-89.12616,42.49707],[-89.12619,42.49707],[-89.12688,42.49707],[-89.12904,42.49708],[-89.12976,42.49709],[-89.12992,42.49709],[-89.13274,42.4971],[-89.14167,42.49715],[-89.14465,42.49716],[-89.14611,42.49717],[-89.1505,42.49719],[-89.15196,42.4972],[-89.15265,42.4972],[-89.153,42.49721],[-89.15411,42.49721],[-89.15611,42.49724],[-89.15715,42.49725],[-89.15865,42.49725],[-89.16315,42.49726],[-89.16466,42.49726],[-89.165,42.49726],[-89.16602,42.49727],[-89.16636,42.49727],[-89.16637,42.49727],[-89.16642,42.49727],[-89.16644,42.49727],[-89.1665,42.49727],[-89.16658,42.49727],[-89.16669,42.49726],[-89.16672,42.49726],[-89.16675,42.49725],[-89.1669,42.49725],[-89.16736,42.49726],[-89.16751,42.49727],[-89.17361,42.49737],[-89.18263,42.49752],[-89.18417,42.49753],[-89.18908,42.49758],[-89.18939,42.49759],[-89.19154,42.49761],[-89.19399,42.49764],[-89.1965,42.49766],[-89.19787,42.49768],[-89.19808,42.49768],[-89.1989,42.49769],[-89.2038,42.49773],[-89.20871,42.49778],[-89.2136,42.49784],[-89.2185,42.49791],[-89.2191,42.49791],[-89.2234,42.49796],[-89.22418,42.49797],[-89.22544,42.49794],[-89.22633,42.49792],[-89.22665,42.49792],[-89.22761,42.49793],[-89.22793,42.49793],[-89.22801,42.49793],[-89.22996,42.49796],[-89.23606,42.49804],[-89.23809,42.49807],[-89.23842,42.49807],[-89.2394,42.49807],[-89.23972,42.49808],[-89.23983,42.49808],[-89.24015,42.49808],[-89.24025,42.49808],[-89.24036,42.49808],[-89.2407,42.49808],[-89.24081,42.49809],[-89.24175,42.49809],[-89.24457,42.49811],[-89.24551,42.49812],[-89.2458,42.49812],[-89.24668,42.49813],[-89.24697,42.49813],[-89.24714,42.49813],[-89.24763,42.49813],[-89.24779,42.49813],[-89.24791,42.49813],[-89.25011,42.49813],[-89.25076,42.49799],[-89.2519,42.49802],[-89.25198,42.49802],[-89.26045,42.49815],[-89.26074,42.49816],[-89.26102,42.49816],[-89.2621,42.49818],[-89.26219,42.49818],[-89.26233,42.49818],[-89.26241,42.49818],[-89.26254,42.49819],[-89.26267,42.49819],[-89.29103,42.49886],[-89.29106,42.49886],[-89.29126,42.4989],[-89.29143,42.49892],[-89.29153,42.49892],[-89.29367,42.49895],[-89.29491,42.49897],[-89.30012,42.49905],[-89.30226,42.49908],[-89.30321,42.4991],[-89.30604,42.49914],[-89.30698,42.49916],[-89.30796,42.49917],[-89.3109,42.49922],[-89.31188,42.49924],[-89.31436,42.49928],[-89.3218,42.4994],[-89.32428,42.49945],[-89.32435,42.49945],[-89.32458,42.49945],[-89.32466,42.49945],[-89.32526,42.49946],[-89.32706,42.4995],[-89.32766,42.49951],[-89.32893,42.49953],[-89.33275,42.4996],[-89.33402,42.49962],[-89.3341,42.49962],[-89.33432,42.49963],[-89.33439,42.49963],[-89.33491,42.49963],[-89.33645,42.49966],[-89.33696,42.49967],[-89.33747,42.49968],[-89.33898,42.4997],[-89.33948,42.49971],[-89.34084,42.49973],[-89.34381,42.49978],[-89.34491,42.4998],[-89.34627,42.49983],[-89.34771,42.49985],[-89.35204,42.49993],[-89.35349,42.49995],[-89.35358,42.49995],[-89.3543,42.49996],[-89.35673,42.49998],[-89.35754,42.49999],[-89.35842,42.5],[-89.36108,42.50003],[-89.36197,42.50004],[-89.36279,42.50004],[-89.36342,42.50005],[-89.36522,42.50007],[-89.3658,42.50008],[-89.3669,42.50009],[-89.36774,42.5001],[-89.36827,42.50011],[-89.3706,42.50013],[-89.3713,42.50014],[-89.37175,42.50016],[-89.37236,42.50016],[-89.37379,42.50017],[-89.37441,42.50019],[-89.37491,42.50018],[-89.37798,42.50023],[-89.37986,42.50023],[-89.3805,42.50025],[-89.38114,42.50025],[-89.38209,42.50028],[-89.38263,42.50027],[-89.38293,42.50028],[-89.38331,42.50031],[-89.38402,42.50031],[-89.38487,42.50032],[-89.3854,42.50032],[-89.38707,42.50035],[-89.39126,42.50042],[-89.39175,42.50042],[-89.3931,42.50044],[-89.39321,42.50045],[-89.3937,42.50046],[-89.394,42.50046],[-89.39489,42.50048],[-89.39519,42.50049],[-89.39543,42.50049],[-89.39616,42.50051],[-89.39643,42.50051],[-89.39862,42.50056],[-89.39962,42.50056],[-89.40006,42.50056],[-89.40016,42.50056],[-89.40087,42.50056],[-89.4014,42.50055],[-89.40142,42.50055],[-89.40236,42.50056],[-89.40519,42.5006],[-89.40613,42.50061],[-89.40649,42.50061],[-89.40756,42.50063],[-89.40792,42.50063],[-89.40832,42.50064],[-89.40955,42.50065],[-89.40995,42.50066],[-89.41114,42.50067],[-89.4118,42.50068],[-89.41736,42.50075],[-89.41921,42.50078],[-89.41957,42.50078],[-89.42063,42.5008],[-89.42097,42.5008],[-89.42099,42.5008],[-89.4211,42.50082],[-89.42155,42.50083],[-89.42322,42.50085],[-89.42369,42.50086],[-89.42377,42.50083],[-89.4238,42.50083],[-89.42389,42.50083],[-89.42392,42.50084],[-89.42514,42.50085],[-89.43077,42.5009],[-89.43576,42.50094],[-89.44026,42.50099],[-89.4417,42.50101],[-89.44397,42.50105],[-89.45004,42.50113],[-89.45507,42.50118],[-89.45801,42.5012],[-89.45988,42.50122],[-89.46372,42.50127],[-89.46924,42.50133],[-89.47419,42.5014],[-89.4785,42.50147],[-89.47869,42.50147],[-89.48345,42.50154],[-89.48364,42.50154],[-89.48416,42.50155],[-89.49118,42.50152],[-89.49261,42.50151],[-89.49302,42.50151],[-89.49322,42.50151],[-89.49842,42.50159],[-89.50262,42.50163],[-89.50297,42.50163],[-89.50787,42.50177],[-89.50881,42.50178],[-89.51213,42.50188],[-89.51278,42.50188],[-89.51647,42.50188],[-89.52005,42.50195],[-89.52058,42.50196],[-89.52092,42.50196],[-89.52193,42.50197],[-89.52227,42.50197],[-89.52381,42.50198],[-89.52843,42.50201],[-89.52997,42.50202],[-89.53244,42.50206],[-89.53985,42.50219],[-89.54232,42.50223],[-89.54239,42.50223],[-89.54617,42.5023],[-89.55774,42.50249],[-89.56159,42.50256],[-89.56184,42.50256],[-89.56261,42.50258],[-89.56286,42.50258],[-89.56306,42.50259],[-89.56365,42.5026],[-89.56384,42.50261],[-89.5641,42.50263],[-89.56489,42.50269],[-89.56515,42.50271],[-89.56691,42.50276],[-89.57219,42.50289],[-89.57307,42.50291],[-89.57395,42.50294],[-89.57429,42.50295],[-89.57454,42.50296],[-89.57473,42.50297],[-89.57558,42.50299],[-89.57671,42.50302],[-89.57698,42.50302],[-89.57709,42.50301],[-89.57788,42.50295],[-89.57797,42.50294],[-89.57807,42.50293],[-89.57824,42.50292],[-89.57827,42.50292],[-89.57833,42.50293],[-89.57846,42.50294],[-89.57848,42.50294],[-89.57867,42.50297],[-89.57885,42.50301],[-89.57898,42.50303],[-89.57901,42.50304],[-89.57923,42.50308],[-89.57947,42.5031],[-89.57951,42.5031],[-89.58111,42.50316],[-89.58164,42.50318],[-89.58403,42.50325],[-89.5842,42.50326],[-89.5919,42.5035],[-89.59373,42.50355],[-89.59447,42.50357],[-89.59483,42.50356],[-89.59592,42.50353],[-89.59628,42.50352],[-89.59632,42.50352],[-89.59701,42.50352],[-89.59886,42.50353],[-89.59919,42.50353],[-89.59952,42.50353],[-89.59987,42.5037],[-89.59995,42.50374],[-89.6,42.50376],[-89.60003,42.50376],[-89.60011,42.50378],[-89.60043,42.50377],[-89.60057,42.50377],[-89.60075,42.50377],[-89.60127,42.50376],[-89.60134,42.50376],[-89.60144,42.50372],[-89.60149,42.5037],[-89.60185,42.5037],[-89.60311,42.50372],[-89.60353,42.50372],[-89.60437,42.50371],[-89.60634,42.50367],[-89.60637,42.50367],[-89.6069,42.50369],[-89.60766,42.50372],[-89.60774,42.50372],[-89.60795,42.50373],[-89.60859,42.50375],[-89.6088,42.50376],[-89.60925,42.50377],[-89.60946,42.50378],[-89.61143,42.50384],[-89.61193,42.50385],[-89.61209,42.50386],[-89.61234,42.50389],[-89.61307,42.50399],[-89.61332,42.50402],[-89.61387,42.50403],[-89.61554,42.50407],[-89.6161,42.50408],[-89.61977,42.50416],[-89.62325,42.50425],[-89.6308,42.50439],[-89.63447,42.50446],[-89.63472,42.50447],[-89.63546,42.50448],[-89.63571,42.50448],[-89.63744,42.50452],[-89.64265,42.50461],[-89.64387,42.50463],[-89.644,42.50462],[-89.64414,42.5046],[-89.64426,42.50456],[-89.64437,42.50452],[-89.64499,42.50453],[-89.64686,42.50456],[-89.64748,42.50457],[-89.64762,42.50457],[-89.64771,42.50458],[-89.64805,42.50458],[-89.64819,42.50458],[-89.64821,42.50458],[-89.64828,42.50458],[-89.6483,42.50458],[-89.64833,42.50458],[-89.64868,42.50459],[-89.64982,42.50463],[-89.6502,42.50464],[-89.65029,42.50462],[-89.65055,42.50456],[-89.65065,42.50454],[-89.65066,42.50455],[-89.6507,42.50457],[-89.65072,42.50458],[-89.65079,42.50464],[-89.65088,42.50468],[-89.651,42.5047],[-89.65109,42.50471],[-89.6541,42.50475],[-89.65418,42.50475],[-89.66436,42.50489],[-89.66778,42.50494],[-89.66808,42.50495],[-89.669,42.50499],[-89.6693,42.505],[-89.66941,42.505],[-89.66951,42.50501],[-89.66972,42.50503],[-89.66982,42.50504],[-89.67391,42.50507],[-89.68619,42.50513],[-89.69028,42.50516],[-89.69085,42.50516],[-89.69256,42.50517],[-89.69293,42.50518],[-89.69313,42.50518],[-89.69331,42.50517],[-89.69385,42.50514],[-89.69403,42.50513],[-89.69911,42.50515],[-89.71433,42.5052],[-89.7194,42.50522],[-89.72235,42.50522],[-89.73122,42.50525],[-89.73418,42.50525],[-89.73582,42.50529],[-89.74076,42.50541],[-89.7424,42.50544],[-89.7428,42.50544],[-89.74399,42.50544],[-89.74439,42.50544],[-89.74553,42.50543],[-89.74898,42.50542],[-89.75012,42.50542],[-89.75026,42.50542],[-89.75067,42.50541],[-89.75072,42.50541],[-89.75081,42.50541],[-89.75382,42.50541],[-89.76287,42.50541],[-89.76588,42.50541],[-89.76747,42.50541],[-89.76848,42.50542],[-89.76848,42.50533],[-89.76964,42.50542],[-89.76971,42.50542],[-89.78044,42.50548],[-89.78311,42.5055],[-89.78976,42.50553],[-89.79115,42.50555],[-89.79382,42.50557],[-89.79404,42.50555],[-89.7947,42.50548],[-89.79483,42.50547],[-89.79493,42.50546],[-89.79513,42.50546],[-89.79533,42.50546],[-89.79594,42.50547],[-89.79897,42.50551],[-89.79998,42.50552],[-89.80013,42.50552],[-89.8006,42.50553],[-89.80075,42.50553],[-89.80101,42.50553],[-89.80178,42.50554],[-89.80204,42.50554],[-89.80232,42.50554],[-89.80314,42.50555],[-89.80341,42.50555],[-89.80482,42.50556],[-89.80563,42.50556],[-89.80905,42.50562],[-89.80935,42.50563],[-89.81045,42.50563],[-89.81065,42.50563],[-89.81123,42.50563],[-89.81143,42.50563],[-89.81394,42.50565],[-89.82147,42.50568],[-89.82398,42.50569],[-89.82469,42.50569],[-89.82681,42.5057],[-89.82752,42.50571],[-89.82788,42.50571],[-89.82897,42.50571],[-89.82933,42.50571],[-89.82964,42.50571],[-89.83057,42.50572],[-89.83088,42.50572],[-89.83146,42.50572],[-89.83319,42.50572],[-89.83376,42.50572],[-89.83453,42.50572],[-89.83521,42.50573],[-89.83682,42.50572],[-89.83759,42.50571],[-89.83885,42.5057],[-89.84263,42.50567],[-89.84389,42.50566],[-89.84451,42.50566],[-89.84462,42.50566],[-89.84679,42.50569],[-89.84752,42.50571],[-89.84783,42.50571],[-89.84875,42.50572],[-89.84905,42.50573],[-89.85261,42.50574],[-89.85747,42.50575],[-89.86329,42.50572],[-89.86685,42.5057],[-89.86727,42.5057],[-89.86794,42.50569],[-89.8689,42.5057],[-89.87504,42.50573],[-89.8771,42.50575],[-89.8786,42.50575],[-89.88313,42.50576],[-89.88463,42.50577],[-89.88606,42.50577],[-89.8869,42.50577],[-89.89032,42.50578],[-89.89175,42.50578],[-89.89275,42.50578],[-89.89579,42.50579],[-89.8968,42.50579],[-89.89801,42.5058],[-89.90165,42.50581],[-89.9021,42.50582],[-89.90286,42.50581],[-89.90361,42.50581],[-89.90585,42.50579],[-89.90608,42.50579],[-89.9066,42.50579],[-89.90665,42.50579],[-89.9102,42.50578],[-89.91235,42.50578],[-89.91966,42.50579],[-89.92101,42.50579],[-89.92462,42.50578],[-89.92494,42.50578],[-89.9259,42.50578],[-89.92622,42.50578],[-89.92647,42.50577],[-89.92701,42.50577],[-89.92719,42.50577],[-89.92821,42.50577],[-89.92841,42.50577],[-89.92982,42.50577],[-89.93313,42.50575],[-89.93731,42.50573],[-89.93844,42.50573],[-89.94149,42.50571],[-89.94464,42.50569],[-89.94586,42.50569],[-89.94641,42.50569],[-89.95105,42.50567],[-89.95348,42.50566],[-89.95354,42.50566],[-89.95419,42.50565],[-89.95465,42.50565],[-89.95472,42.50565],[-89.95524,42.50565],[-89.95545,42.50567],[-89.95553,42.50567],[-89.95559,42.50568],[-89.95648,42.50574],[-89.95662,42.50575],[-89.95848,42.50578],[-89.95915,42.50578],[-89.96124,42.50585],[-89.96435,42.50592],[-89.96513,42.50595],[-89.9654,42.50597],[-89.96545,42.50597],[-89.96616,42.506],[-89.96629,42.506],[-89.96788,42.50604],[-89.96949,42.50609],[-89.97089,42.50613],[-89.97291,42.50621],[-89.97386,42.50625],[-89.97618,42.50632],[-89.98044,42.50642],[-89.98066,42.50642],[-89.9816,42.50643],[-89.9826,42.50648],[-89.98486,42.50651],[-89.98536,42.50652],[-89.9855,42.50654],[-89.98555,42.50655],[-89.98576,42.50659],[-89.98597,42.50665],[-89.99723,42.5068],[-89.99734,42.5068],[-89.99936,42.50685],[-89.99957,42.50689],[-90.00014,42.50681],[-90.0082,42.50692],[-90.01673,42.50716],[-90.01703,42.50713],[-90.01721,42.50715],[-90.018,42.50722],[-90.01855,42.50724],[-90.01868,42.50724],[-90.0262,42.50753],[-90.0318,42.50771],[-90.05058,42.50796],[-90.06619,42.50815],[-90.06631,42.50815],[-90.06783,42.50817],[-90.06851,42.50816],[-90.07344,42.50827],[-90.07367,42.50828],[-90.08463,42.50812],[-90.0847,42.50812],[-90.08563,42.50813],[-90.0932,42.5083],[-90.09331,42.50823],[-90.09338,42.50819],[-90.09346,42.50819],[-90.09374,42.50819],[-90.09495,42.50819],[-90.09498,42.50819],[-90.09506,42.50817],[-90.09512,42.50814],[-90.09515,42.50812],[-90.09517,42.5081],[-90.09521,42.50805],[-90.09523,42.50799],[-90.09523,42.50789],[-90.10097,42.50794],[-90.10132,42.50794],[-90.10396,42.50796],[-90.10429,42.50796],[-90.12513,42.50812],[-90.13239,42.5081],[-90.13399,42.5081],[-90.13572,42.50815],[-90.14241,42.50834],[-90.14248,42.50832],[-90.14278,42.5083],[-90.14298,42.50829],[-90.14313,42.50829],[-90.14335,42.50828],[-90.1518,42.5083],[-90.15741,42.50832],[-90.15835,42.50829],[-90.16436,42.50827],[-90.17298,42.50817],[-90.18157,42.50807],[-90.18708,42.50804],[-90.18733,42.50804],[-90.19284,42.508],[-90.19339,42.508],[-90.20223,42.50793],[-90.20252,42.5079],[-90.20265,42.50787],[-90.20291,42.50781],[-90.20322,42.50781],[-90.20609,42.50783],[-90.20617,42.50783],[-90.20668,42.50784],[-90.20847,42.50785],[-90.21008,42.50784],[-90.21214,42.50783],[-90.21248,42.50783],[-90.21264,42.50783],[-90.21279,42.50784],[-90.21393,42.50783],[-90.21447,42.50785],[-90.21522,42.5079],[-90.21572,42.50792],[-90.21617,42.50792],[-90.21668,42.50792],[-90.21722,42.5079],[-90.21741,42.50787],[-90.21764,42.50782],[-90.21772,42.50781],[-90.21776,42.5078],[-90.21794,42.50779],[-90.2188,42.5078],[-90.22004,42.50779],[-90.22091,42.50779],[-90.22107,42.50779],[-90.22138,42.50779],[-90.22283,42.50777],[-90.22317,42.50777],[-90.22349,42.50778],[-90.22359,42.50776],[-90.22367,42.50776],[-90.24349,42.50769],[-90.24784,42.50762],[-90.25074,42.50759],[-90.25077,42.50758],[-90.25093,42.50756],[-90.25109,42.50755],[-90.25213,42.50756],[-90.25238,42.50757],[-90.25264,42.50755],[-90.25278,42.50751],[-90.25295,42.50743],[-90.25304,42.50739],[-90.25311,42.50734],[-90.26529,42.50746],[-90.26714,42.50764],[-90.26823,42.50767],[-90.26933,42.50773],[-90.27273,42.50755],[-90.2796,42.50751],[-90.28236,42.50747],[-90.28247,42.50747],[-90.2866,42.50745],[-90.28729,42.50745],[-90.28804,42.50746],[-90.28919,42.50747],[-90.29067,42.50747],[-90.29171,42.50748],[-90.29234,42.50749],[-90.29329,42.50751],[-90.29416,42.50755],[-90.29449,42.50757],[-90.2947,42.50758],[-90.29625,42.50765],[-90.29668,42.50768],[-90.29705,42.50769],[-90.29752,42.50768],[-90.29789,42.50765],[-90.29872,42.50753],[-90.29903,42.5075],[-90.29927,42.50749],[-90.2995,42.50749],[-90.30037,42.50749],[-90.30188,42.5075],[-90.30232,42.5075],[-90.304,42.50749],[-90.30409,42.50749],[-90.30862,42.50743],[-90.30864,42.50743],[-90.30889,42.50743],[-90.3091,42.50743],[-90.30911,42.50743],[-90.30939,42.50743],[-90.31135,42.50741],[-90.33727,42.50723],[-90.35357,42.50711],[-90.36276,42.50708],[-90.36278,42.50711],[-90.36285,42.50714],[-90.36293,42.50715],[-90.36315,42.50715],[-90.36349,42.50716],[-90.36408,42.50716],[-90.36458,42.50715],[-90.36552,42.50715],[-90.36653,42.50714],[-90.36764,42.50717],[-90.36772,42.50718],[-90.3678,42.5072],[-90.36787,42.50724],[-90.36789,42.50726],[-90.36792,42.50728],[-90.36796,42.50734],[-90.3694,42.50722],[-90.37067,42.50711],[-90.37513,42.50706],[-90.37627,42.50705],[-90.38188,42.50701],[-90.39057,42.50693],[-90.39395,42.50692],[-90.3957,42.50691],[-90.39913,42.50689],[-90.40169,42.50689],[-90.4017,42.50689],[-90.40593,42.50689],[-90.41865,42.50702],[-90.41943,42.50703],[-90.42638,42.50708],[-90.42638,42.50717],[-90.43701,42.50725],[-90.43714,42.50726],[-90.43715,42.50724],[-90.47495,42.50748],[-90.47576,42.5073],[-90.47764,42.50721],[-90.47913,42.50732],[-90.47945,42.50742],[-90.48197,42.50749],[-90.48588,42.50758],[-90.48611,42.50758],[-90.48753,42.50762],[-90.49177,42.50762],[-90.49192,42.50761],[-90.49221,42.5076],[-90.49252,42.50759],[-90.49442,42.5076],[-90.49554,42.50762],[-90.49627,42.50762],[-90.49696,42.50762],[-90.49737,42.50762],[-90.49863,42.50764],[-90.50006,42.50764],[-90.50012,42.50764],[-90.50046,42.50765],[-90.50112,42.50765],[-90.50114,42.50765],[-90.50118,42.50765],[-90.50302,42.50765],[-90.50423,42.50764],[-90.5046,42.50763],[-90.50498,42.50756],[-90.50531,42.50751],[-90.5057,42.5075],[-90.50618,42.5075],[-90.50672,42.50751],[-90.50758,42.50753],[-90.50791,42.50753],[-90.50972,42.50753],[-90.51025,42.50752],[-90.51035,42.50753],[-90.51041,42.50759],[-90.51043,42.50767],[-90.51091,42.50769],[-90.51172,42.50769],[-90.51385,42.50771],[-90.51523,42.50772],[-90.51551,42.50772],[-90.5217,42.50758],[-90.52176,42.50758],[-90.52179,42.5076],[-90.53062,42.50768],[-90.53226,42.50775],[-90.53227,42.50775],[-90.53234,42.50775],[-90.53242,42.50776],[-90.5325,42.50776],[-90.53265,42.50777],[-90.53295,42.50779],[-90.53302,42.5078],[-90.53306,42.5078],[-90.5331,42.5078],[-90.53328,42.50781],[-90.53333,42.50782],[-90.53338,42.50782],[-90.5335,42.50782],[-90.53359,42.50783],[-90.53361,42.50782],[-90.53362,42.50783],[-90.53513,42.50775],[-90.54137,42.50819],[-90.54435,42.50781],[-90.54471,42.50783],[-90.54489,42.50784],[-90.54966,42.5078],[-90.55116,42.50782],[-90.55134,42.50782],[-90.55223,42.50783],[-90.5541,42.50784],[-90.55516,42.50786],[-90.55529,42.50785],[-90.55539,42.50783],[-90.55553,42.50775],[-90.55568,42.50762],[-90.55569,42.50761],[-90.55579,42.50766],[-90.55592,42.50771],[-90.55598,42.50772],[-90.55609,42.50774],[-90.55643,42.50776],[-90.55867,42.50777],[-90.55902,42.50777],[-90.55951,42.50777],[-90.56088,42.50778],[-90.56093,42.50778],[-90.5618,42.5078],[-90.5634,42.50778],[-90.56502,42.50776],[-90.56535,42.50776],[-90.56544,42.50775],[-90.56952,42.50765],[-90.58056,42.50777],[-90.58129,42.50777],[-90.58277,42.50779],[-90.58288,42.50773],[-90.58303,42.50773],[-90.58543,42.50782],[-90.58547,42.50782],[-90.58627,42.50783],[-90.58657,42.50783],[-90.58717,42.50784],[-90.58761,42.50784],[-90.58986,42.50787],[-90.59115,42.50787],[-90.59566,42.50791],[-90.60341,42.50797],[-90.60732,42.508],[-90.60869,42.50801],[-90.60931,42.50801],[-90.6098,42.50802],[-90.61159,42.50803],[-90.61461,42.50805],[-90.61773,42.50808],[-90.62492,42.50822],[-90.62971,42.5083],[-90.63083,42.5083],[-90.63395,42.5083],[-90.63479,42.5083],[-90.63663,42.5083],[-90.63903,42.5083],[-90.63915,42.50827],[-90.63943,42.5082],[-90.63993,42.5082],[-90.64284,42.50848],[-90.64246,42.50889],[-90.64233,42.50903],[-90.64222,42.50915],[-90.64209,42.50928],[-90.64199,42.50939],[-90.64187,42.50951],[-90.64177,42.5096],[-90.63996,42.51078],[-90.63935,42.51137],[-90.63856,42.51212],[-90.63803,42.51279],[-90.63743,42.51356],[-90.63714,42.51393],[-90.6363,42.51502],[-90.63599,42.51541],[-90.63599,42.51545],[-90.63599,42.51553],[-90.63597,42.51619],[-90.63593,42.51693],[-90.63594,42.51712],[-90.63592,42.51725],[-90.63589,42.51745],[-90.63584,42.51776],[-90.63583,42.51793],[-90.63584,42.51808],[-90.63587,42.51828],[-90.63593,42.51851],[-90.63598,42.51871],[-90.63605,42.51891],[-90.63612,42.51907],[-90.63621,42.51932],[-90.63632,42.51957],[-90.63645,42.51988],[-90.63653,42.52006],[-90.6366,42.52019],[-90.63665,42.52029],[-90.6367,42.52039],[-90.63678,42.52059],[-90.63687,42.52075],[-90.63693,42.52087],[-90.63697,42.52095],[-90.63701,42.52105],[-90.63708,42.52119],[-90.63723,42.52141],[-90.63731,42.52153],[-90.63747,42.52176],[-90.63759,42.52194],[-90.6378,42.52226],[-90.63798,42.52254],[-90.63812,42.52276],[-90.63819,42.52289],[-90.63832,42.52311],[-90.63841,42.52329],[-90.6385,42.52344],[-90.63863,42.52363],[-90.63874,42.52377],[-90.63879,42.52385],[-90.63886,42.52396],[-90.63892,42.52406],[-90.63905,42.52431],[-90.63916,42.52451],[-90.63927,42.52471],[-90.63935,42.52485],[-90.63942,42.52501],[-90.63958,42.52533],[-90.63968,42.52551],[-90.63988,42.52586],[-90.64001,42.52608],[-90.64018,42.52637],[-90.64024,42.5265],[-90.64044,42.52683],[-90.64053,42.52701],[-90.64064,42.5272],[-90.64076,42.5274],[-90.64089,42.52759],[-90.64098,42.52774],[-90.64112,42.52799],[-90.64121,42.52817],[-90.64128,42.52835],[-90.64137,42.52857],[-90.64142,42.52869],[-90.64145,42.52882],[-90.64148,42.52892],[-90.64151,42.52904],[-90.64155,42.52917],[-90.6416,42.52933],[-90.64164,42.52949],[-90.64167,42.52962],[-90.6417,42.52972],[-90.64176,42.52989],[-90.64181,42.52997],[-90.64192,42.53014],[-90.64195,42.5303],[-90.64198,42.53043],[-90.64202,42.53056],[-90.64206,42.53069],[-90.64209,42.53081],[-90.64212,42.53096],[-90.64214,42.53107],[-90.64213,42.53125],[-90.64214,42.53144],[-90.64216,42.53158],[-90.6422,42.53175],[-90.64225,42.53189],[-90.64229,42.53204],[-90.64233,42.53217],[-90.64237,42.53231],[-90.64238,42.53239],[-90.6424,42.53246],[-90.64243,42.53254],[-90.64246,42.53265],[-90.64251,42.53278],[-90.64255,42.53291],[-90.64257,42.53301],[-90.64259,42.53308],[-90.6426,42.53318],[-90.64262,42.5333],[-90.64264,42.53345],[-90.64266,42.53356],[-90.6427,42.53368],[-90.64274,42.5338],[-90.64277,42.53391],[-90.64279,42.53397],[-90.64282,42.5341],[-90.64285,42.53425],[-90.64287,42.53438],[-90.6429,42.53453],[-90.643,42.53489],[-90.64304,42.53508],[-90.64308,42.53533],[-90.64314,42.53551],[-90.64317,42.5356],[-90.64319,42.53568],[-90.64322,42.53583],[-90.64324,42.53604],[-90.64327,42.53622],[-90.64329,42.53635],[-90.6433,42.53648],[-90.64331,42.53662],[-90.64333,42.53672],[-90.64335,42.53687],[-90.64336,42.53696],[-90.64339,42.53713],[-90.64343,42.53728],[-90.64403,42.53986],[-90.64469,42.54132],[-90.64531,42.54232],[-90.64594,42.54328],[-90.64679,42.5441],[-90.64703,42.54436],[-90.64889,42.54632],[-90.65413,42.5499],[-90.65704,42.55455],[-90.65913,42.5579],[-90.65926,42.55846],[-90.65939,42.55903],[-90.65959,42.55983],[-90.66041,42.5633],[-90.66096,42.56563],[-90.66142,42.56757],[-90.66144,42.56765],[-90.66151,42.56791],[-90.66153,42.568],[-90.66414,42.57001],[-90.66641,42.57175],[-90.66828,42.57318],[-90.67129,42.57549],[-90.67199,42.57603],[-90.67273,42.5766],[-90.67381,42.57717],[-90.67432,42.57743],[-90.67483,42.5777],[-90.67529,42.57801],[-90.67575,42.57833],[-90.67705,42.57921],[-90.67794,42.58003],[-90.67938,42.5815],[-90.68002,42.58238],[-90.68045,42.58294],[-90.68197,42.58496],[-90.68549,42.58961],[-90.68673,42.59143],[-90.68698,42.59177],[-90.68778,42.59461],[-90.68774,42.59611],[-90.688,42.5992],[-90.68869,42.60096],[-90.68921,42.60232],[-90.69106,42.6076],[-90.69203,42.61037],[-90.6925,42.61136],[-90.69257,42.6115],[-90.694,42.61451],[-90.69744,42.61896],[-90.69898,42.62099],[-90.69924,42.62134],[-90.70009,42.62246],[-90.70076,42.625],[-90.70086,42.62644],[-90.70165,42.62878],[-90.70183,42.62913],[-90.70267,42.63076],[-90.70406,42.63219],[-90.7063,42.63417],[-90.70869,42.63574],[-90.7092,42.63608],[-90.71175,42.63747],[-90.71513,42.6389],[-90.71782,42.63991],[-90.72021,42.64076],[-90.72607,42.64224],[-90.7306,42.64331],[-90.73113,42.64344],[-90.73454,42.6441],[-90.73813,42.64466],[-90.74368,42.64556],[-90.74894,42.64678],[-90.75013,42.64706],[-90.75695,42.64776],[-90.75717,42.64785],[-90.75827,42.64828],[-90.75936,42.64872],[-90.76039,42.64913],[-90.76252,42.64971],[-90.76502,42.65038],[-90.76585,42.65058],[-90.7695,42.65144],[-90.77382,42.65211],[-90.77598,42.65248],[-90.77875,42.65296],[-90.77937,42.653],[-90.7797,42.65301],[-90.78066,42.65306],[-90.78098,42.65307],[-90.782,42.65312],[-90.78521,42.65352],[-90.78591,42.6536],[-90.78823,42.65389],[-90.79291,42.655],[-90.79702,42.65577],[-90.80054,42.65627],[-90.8033,42.65667],[-90.80545,42.65697],[-90.80632,42.65709],[-90.80719,42.65721],[-90.80856,42.6574],[-90.81001,42.65763],[-90.8134,42.65818],[-90.81768,42.65892],[-90.82174,42.65973],[-90.82366,42.65993],[-90.82596,42.66017],[-90.82817,42.66077],[-90.82892,42.66098],[-90.8327,42.66166],[-90.83772,42.66218],[-90.83887,42.66236],[-90.84016,42.66256],[-90.84391,42.66307],[-90.84581,42.66348],[-90.84873,42.66411],[-90.8525,42.66482],[-90.85739,42.6663],[-90.86249,42.66769],[-90.86453,42.66815],[-90.86712,42.66873],[-90.86996,42.66919],[-90.87055,42.66928],[-90.87125,42.6694],[-90.87286,42.66964],[-90.87397,42.6698],[-90.87513,42.66994],[-90.87824,42.67058],[-90.8812,42.67118],[-90.88311,42.67157],[-90.88438,42.67183],[-90.88743,42.67247],[-90.89268,42.67376],[-90.89385,42.67412],[-90.89615,42.67483],[-90.89655,42.67496],[-90.89695,42.67508],[-90.89713,42.67514],[-90.8979,42.67541],[-90.8989,42.67577],[-90.89907,42.67583],[-90.90026,42.67625],[-90.90073,42.67645],[-90.90165,42.67684],[-90.90199,42.67698],[-90.90301,42.67741],[-90.90335,42.67755],[-90.90468,42.67829],[-90.90602,42.67902],[-90.90615,42.67909],[-90.90875,42.68059],[-90.90977,42.68118],[-90.9134,42.68295],[-90.91685,42.68423],[-90.91719,42.68435],[-90.92115,42.68541],[-90.92363,42.6855],[-90.92589,42.68508],[-90.92631,42.68497],[-90.92797,42.68453],[-90.92988,42.68413],[-90.93237,42.68374],[-90.93261,42.68373],[-90.93286,42.68371],[-90.93693,42.68341],[-90.93704,42.6834],[-90.93836,42.68353],[-90.94157,42.68384],[-90.94552,42.68465],[-90.94592,42.68475],[-90.94727,42.68509],[-90.94882,42.68548],[-90.949,42.68552],[-90.94908,42.68554],[-90.94921,42.68557],[-90.9493,42.68561],[-90.95034,42.686],[-90.95241,42.68678],[-90.95434,42.6879],[-90.95445,42.68796],[-90.95562,42.68864],[-90.95627,42.68899],[-90.95982,42.69083],[-90.96147,42.69159],[-90.96505,42.69323],[-90.96766,42.69397],[-90.96893,42.69433],[-90.97178,42.69483],[-90.97424,42.69525],[-90.97631,42.696],[-90.97715,42.69648],[-90.97773,42.69682],[-90.98058,42.69893],[-90.98254,42.70116],[-90.98348,42.70223],[-90.98524,42.70479],[-90.9875,42.7073],[-90.98878,42.70872],[-90.98963,42.70941],[-90.99086,42.71041],[-90.9921,42.7114],[-90.99223,42.71151],[-90.99416,42.71279],[-90.99554,42.7137],[-91.00013,42.71619],[-91.0019,42.71696],[-91.00427,42.71798],[-91.00691,42.71907],[-91.00766,42.71939],[-91.00812,42.71957],[-91.00958,42.72012],[-91.01057,42.72027],[-91.01067,42.72025],[-91.01183,42.71997],[-91.01408,42.71948],[-91.0151,42.71932],[-91.01569,42.71923],[-91.01695,42.7195],[-91.01724,42.71957],[-91.01739,42.71964],[-91.01793,42.71989],[-91.01879,42.7203],[-91.02139,42.72152],[-91.02175,42.72169],[-91.02224,42.72197],[-91.02482,42.72342],[-91.02485,42.72344],[-91.02679,42.72423],[-91.02871,42.72561],[-91.02969,42.72677],[-91.03023,42.72839],[-91.03064,42.72948],[-91.03072,42.72968],[-91.03072,42.73116],[-91.03096,42.7324],[-91.03098,42.73255],[-91.03201,42.73448],[-91.03339,42.73602],[-91.03539,42.73732],[-91.03542,42.73734],[-91.03599,42.73754],[-91.03656,42.73775],[-91.03746,42.73807],[-91.03938,42.73848],[-91.04053,42.73853],[-91.0422,42.73861],[-91.04414,42.73861],[-91.04446,42.7385],[-91.04488,42.73835],[-91.04563,42.73787],[-91.04603,42.7376],[-91.04628,42.7374],[-91.04657,42.73717],[-91.04695,42.7371],[-91.048,42.73691],[-91.04997,42.73691],[-91.0502,42.73692],[-91.05128,42.737],[-91.05223,42.7374],[-91.05373,42.73824],[-91.05447,42.73929],[-91.0548,42.74053],[-91.0548,42.74064],[-91.0548,42.74152],[-91.0548,42.74163],[-91.05481,42.74233],[-91.05483,42.74349],[-91.05481,42.74469],[-91.05497,42.74524],[-91.05513,42.74581],[-91.05567,42.74652],[-91.05577,42.74665],[-91.05587,42.74678],[-91.0563,42.74734],[-91.05717,42.74827],[-91.05748,42.7486],[-91.05766,42.74879],[-91.05779,42.74892],[-91.05809,42.74925],[-91.05849,42.74939],[-91.05933,42.74969],[-91.05951,42.74975],[-91.06018,42.74999],[-91.06001,42.74999],[-91.05983,42.74999],[-91.05949,42.74999],[-91.0594,42.74999],[-91.05931,42.74999],[-91.06011,42.75045],[-91.06017,42.75048],[-91.06101,42.75058],[-91.06132,42.75057],[-91.06231,42.75053],[-91.06286,42.75054],[-91.06378,42.75057],[-91.06468,42.75091],[-91.06471,42.75095],[-91.06506,42.75134],[-91.06542,42.75213],[-91.06578,42.75339],[-91.06581,42.75389],[-91.06579,42.7543],[-91.06557,42.7554],[-91.06557,42.75556],[-91.06558,42.75568],[-91.06561,42.75677],[-91.06549,42.75708],[-91.06527,42.75721],[-91.0649,42.75727],[-91.06449,42.75728],[-91.06389,42.75728],[-91.06312,42.75727],[-91.06231,42.75749],[-91.06227,42.75751],[-91.06143,42.75797],[-91.06062,42.75882],[-91.06047,42.75917],[-91.06013,42.75999],[-91.06026,42.76185],[-91.06068,42.76245],[-91.06136,42.76297],[-91.06231,42.76334],[-91.06325,42.76395],[-91.06457,42.76506],[-91.06594,42.76646],[-91.06648,42.76687],[-91.06836,42.76831],[-91.06928,42.7692],[-91.06937,42.76928],[-91.06955,42.76963],[-91.06955,42.77022],[-91.06988,42.77145],[-91.06991,42.77158],[-91.07016,42.77314],[-91.0702,42.77334],[-91.0703,42.77383],[-91.07075,42.77482],[-91.07073,42.77529],[-91.07072,42.7755],[-91.07061,42.77708],[-91.07072,42.77828],[-91.07091,42.7801],[-91.07086,42.78117],[-91.07083,42.78223],[-91.07114,42.783],[-91.07155,42.78359],[-91.07191,42.78408],[-91.07197,42.78445],[-91.07195,42.7849],[-91.07194,42.78557],[-91.07201,42.78638],[-91.07216,42.78685],[-91.07245,42.78773],[-91.07327,42.78919],[-91.07378,42.79046],[-91.07387,42.79102],[-91.07395,42.79156],[-91.07422,42.7927],[-91.07434,42.79319],[-91.07437,42.79325],[-91.07464,42.79378],[-91.07544,42.79539],[-91.07548,42.79547],[-91.07562,42.79597],[-91.07617,42.79801],[-91.07656,42.79972],[-91.07674,42.80053],[-91.07764,42.8038],[-91.0781,42.80653],[-91.07823,42.80798],[-91.07838,42.80867],[-91.07857,42.80963],[-91.07859,42.81111],[-91.07859,42.81113],[-91.07861,42.81144],[-91.0787,42.81312],[-91.07889,42.815],[-91.07915,42.8175],[-91.07916,42.81753],[-91.07931,42.82031],[-91.07932,42.82298],[-91.07897,42.82516],[-91.07896,42.82522],[-91.07876,42.82618],[-91.07868,42.82656],[-91.07866,42.82768],[-91.07899,42.82785],[-91.07998,42.82836],[-91.08031,42.82853],[-91.08055,42.82866],[-91.08057,42.82867],[-91.08077,42.82878],[-91.08106,42.82893],[-91.08135,42.82909],[-91.08162,42.82924],[-91.08171,42.82928],[-91.08201,42.82958],[-91.08203,42.8296],[-91.0822,42.82977],[-91.08253,42.82989],[-91.08277,42.82998],[-91.08283,42.82998],[-91.08295,42.82998],[-91.08316,42.82998],[-91.08347,42.82997],[-91.08399,42.82997],[-91.08416,42.82997],[-91.08519,42.82993],[-91.08572,42.82991],[-91.08738,42.82961],[-91.08875,42.82943],[-91.08882,42.82942],[-91.08922,42.82936],[-91.08958,42.82931],[-91.08994,42.82926],[-91.09014,42.82924],[-91.09016,42.82924],[-91.09081,42.82936],[-91.09102,42.8294],[-91.09106,42.82941],[-91.09393,42.83075],[-91.09406,42.83081],[-91.09409,42.83091],[-91.09422,42.83146],[-91.09438,42.83209],[-91.09454,42.83271],[-91.09463,42.83306],[-91.09472,42.8334],[-91.09486,42.83394],[-91.09511,42.83497],[-91.09494,42.83571],[-91.09451,42.83757],[-91.09394,42.84004],[-91.09309,42.84314],[-91.09298,42.84354],[-91.09279,42.84424],[-91.09263,42.84484],[-91.09218,42.84648],[-91.09189,42.84757],[-91.09159,42.84866],[-91.0914,42.84986],[-91.09156,42.85034],[-91.09161,42.85052],[-91.09184,42.85123],[-91.09231,42.85178],[-91.09285,42.85241],[-91.09339,42.85305],[-91.09349,42.85317],[-91.09359,42.85328],[-91.09388,42.85362],[-91.09416,42.85395],[-91.09457,42.85443],[-91.09533,42.85532],[-91.09558,42.85581],[-91.09582,42.85628],[-91.09606,42.85675],[-91.09677,42.85814],[-91.09766,42.85987],[-91.09882,42.86442],[-91.09882,42.86549],[-91.09882,42.86563],[-91.09882,42.86687],[-91.09882,42.86824],[-91.09882,42.86988],[-91.0988,42.87013],[-91.09868,42.87129],[-91.09868,42.87135],[-91.09855,42.87259],[-91.09824,42.8758],[-91.09882,42.87853],[-91.09947,42.88023],[-91.10037,42.88258],[-91.10047,42.88283],[-91.10057,42.88308],[-91.10104,42.88335],[-91.10182,42.88403],[-91.10405,42.88597],[-91.10566,42.88681],[-91.10707,42.88755],[-91.10708,42.88756],[-91.10711,42.88758],[-91.10712,42.88758],[-91.10813,42.88829],[-91.11115,42.89044],[-91.11216,42.89115],[-91.11284,42.89184],[-91.11318,42.89219],[-91.11421,42.89323],[-91.11453,42.89356],[-91.11462,42.89365],[-91.11487,42.89394],[-91.11551,42.89467],[-91.11616,42.89507],[-91.11682,42.89547],[-91.11707,42.89563],[-91.11719,42.8957],[-91.11731,42.89577],[-91.11732,42.89578],[-91.11741,42.89584],[-91.11752,42.89589],[-91.11763,42.89594],[-91.11774,42.89599],[-91.11804,42.89612],[-91.11822,42.89621],[-91.1184,42.89629],[-91.12037,42.89719],[-91.12316,42.89828],[-91.12513,42.89905],[-91.12611,42.89935],[-91.12907,42.90026],[-91.13006,42.90056],[-91.13028,42.90063],[-91.13037,42.90066],[-91.13071,42.9008],[-91.13094,42.9009],[-91.13115,42.90099],[-91.13144,42.90111],[-91.13228,42.90145],[-91.13256,42.90157],[-91.13268,42.90161],[-91.1328,42.90166],[-91.13293,42.90171],[-91.13739,42.90352],[-91.1377,42.90365],[-91.13801,42.90378],[-91.13831,42.90383],[-91.13943,42.90401],[-91.14052,42.9042],[-91.14095,42.90427],[-91.14222,42.90448],[-91.14349,42.9047],[-91.14479,42.906],[-91.14561,42.90801],[-91.1462,42.90987],[-91.14618,42.91194],[-91.14618,42.91234],[-91.14593,42.91442],[-91.14587,42.91497],[-91.14576,42.91524],[-91.14531,42.91639],[-91.14485,42.91754],[-91.14476,42.91779],[-91.14466,42.91804],[-91.14463,42.91812],[-91.14429,42.91927],[-91.14388,42.92065],[-91.14387,42.92072],[-91.1438,42.92288],[-91.14407,42.92486],[-91.14414,42.9253],[-91.1442,42.92574],[-91.14425,42.92613],[-91.1443,42.92652],[-91.14431,42.92659],[-91.14517,42.92927],[-91.14552,42.93038],[-91.14574,42.93096],[-91.14694,42.93401],[-91.14795,42.93613],[-91.14845,42.93716],[-91.14978,42.94024],[-91.14988,42.94195],[-91.1497,42.94385],[-91.14955,42.9445],[-91.14909,42.94655],[-91.14782,42.94996],[-91.14653,42.95352],[-91.14554,42.95651],[-91.14553,42.9566],[-91.14549,42.9573],[-91.14543,42.95821],[-91.14594,42.96077],[-91.146,42.96105],[-91.1462,42.96187],[-91.14639,42.9627],[-91.14655,42.96335],[-91.14712,42.96445],[-91.148,42.96616],[-91.14912,42.96791],[-91.1493,42.96819],[-91.14989,42.96904],[-91.15091,42.97051],[-91.15342,42.9733],[-91.15525,42.97546],[-91.15552,42.97577],[-91.15656,42.97823],[-91.15689,42.98082],[-91.15689,42.9809],[-91.15687,42.98282],[-91.15687,42.98366],[-91.15683,42.98498],[-91.15682,42.98535],[-91.15681,42.98571],[-91.15681,42.98576],[-91.1568,42.98578],[-91.1568,42.98584],[-91.1568,42.98594],[-91.15674,42.98783],[-91.15681,42.98817],[-91.15749,42.99147],[-91.15828,42.99368],[-91.15936,42.99667],[-91.16112,43.00079],[-91.16215,43.00356],[-91.16319,43.00633],[-91.16325,43.00648],[-91.16446,43.00999],[-91.16504,43.01172],[-91.1652,43.01216],[-91.16601,43.01429],[-91.16667,43.01597],[-91.16673,43.01611],[-91.16678,43.01625],[-91.1668,43.01629],[-91.167,43.0168],[-91.16789,43.01868],[-91.16817,43.01921],[-91.16872,43.02023],[-91.16957,43.02215],[-91.17018,43.02377],[-91.17072,43.02541],[-91.17092,43.02605],[-91.17136,43.02837],[-91.17187,43.03076],[-91.17266,43.03347],[-91.1735,43.03597],[-91.17421,43.0375],[-91.17426,43.03762],[-91.17441,43.038],[-91.17469,43.03871],[-91.17494,43.04006],[-91.17517,43.04127],[-91.1754,43.04303],[-91.17552,43.044],[-91.17566,43.04503],[-91.17612,43.04811],[-91.17639,43.04984],[-91.17661,43.0515],[-91.17674,43.05252],[-91.17718,43.05571],[-91.17809,43.06204],[-91.17789,43.06421],[-91.1782,43.06484],[-91.17898,43.06592],[-91.17929,43.06643],[-91.17946,43.06743],[-91.17938,43.06862],[-91.17913,43.06964],[-91.17876,43.07058],[-91.17783,43.07196],[-91.17743,43.07242],[-91.17726,43.07298],[-91.17724,43.07596],[-91.17724,43.07893],[-91.17722,43.08025],[-91.17717,43.08114],[-91.17712,43.08203],[-91.17691,43.08545],[-91.17689,43.08559],[-91.17652,43.08758],[-91.17645,43.0882],[-91.17631,43.08938],[-91.17631,43.09074],[-91.17627,43.09245],[-91.17602,43.09494],[-91.17575,43.09718],[-91.17563,43.09882],[-91.17547,43.09974],[-91.17533,43.10125],[-91.17531,43.10233],[-91.17519,43.10377],[-91.1753,43.10497],[-91.17538,43.10535],[-91.17567,43.10678],[-91.17607,43.10833],[-91.17669,43.11193],[-91.17724,43.11565],[-91.17736,43.1165],[-91.17748,43.1173],[-91.17772,43.11863],[-91.17773,43.11873],[-91.17787,43.12046],[-91.17802,43.12219],[-91.17803,43.12238],[-91.17808,43.12404],[-91.17825,43.12498],[-91.17793,43.12887],[-91.177,43.13185],[-91.17539,43.13444],[-91.17525,43.13466],[-91.17387,43.13543],[-91.17037,43.13738],[-91.16956,43.13762],[-91.16502,43.13892],[-91.16358,43.13944],[-91.16045,43.14058],[-91.1562,43.14295],[-91.15586,43.14327],[-91.1462,43.1524],[-91.14602,43.15265],[-91.14591,43.15281],[-91.1456,43.15323],[-91.1453,43.15365],[-91.14497,43.15409],[-91.14465,43.15454],[-91.14328,43.15641],[-91.14272,43.15851],[-91.14265,43.15877],[-91.14257,43.15903],[-91.1425,43.1593],[-91.14243,43.15956],[-91.14238,43.15975],[-91.14233,43.15994],[-91.14208,43.16085],[-91.14183,43.16177],[-91.14166,43.1624],[-91.14149,43.16304],[-91.14136,43.16354],[-91.14116,43.16409],[-91.13999,43.16742],[-91.13996,43.16748],[-91.13969,43.16799],[-91.13942,43.16851],[-91.13921,43.16891],[-91.139,43.16932],[-91.13865,43.16999],[-91.13592,43.17342],[-91.13436,43.1743],[-91.13417,43.17441],[-91.1277,43.1837],[-91.12513,43.18718],[-91.12445,43.18786],[-91.12443,43.18789],[-91.12422,43.19014],[-91.12401,43.19228],[-91.1239,43.19354],[-91.12217,43.19726],[-91.12136,43.19808],[-91.12087,43.19857],[-91.12039,43.19907],[-91.11911,43.20037],[-91.11907,43.20039],[-91.11706,43.20134],[-91.11504,43.2023],[-91.11466,43.20248],[-91.11428,43.20266],[-91.11375,43.20291],[-91.11297,43.2034],[-91.1112,43.20452],[-91.10964,43.2055],[-91.10943,43.20563],[-91.10793,43.20658],[-91.10684,43.20741],[-91.10646,43.2077],[-91.10608,43.20799],[-91.10044,43.21231],[-91.0979,43.21425],[-91.09754,43.21452],[-91.09656,43.21523],[-91.096,43.21564],[-91.09545,43.21605],[-91.08746,43.22189],[-91.08001,43.22769],[-91.07979,43.22786],[-91.07957,43.22803],[-91.07928,43.22826],[-91.07422,43.23297],[-91.07186,43.23516],[-91.06739,43.23854],[-91.0664,43.23929],[-91.06444,43.24127],[-91.06427,43.24144],[-91.06256,43.24316],[-91.06254,43.2432],[-91.06213,43.24397],[-91.06172,43.24474],[-91.0617,43.24479],[-91.05968,43.24857],[-91.05912,43.24998],[-91.05791,43.25397],[-91.05791,43.2546],[-91.05792,43.25524],[-91.05792,43.25537],[-91.05864,43.25768],[-91.05975,43.25907],[-91.0618,43.25995],[-91.06546,43.26026],[-91.06708,43.26011],[-91.06847,43.25998],[-91.06994,43.26027],[-91.0717,43.26101],[-91.07265,43.26213],[-91.07286,43.26315],[-91.07278,43.26436],[-91.07234,43.26575],[-91.07193,43.26705],[-91.07157,43.26819],[-91.07169,43.26976],[-91.07172,43.27139],[-91.07371,43.27475],[-91.07461,43.27586],[-91.07568,43.27718],[-91.07711,43.27918],[-91.07826,43.28078],[-91.07987,43.28277],[-91.08143,43.28469],[-91.0821,43.28551],[-91.08279,43.28676],[-91.0833,43.28768],[-91.08381,43.2886],[-91.08431,43.2895],[-91.08565,43.29187],[-91.08637,43.29262],[-91.08912,43.29548],[-91.0953,43.30126],[-91.09649,43.30237],[-91.09777,43.30386],[-91.09804,43.30418],[-91.09995,43.30647],[-91.10028,43.30677],[-91.10267,43.30893],[-91.1052,43.31152],[-91.10658,43.31296],[-91.10724,43.31364],[-91.10838,43.31431],[-91.10976,43.31505],[-91.10985,43.3151],[-91.10994,43.31515],[-91.11766,43.31933],[-91.11797,43.31951],[-91.11896,43.3201],[-91.11971,43.32061],[-91.12062,43.32107],[-91.12097,43.32128],[-91.12268,43.32236],[-91.1244,43.32344],[-91.12513,43.3239],[-91.12702,43.32508],[-91.12912,43.32635],[-91.13281,43.32803],[-91.13734,43.32976],[-91.13934,43.33035],[-91.13955,43.33041],[-91.13975,43.33047],[-91.13991,43.33052],[-91.14008,43.33057],[-91.14022,43.33061],[-91.14037,43.33065],[-91.14368,43.33164],[-91.15481,43.33483],[-91.16333,43.33828],[-91.16829,43.33998],[-91.16978,43.34051],[-91.17106,43.34097],[-91.17149,43.34118],[-91.17511,43.34293],[-91.17677,43.34377],[-91.17935,43.34507],[-91.18112,43.34593],[-91.1826,43.34631],[-91.18547,43.34711],[-91.18552,43.34713],[-91.18613,43.34724],[-91.18666,43.34734],[-91.18719,43.34745],[-91.18739,43.34748],[-91.1876,43.34752],[-91.18801,43.3476],[-91.19414,43.34827],[-91.19427,43.34828],[-91.19441,43.3483],[-91.19813,43.3487],[-91.20185,43.3491],[-91.20234,43.34928],[-91.20279,43.34944],[-91.20396,43.34985],[-91.20465,43.35048],[-91.20532,43.35118],[-91.2066,43.3525],[-91.20662,43.35252],[-91.20668,43.35262],[-91.20716,43.35339],[-91.20757,43.35405],[-91.20839,43.35553],[-91.20852,43.35576],[-91.20865,43.356],[-91.20911,43.35684],[-91.21026,43.359],[-91.2105,43.35946],[-91.21327,43.36363],[-91.21441,43.36534],[-91.21445,43.3654],[-91.21475,43.36585],[-91.21477,43.36587],[-91.21497,43.36639],[-91.21506,43.36711],[-91.21506,43.36719],[-91.21505,43.36725],[-91.21499,43.36801],[-91.21473,43.36879],[-91.2145,43.36903],[-91.21417,43.36938],[-91.21336,43.3701],[-91.21278,43.37051],[-91.21204,43.37104],[-91.21023,43.37206],[-91.20864,43.37297],[-91.20742,43.37363],[-91.20737,43.37366],[-91.20735,43.37368],[-91.2068,43.37429],[-91.20616,43.37489],[-91.20607,43.37498],[-91.20588,43.37534],[-91.20568,43.37606],[-91.20535,43.37726],[-91.20505,43.37819],[-91.20483,43.37889],[-91.20184,43.38398],[-91.2007,43.38593],[-91.19974,43.38807],[-91.19971,43.38813],[-91.1996,43.38838],[-91.1995,43.38862],[-91.19942,43.38879],[-91.19934,43.38896],[-91.19928,43.3891],[-91.19922,43.38923],[-91.19895,43.38984],[-91.19854,43.39159],[-91.19824,43.3929],[-91.19793,43.3942],[-91.19767,43.39533],[-91.1978,43.39671],[-91.19805,43.39922],[-91.19822,43.3997],[-91.19858,43.40071],[-91.19894,43.40172],[-91.19896,43.40179],[-91.19899,43.40185],[-91.19941,43.40303],[-91.19956,43.40378],[-91.19957,43.40381],[-91.20053,43.40849],[-91.20036,43.4127],[-91.20084,43.41449],[-91.20122,43.4159],[-91.20154,43.41654],[-91.20218,43.41785],[-91.20283,43.41916],[-91.20314,43.41981],[-91.20555,43.42295],[-91.20619,43.42378],[-91.20714,43.42503],[-91.20829,43.42612],[-91.20902,43.42681],[-91.20905,43.42684],[-91.21357,43.43116],[-91.21571,43.43279],[-91.21818,43.43469],[-91.2184,43.43495],[-91.22042,43.43733],[-91.22055,43.43745],[-91.22135,43.43824],[-91.22215,43.43903],[-91.22273,43.43961],[-91.22331,43.44018],[-91.22875,43.44554],[-91.22985,43.44722],[-91.23083,43.44873],[-91.23181,43.45024],[-91.23228,43.45095],[-91.2325,43.45183],[-91.23257,43.45209],[-91.23264,43.45235],[-91.23268,43.45252],[-91.23273,43.45269],[-91.2328,43.45298],[-91.23297,43.45362],[-91.2332,43.45454],[-91.23323,43.45464],[-91.23325,43.45473],[-91.23337,43.45517],[-91.23319,43.45778],[-91.23224,43.46002],[-91.23105,43.46114],[-91.2295,43.46261],[-91.22646,43.46416],[-91.22582,43.46463],[-91.22459,43.46553],[-91.22305,43.46764],[-91.2204,43.47131],[-91.21668,43.4797],[-91.2162,43.48076],[-91.21604,43.48114],[-91.21551,43.4837],[-91.21528,43.4848],[-91.2159,43.4869],[-91.21592,43.48698],[-91.21631,43.48791],[-91.21647,43.48829],[-91.21762,43.49101],[-91.21778,43.49255],[-91.21793,43.49404],[-91.21796,43.49425],[-91.218,43.49467],[-91.21802,43.49488],[-91.21804,43.49509],[-91.21814,43.49603],[-91.21815,43.49605],[-91.21825,43.49701],[-91.21827,43.49723],[-91.21819,43.4977],[-91.21803,43.49875],[-91.21801,43.49886],[-91.21786,43.4998],[-91.21784,43.49995],[-91.21784,43.49997],[-91.21774,43.5004],[-91.21771,43.50055],[-91.21771,43.50073],[-91.21771,43.50075],[-91.21771,43.50082],[-91.21776,43.50273],[-91.21789,43.50599],[-91.21788,43.5081],[-91.21773,43.50923],[-91.2177,43.50931],[-91.21729,43.51051],[-91.21735,43.51247],[-91.21829,43.51443],[-91.2225,43.5178],[-91.22261,43.51789],[-91.22432,43.51896],[-91.22517,43.5195],[-91.22798,43.52078],[-91.22843,43.52099],[-91.23003,43.5216],[-91.23183,43.52283],[-91.23294,43.52397],[-91.23388,43.52565],[-91.23477,43.52852],[-91.23562,43.53075],[-91.23563,43.53079],[-91.23575,43.5311],[-91.23672,43.53293],[-91.23718,43.53346],[-91.23925,43.53589],[-91.24188,43.53849],[-91.24318,43.54031],[-91.24354,43.54253],[-91.24409,43.54562],[-91.24409,43.54593],[-91.24409,43.54594],[-91.24409,43.54596],[-91.24409,43.54599],[-91.24409,43.546],[-91.24409,43.54602],[-91.24409,43.54604],[-91.24409,43.54658],[-91.24409,43.54682],[-91.24409,43.54689],[-91.24409,43.54691],[-91.24408,43.54734],[-91.24382,43.54913],[-91.24347,43.55005],[-91.24321,43.55072],[-91.24221,43.55282],[-91.24065,43.555],[-91.2387,43.55699],[-91.23852,43.55719],[-91.23626,43.55959],[-91.23443,43.56178],[-91.23281,43.56484],[-91.23238,43.56702],[-91.23223,43.56973],[-91.23184,43.57166],[-91.23175,43.57269],[-91.23149,43.5756],[-91.23146,43.57642],[-91.23144,43.57696],[-91.2314,43.57821],[-91.23186,43.58182],[-91.23271,43.58353],[-91.23274,43.58357],[-91.2345,43.58553],[-91.23667,43.58766],[-91.23911,43.58976],[-91.24146,43.59156],[-91.24239,43.59227],[-91.24345,43.59308],[-91.24365,43.59324],[-91.24508,43.59434],[-91.24795,43.59669],[-91.25013,43.59819],[-91.25293,43.60036],[-91.25827,43.60348],[-91.26163,43.60618],[-91.26188,43.60645],[-91.26509,43.60998],[-91.26875,43.61535],[-91.26898,43.61658],[-91.26856,43.61939],[-91.26801,43.62316],[-91.26799,43.62331],[-91.26822,43.62497],[-91.26855,43.62645],[-91.26846,43.62735],[-91.26507,43.63411],[-91.26382,43.63681],[-91.26318,43.6382],[-91.2624,43.64176],[-91.26272,43.64391],[-91.26274,43.64406],[-91.26282,43.64457],[-91.26288,43.64475],[-91.26386,43.64766],[-91.26505,43.64914],[-91.26711,43.65051],[-91.26935,43.65184],[-91.27077,43.65308],[-91.27097,43.65346],[-91.27175,43.65493],[-91.27237,43.65766],[-91.27239,43.65827],[-91.27204,43.66008],[-91.27203,43.66143],[-91.27239,43.66305],[-91.27259,43.66396],[-91.27325,43.66662],[-91.27332,43.66831],[-91.27281,43.66962],[-91.27187,43.67124],[-91.2713,43.67275],[-91.27145,43.67354],[-91.27176,43.67404],[-91.27264,43.67536],[-91.27274,43.67661],[-91.27218,43.67891],[-91.27085,43.68147],[-91.27054,43.68455],[-91.27038,43.68593],[-91.27027,43.68627],[-91.26914,43.68974],[-91.26877,43.69087],[-91.26837,43.69282],[-91.26779,43.69565],[-91.26795,43.69931],[-91.26805,43.70154],[-91.26819,43.70459],[-91.26846,43.70982],[-91.26797,43.71132],[-91.26788,43.71161],[-91.26786,43.71166],[-91.26654,43.71395],[-91.26508,43.71557],[-91.26487,43.71579],[-91.26147,43.71933],[-91.26132,43.71949],[-91.25876,43.72343],[-91.25784,43.72566],[-91.2577,43.72599],[-91.25735,43.72682],[-91.2567,43.72835],[-91.25593,43.72985],[-91.25579,43.73024],[-91.25537,43.73142],[-91.25516,43.732],[-91.255,43.73297],[-91.2549,43.73353],[-91.25492,43.73533],[-91.25517,43.73726],[-91.25524,43.73775],[-91.25547,43.73934],[-91.25553,43.74156],[-91.25554,43.74171],[-91.25543,43.74488],[-91.25527,43.74545],[-91.25471,43.74676],[-91.25413,43.74797],[-91.25387,43.74851],[-91.25315,43.74997],[-91.25251,43.7521],[-91.25212,43.75344],[-91.25018,43.75837],[-91.24943,43.76027],[-91.24937,43.76045],[-91.24904,43.76137],[-91.24854,43.76274],[-91.24804,43.76412],[-91.24771,43.76504],[-91.2476,43.76533],[-91.24744,43.76577],[-91.24728,43.76621],[-91.24717,43.76651],[-91.24713,43.76663],[-91.24663,43.76745],[-91.24491,43.77026],[-91.24479,43.77045],[-91.24441,43.77123],[-91.24437,43.7713],[-91.24434,43.77138],[-91.2443,43.77152],[-91.24429,43.7716],[-91.24425,43.77176],[-91.24419,43.772],[-91.24414,43.77224],[-91.2441,43.77241],[-91.24396,43.77305],[-91.24414,43.77467],[-91.24431,43.77483],[-91.24448,43.77499],[-91.2448,43.77528],[-91.24529,43.77572],[-91.24577,43.77616],[-91.24609,43.77645],[-91.24685,43.77715],[-91.248,43.77819],[-91.24914,43.77924],[-91.24991,43.77994],[-91.25059,43.78056],[-91.25162,43.7815],[-91.25265,43.78244],[-91.25334,43.78307],[-91.25365,43.78338],[-91.25413,43.78386],[-91.25531,43.78504],[-91.2565,43.78623],[-91.25729,43.78702],[-91.25778,43.78751],[-91.25851,43.78824],[-91.25925,43.78898],[-91.25974,43.78947],[-91.25982,43.78955],[-91.26005,43.78978],[-91.26013,43.78986],[-91.26021,43.78994],[-91.26045,43.79018],[-91.26053,43.79025],[-91.26056,43.79029],[-91.26067,43.79039],[-91.2607,43.79043],[-91.26079,43.79051],[-91.261,43.79073],[-91.26104,43.79077],[-91.26113,43.79086],[-91.26119,43.79092],[-91.26138,43.79111],[-91.26145,43.79118],[-91.26243,43.79217],[-91.26243,43.79236],[-91.26262,43.79311],[-91.2627,43.79343],[-91.26292,43.79428],[-91.2632,43.79542],[-91.26321,43.79547],[-91.26369,43.7974],[-91.26418,43.79932],[-91.26429,43.79979],[-91.26444,43.80036],[-91.26501,43.80109],[-91.26668,43.8032],[-91.2674,43.80412],[-91.26744,43.80417],[-91.26774,43.80727],[-91.26776,43.8076],[-91.26785,43.80876],[-91.26798,43.8089],[-91.26836,43.80934],[-91.26849,43.80948],[-91.26852,43.80954],[-91.26862,43.80971],[-91.26866,43.80977],[-91.26883,43.80993],[-91.26935,43.81039],[-91.26953,43.81055],[-91.27085,43.81172],[-91.27115,43.812],[-91.27204,43.81377],[-91.27263,43.81661],[-91.27299,43.81834],[-91.27301,43.81845],[-91.27304,43.81857],[-91.27308,43.81868],[-91.27312,43.81875],[-91.27316,43.81885],[-91.27349,43.81964],[-91.27444,43.82187],[-91.2745,43.82201],[-91.27484,43.8228],[-91.2751,43.82339],[-91.27574,43.82487],[-91.2758,43.82519],[-91.27594,43.82583],[-91.27608,43.8265],[-91.2765,43.82853],[-91.27664,43.82921],[-91.27668,43.82938],[-91.27674,43.82966],[-91.27675,43.82991],[-91.27675,43.83008],[-91.27675,43.83011],[-91.27676,43.83018],[-91.27676,43.8302],[-91.27676,43.83026],[-91.27677,43.83065],[-91.27678,43.83115],[-91.27679,43.83153],[-91.27679,43.83162],[-91.27681,43.83183],[-91.27683,43.83251],[-91.27688,43.83302],[-91.27701,43.83424],[-91.27704,43.83473],[-91.27708,43.8351],[-91.27709,43.83519],[-91.27721,43.83598],[-91.27725,43.83621],[-91.2773,43.83658],[-91.27733,43.83675],[-91.2777,43.83774],[-91.27775,43.83782],[-91.27854,43.83885],[-91.2795,43.83986],[-91.28024,43.84076],[-91.28032,43.84084],[-91.28056,43.84112],[-91.28094,43.84147],[-91.28128,43.84175],[-91.28138,43.8419],[-91.28146,43.84203],[-91.28169,43.84234],[-91.28179,43.84249],[-91.28197,43.84274],[-91.28224,43.84316],[-91.28235,43.84335],[-91.28253,43.84368],[-91.2827,43.84412],[-91.28307,43.84489],[-91.28349,43.84591],[-91.28361,43.84618],[-91.28377,43.84655],[-91.28414,43.84706],[-91.28453,43.84742],[-91.28484,43.84766],[-91.28548,43.84824],[-91.28588,43.84855],[-91.28606,43.84869],[-91.28699,43.84941],[-91.28772,43.85015],[-91.28829,43.85069],[-91.28914,43.85137],[-91.29019,43.85221],[-91.291,43.85273],[-91.29122,43.85284],[-91.29146,43.85295],[-91.29193,43.85326],[-91.29279,43.85362],[-91.2933,43.85378],[-91.29354,43.85386],[-91.29385,43.854],[-91.29393,43.85404],[-91.29477,43.85427],[-91.29552,43.85462],[-91.29563,43.85467],[-91.29599,43.85487],[-91.29605,43.8549],[-91.2966,43.85515],[-91.29674,43.85517],[-91.2969,43.85527],[-91.29692,43.85528],[-91.29726,43.8555],[-91.29804,43.85599],[-91.29865,43.85644],[-91.29881,43.85656],[-91.29926,43.85697],[-91.29944,43.85713],[-91.29946,43.85716],[-91.29997,43.85773],[-91.30005,43.85782],[-91.30007,43.85784],[-91.30012,43.85789],[-91.3002,43.85799],[-91.30035,43.85817],[-91.30061,43.85849],[-91.3007,43.8586],[-91.30082,43.85875],[-91.30119,43.8593],[-91.30146,43.85969],[-91.30174,43.86014],[-91.30221,43.8607],[-91.3027,43.86129],[-91.30334,43.86189],[-91.30393,43.86234],[-91.30453,43.86279],[-91.3052,43.86329],[-91.30612,43.86391],[-91.30635,43.86405],[-91.30682,43.86434],[-91.30759,43.86486],[-91.30767,43.86494],[-91.30774,43.86516],[-91.30894,43.86596],[-91.30939,43.86624],[-91.31001,43.86663],[-91.31036,43.86689],[-91.31068,43.86714],[-91.31099,43.86738],[-91.31106,43.8675],[-91.31127,43.86783],[-91.31294,43.87496],[-91.31297,43.87522],[-91.31299,43.87539],[-91.31301,43.87555],[-91.31304,43.87576],[-91.31354,43.87733],[-91.31363,43.87759],[-91.31418,43.87914],[-91.31531,43.88181],[-91.31538,43.8819],[-91.31699,43.88429],[-91.31899,43.88674],[-91.3206,43.88849],[-91.32192,43.88956],[-91.32241,43.88995],[-91.32516,43.89203],[-91.32547,43.89222],[-91.32626,43.89257],[-91.32811,43.89342],[-91.32814,43.89343],[-91.33084,43.89466],[-91.33092,43.89469],[-91.33319,43.8955],[-91.33661,43.89686],[-91.33664,43.89688],[-91.33814,43.89766],[-91.33865,43.89811],[-91.33928,43.89866],[-91.33966,43.89913],[-91.33967,43.89915],[-91.33969,43.89917],[-91.34047,43.90014],[-91.34234,43.9027],[-91.34285,43.90362],[-91.34296,43.90378],[-91.34344,43.90456],[-91.34352,43.90474],[-91.34383,43.90544],[-91.34423,43.90608],[-91.34478,43.90694],[-91.3456,43.90859],[-91.34561,43.90861],[-91.34627,43.91007],[-91.34668,43.91061],[-91.34707,43.91113],[-91.34774,43.91196],[-91.34874,43.91277],[-91.34958,43.91328],[-91.34974,43.91338],[-91.34984,43.91344],[-91.35169,43.91454],[-91.35193,43.91464],[-91.35419,43.91555],[-91.3557,43.91615],[-91.35622,43.91635],[-91.35674,43.91656],[-91.35743,43.91723],[-91.35753,43.91738],[-91.3581,43.9182],[-91.35874,43.91917],[-91.35883,43.91931],[-91.35977,43.92088],[-91.35996,43.92134],[-91.36139,43.92367],[-91.3615,43.92385],[-91.36205,43.92474],[-91.36285,43.92604],[-91.36323,43.92656],[-91.36329,43.92679],[-91.36338,43.92714],[-91.36344,43.92734],[-91.36361,43.92791],[-91.36384,43.92864],[-91.36401,43.93003],[-91.364,43.93106],[-91.36399,43.93135],[-91.36399,43.9317],[-91.36406,43.93207],[-91.36417,43.93264],[-91.36425,43.93305],[-91.36432,43.93345],[-91.36457,43.93436],[-91.36472,43.93488],[-91.36538,43.93609],[-91.36581,43.93655],[-91.36601,43.93676],[-91.36613,43.93688],[-91.36664,43.93746],[-91.36731,43.93799],[-91.36797,43.93852],[-91.36807,43.9386],[-91.36834,43.93882],[-91.3732,43.94273],[-91.37343,43.94291],[-91.37416,43.94351],[-91.37512,43.94428],[-91.37516,43.94431],[-91.37548,43.9446],[-91.37583,43.94493],[-91.37702,43.94602],[-91.37758,43.94654],[-91.37821,43.94712],[-91.3786,43.94748],[-91.37898,43.94784],[-91.37944,43.94826],[-91.37961,43.94841],[-91.38184,43.95059],[-91.38191,43.95067],[-91.38235,43.95111],[-91.38266,43.95141],[-91.3829,43.95164],[-91.38436,43.95307],[-91.38482,43.95344],[-91.38485,43.95347],[-91.38504,43.95363],[-91.3858,43.95424],[-91.3867,43.95475],[-91.38718,43.95502],[-91.38766,43.95529],[-91.38808,43.95552],[-91.38853,43.95577],[-91.38971,43.95643],[-91.39116,43.95724],[-91.39176,43.95757],[-91.3919,43.95765],[-91.39204,43.95773],[-91.39273,43.95811],[-91.39342,43.95849],[-91.39477,43.95923],[-91.39478,43.95924],[-91.39509,43.95941],[-91.39586,43.95974],[-91.39627,43.95992],[-91.39641,43.95997],[-91.39658,43.96004],[-91.39674,43.9601],[-91.39707,43.96025],[-91.39739,43.96039],[-91.39778,43.96056],[-91.40021,43.96156],[-91.40148,43.96208],[-91.40601,43.96393],[-91.40739,43.96515],[-91.40773,43.96575],[-91.40944,43.96892],[-91.41054,43.97089],[-91.41249,43.97341],[-91.41266,43.97355],[-91.41504,43.97563],[-91.41974,43.97925],[-91.42413,43.98263],[-91.42519,43.98432],[-91.42567,43.9851],[-91.42667,43.98845],[-91.42684,43.98875],[-91.42976,43.99378],[-91.4312,43.99544],[-91.43235,43.99669],[-91.43411,43.99787],[-91.43513,43.99851],[-91.43534,43.99865],[-91.43738,43.99996],[-91.43743,43.99996],[-91.4375,44.0],[-91.43763,44.00009],[-91.43855,44.00059],[-91.43926,44.00099],[-91.4393,44.001],[-91.44054,44.00152],[-91.44545,44.00279],[-91.44626,44.003],[-91.44752,44.00336],[-91.44823,44.00355],[-91.45036,44.00416],[-91.45107,44.00436],[-91.45377,44.00512],[-91.45407,44.00521],[-91.45738,44.0063],[-91.45911,44.00702],[-91.46001,44.00744],[-91.46162,44.00817],[-91.46352,44.00904],[-91.46424,44.00913],[-91.46473,44.00919],[-91.46522,44.00925],[-91.46744,44.00952],[-91.46748,44.00952],[-91.46847,44.00948],[-91.47056,44.00928],[-91.4711,44.0092],[-91.47704,44.00826],[-91.4785,44.00803],[-91.47976,44.00798],[-91.48025,44.00805],[-91.48087,44.00815],[-91.48958,44.0107],[-91.49092,44.01109],[-91.49499,44.01254],[-91.49657,44.01346],[-91.4996,44.0154],[-91.50014,44.01563],[-91.50216,44.01686],[-91.50592,44.01865],[-91.50712,44.01898],[-91.51663,44.02048],[-91.5174,44.0206],[-91.52431,44.02143],[-91.52627,44.02154],[-91.52778,44.02162],[-91.53234,44.02148],[-91.53378,44.02143],[-91.54703,44.02223],[-91.54951,44.02262],[-91.55047,44.02286],[-91.55254,44.02336],[-91.55314,44.02356],[-91.55629,44.02459],[-91.55671,44.02473],[-91.55683,44.02476],[-91.55846,44.02517],[-91.559,44.02532],[-91.56051,44.0255],[-91.56345,44.02572],[-91.56365,44.02574],[-91.56715,44.02622],[-91.57071,44.02669],[-91.57277,44.02686],[-91.57328,44.0269],[-91.57678,44.02691],[-91.58002,44.02693],[-91.58048,44.02701],[-91.58123,44.02714],[-91.5826,44.02738],[-91.58533,44.0285],[-91.58785,44.02954],[-91.59207,44.03137],[-91.59562,44.03333],[-91.59689,44.03437],[-91.59762,44.03496],[-91.59937,44.03717],[-91.59965,44.03767],[-91.59976,44.03786],[-91.60028,44.03879],[-91.60061,44.03935],[-91.60179,44.04138],[-91.60355,44.04368],[-91.60391,44.04408],[-91.60501,44.04531],[-91.60523,44.04549],[-91.60701,44.04707],[-91.60734,44.04736],[-91.61049,44.04931],[-91.6112,44.04964],[-91.61322,44.05059],[-91.61329,44.05062],[-91.61537,44.0516],[-91.61646,44.05196],[-91.61704,44.05215],[-91.61959,44.053],[-91.6197,44.05303],[-91.62081,44.05332],[-91.62168,44.05355],[-91.62228,44.05371],[-91.62378,44.05411],[-91.6242,44.05426],[-91.62429,44.05429],[-91.62468,44.05442],[-91.62515,44.05459],[-91.62562,44.0548],[-91.62703,44.05542],[-91.6275,44.05563],[-91.62763,44.05569],[-91.6279,44.0558],[-91.62801,44.05589],[-91.62813,44.05597],[-91.62834,44.05611],[-91.62897,44.05655],[-91.62918,44.05669],[-91.62957,44.05697],[-91.62985,44.05726],[-91.6312,44.05867],[-91.63176,44.0591],[-91.63245,44.05965],[-91.63336,44.06036],[-91.63591,44.06217],[-91.63609,44.0623],[-91.63706,44.06282],[-91.63715,44.06287],[-91.63814,44.06329],[-91.63921,44.06365],[-91.64054,44.06368],[-91.64065,44.06364],[-91.64173,44.06332],[-91.6434,44.06271],[-91.64472,44.06278],[-91.64645,44.06334],[-91.64787,44.06411],[-91.64882,44.06497],[-91.65057,44.06717],[-91.65192,44.06835],[-91.65197,44.06839],[-91.65225,44.06863],[-91.65432,44.07009],[-91.65468,44.07027],[-91.65584,44.07085],[-91.657,44.07141],[-91.65951,44.0742],[-91.66104,44.07674],[-91.66344,44.08091],[-91.66385,44.08155],[-91.66426,44.08315],[-91.66526,44.08504],[-91.66701,44.08696],[-91.66861,44.08834],[-91.66873,44.08843],[-91.66952,44.08902],[-91.67151,44.09053],[-91.67161,44.0906],[-91.67166,44.09064],[-91.67171,44.09068],[-91.67196,44.09087],[-91.67212,44.09099],[-91.67252,44.09129],[-91.67412,44.09237],[-91.68153,44.0974],[-91.68282,44.0979],[-91.68417,44.0982],[-91.68575,44.09842],[-91.68737,44.09828],[-91.68857,44.09796],[-91.69062,44.09788],[-91.69128,44.09786],[-91.69531,44.09857],[-91.7039,44.10239],[-91.70429,44.10255],[-91.70452,44.10265],[-91.70749,44.10391],[-91.70759,44.104],[-91.70812,44.10453],[-91.70821,44.10519],[-91.70808,44.11093],[-91.70904,44.11398],[-91.70972,44.11529],[-91.70989,44.11629],[-91.70948,44.11757],[-91.70972,44.1183],[-91.71004,44.11928],[-91.7106,44.12048],[-91.71359,44.12358],[-91.7152,44.12496],[-91.7191,44.12885],[-91.7196,44.12916],[-91.71972,44.12923],[-91.71975,44.12925],[-91.72018,44.12951],[-91.72033,44.1296],[-91.72155,44.13034],[-91.72161,44.13036],[-91.72274,44.13078],[-91.7241,44.13114],[-91.72572,44.13158],[-91.7259,44.13163],[-91.72734,44.13201],[-91.72845,44.13231],[-91.73065,44.1329],[-91.7318,44.13301],[-91.73294,44.13313],[-91.73297,44.13313],[-91.73305,44.13314],[-91.73307,44.13314],[-91.74087,44.13392],[-91.74832,44.13426],[-91.75015,44.13463],[-91.75175,44.13479],[-91.75401,44.13557],[-91.75672,44.1368],[-91.76099,44.13928],[-91.76281,44.14028],[-91.76482,44.14139],[-91.76857,44.14351],[-91.76982,44.14441],[-91.77288,44.1468],[-91.77449,44.14754],[-91.77478,44.14763],[-91.78481,44.15083],[-91.78851,44.15195],[-91.78946,44.15219],[-91.79291,44.15308],[-91.79667,44.15434],[-91.79754,44.15469],[-91.80197,44.1565],[-91.80806,44.15926],[-91.8105,44.16056],[-91.81114,44.1609],[-91.81122,44.16094],[-91.81606,44.16351],[-91.8173,44.16423],[-91.81959,44.16725],[-91.82457,44.17309],[-91.82917,44.17835],[-91.83138,44.17966],[-91.83248,44.18031],[-91.83311,44.18051],[-91.83425,44.18087],[-91.83598,44.18143],[-91.83764,44.18205],[-91.83766,44.18205],[-91.83821,44.18226],[-91.83878,44.18247],[-91.84152,44.18349],[-91.84256,44.18394],[-91.84475,44.18488],[-91.84776,44.18651],[-91.85162,44.18898],[-91.85196,44.1892],[-91.85305,44.18999],[-91.85357,44.19037],[-91.85365,44.19043],[-91.85366,44.19044],[-91.85389,44.19061],[-91.85603,44.1919],[-91.85649,44.19213],[-91.85684,44.1923],[-91.85789,44.19283],[-91.85825,44.193],[-91.85971,44.19373],[-91.8626,44.19549],[-91.86326,44.19589],[-91.86439,44.19657],[-91.86578,44.19713],[-91.86743,44.19758],[-91.87237,44.19917],[-91.87516,44.20058],[-91.87546,44.20128],[-91.87551,44.2014],[-91.87606,44.20273],[-91.87647,44.20601],[-91.87641,44.20773],[-91.87641,44.20779],[-91.8764,44.20813],[-91.87637,44.20898],[-91.87636,44.20957],[-91.87743,44.21292],[-91.88027,44.21656],[-91.88144,44.21773],[-91.88483,44.22112],[-91.88979,44.22629],[-91.8927,44.23111],[-91.89285,44.23342],[-91.89296,44.23515],[-91.89246,44.2363],[-91.89133,44.23889],[-91.88791,44.2464],[-91.88753,44.24783],[-91.88751,44.24794],[-91.88704,44.24996],[-91.88708,44.25035],[-91.88698,44.25095],[-91.88704,44.25177],[-91.88719,44.25251],[-91.8875,44.25345],[-91.88782,44.25417],[-91.8885,44.25499],[-91.88913,44.25606],[-91.891,44.25803],[-91.89269,44.25986],[-91.89366,44.26069],[-91.8942,44.26126],[-91.89515,44.26181],[-91.89572,44.26238],[-91.89601,44.26287],[-91.89647,44.26406],[-91.89676,44.26545],[-91.8966,44.26662],[-91.89652,44.26782],[-91.89628,44.26909],[-91.89587,44.27028],[-91.89568,44.27162],[-91.89566,44.27177],[-91.89565,44.27301],[-91.89594,44.27384],[-91.89639,44.27469],[-91.89696,44.27567],[-91.8973,44.27596],[-91.8987,44.27717],[-91.90072,44.27864],[-91.90243,44.27972],[-91.90252,44.27978],[-91.90368,44.28043],[-91.90428,44.28077],[-91.90579,44.28161],[-91.90888,44.28283],[-91.91181,44.28384],[-91.91296,44.2842],[-91.9155,44.28499],[-91.91806,44.28563],[-91.92028,44.2865],[-91.92186,44.28757],[-91.92221,44.28781],[-91.92331,44.28923],[-91.92385,44.29029],[-91.92409,44.29078],[-91.92414,44.29088],[-91.92426,44.29111],[-91.92461,44.29182],[-91.92492,44.29377],[-91.92498,44.29482],[-91.92488,44.29573],[-91.9241,44.2971],[-91.92345,44.29794],[-91.92183,44.30003],[-91.92103,44.30107],[-91.91869,44.30351],[-91.91862,44.30359],[-91.91806,44.30417],[-91.91767,44.30436],[-91.91681,44.30556],[-91.91436,44.30823],[-91.9138,44.30928],[-91.91357,44.31039],[-91.91353,44.31139],[-91.91361,44.31158],[-91.91619,44.31809],[-91.91862,44.32267],[-91.91917,44.32359],[-91.91971,44.32449],[-91.92385,44.33139],[-91.92559,44.33355],[-91.92822,44.33547],[-91.93582,44.33867],[-91.93622,44.33883],[-91.94131,44.34098],[-91.94291,44.34223],[-91.94298,44.34228],[-91.9496,44.3488],[-91.94984,44.34911],[-91.95282,44.35298],[-91.95497,44.35502],[-91.95555,44.35557],[-91.9586,44.35845],[-91.95952,44.3594],[-91.96,44.3598],[-91.9636,44.36211],[-91.96583,44.36342],[-91.96668,44.36391],[-91.96681,44.36399],[-91.96697,44.36407],[-91.96801,44.36463],[-91.97023,44.36582],[-91.97027,44.36584],[-91.97249,44.36676],[-91.97492,44.36752],[-91.9771,44.36814],[-91.97857,44.36837],[-91.98021,44.36839],[-91.98397,44.36845],[-91.98555,44.36864],[-91.98698,44.36903],[-91.98729,44.36912],[-91.99398,44.3718],[-92.00017,44.37497],[-92.00132,44.37607],[-92.00284,44.37712],[-92.00462,44.37819],[-92.00618,44.37883],[-92.00776,44.37938],[-92.00859,44.37963],[-92.00975,44.3798],[-92.0121,44.38017],[-92.01453,44.38024],[-92.01669,44.38057],[-92.01816,44.38093],[-92.01931,44.38122],[-92.02191,44.38211],[-92.02253,44.38232],[-92.02291,44.38247],[-92.02514,44.38339],[-92.02814,44.38468],[-92.02868,44.38491],[-92.03055,44.3857],[-92.0319,44.38628],[-92.03196,44.3863],[-92.03222,44.38639],[-92.03225,44.3864],[-92.03226,44.38641],[-92.03227,44.38641],[-92.03233,44.38643],[-92.03343,44.38683],[-92.03466,44.38728],[-92.03671,44.38814],[-92.03777,44.38858],[-92.03815,44.38873],[-92.03994,44.38979],[-92.04117,44.39086],[-92.04207,44.39172],[-92.04288,44.39236],[-92.04484,44.39356],[-92.04556,44.39398],[-92.04575,44.39409],[-92.04628,44.3944],[-92.04726,44.39525],[-92.04732,44.3953],[-92.04837,44.39631],[-92.04951,44.39734],[-92.0506,44.39852],[-92.0514,44.39936],[-92.05232,44.40038],[-92.05355,44.40138],[-92.05485,44.4021],[-92.05649,44.40273],[-92.05811,44.4032],[-92.06033,44.40382],[-92.06164,44.40412],[-92.06317,44.40425],[-92.06495,44.40419],[-92.06636,44.40409],[-92.06803,44.404],[-92.06923,44.40403],[-92.07061,44.40397],[-92.07227,44.40402],[-92.0746,44.40425],[-92.07704,44.40466],[-92.07861,44.40487],[-92.07918,44.40515],[-92.07956,44.40533],[-92.08121,44.40614],[-92.08127,44.40617],[-92.08258,44.40686],[-92.08357,44.40734],[-92.08444,44.40774],[-92.08513,44.40805],[-92.08724,44.40885],[-92.08992,44.40953],[-92.092,44.41013],[-92.095,44.41091],[-92.09741,44.41146],[-92.09768,44.41151],[-92.09882,44.41172],[-92.10164,44.41223],[-92.10454,44.41272],[-92.10708,44.41315],[-92.10919,44.41357],[-92.11108,44.41395],[-92.11231,44.41433],[-92.11247,44.4144],[-92.11289,44.41457],[-92.11356,44.41496],[-92.11406,44.41524],[-92.1153,44.41606],[-92.1167,44.41705],[-92.1181,44.41808],[-92.11912,44.41899],[-92.1206,44.42015],[-92.12111,44.42057],[-92.12132,44.42068],[-92.12231,44.42117],[-92.12368,44.42184],[-92.12451,44.42211],[-92.12517,44.42221],[-92.12532,44.42224],[-92.12546,44.42226],[-92.13381,44.42375],[-92.13516,44.42397],[-92.13545,44.42401],[-92.13663,44.4242],[-92.13809,44.42444],[-92.13957,44.42467],[-92.15322,44.42619],[-92.15572,44.42646],[-92.15821,44.42674],[-92.16245,44.42721],[-92.16365,44.42742],[-92.16633,44.4279],[-92.17028,44.4286],[-92.18166,44.43095],[-92.18548,44.43174],[-92.1893,44.43253],[-92.19043,44.43277],[-92.19538,44.43379],[-92.20826,44.43686],[-92.21044,44.43738],[-92.21262,44.4379],[-92.21516,44.4385],[-92.21678,44.43902],[-92.21714,44.43913],[-92.22108,44.44039],[-92.22173,44.44066],[-92.23086,44.4445],[-92.23247,44.44543],[-92.2339,44.44633],[-92.23732,44.44942],[-92.23948,44.45164],[-92.24035,44.45254],[-92.24122,44.45344],[-92.24201,44.45425],[-92.24302,44.4553],[-92.24488,44.45684],[-92.24734,44.45851],[-92.24907,44.45952],[-92.25018,44.4599],[-92.25061,44.46009],[-92.25206,44.46064],[-92.25443,44.46157],[-92.25664,44.46247],[-92.25973,44.46381],[-92.26248,44.46515],[-92.26521,44.46659],[-92.26745,44.46786],[-92.27046,44.46971],[-92.27176,44.47051],[-92.27398,44.47188],[-92.27678,44.47365],[-92.28035,44.47617],[-92.28236,44.47771],[-92.28426,44.47936],[-92.28612,44.48104],[-92.28798,44.48267],[-92.29101,44.48546],[-92.29233,44.48698],[-92.29438,44.48929],[-92.29548,44.49068],[-92.29712,44.49273],[-92.29757,44.49335],[-92.29848,44.49462],[-92.30031,44.49737],[-92.30126,44.49884],[-92.30163,44.4994],[-92.30199,44.49997],[-92.30222,44.5003],[-92.30258,44.50138],[-92.30296,44.5036],[-92.303,44.50704],[-92.30286,44.50968],[-92.30272,44.51093],[-92.30245,44.51341],[-92.30247,44.51648],[-92.30247,44.51649],[-92.30269,44.51731],[-92.30276,44.5176],[-92.30284,44.51789],[-92.30305,44.51865],[-92.30353,44.51982],[-92.30574,44.52214],[-92.30796,44.52448],[-92.31083,44.52876],[-92.31145,44.53016],[-92.31224,44.53245],[-92.31297,44.53521],[-92.31331,44.53608],[-92.31347,44.53648],[-92.31363,44.53687],[-92.31407,44.53801],[-92.31557,44.54025],[-92.31617,44.54101],[-92.31736,44.54251],[-92.31766,44.5428],[-92.3178,44.54293],[-92.31994,44.54494],[-92.32234,44.54678],[-92.32555,44.54872],[-92.32613,44.54908],[-92.32901,44.55089],[-92.33268,44.55257],[-92.33573,44.55384],[-92.33611,44.554],[-92.34006,44.55527],[-92.34323,44.5561],[-92.34421,44.55635],[-92.34757,44.55715],[-92.35059,44.55752],[-92.35405,44.55802],[-92.35731,44.55848],[-92.35756,44.55851],[-92.36152,44.55893],[-92.36589,44.55912],[-92.3683,44.55918],[-92.37518,44.55876],[-92.37565,44.55874],[-92.3803,44.55854],[-92.38278,44.5582],[-92.38597,44.5578],[-92.38904,44.5577],[-92.38975,44.55768],[-92.39154,44.55764],[-92.39529,44.55796],[-92.39928,44.55829],[-92.4021,44.55861],[-92.40425,44.55888],[-92.40606,44.55912],[-92.40766,44.55952],[-92.40986,44.55988],[-92.41111,44.56011],[-92.41148,44.56017],[-92.41295,44.56031],[-92.41378,44.56021],[-92.41509,44.56036],[-92.41567,44.56051],[-92.42254,44.55963],[-92.4264,44.5588],[-92.42869,44.55745],[-92.42947,44.55702],[-92.43215,44.55551],[-92.43373,44.55448],[-92.43452,44.55394],[-92.43508,44.55355],[-92.43649,44.55288],[-92.43863,44.55264],[-92.4399,44.55303],[-92.44073,44.55329],[-92.44271,44.55408],[-92.44285,44.55414],[-92.44771,44.55695],[-92.44789,44.55705],[-92.4481,44.55718],[-92.44894,44.55766],[-92.44907,44.55773],[-92.44998,44.55819],[-92.45136,44.55888],[-92.45312,44.55974],[-92.45424,44.56029],[-92.45554,44.56093],[-92.45716,44.56177],[-92.4586,44.56252],[-92.4589,44.56274],[-92.46084,44.56326],[-92.46137,44.5634],[-92.46262,44.56368],[-92.46323,44.56382],[-92.4657,44.56439],[-92.46672,44.56462],[-92.46897,44.56504],[-92.47014,44.56529],[-92.47128,44.56563],[-92.47241,44.566],[-92.47322,44.56631],[-92.47342,44.56637],[-92.4741,44.56654],[-92.47518,44.56684],[-92.47659,44.56728],[-92.47671,44.56731],[-92.47691,44.56738],[-92.47693,44.56738],[-92.47765,44.56764],[-92.47824,44.56786],[-92.48001,44.56831],[-92.48099,44.56845],[-92.48222,44.56852],[-92.48234,44.56851],[-92.4824,44.56851],[-92.48317,44.56846],[-92.48336,44.56842],[-92.48474,44.56818],[-92.48514,44.56805],[-92.4857,44.56786],[-92.48574,44.56783],[-92.48671,44.56729],[-92.48785,44.56691],[-92.48792,44.56688],[-92.48794,44.56688],[-92.48811,44.56682],[-92.48838,44.56673],[-92.48848,44.5667],[-92.49047,44.56623],[-92.49085,44.56616],[-92.49177,44.56601],[-92.49188,44.566],[-92.49205,44.566],[-92.4924,44.566],[-92.49279,44.56599],[-92.49372,44.56605],[-92.4945,44.56622],[-92.49632,44.5667],[-92.49697,44.56687],[-92.49701,44.56688],[-92.49707,44.5669],[-92.49722,44.56695],[-92.49766,44.5671],[-92.49815,44.56726],[-92.49997,44.56785],[-92.50061,44.568],[-92.50081,44.56805],[-92.50281,44.56859],[-92.50503,44.56925],[-92.50696,44.56972],[-92.50794,44.57006],[-92.50811,44.57012],[-92.50867,44.57031],[-92.51053,44.57103],[-92.51253,44.57181],[-92.51301,44.57208],[-92.51365,44.57254],[-92.51437,44.57308],[-92.51474,44.57333],[-92.51492,44.57345],[-92.5151,44.57358],[-92.51511,44.57359],[-92.51552,44.57379],[-92.516,44.57403],[-92.51617,44.57411],[-92.51623,44.57414],[-92.51635,44.5742],[-92.51646,44.57426],[-92.51736,44.57469],[-92.51763,44.57482],[-92.51808,44.57502],[-92.51843,44.57514],[-92.5187,44.57523],[-92.51922,44.57527],[-92.51979,44.57531],[-92.52023,44.57528],[-92.52068,44.57529],[-92.52118,44.57521],[-92.52179,44.57508],[-92.52312,44.57472],[-92.525,44.57424],[-92.52642,44.57381],[-92.528,44.57325],[-92.53198,44.57139],[-92.53265,44.57106],[-92.53295,44.57092],[-92.53411,44.57034],[-92.53419,44.5703],[-92.53564,44.56956],[-92.53822,44.56821],[-92.53877,44.56796],[-92.53991,44.56746],[-92.54102,44.56713],[-92.54165,44.567],[-92.54209,44.5669],[-92.54251,44.56686],[-92.54321,44.56687],[-92.54358,44.56689],[-92.54401,44.56694],[-92.54447,44.56697],[-92.54456,44.56697],[-92.54481,44.567],[-92.54507,44.56703],[-92.54537,44.56707],[-92.54593,44.56717],[-92.54639,44.56727],[-92.54669,44.56735],[-92.54677,44.56737],[-92.54694,44.56743],[-92.54706,44.56747],[-92.54717,44.5675],[-92.54797,44.56785],[-92.54889,44.56825],[-92.54934,44.56857],[-92.54994,44.56891],[-92.55003,44.56897],[-92.55035,44.56924],[-92.55072,44.56969],[-92.55119,44.57055],[-92.55134,44.57104],[-92.55146,44.57147],[-92.55153,44.57186],[-92.55157,44.57221],[-92.55146,44.57257],[-92.55143,44.57298],[-92.55117,44.57351],[-92.551,44.57384],[-92.55038,44.57494],[-92.55002,44.57564],[-92.54996,44.57579],[-92.54983,44.57612],[-92.54934,44.57785],[-92.5493,44.57812],[-92.54925,44.57847],[-92.54928,44.57898],[-92.54938,44.57997],[-92.54952,44.58048],[-92.54983,44.5811],[-92.55004,44.58147],[-92.5504,44.58206],[-92.55062,44.58232],[-92.5513,44.58302],[-92.55203,44.58386],[-92.55283,44.58469],[-92.55456,44.58624],[-92.55565,44.58725],[-92.55612,44.58773],[-92.55644,44.58809],[-92.55701,44.58879],[-92.5573,44.5892],[-92.55739,44.58933],[-92.55745,44.58941],[-92.55798,44.5903],[-92.55836,44.59099],[-92.55884,44.59185],[-92.55898,44.59211],[-92.559,44.59215],[-92.55901,44.59217],[-92.55902,44.59219],[-92.55907,44.59227],[-92.55914,44.59241],[-92.55918,44.59249],[-92.5592,44.59253],[-92.55923,44.59257],[-92.55935,44.59279],[-92.55986,44.59364],[-92.56052,44.59455],[-92.56107,44.59521],[-92.56149,44.59572],[-92.56194,44.59622],[-92.5624,44.59665],[-92.56256,44.59681],[-92.56335,44.59741],[-92.56399,44.59807],[-92.56441,44.59845],[-92.56509,44.59921],[-92.56568,44.59986],[-92.56617,44.60047],[-92.56627,44.60059],[-92.56668,44.60122],[-92.56673,44.6013],[-92.56696,44.60167],[-92.56743,44.60215],[-92.56783,44.60253],[-92.56798,44.60264],[-92.56812,44.60273],[-92.56818,44.60278],[-92.56851,44.60301],[-92.56895,44.60337],[-92.56905,44.60343],[-92.5694,44.60362],[-92.56995,44.6038],[-92.57051,44.60402],[-92.57272,44.60462],[-92.57325,44.60475],[-92.57474,44.60486],[-92.57671,44.605],[-92.57716,44.60504],[-92.5772,44.60489],[-92.5774,44.60469],[-92.57747,44.60462],[-92.57801,44.60433],[-92.57812,44.60427],[-92.57861,44.60403],[-92.5787,44.60397],[-92.57883,44.6039],[-92.57904,44.6038],[-92.57915,44.60366],[-92.58042,44.60207],[-92.58159,44.60085],[-92.58282,44.60037],[-92.58334,44.60017],[-92.58471,44.59986],[-92.58622,44.60009],[-92.58729,44.60043],[-92.58825,44.60109],[-92.58838,44.60123],[-92.5888,44.6017],[-92.58903,44.60223],[-92.58921,44.60266],[-92.58925,44.60279],[-92.58963,44.60404],[-92.59039,44.60541],[-92.59046,44.60553],[-92.59047,44.60568],[-92.59049,44.60594],[-92.59191,44.60641],[-92.59207,44.60646],[-92.59251,44.60665],[-92.59413,44.60735],[-92.59485,44.60768],[-92.59567,44.60806],[-92.59819,44.61012],[-92.60016,44.61137],[-92.6003,44.61145],[-92.60161,44.61204],[-92.6026,44.61227],[-92.60385,44.61248],[-92.60498,44.61246],[-92.60726,44.6124],[-92.60738,44.61238],[-92.60907,44.61222],[-92.61,44.61206],[-92.61012,44.61204],[-92.61025,44.61202],[-92.61116,44.61186],[-92.61134,44.61185],[-92.61187,44.6118],[-92.61239,44.61175],[-92.61281,44.61171],[-92.61385,44.61159],[-92.61471,44.61166],[-92.61555,44.61185],[-92.6168,44.61224],[-92.61819,44.61279],[-92.61896,44.61317],[-92.61909,44.61324],[-92.61979,44.61358],[-92.62164,44.61493],[-92.62212,44.61553],[-92.62254,44.61605],[-92.62289,44.61679],[-92.62296,44.61694],[-92.62337,44.61814],[-92.62357,44.61923],[-92.62357,44.62064],[-92.62351,44.62098],[-92.62338,44.62182],[-92.6228,44.62346],[-92.62191,44.62492],[-92.62183,44.62505],[-92.62147,44.62583],[-92.62112,44.6265],[-92.62077,44.62732],[-92.62047,44.62789],[-92.62026,44.62865],[-92.62018,44.62941],[-92.62017,44.62953],[-92.62016,44.63057],[-92.62021,44.63102],[-92.62026,44.63161],[-92.62019,44.6336],[-92.62022,44.63419],[-92.62117,44.63702],[-92.62169,44.63855],[-92.62185,44.63902],[-92.62507,44.64217],[-92.62773,44.64486],[-92.63045,44.6476],[-92.63202,44.64919],[-92.63948,44.65222],[-92.64325,44.65307],[-92.64356,44.65314],[-92.64479,44.65376],[-92.64656,44.65467],[-92.65579,44.65808],[-92.66099,44.6609],[-92.66471,44.66338],[-92.66575,44.66432],[-92.66781,44.66619],[-92.67003,44.6679],[-92.67203,44.66921],[-92.67395,44.67087],[-92.67613,44.67253],[-92.67763,44.67416],[-92.67957,44.67627],[-92.68327,44.6796],[-92.6835,44.67981],[-92.6862,44.68237],[-92.69055,44.68557],[-92.69358,44.68802],[-92.69432,44.68862],[-92.69454,44.68874],[-92.69466,44.68881],[-92.69475,44.68886],[-92.69489,44.68894],[-92.69492,44.68895],[-92.69549,44.68929],[-92.69702,44.69011],[-92.69831,44.69083],[-92.69925,44.69129],[-92.69934,44.69135],[-92.6999,44.69174],[-92.69994,44.69176],[-92.70152,44.6934],[-92.70689,44.6967],[-92.70952,44.69846],[-92.71192,44.70007],[-92.71229,44.70032],[-92.7125,44.70046],[-92.71252,44.70047],[-92.71313,44.70089],[-92.71343,44.70109],[-92.71734,44.70381],[-92.72008,44.70573],[-92.72634,44.71034],[-92.72635,44.71035],[-92.72862,44.71194],[-92.73204,44.71434],[-92.73231,44.71447],[-92.73649,44.71641],[-92.73916,44.71804],[-92.7497,44.72173],[-92.7501,44.7218],[-92.75196,44.72215],[-92.75332,44.72255],[-92.75418,44.72281],[-92.75567,44.72324],[-92.76177,44.72627],[-92.76942,44.73071],[-92.77195,44.73208],[-92.7736,44.73268],[-92.77635,44.73369],[-92.77647,44.73373],[-92.77656,44.73376],[-92.78111,44.73543],[-92.79234,44.73936],[-92.80185,44.74557],[-92.802,44.74567],[-92.80202,44.74567],[-92.80319,44.7471],[-92.80377,44.74743],[-92.80377,44.74746],[-92.80379,44.74751],[-92.80382,44.74757],[-92.80388,44.74772],[-92.80394,44.74786],[-92.80396,44.74792],[-92.80401,44.74802],[-92.80404,44.7481],[-92.80412,44.74829],[-92.80421,44.7485],[-92.80438,44.74878],[-92.80446,44.74889],[-92.80451,44.74894],[-92.80463,44.74907],[-92.80476,44.74924],[-92.80547,44.74977],[-92.80604,44.75003],[-92.80657,44.7502],[-92.80675,44.75026],[-92.80743,44.75048],[-92.80776,44.75068],[-92.80808,44.75088],[-92.80824,44.75108],[-92.80833,44.75132],[-92.80841,44.7516],[-92.80841,44.75186],[-92.80836,44.75222],[-92.80834,44.75252],[-92.80833,44.75275],[-92.80834,44.75339],[-92.80836,44.75388],[-92.8083,44.75443],[-92.80825,44.75524],[-92.80819,44.75612],[-92.80811,44.75695],[-92.80806,44.75729],[-92.80803,44.75744],[-92.80769,44.75929],[-92.80745,44.76043],[-92.80733,44.76093],[-92.80688,44.76272],[-92.8064,44.76457],[-92.80602,44.76629],[-92.80556,44.76838],[-92.80445,44.77076],[-92.80436,44.77091],[-92.80403,44.77147],[-92.8037,44.77204],[-92.80345,44.77248],[-92.80254,44.77414],[-92.80138,44.77608],[-92.80051,44.77744],[-92.79916,44.77897],[-92.79771,44.78053],[-92.79736,44.78089],[-92.79731,44.78095],[-92.79726,44.78101],[-92.79618,44.78213],[-92.79402,44.78374],[-92.79324,44.78433],[-92.79245,44.78491],[-92.79211,44.78517],[-92.79136,44.7858],[-92.79123,44.78592],[-92.78981,44.78722],[-92.78921,44.78775],[-92.78859,44.78833],[-92.78781,44.78903],[-92.78761,44.78921],[-92.78676,44.79023],[-92.78661,44.7904],[-92.78622,44.79095],[-92.78601,44.79128],[-92.78586,44.79149],[-92.78562,44.79189],[-92.78553,44.79208],[-92.78526,44.79264],[-92.785,44.79321],[-92.7846,44.79405],[-92.78392,44.79568],[-92.7836,44.79648],[-92.78348,44.79683],[-92.78327,44.79768],[-92.78323,44.79781],[-92.78318,44.79807],[-92.78311,44.79849],[-92.78302,44.79894],[-92.78277,44.80095],[-92.78253,44.80288],[-92.78231,44.80458],[-92.78217,44.8061],[-92.78179,44.80902],[-92.7815,44.80994],[-92.78131,44.81054],[-92.78112,44.81113],[-92.78075,44.8123],[-92.77929,44.81446],[-92.77915,44.8146],[-92.77874,44.81503],[-92.77833,44.81546],[-92.77682,44.81703],[-92.77549,44.81847],[-92.77433,44.81983],[-92.77291,44.8215],[-92.77269,44.8219],[-92.77241,44.82242],[-92.7722,44.82305],[-92.77228,44.82371],[-92.77252,44.82452],[-92.77262,44.82482],[-92.7728,44.82541],[-92.77298,44.82604],[-92.77296,44.82684],[-92.77244,44.82819],[-92.76988,44.83135],[-92.76952,44.83185],[-92.76878,44.83261],[-92.76864,44.83277],[-92.76797,44.83348],[-92.76705,44.83435],[-92.76637,44.83501],[-92.76593,44.83563],[-92.76576,44.83623],[-92.7656,44.8372],[-92.76563,44.83914],[-92.76567,44.84101],[-92.76594,44.84224],[-92.76628,44.8436],[-92.76665,44.84484],[-92.76694,44.84582],[-92.76754,44.84758],[-92.76792,44.84884],[-92.76844,44.85055],[-92.76879,44.8524],[-92.76913,44.85399],[-92.76939,44.85585],[-92.76934,44.85712],[-92.76942,44.85753],[-92.76948,44.85794],[-92.76949,44.85819],[-92.76951,44.85841],[-92.76952,44.85863],[-92.76962,44.86012],[-92.76959,44.86066],[-92.7695,44.862],[-92.76884,44.86402],[-92.76869,44.86429],[-92.76736,44.86666],[-92.7658,44.86896],[-92.76464,44.87065],[-92.76377,44.87206],[-92.76342,44.87287],[-92.76341,44.87414],[-92.76382,44.87497],[-92.76413,44.8759],[-92.76484,44.87671],[-92.76578,44.8778],[-92.7696,44.88297],[-92.77112,44.88561],[-92.77236,44.8875],[-92.77333,44.88902],[-92.77395,44.89],[-92.77491,44.8928],[-92.77496,44.89477],[-92.77497,44.89509],[-92.77457,44.89808],[-92.77402,44.90008],[-92.7731,44.90137],[-92.76836,44.9038],[-92.76814,44.90391],[-92.76793,44.90402],[-92.76627,44.90487],[-92.76477,44.90543],[-92.76359,44.90598],[-92.7634,44.90606],[-92.76232,44.9065],[-92.76134,44.9069],[-92.75956,44.90786],[-92.7587,44.90898],[-92.75792,44.91028],[-92.75756,44.91121],[-92.75562,44.91815],[-92.7555,44.91857],[-92.75548,44.91863],[-92.75536,44.91906],[-92.7527,44.92857],[-92.7521,44.93087],[-92.75163,44.93296],[-92.75116,44.93505],[-92.75064,44.9373],[-92.7508,44.94157],[-92.75087,44.94185],[-92.75103,44.94248],[-92.75185,44.94568],[-92.75265,44.94874],[-92.753,44.94997],[-92.75322,44.95094],[-92.75324,44.95103],[-92.75358,44.95256],[-92.7546,44.95577],[-92.75474,44.95595],[-92.7548,44.95602],[-92.75747,44.95956],[-92.7592,44.96207],[-92.75946,44.96258],[-92.75952,44.96269],[-92.75958,44.9628],[-92.7607,44.96498],[-92.76337,44.96636],[-92.76722,44.96808],[-92.76761,44.96846],[-92.7678,44.96877],[-92.76854,44.96984],[-92.76917,44.97144],[-92.76945,44.97215],[-92.76946,44.97263],[-92.76948,44.97345],[-92.7695,44.97427],[-92.77026,44.9787],[-92.7703,44.97894],[-92.7703,44.97897],[-92.7703,44.97912],[-92.7703,44.97914],[-92.7703,44.9793],[-92.77031,44.97982],[-92.77031,44.98035],[-92.77035,44.98333],[-92.7691,44.98747],[-92.76905,44.9882],[-92.76928,44.98929],[-92.76958,44.99008],[-92.7703,44.99207],[-92.77039,44.99241],[-92.77056,44.99307],[-92.77082,44.99406],[-92.77083,44.99413],[-92.77131,44.99949],[-92.7711,45.00067],[-92.77123,45.00138],[-92.77091,45.00246],[-92.77045,45.00364],[-92.77008,45.00444],[-92.76981,45.00503],[-92.76971,45.00526],[-92.76965,45.00538],[-92.7696,45.0055],[-92.76923,45.00629],[-92.76888,45.00723],[-92.7688,45.00767],[-92.76861,45.00802],[-92.76812,45.00912],[-92.76776,45.00987],[-92.76751,45.01041],[-92.76737,45.01069],[-92.76688,45.0115],[-92.76595,45.01346],[-92.7659,45.01356],[-92.76581,45.01371],[-92.76573,45.01385],[-92.76493,45.01525],[-92.76424,45.01667],[-92.7641,45.01707],[-92.7639,45.01752],[-92.76326,45.01891],[-92.76273,45.02007],[-92.76253,45.02055],[-92.76195,45.0221],[-92.7619,45.02247],[-92.76194,45.02277],[-92.76201,45.02311],[-92.76206,45.02432],[-92.76275,45.02564],[-92.76276,45.02566],[-92.76364,45.02715],[-92.76377,45.02737],[-92.76446,45.02849],[-92.7646,45.02877],[-92.76476,45.02889],[-92.76513,45.02916],[-92.76574,45.02976],[-92.76711,45.03107],[-92.76864,45.03238],[-92.77036,45.0338],[-92.77207,45.03506],[-92.77398,45.03636],[-92.77627,45.03776],[-92.77881,45.03933],[-92.78098,45.04044],[-92.78364,45.04167],[-92.78477,45.04217],[-92.78494,45.04225],[-92.78548,45.04249],[-92.78571,45.04267],[-92.78614,45.04279],[-92.7864,45.04287],[-92.78767,45.04341],[-92.78791,45.04352],[-92.78947,45.04452],[-92.79121,45.0457],[-92.79328,45.04718],[-92.79559,45.04924],[-92.79708,45.05065],[-92.79844,45.05218],[-92.79978,45.05384],[-92.80049,45.05481],[-92.80071,45.05517],[-92.80083,45.05535],[-92.80104,45.05567],[-92.80157,45.05651],[-92.80176,45.05688],[-92.80179,45.05692],[-92.80206,45.05742],[-92.80232,45.05817],[-92.80235,45.05824],[-92.80271,45.05936],[-92.80282,45.05969],[-92.80308,45.06098],[-92.80312,45.06157],[-92.80312,45.06257],[-92.80309,45.06346],[-92.80299,45.0644],[-92.80295,45.06485],[-92.80291,45.0654],[-92.80254,45.06666],[-92.80216,45.06756],[-92.80152,45.06862],[-92.80085,45.06948],[-92.80007,45.07037],[-92.79933,45.07109],[-92.79881,45.07152],[-92.79836,45.0719],[-92.7978,45.07228],[-92.79723,45.07271],[-92.7967,45.07333],[-92.79661,45.07357],[-92.79609,45.07432],[-92.79524,45.07545],[-92.79446,45.07652],[-92.79319,45.07809],[-92.79287,45.07849],[-92.79266,45.07876],[-92.79258,45.07879],[-92.79241,45.07887],[-92.79232,45.07894],[-92.79221,45.07904],[-92.79208,45.07916],[-92.79153,45.07965],[-92.79077,45.08023],[-92.79034,45.08056],[-92.7895,45.08104],[-92.78837,45.08168],[-92.78804,45.08186],[-92.78756,45.08212],[-92.78707,45.08238],[-92.7859,45.083],[-92.7848,45.08349],[-92.78324,45.08419],[-92.78023,45.08574],[-92.78016,45.08578],[-92.77773,45.08712],[-92.77637,45.08787],[-92.77579,45.08818],[-92.77493,45.08864],[-92.77447,45.08889],[-92.77401,45.08914],[-92.77329,45.08983],[-92.772,45.091],[-92.77016,45.09234],[-92.76781,45.09407],[-92.76757,45.09423],[-92.7656,45.09573],[-92.76312,45.09732],[-92.76273,45.09759],[-92.76257,45.09769],[-92.76136,45.0985],[-92.76128,45.09854],[-92.75951,45.09947],[-92.75816,45.10005],[-92.75768,45.10027],[-92.7571,45.10064],[-92.75648,45.10101],[-92.75564,45.10188],[-92.75444,45.10309],[-92.75439,45.10315],[-92.75336,45.10387],[-92.75231,45.10452],[-92.75124,45.10508],[-92.75021,45.10568],[-92.74915,45.10607],[-92.74895,45.10615],[-92.74791,45.10653],[-92.74675,45.10705],[-92.74645,45.10726],[-92.74494,45.10831],[-92.74377,45.10974],[-92.74258,45.11124],[-92.74157,45.11221],[-92.74137,45.11244],[-92.74051,45.1134],[-92.73958,45.1156],[-92.73953,45.11652],[-92.73988,45.11714],[-92.74018,45.11767],[-92.74034,45.11797],[-92.74061,45.11845],[-92.741,45.1187],[-92.74118,45.11882],[-92.74137,45.11893],[-92.74161,45.11909],[-92.74185,45.11924],[-92.74292,45.11992],[-92.7432,45.12017],[-92.74339,45.12036],[-92.74359,45.12055],[-92.74394,45.12087],[-92.74428,45.1212],[-92.74448,45.12138],[-92.74527,45.12251],[-92.74567,45.12307],[-92.7457,45.12313],[-92.74576,45.12332],[-92.74582,45.12356],[-92.74588,45.12376],[-92.74601,45.12421],[-92.74612,45.12459],[-92.74622,45.12497],[-92.74649,45.12585],[-92.74681,45.12778],[-92.74681,45.12781],[-92.74724,45.12975],[-92.74775,45.13121],[-92.74791,45.13182],[-92.748,45.13289],[-92.74823,45.13397],[-92.74858,45.13507],[-92.74901,45.13669],[-92.74905,45.13687],[-92.7491,45.13705],[-92.7492,45.13746],[-92.74942,45.13812],[-92.74974,45.13854],[-92.7502,45.13881],[-92.75115,45.14023],[-92.75155,45.14084],[-92.75196,45.1415],[-92.7521,45.14207],[-92.7522,45.14249],[-92.75212,45.14286],[-92.75208,45.14301],[-92.75206,45.1431],[-92.75203,45.14321],[-92.75199,45.14334],[-92.75194,45.14347],[-92.75189,45.14363],[-92.75182,45.1438],[-92.75172,45.14408],[-92.75163,45.14432],[-92.75156,45.14451],[-92.75145,45.14482],[-92.75138,45.14502],[-92.7512,45.14546],[-92.75114,45.14559],[-92.75108,45.1457],[-92.75097,45.14587],[-92.75082,45.14608],[-92.75071,45.14621],[-92.75052,45.14642],[-92.75033,45.14662],[-92.75014,45.14681],[-92.74995,45.147],[-92.74978,45.14717],[-92.74963,45.14734],[-92.7495,45.14748],[-92.74937,45.14764],[-92.74926,45.1478],[-92.74921,45.14791],[-92.74914,45.14808],[-92.74911,45.14819],[-92.74908,45.14834],[-92.74906,45.14847],[-92.74906,45.14867],[-92.74908,45.1489],[-92.7491,45.14906],[-92.74916,45.14964],[-92.74918,45.14994],[-92.74919,45.15008],[-92.74918,45.15122],[-92.74919,45.1513],[-92.74922,45.15156],[-92.74926,45.15175],[-92.74937,45.15212],[-92.74945,45.15239],[-92.74952,45.15263],[-92.74959,45.15298],[-92.74965,45.1534],[-92.74982,45.15388],[-92.74987,45.15399],[-92.75001,45.1543],[-92.75014,45.15468],[-92.75025,45.1553],[-92.75031,45.15589],[-92.75046,45.15627],[-92.75068,45.15669],[-92.75088,45.15706],[-92.75097,45.15759],[-92.75098,45.15816],[-92.75086,45.15855],[-92.75074,45.15887],[-92.75061,45.15934],[-92.75057,45.15948],[-92.75054,45.1597],[-92.75054,45.15987],[-92.75053,45.16008],[-92.7505,45.16025],[-92.75042,45.16043],[-92.75033,45.16064],[-92.7503,45.16083],[-92.75026,45.16103],[-92.75019,45.1613],[-92.75009,45.16163],[-92.75001,45.16189],[-92.74991,45.16222],[-92.74984,45.16243],[-92.7498,45.16262],[-92.74976,45.1628],[-92.74975,45.16298],[-92.74979,45.1633],[-92.74984,45.16348],[-92.74995,45.16377],[-92.75005,45.16397],[-92.75014,45.16415],[-92.7503,45.16437],[-92.7505,45.16457],[-92.75073,45.16479],[-92.75101,45.16505],[-92.7512,45.16523],[-92.75144,45.16543],[-92.7518,45.16568],[-92.75195,45.16579],[-92.75211,45.1659],[-92.75225,45.16601],[-92.75242,45.16616],[-92.75256,45.16633],[-92.75266,45.16648],[-92.75276,45.16668],[-92.75281,45.16682],[-92.75285,45.16697],[-92.75287,45.16709],[-92.75287,45.16711],[-92.7528,45.16735],[-92.75276,45.1675],[-92.75271,45.16771],[-92.75269,45.16788],[-92.75268,45.16802],[-92.75267,45.16817],[-92.75266,45.16836],[-92.75264,45.16852],[-92.75263,45.16865],[-92.75262,45.16885],[-92.7526,45.16898],[-92.75259,45.16912],[-92.75255,45.16924],[-92.75249,45.16939],[-92.75244,45.1695],[-92.75237,45.16964],[-92.75226,45.16982],[-92.7522,45.16995],[-92.75212,45.17017],[-92.75208,45.17032],[-92.75201,45.17064],[-92.75196,45.17096],[-92.75193,45.17132],[-92.75197,45.17202],[-92.75202,45.17231],[-92.75221,45.17306],[-92.75226,45.1732],[-92.7524,45.17392],[-92.75321,45.17477],[-92.75389,45.17524],[-92.7555,45.17635],[-92.75711,45.17747],[-92.7574,45.17767],[-92.7577,45.17787],[-92.75793,45.17803],[-92.75816,45.17819],[-92.75885,45.17867],[-92.75954,45.17914],[-92.7598,45.17932],[-92.76005,45.17949],[-92.76196,45.1808],[-92.76386,45.18212],[-92.76487,45.18281],[-92.76657,45.18514],[-92.76681,45.18547],[-92.76724,45.18881],[-92.76729,45.18927],[-92.76735,45.18973],[-92.76741,45.19017],[-92.76739,45.19038],[-92.76734,45.1911],[-92.76729,45.19181],[-92.76713,45.19417],[-92.76693,45.19511],[-92.76571,45.19977],[-92.7655,45.20036],[-92.76477,45.20243],[-92.76391,45.20487],[-92.76219,45.20706],[-92.76211,45.20717],[-92.75935,45.20878],[-92.75868,45.20917],[-92.75801,45.20957],[-92.7569,45.21045],[-92.75579,45.21134],[-92.75508,45.21191],[-92.75436,45.21248],[-92.754,45.21277],[-92.75369,45.21354],[-92.75349,45.21402],[-92.7533,45.21448],[-92.75311,45.21492],[-92.75293,45.21537],[-92.75262,45.21612],[-92.75231,45.21687],[-92.7521,45.21749],[-92.75189,45.21811],[-92.75171,45.21867],[-92.75187,45.22001],[-92.75203,45.22054],[-92.75219,45.22105],[-92.75234,45.2213],[-92.75245,45.2215],[-92.75257,45.2217],[-92.75261,45.22177],[-92.75296,45.22201],[-92.75326,45.22222],[-92.75393,45.22291],[-92.75456,45.22429],[-92.75465,45.22442],[-92.75573,45.22595],[-92.75651,45.2277],[-92.75668,45.22807],[-92.75746,45.23053],[-92.75735,45.23136],[-92.75761,45.23304],[-92.75729,45.23613],[-92.7575,45.23831],[-92.75814,45.24076],[-92.7591,45.24444],[-92.75927,45.24637],[-92.75931,45.24677],[-92.75931,45.24678],[-92.76025,45.2496],[-92.76026,45.25172],[-92.75985,45.25287],[-92.75884,45.25443],[-92.75656,45.25627],[-92.75558,45.25705],[-92.75458,45.25814],[-92.75362,45.25942],[-92.7533,45.26015],[-92.75259,45.26179],[-92.75235,45.26244],[-92.75195,45.26381],[-92.75192,45.26588],[-92.75244,45.26748],[-92.7525,45.26769],[-92.75263,45.26814],[-92.75282,45.26881],[-92.75285,45.26887],[-92.75384,45.27096],[-92.75521,45.27237],[-92.75574,45.27288],[-92.75678,45.27389],[-92.7575,45.27443],[-92.75802,45.27482],[-92.75894,45.27621],[-92.75925,45.27672],[-92.75941,45.27717],[-92.75943,45.27721],[-92.75961,45.27732],[-92.75975,45.27741],[-92.75979,45.27743],[-92.75979,45.27744],[-92.75986,45.27759],[-92.76004,45.27798],[-92.76061,45.27883],[-92.76118,45.28058],[-92.76136,45.28221],[-92.76196,45.28503],[-92.76204,45.28699],[-92.76201,45.28793],[-92.762,45.28821],[-92.76121,45.28914],[-92.76039,45.28992],[-92.75871,45.29096],[-92.75799,45.29114],[-92.75688,45.29148],[-92.75508,45.29193],[-92.75338,45.29229],[-92.75174,45.29267],[-92.75153,45.29272],[-92.75116,45.29283],[-92.75082,45.29298],[-92.75021,45.29356],[-92.74982,45.29379],[-92.74944,45.29402],[-92.74821,45.29473],[-92.74779,45.29498],[-92.74629,45.29568],[-92.74568,45.29604],[-92.74555,45.29613],[-92.74507,45.29641],[-92.74478,45.29658],[-92.74476,45.29659],[-92.74475,45.2966],[-92.74427,45.29688],[-92.74424,45.29691],[-92.74423,45.29691],[-92.74421,45.29693],[-92.74248,45.29822],[-92.74244,45.29824],[-92.74227,45.29834],[-92.74193,45.29854],[-92.74002,45.29964],[-92.73812,45.30019],[-92.73809,45.3002],[-92.73808,45.30021],[-92.73798,45.30023],[-92.73761,45.30034],[-92.73759,45.30034],[-92.7375,45.30037],[-92.73736,45.3004],[-92.73735,45.3004],[-92.73733,45.30041],[-92.73731,45.30041],[-92.73728,45.30042],[-92.7372,45.30044],[-92.73712,45.30046],[-92.73547,45.30157],[-92.73496,45.30204],[-92.73486,45.30214],[-92.73476,45.30222],[-92.73475,45.30223],[-92.73317,45.3037],[-92.73314,45.30373],[-92.73313,45.30375],[-92.73296,45.3039],[-92.73259,45.30422],[-92.7316,45.30514],[-92.73078,45.30601],[-92.72933,45.30754],[-92.72774,45.30929],[-92.72559,45.31075],[-92.72504,45.31104],[-92.72332,45.31196],[-92.7225,45.31248],[-92.72145,45.31316],[-92.72109,45.31339],[-92.7204,45.31384],[-92.7203,45.31392],[-92.71913,45.31484],[-92.71802,45.31576],[-92.71712,45.31649],[-92.71521,45.31807],[-92.71478,45.31843],[-92.71371,45.31903],[-92.71229,45.31983],[-92.71202,45.32],[-92.71123,45.3205],[-92.71018,45.32117],[-92.71007,45.32123],[-92.70997,45.3213],[-92.70995,45.32132],[-92.70996,45.32138],[-92.70986,45.32141],[-92.70936,45.32188],[-92.70886,45.32235],[-92.70867,45.32252],[-92.70857,45.32264],[-92.70724,45.32403],[-92.70608,45.32525],[-92.70584,45.32551],[-92.70479,45.32653],[-92.70439,45.32712],[-92.70381,45.32797],[-92.70373,45.32809],[-92.70365,45.3282],[-92.70342,45.32853],[-92.70196,45.33111],[-92.69996,45.33372],[-92.699,45.3363],[-92.69897,45.33637],[-92.69896,45.33651],[-92.69895,45.33785],[-92.69894,45.33839],[-92.69893,45.3392],[-92.69892,45.33937],[-92.69896,45.33953],[-92.69901,45.3398],[-92.69909,45.34019],[-92.69921,45.34085],[-92.69923,45.34087],[-92.69925,45.34098],[-92.69945,45.34203],[-92.69946,45.34212],[-92.69952,45.34242],[-92.69977,45.34297],[-92.69999,45.34343],[-92.70092,45.34547],[-92.7016,45.34706],[-92.70266,45.34966],[-92.70326,45.35117],[-92.70328,45.35122],[-92.70329,45.35124],[-92.70329,45.35126],[-92.70331,45.35131],[-92.70352,45.35197],[-92.70405,45.35366],[-92.70401,45.35403],[-92.70391,45.35478],[-92.70379,45.3557],[-92.70371,45.35633],[-92.70347,45.35685],[-92.70342,45.35694],[-92.70319,45.35745],[-92.7031,45.35764],[-92.703,45.35786],[-92.70299,45.35789],[-92.70272,45.35847],[-92.70256,45.35862],[-92.70255,45.35864],[-92.70253,45.35865],[-92.70252,45.35866],[-92.7025,45.35869],[-92.70234,45.35884],[-92.70224,45.35893],[-92.70222,45.35895],[-92.70221,45.35896],[-92.70217,45.359],[-92.70209,45.35907],[-92.70139,45.35973],[-92.7009,45.3602],[-92.70067,45.36039],[-92.70064,45.36041],[-92.7006,45.36044],[-92.70059,45.36045],[-92.70031,45.36067],[-92.69863,45.36198],[-92.69862,45.36199],[-92.69858,45.36202],[-92.69845,45.36212],[-92.6984,45.36216],[-92.69767,45.36268],[-92.69759,45.36274],[-92.69758,45.36275],[-92.6971,45.36309],[-92.6965,45.36352],[-92.69599,45.36375],[-92.69596,45.36375],[-92.69593,45.36377],[-92.69377,45.36469],[-92.69359,45.36477],[-92.69356,45.36479],[-92.69355,45.36479],[-92.69353,45.3648],[-92.69214,45.36542],[-92.69152,45.36594],[-92.69105,45.36634],[-92.69066,45.36666],[-92.69064,45.36667],[-92.69063,45.36669],[-92.69062,45.3667],[-92.69024,45.36701],[-92.68965,45.3675],[-92.68963,45.36751],[-92.68961,45.36753],[-92.6896,45.36754],[-92.68958,45.36755],[-92.68953,45.3676],[-92.6895,45.36762],[-92.68947,45.36765],[-92.68936,45.36774],[-92.68853,45.36843],[-92.68764,45.36879],[-92.68699,45.36906],[-92.68643,45.36929],[-92.68556,45.36965],[-92.68494,45.36991],[-92.68258,45.37097],[-92.68097,45.37173],[-92.68091,45.37176],[-92.6809,45.37176],[-92.68089,45.37177],[-92.68088,45.37177],[-92.68084,45.37179],[-92.68079,45.37182],[-92.68074,45.37185],[-92.68073,45.37186],[-92.68072,45.37186],[-92.6807,45.37187],[-92.68065,45.3719],[-92.68046,45.372],[-92.6793,45.37265],[-92.67919,45.37271],[-92.67895,45.37293],[-92.67859,45.37327],[-92.67822,45.37361],[-92.67823,45.37367],[-92.67823,45.37368],[-92.67823,45.37381],[-92.67824,45.37406],[-92.67824,45.37408],[-92.67825,45.37446],[-92.67826,45.3746],[-92.67824,45.37492],[-92.67823,45.37496],[-92.67844,45.37517],[-92.67848,45.37523],[-92.67857,45.37537],[-92.67863,45.37553],[-92.67865,45.37558],[-92.67869,45.37568],[-92.67876,45.3762],[-92.67866,45.37666],[-92.67865,45.37668],[-92.67845,45.3771],[-92.67844,45.37713],[-92.67842,45.37719],[-92.6779,45.37809],[-92.6779,45.37811],[-92.67756,45.37907],[-92.67696,45.38014],[-92.67625,45.38089],[-92.67553,45.38182],[-92.67481,45.3826],[-92.67479,45.38261],[-92.67467,45.38274],[-92.67454,45.38287],[-92.67358,45.38373],[-92.67352,45.38382],[-92.67348,45.38388],[-92.67344,45.38394],[-92.67302,45.38456],[-92.67301,45.38457],[-92.67298,45.3846],[-92.6729,45.38469],[-92.67279,45.3849],[-92.67276,45.38494],[-92.67274,45.38498],[-92.67251,45.38526],[-92.67208,45.3858],[-92.67206,45.38581],[-92.67198,45.38594],[-92.67188,45.38608],[-92.67187,45.38609],[-92.67144,45.3867],[-92.67141,45.38675],[-92.6714,45.38676],[-92.67134,45.38684],[-92.67074,45.38769],[-92.67072,45.38772],[-92.67071,45.38774],[-92.67067,45.38779],[-92.67058,45.38792],[-92.67056,45.38794],[-92.67039,45.38813],[-92.67017,45.38838],[-92.66996,45.38863],[-92.66994,45.38863],[-92.6698,45.38879],[-92.66966,45.38895],[-92.66965,45.38897],[-92.66954,45.38907],[-92.66951,45.3891],[-92.66858,45.38984],[-92.66712,45.39081],[-92.66592,45.39181],[-92.6657,45.392],[-92.66567,45.39202],[-92.66489,45.39264],[-92.6641,45.39331],[-92.66399,45.39335],[-92.66396,45.39336],[-92.66394,45.39337],[-92.66392,45.39338],[-92.6633,45.39361],[-92.66199,45.39443],[-92.66197,45.39444],[-92.66187,45.39451],[-92.66175,45.39458],[-92.66134,45.39484],[-92.66084,45.39495],[-92.6607,45.39498],[-92.66057,45.39501],[-92.66002,45.39526],[-92.65921,45.39568],[-92.65867,45.39596],[-92.65866,45.39597],[-92.65849,45.39606],[-92.65834,45.3961],[-92.6575,45.3963],[-92.65669,45.39662],[-92.65555,45.39698],[-92.6544,45.3973],[-92.65351,45.39772],[-92.65248,45.3979],[-92.65209,45.39798],[-92.65124,45.39815],[-92.6507,45.39837],[-92.65042,45.39851],[-92.65028,45.39877],[-92.65027,45.40028],[-92.65032,45.40067],[-92.65032,45.40068],[-92.65033,45.40078],[-92.6504,45.4013],[-92.65042,45.40145],[-92.65042,45.4015],[-92.65043,45.40156],[-92.65046,45.40181],[-92.65046,45.40183],[-92.65047,45.4019],[-92.65047,45.40192],[-92.6505,45.40217],[-92.65055,45.40268],[-92.65057,45.40331],[-92.65018,45.40384],[-92.64987,45.40424],[-92.64984,45.40427],[-92.64981,45.40431],[-92.64978,45.40436],[-92.64976,45.40438],[-92.64969,45.40446],[-92.64967,45.40449],[-92.64964,45.40452],[-92.64962,45.40455],[-92.64933,45.40489],[-92.64881,45.40551],[-92.64868,45.40566],[-92.64854,45.40583],[-92.64833,45.40648],[-92.64829,45.40675],[-92.64828,45.40676],[-92.64823,45.40705],[-92.64817,45.40734],[-92.64816,45.40742],[-92.64818,45.40758],[-92.6483,45.40858],[-92.64834,45.40956],[-92.64843,45.41033],[-92.64845,45.41067],[-92.64846,45.41102],[-92.64767,45.4117],[-92.64712,45.41209],[-92.64704,45.41224],[-92.64687,45.41261],[-92.64671,45.4131],[-92.6467,45.41316],[-92.64668,45.41323],[-92.64669,45.41333],[-92.6467,45.41343],[-92.64674,45.41378],[-92.64694,45.41426],[-92.64734,45.41458],[-92.64819,45.41524],[-92.6488,45.41586],[-92.64927,45.41624],[-92.64947,45.41641],[-92.64991,45.41731],[-92.65005,45.41807],[-92.65027,45.41917],[-92.65019,45.41986],[-92.65015,45.42022],[-92.65009,45.42095],[-92.65007,45.42124],[-92.65005,45.42153],[-92.65003,45.42184],[-92.64993,45.42256],[-92.64985,45.42307],[-92.64965,45.42387],[-92.64963,45.42394],[-92.64923,45.42487],[-92.64909,45.42514],[-92.64892,45.42566],[-92.64876,45.42617],[-92.64872,45.4263],[-92.64868,45.42642],[-92.64865,45.42659],[-92.64862,45.42676],[-92.6485,45.42749],[-92.64864,45.42796],[-92.64872,45.42824],[-92.64901,45.42902],[-92.64915,45.42962],[-92.64908,45.4299],[-92.64891,45.43059],[-92.6488,45.43134],[-92.64875,45.43167],[-92.64869,45.43187],[-92.64829,45.43327],[-92.64754,45.43544],[-92.64747,45.43564],[-92.64677,45.43793],[-92.64663,45.43926],[-92.64659,45.43957],[-92.64651,45.44034],[-92.64656,45.44107],[-92.6466,45.44164],[-92.64665,45.44178],[-92.64695,45.4426],[-92.64724,45.44343],[-92.6473,45.44359],[-92.64763,45.44413],[-92.64768,45.44422],[-92.64774,45.44431],[-92.64777,45.44437],[-92.64778,45.44438],[-92.64779,45.44439],[-92.64799,45.44473],[-92.6482,45.44507],[-92.64833,45.44529],[-92.6491,45.44681],[-92.64967,45.44777],[-92.65035,45.44923],[-92.65083,45.4508],[-92.65136,45.45173],[-92.65143,45.45185],[-92.65194,45.45255],[-92.652,45.45264],[-92.65227,45.45331],[-92.6525,45.45388],[-92.6525,45.4539],[-92.65251,45.45391],[-92.65252,45.45394],[-92.6527,45.45453],[-92.65292,45.4547],[-92.6531,45.45484],[-92.65328,45.45498],[-92.65335,45.45503],[-92.65355,45.45535],[-92.65403,45.45564],[-92.65458,45.45596],[-92.65574,45.45646],[-92.65588,45.45652],[-92.65601,45.45658],[-92.65605,45.4566],[-92.65711,45.45692],[-92.6573,45.45697],[-92.65862,45.45735],[-92.65969,45.45765],[-92.66031,45.45792],[-92.66033,45.45793],[-92.66035,45.45794],[-92.66113,45.45828],[-92.66162,45.45856],[-92.66219,45.45867],[-92.6623,45.45869],[-92.66324,45.45887],[-92.66429,45.45914],[-92.66497,45.45932],[-92.66566,45.45951],[-92.66568,45.45951],[-92.66665,45.45976],[-92.66862,45.46016],[-92.67103,45.46101],[-92.67157,45.46121],[-92.67328,45.46186],[-92.67361,45.46194],[-92.67453,45.46216],[-92.67589,45.46255],[-92.6767,45.46274],[-92.67722,45.46286],[-92.67754,45.46301],[-92.67877,45.46357],[-92.67896,45.46366],[-92.67966,45.46398],[-92.68023,45.46434],[-92.68067,45.46497],[-92.6811,45.4656],[-92.68109,45.46624],[-92.6813,45.46714],[-92.68148,45.46775],[-92.68185,45.46845],[-92.68222,45.46927],[-92.68247,45.4697],[-92.6825,45.46975],[-92.6826,45.46991],[-92.68292,45.47019],[-92.68312,45.47038],[-92.68359,45.47069],[-92.68457,45.47101],[-92.68553,45.47149],[-92.68601,45.47178],[-92.68679,45.47227],[-92.6879,45.47309],[-92.68884,45.47379],[-92.68975,45.4745],[-92.69034,45.47498],[-92.69096,45.47544],[-92.69162,45.47627],[-92.69214,45.47706],[-92.69315,45.47973],[-92.69418,45.48169],[-92.69467,45.48226],[-92.69521,45.48288],[-92.69642,45.48454],[-92.69652,45.4847],[-92.69716,45.48569],[-92.69718,45.48571],[-92.69756,45.4863],[-92.69861,45.48798],[-92.69977,45.48988],[-92.7009,45.49161],[-92.70154,45.49219],[-92.70222,45.49305],[-92.70263,45.49352],[-92.70357,45.49447],[-92.70447,45.49547],[-92.7048,45.49583],[-92.7058,45.49691],[-92.70636,45.4975],[-92.70746,45.49892],[-92.70779,45.49935],[-92.7081,45.49949],[-92.70863,45.49973],[-92.70916,45.49996],[-92.70952,45.50049],[-92.71078,45.50182],[-92.71136,45.50259],[-92.71189,45.50328],[-92.71286,45.50485],[-92.71337,45.50516],[-92.71388,45.50548],[-92.71581,45.50668],[-92.72043,45.50986],[-92.72177,45.51071],[-92.72263,45.51124],[-92.72434,45.51222],[-92.72556,45.51325],[-92.72654,45.51432],[-92.72668,45.51446],[-92.72707,45.51533],[-92.72712,45.51606],[-92.72712,45.51611],[-92.72722,45.51709],[-92.72746,45.51778],[-92.72774,45.51881],[-92.72775,45.51888],[-92.7278,45.51942],[-92.72785,45.51996],[-92.72787,45.52028],[-92.72788,45.52033],[-92.72789,45.52043],[-92.72794,45.52106],[-92.72797,45.52236],[-92.72806,45.52386],[-92.72803,45.52541],[-92.72802,45.52565],[-92.72767,45.52671],[-92.72763,45.52683],[-92.72738,45.52744],[-92.72714,45.52805],[-92.7271,45.52817],[-92.7266,45.52946],[-92.72626,45.53097],[-92.72623,45.53108],[-92.72613,45.53174],[-92.72637,45.53265],[-92.72642,45.53282],[-92.72662,45.53347],[-92.72643,45.53426],[-92.72568,45.53515],[-92.72512,45.53573],[-92.72497,45.53588],[-92.72465,45.53674],[-92.72459,45.53794],[-92.72476,45.53862],[-92.7253,45.53963],[-92.72608,45.54111],[-92.72671,45.54162],[-92.72736,45.54214],[-92.72885,45.54306],[-92.72999,45.54379],[-92.73138,45.54428],[-92.73253,45.54461],[-92.7338,45.54526],[-92.73527,45.54623],[-92.73581,45.5466],[-92.73649,45.54706],[-92.73785,45.54809],[-92.73914,45.54905],[-92.73988,45.54948],[-92.73995,45.54951],[-92.74001,45.54955],[-92.74057,45.54987],[-92.74179,45.55055],[-92.74315,45.55134],[-92.7444,45.55223],[-92.74559,45.55302],[-92.74711,45.5538],[-92.74815,45.5541],[-92.74928,45.55459],[-92.74948,45.55468],[-92.74957,45.55468],[-92.75021,45.55464],[-92.7524,45.55571],[-92.75341,45.5562],[-92.75373,45.55636],[-92.75443,45.5567],[-92.75463,45.55679],[-92.75557,45.557],[-92.75691,45.5575],[-92.75902,45.55885],[-92.76052,45.56028],[-92.76265,45.56173],[-92.76457,45.56359],[-92.76599,45.5644],[-92.76601,45.56441],[-92.77022,45.56694],[-92.77086,45.5672],[-92.77228,45.56777],[-92.77341,45.56823],[-92.77599,45.56848],[-92.77842,45.56848],[-92.77848,45.56847],[-92.7815,45.56823],[-92.78452,45.56799],[-92.78574,45.56789],[-92.78676,45.56748],[-92.78775,45.56719],[-92.78788,45.56717],[-92.79014,45.56691],[-92.79498,45.56534],[-92.79922,45.56372],[-92.8015,45.56285],[-92.80343,45.5625],[-92.80439,45.56233],[-92.80493,45.56224],[-92.80592,45.56208],[-92.81208,45.56112],[-92.81655,45.56096],[-92.81684,45.56094],[-92.81773,45.56091],[-92.81858,45.56091],[-92.81904,45.56092],[-92.81908,45.56092],[-92.81911,45.56092],[-92.81914,45.56092],[-92.81919,45.56092],[-92.81941,45.56092],[-92.81972,45.56092],[-92.81982,45.56092],[-92.81984,45.56092],[-92.8211,45.56092],[-92.82195,45.56093],[-92.82331,45.56093],[-92.83308,45.56288],[-92.83415,45.5631],[-92.84131,45.5654],[-92.84378,45.56613],[-92.84547,45.56637],[-92.84598,45.56645],[-92.84645,45.56651],[-92.84953,45.56664],[-92.85295,45.56659],[-92.85359,45.56658],[-92.8582,45.56683],[-92.86126,45.56701],[-92.86188,45.56708],[-92.86199,45.5671],[-92.86202,45.5671],[-92.86204,45.5671],[-92.86212,45.56711],[-92.86255,45.56716],[-92.86322,45.56724],[-92.86359,45.56728],[-92.86513,45.56748],[-92.86891,45.56725],[-92.86896,45.56726],[-92.87108,45.56758],[-92.87166,45.5678],[-92.87221,45.56801],[-92.87365,45.56908],[-92.87456,45.56992],[-92.87474,45.57008],[-92.87492,45.57025],[-92.87521,45.57053],[-92.87563,45.57076],[-92.8773,45.57173],[-92.87934,45.57244],[-92.88091,45.57329],[-92.88114,45.57341],[-92.88149,45.57371],[-92.8825,45.57456],[-92.8836,45.57537],[-92.88375,45.57548],[-92.88384,45.57574],[-92.88431,45.57703],[-92.88477,45.57831],[-92.88495,45.57882],[-92.88486,45.5798],[-92.88465,45.58199],[-92.88331,45.58875],[-92.88328,45.58983],[-92.884,45.59122],[-92.88591,45.59411],[-92.88642,45.59488],[-92.88642,45.59549],[-92.88644,45.59868],[-92.88596,45.60039],[-92.88584,45.60084],[-92.88556,45.6021],[-92.8849,45.605],[-92.8829,45.6091],[-92.88266,45.60983],[-92.88253,45.61022],[-92.88263,45.61103],[-92.88277,45.61212],[-92.8829,45.61321],[-92.88297,45.61374],[-92.88345,45.61443],[-92.88525,45.61703],[-92.88667,45.61976],[-92.88695,45.62168],[-92.88699,45.62192],[-92.88797,45.62478],[-92.88804,45.62496],[-92.88804,45.62518],[-92.88804,45.62757],[-92.88805,45.6276],[-92.88811,45.62838],[-92.88787,45.62932],[-92.88775,45.6295],[-92.88755,45.62984],[-92.88726,45.6306],[-92.88712,45.63133],[-92.88707,45.63157],[-92.88691,45.63227],[-92.88691,45.63274],[-92.88688,45.63292],[-92.88683,45.6334],[-92.88686,45.63372],[-92.8869,45.63417],[-92.88691,45.63501],[-92.8869,45.63514],[-92.88686,45.63572],[-92.88696,45.63678],[-92.88704,45.63698],[-92.88718,45.63739],[-92.88729,45.63754],[-92.88751,45.63784],[-92.88776,45.63854],[-92.88777,45.63855],[-92.88793,45.63901],[-92.88864,45.63967],[-92.88898,45.63994],[-92.88913,45.64007],[-92.88921,45.64021],[-92.88924,45.64028],[-92.88927,45.64034],[-92.88943,45.64065],[-92.88943,45.6412],[-92.88926,45.64171],[-92.88912,45.64214],[-92.88906,45.64229],[-92.88898,45.64248],[-92.8887,45.64267],[-92.8886,45.64274],[-92.88828,45.64305],[-92.88795,45.64343],[-92.88761,45.64371],[-92.88718,45.64402],[-92.88714,45.64407],[-92.88707,45.64415],[-92.88671,45.64454],[-92.88634,45.645],[-92.88613,45.64526],[-92.8859,45.64554],[-92.88571,45.64601],[-92.88554,45.64665],[-92.8855,45.64682],[-92.88541,45.64722],[-92.88535,45.64804],[-92.88523,45.64897],[-92.88505,45.6495],[-92.88492,45.64992],[-92.88489,45.65002],[-92.88477,45.65046],[-92.8847,45.65071],[-92.88467,45.65077],[-92.88431,45.6515],[-92.88411,45.65231],[-92.88406,45.65302],[-92.88407,45.6532],[-92.88407,45.65328],[-92.88409,45.65357],[-92.88411,45.65414],[-92.88399,45.65487],[-92.88379,45.65547],[-92.88339,45.65609],[-92.88316,45.6566],[-92.88306,45.65684],[-92.88272,45.65752],[-92.88271,45.65818],[-92.88268,45.65832],[-92.88258,45.6589],[-92.8825,45.65947],[-92.88229,45.66003],[-92.88195,45.6605],[-92.88178,45.66102],[-92.88125,45.66176],[-92.88084,45.66237],[-92.88072,45.66274],[-92.88046,45.663],[-92.88027,45.6634],[-92.88002,45.66375],[-92.87983,45.66413],[-92.87949,45.6646],[-92.87943,45.66467],[-92.8791,45.66521],[-92.87893,45.66561],[-92.87885,45.66608],[-92.87879,45.66664],[-92.87867,45.66722],[-92.87854,45.66777],[-92.87849,45.66817],[-92.87847,45.6683],[-92.87845,45.66884],[-92.87829,45.66936],[-92.87812,45.66984],[-92.87787,45.67054],[-92.87774,45.67114],[-92.87759,45.67169],[-92.87737,45.67231],[-92.87732,45.67292],[-92.87729,45.67343],[-92.87715,45.67385],[-92.87704,45.67462],[-92.87689,45.67529],[-92.87673,45.67595],[-92.87679,45.67658],[-92.87674,45.67712],[-92.87674,45.67762],[-92.87674,45.67779],[-92.87669,45.6785],[-92.87673,45.67895],[-92.87674,45.67906],[-92.87675,45.6796],[-92.87673,45.68025],[-92.8767,45.68083],[-92.87652,45.68127],[-92.8765,45.68135],[-92.87642,45.68174],[-92.87629,45.68217],[-92.87611,45.6826],[-92.87611,45.68299],[-92.87615,45.6833],[-92.87607,45.68384],[-92.87607,45.68395],[-92.8761,45.68449],[-92.87602,45.6849],[-92.87606,45.68536],[-92.87611,45.68586],[-92.87595,45.68625],[-92.87583,45.68654],[-92.87579,45.68691],[-92.87577,45.68733],[-92.87566,45.68793],[-92.87553,45.68826],[-92.87553,45.68865],[-92.87549,45.68901],[-92.87521,45.68923],[-92.87464,45.68999],[-92.87438,45.69054],[-92.87418,45.69095],[-92.87355,45.69195],[-92.87275,45.69318],[-92.8727,45.69326],[-92.87239,45.69372],[-92.87201,45.69425],[-92.87178,45.69464],[-92.87154,45.69504],[-92.87141,45.69526],[-92.87076,45.69599],[-92.87048,45.69633],[-92.87015,45.69676],[-92.87003,45.69727],[-92.87027,45.69765],[-92.87061,45.698],[-92.87095,45.69871],[-92.87158,45.69915],[-92.87178,45.69977],[-92.87171,45.70061],[-92.87129,45.70251],[-92.87097,45.70388],[-92.87032,45.70517],[-92.87001,45.70671],[-92.86996,45.70815],[-92.86996,45.70822],[-92.86997,45.70927],[-92.86946,45.7106],[-92.86891,45.71188],[-92.86886,45.71199],[-92.86886,45.7121],[-92.86886,45.71223],[-92.86886,45.71236],[-92.86886,45.71316],[-92.8692,45.71409],[-92.86969,45.71514],[-92.86954,45.71587],[-92.86949,45.71613],[-92.86944,45.71639],[-92.86937,45.71669],[-92.86919,45.71757],[-92.86838,45.71853],[-92.86808,45.71875],[-92.86791,45.71888],[-92.86774,45.719],[-92.86713,45.71946],[-92.86569,45.72062],[-92.8637,45.72182],[-92.8626,45.72224],[-92.86015,45.72263],[-92.85754,45.72274],[-92.85663,45.72281],[-92.856,45.72301],[-92.8534,45.72315],[-92.85182,45.72338],[-92.85127,45.72366],[-92.85093,45.72383],[-92.85054,45.72438],[-92.85047,45.72489],[-92.8504,45.72547],[-92.8505,45.72668],[-92.85052,45.72689],[-92.85039,45.72758],[-92.85025,45.72771],[-92.84977,45.72818],[-92.8492,45.72853],[-92.84912,45.72858],[-92.84904,45.72863],[-92.84885,45.72875],[-92.84747,45.72895],[-92.84667,45.72901],[-92.8459,45.72891],[-92.84537,45.72884],[-92.84458,45.72895],[-92.84394,45.72904],[-92.8433,45.72913],[-92.84308,45.72916],[-92.84244,45.72939],[-92.84166,45.72966],[-92.84105,45.73002],[-92.8406,45.73029],[-92.83957,45.73093],[-92.83851,45.73153],[-92.83837,45.73161],[-92.83739,45.73187],[-92.83717,45.73193],[-92.83712,45.73194],[-92.83651,45.73239],[-92.83599,45.73275],[-92.83592,45.7328],[-92.8353,45.73284],[-92.83479,45.73288],[-92.83448,45.73289],[-92.83246,45.73299],[-92.83162,45.73305],[-92.83069,45.73312],[-92.82898,45.73371],[-92.82793,45.73446],[-92.82749,45.73489],[-92.8272,45.73568],[-92.82717,45.73575],[-92.82704,45.73586],[-92.82601,45.73665],[-92.82583,45.73675],[-92.82492,45.73726],[-92.82337,45.73779],[-92.82239,45.73817],[-92.82209,45.73873],[-92.82159,45.73896],[-92.82101,45.73926],[-92.8201,45.73963],[-92.81886,45.74022],[-92.81816,45.7407],[-92.81787,45.74089],[-92.81745,45.74123],[-92.81709,45.74153],[-92.81702,45.7416],[-92.81656,45.74204],[-92.81591,45.74234],[-92.8159,45.74234],[-92.81411,45.74253],[-92.81367,45.7426],[-92.81294,45.74271],[-92.8121,45.74312],[-92.81085,45.7437],[-92.80984,45.74417],[-92.80945,45.74446],[-92.80911,45.74472],[-92.80839,45.74521],[-92.80761,45.74601],[-92.80746,45.74628],[-92.80732,45.74652],[-92.8071,45.7466],[-92.80684,45.74671],[-92.80672,45.74675],[-92.80616,45.74701],[-92.80535,45.74749],[-92.80494,45.74792],[-92.80447,45.74865],[-92.80423,45.74921],[-92.80397,45.74981],[-92.80391,45.74995],[-92.803,45.75133],[-92.80263,45.75189],[-92.80242,45.75198],[-92.80198,45.75218],[-92.80182,45.75225],[-92.80165,45.75232],[-92.80023,45.75295],[-92.79881,45.75358],[-92.79864,45.75365],[-92.79546,45.7561],[-92.79331,45.75775],[-92.79038,45.75999],[-92.78806,45.76211],[-92.78578,45.76349],[-92.78462,45.7642],[-92.78293,45.76799],[-92.78137,45.7731],[-92.78133,45.77335],[-92.78034,45.77964],[-92.77961,45.78258],[-92.77806,45.78582],[-92.77702,45.78778],[-92.777,45.7878],[-92.77699,45.78783],[-92.77673,45.78857],[-92.77648,45.79],[-92.7743,45.79248],[-92.77206,45.79523],[-92.77075,45.79623],[-92.76988,45.7969],[-92.76901,45.79757],[-92.76843,45.79801],[-92.76766,45.79833],[-92.76649,45.7988],[-92.76564,45.79925],[-92.76183,45.80126],[-92.75901,45.80396],[-92.75782,45.80657],[-92.75761,45.80852],[-92.75795,45.81122],[-92.75836,45.81224],[-92.7584,45.81235],[-92.75857,45.81248],[-92.75878,45.81265],[-92.75896,45.8128],[-92.75914,45.81338],[-92.75923,45.81364],[-92.75949,45.81456],[-92.75994,45.81565],[-92.76091,45.81664],[-92.76093,45.81667],[-92.7619,45.81787],[-92.76217,45.81849],[-92.76264,45.81912],[-92.76319,45.82138],[-92.76457,45.82423],[-92.76463,45.82434],[-92.76469,45.82445],[-92.76491,45.82488],[-92.76521,45.82579],[-92.76551,45.82673],[-92.76568,45.82725],[-92.76551,45.82896],[-92.76515,45.83018],[-92.76367,45.83206],[-92.7626,45.83305],[-92.76171,45.83386],[-92.75946,45.83534],[-92.75822,45.83597],[-92.75767,45.83626],[-92.75712,45.83654],[-92.75624,45.83699],[-92.75414,45.83803],[-92.75256,45.83916],[-92.75203,45.83986],[-92.75188,45.83998],[-92.75163,45.84018],[-92.75137,45.84039],[-92.75108,45.84062],[-92.7502,45.8406],[-92.74918,45.84072],[-92.74798,45.84091],[-92.74772,45.84096],[-92.74747,45.84102],[-92.74706,45.84111],[-92.74696,45.84113],[-92.74621,45.84128],[-92.74556,45.84145],[-92.74551,45.8415],[-92.74497,45.84196],[-92.74433,45.84284],[-92.74409,45.84316],[-92.7432,45.84423],[-92.74313,45.84428],[-92.74254,45.84464],[-92.74195,45.84501],[-92.74189,45.84505],[-92.74183,45.84509],[-92.74124,45.84546],[-92.73999,45.84628],[-92.73928,45.84758],[-92.73948,45.84868],[-92.73922,45.84929],[-92.7383,45.85143],[-92.73827,45.85153],[-92.73809,45.85244],[-92.73801,45.85279],[-92.7379,45.85335],[-92.73749,45.85532],[-92.7373,45.85578],[-92.73699,45.85655],[-92.73667,45.85732],[-92.73665,45.85737],[-92.73635,45.8581],[-92.73629,45.85837],[-92.73612,45.85913],[-92.73731,45.86034],[-92.73808,45.86082],[-92.73809,45.86083],[-92.73844,45.86137],[-92.73822,45.86203],[-92.73763,45.86252],[-92.73648,45.86336],[-92.73579,45.8644],[-92.73527,45.86588],[-92.73404,45.86811],[-92.73287,45.86974],[-92.73245,45.87004],[-92.73215,45.87025],[-92.73186,45.87046],[-92.73142,45.87077],[-92.73085,45.87127],[-92.73056,45.87152],[-92.73014,45.87227],[-92.72961,45.87341],[-92.72838,45.87495],[-92.72748,45.87599],[-92.72641,45.87645],[-92.72624,45.87666],[-92.72536,45.87772],[-92.72513,45.87862],[-92.72505,45.87913],[-92.72501,45.87936],[-92.72489,45.87948],[-92.72396,45.88038],[-92.72357,45.88084],[-92.72292,45.88161],[-92.72272,45.88229],[-92.72221,45.883],[-92.72208,45.8831],[-92.72113,45.8838],[-92.71987,45.88412],[-92.71897,45.88488],[-92.71769,45.88596],[-92.71697,45.88731],[-92.71673,45.88753],[-92.71648,45.88775],[-92.71624,45.88798],[-92.7158,45.88837],[-92.71525,45.8889],[-92.71492,45.88921],[-92.7145,45.88927],[-92.7142,45.88962],[-92.71363,45.89031],[-92.71361,45.89034],[-92.71346,45.89065],[-92.71331,45.89096],[-92.71327,45.89105],[-92.7125,45.8917],[-92.71184,45.89193],[-92.71069,45.89231],[-92.71009,45.8927],[-92.70984,45.89287],[-92.70972,45.89302],[-92.70889,45.89406],[-92.7077,45.8949],[-92.70637,45.89544],[-92.70574,45.89551],[-92.70548,45.89553],[-92.70539,45.89557],[-92.70448,45.89588],[-92.70327,45.89615],[-92.7022,45.89622],[-92.70133,45.89617],[-92.70069,45.89606],[-92.69993,45.89614],[-92.69981,45.89615],[-92.69898,45.89645],[-92.69784,45.89706],[-92.69751,45.89723],[-92.69743,45.89726],[-92.69614,45.89775],[-92.69554,45.89817],[-92.6948,45.8987],[-92.69388,45.8992],[-92.69255,45.89954],[-92.6906,45.90018],[-92.68966,45.90115],[-92.68951,45.9012],[-92.68886,45.90144],[-92.68733,45.9024],[-92.6861,45.90279],[-92.6859,45.90287],[-92.68569,45.90295],[-92.68535,45.9031],[-92.68427,45.90373],[-92.68398,45.90391],[-92.68392,45.90394],[-92.68376,45.90401],[-92.68176,45.90482],[-92.68096,45.90516],[-92.68029,45.90544],[-92.67921,45.90561],[-92.67848,45.90569],[-92.67832,45.90571],[-92.67735,45.90582],[-92.67661,45.90637],[-92.67613,45.90678],[-92.67574,45.90748],[-92.67591,45.90799],[-92.67659,45.90994],[-92.67679,45.91087],[-92.67681,45.91093],[-92.67664,45.91159],[-92.67625,45.91199],[-92.67617,45.91207],[-92.67535,45.91251],[-92.6743,45.91306],[-92.67368,45.91352],[-92.67188,45.91466],[-92.67083,45.91559],[-92.67035,45.91625],[-92.67027,45.9163],[-92.66932,45.91685],[-92.66763,45.91751],[-92.6663,45.91804],[-92.66556,45.91859],[-92.66485,45.91924],[-92.66463,45.91944],[-92.66298,45.92034],[-92.66201,45.92101],[-92.6614,45.92156],[-92.66124,45.92171],[-92.66113,45.92179],[-92.66076,45.92206],[-92.65955,45.92294],[-92.65931,45.92303],[-92.65861,45.92329],[-92.65725,45.92391],[-92.65613,45.92444],[-92.65556,45.92459],[-92.6549,45.92458],[-92.6545,45.92457],[-92.65355,45.92455],[-92.65241,45.92458],[-92.65138,45.92451],[-92.65012,45.92465],[-92.64923,45.92465],[-92.64858,45.92448],[-92.64743,45.92447],[-92.64621,45.92455],[-92.64453,45.92464],[-92.64326,45.92461],[-92.6427,45.92455],[-92.64171,45.92444],[-92.64028,45.92429],[-92.63912,45.92456],[-92.63866,45.92504],[-92.63854,45.92566],[-92.63847,45.92597],[-92.63878,45.92717],[-92.639,45.92783],[-92.63925,45.92856],[-92.64002,45.9314],[-92.64011,45.93248],[-92.64002,45.93306],[-92.63994,45.93354],[-92.6396,45.93373],[-92.63941,45.93384],[-92.63914,45.93399],[-92.63882,45.93417],[-92.63827,45.93434],[-92.63797,45.93443],[-92.63795,45.93444],[-92.63787,45.93446],[-92.63784,45.93447],[-92.63711,45.93455],[-92.63638,45.93463],[-92.63632,45.93463],[-92.63521,45.93437],[-92.63441,45.93418],[-92.63209,45.93302],[-92.63072,45.9326],[-92.62926,45.9324],[-92.62772,45.93268],[-92.62761,45.93275],[-92.62634,45.93349],[-92.6263,45.9335],[-92.62575,45.93369],[-92.6252,45.93386],[-92.62496,45.9339],[-92.62467,45.93402],[-92.62378,45.93454],[-92.62272,45.93519],[-92.62246,45.9352],[-92.62158,45.93524],[-92.6211,45.93527],[-92.62093,45.93525],[-92.61954,45.93508],[-92.61787,45.93473],[-92.61704,45.93456],[-92.61609,45.93441],[-92.61574,45.93435],[-92.61546,45.93439],[-92.61431,45.93453],[-92.61337,45.93486],[-92.61307,45.93496],[-92.61207,45.93559],[-92.61085,45.93632],[-92.61071,45.9364],[-92.61018,45.9367],[-92.60964,45.937],[-92.60943,45.93712],[-92.60928,45.93726],[-92.60833,45.93811],[-92.60784,45.93834],[-92.60736,45.93857],[-92.60689,45.93879],[-92.60614,45.93914],[-92.60604,45.93918],[-92.6054,45.93948],[-92.6046,45.93985],[-92.60379,45.94021],[-92.60246,45.94082],[-92.60073,45.94117],[-92.59871,45.94122],[-92.59857,45.94123],[-92.59783,45.94126],[-92.5971,45.94129],[-92.59583,45.94134],[-92.59298,45.94162],[-92.59264,45.94164],[-92.5923,45.94167],[-92.59114,45.94175],[-92.59004,45.94177],[-92.58953,45.94178],[-92.58787,45.94254],[-92.58746,45.94295],[-92.58691,45.94325],[-92.58674,45.94334],[-92.58629,45.94362],[-92.58578,45.94395],[-92.58527,45.94427],[-92.58057,45.94625],[-92.58007,45.94641],[-92.57887,45.9468],[-92.5786,45.94689],[-92.57712,45.94737],[-92.57585,45.94778],[-92.57489,45.9481],[-92.57437,45.94822],[-92.57353,45.94841],[-92.57249,45.94826],[-92.57105,45.94804],[-92.56976,45.94815],[-92.56817,45.94856],[-92.56692,45.94881],[-92.56609,45.9493],[-92.56395,45.94995],[-92.56347,45.9503],[-92.5629,45.95071],[-92.56235,45.95081],[-92.56126,45.95101],[-92.56004,45.95102],[-92.55931,45.95103],[-92.55909,45.95106],[-92.55908,45.95106],[-92.55847,45.95116],[-92.5552,45.95122],[-92.55479,45.95122],[-92.55361,45.95132],[-92.55333,45.95135],[-92.55223,45.95158],[-92.55193,45.95165],[-92.55137,45.9521],[-92.55119,45.95224],[-92.551,45.95287],[-92.55081,45.95352],[-92.55032,45.95479],[-92.54986,45.95704],[-92.54989,45.95839],[-92.5499,45.95859],[-92.55006,45.95899],[-92.5504,45.9598],[-92.55044,45.95995],[-92.55067,45.96076],[-92.55066,45.96152],[-92.55041,45.96284],[-92.54987,45.96484],[-92.55013,45.96644],[-92.54999,45.96708],[-92.54986,45.96773],[-92.54981,45.96799],[-92.54859,45.96895],[-92.54846,45.96906],[-92.54568,45.97012],[-92.54356,45.97194],[-92.54141,45.97396],[-92.54057,45.97523],[-92.54034,45.97557],[-92.53787,45.97768],[-92.53771,45.97782],[-92.53737,45.978],[-92.53632,45.97855],[-92.53528,45.9791],[-92.53438,45.97957],[-92.5332,45.9802],[-92.53274,45.98049],[-92.53177,45.98112],[-92.5308,45.98174],[-92.53052,45.98192],[-92.52705,45.98325],[-92.52607,45.98357],[-92.52583,45.98365],[-92.52519,45.98386],[-92.52427,45.98396],[-92.52203,45.9842],[-92.51949,45.98392],[-92.51877,45.98376],[-92.51696,45.98336],[-92.51599,45.98315],[-92.51436,45.98281],[-92.51231,45.98226],[-92.51007,45.98181],[-92.50891,45.9815],[-92.50884,45.98148],[-92.5055,45.98059],[-92.50254,45.97999],[-92.50177,45.97966],[-92.50116,45.97938],[-92.50054,45.97911],[-92.5002,45.97896],[-92.49792,45.97823],[-92.49207,45.97579],[-92.491,45.97556],[-92.49014,45.97546],[-92.48837,45.97577],[-92.48812,45.97578],[-92.48594,45.97593],[-92.48487,45.97588],[-92.48463,45.97587],[-92.48397,45.97568],[-92.48298,45.97511],[-92.48223,45.97467],[-92.48152,45.97433],[-92.48064,45.974],[-92.47771,45.97398],[-92.47699,45.97376],[-92.47487,45.97312],[-92.47276,45.97295],[-92.47235,45.97301],[-92.47131,45.97318],[-92.47008,45.97349],[-92.46977,45.97357],[-92.46885,45.97406],[-92.46673,45.97513],[-92.46461,45.9762],[-92.46448,45.97627],[-92.4638,45.97689],[-92.46213,45.97844],[-92.46158,45.97889],[-92.46126,45.97943],[-92.46114,45.98022],[-92.46141,45.98039],[-92.46167,45.98057],[-92.46213,45.98087],[-92.46343,45.98151],[-92.46417,45.98242],[-92.46449,45.98332],[-92.46457,45.98357],[-92.46458,45.98361],[-92.46458,45.98363],[-92.46455,45.9843],[-92.46452,45.98496],[-92.46451,45.98504],[-92.4645,45.98506],[-92.46349,45.98674],[-92.46298,45.98729],[-92.46248,45.98785],[-92.46035,45.98861],[-92.45915,45.98903],[-92.45703,45.98992],[-92.45649,45.99024],[-92.45426,45.99194],[-92.45352,45.99275],[-92.45337,45.99291],[-92.45343,45.99405],[-92.45364,45.99617],[-92.45295,45.99778],[-92.45218,45.99923],[-92.45179,45.99995],[-92.45168,46.0002],[-92.45163,46.00044],[-92.45119,46.0009],[-92.45049,46.00158],[-92.44963,46.00225],[-92.44853,46.00368],[-92.44803,46.00421],[-92.44774,46.00452],[-92.44736,46.00498],[-92.44673,46.00572],[-92.4458,46.00697],[-92.44545,46.0075],[-92.44496,46.00823],[-92.44437,46.00906],[-92.44429,46.00916],[-92.44411,46.00972],[-92.44416,46.01009],[-92.4442,46.01017],[-92.44423,46.01025],[-92.44442,46.0107],[-92.44436,46.01178],[-92.44393,46.01258],[-92.44387,46.0127],[-92.44359,46.01331],[-92.44346,46.01401],[-92.44329,46.01465],[-92.44226,46.01618],[-92.44089,46.01738],[-92.43963,46.0185],[-92.43833,46.01936],[-92.43707,46.02026],[-92.43563,46.02123],[-92.43506,46.02149],[-92.43406,46.02194],[-92.43202,46.02294],[-92.43189,46.023],[-92.43038,46.0236],[-92.42856,46.02424],[-92.42601,46.02491],[-92.42496,46.02527],[-92.42302,46.02601],[-92.42156,46.0265],[-92.42126,46.02659],[-92.4207,46.02677],[-92.42035,46.0268],[-92.42004,46.02684],[-92.41982,46.02684],[-92.41918,46.02685],[-92.41897,46.02686],[-92.41891,46.02686],[-92.41738,46.02689],[-92.4168,46.02692],[-92.41561,46.027],[-92.41427,46.02715],[-92.4119,46.02748],[-92.41032,46.02729],[-92.41001,46.02725],[-92.4087,46.02676],[-92.40826,46.02663],[-92.40814,46.02636],[-92.40722,46.02597],[-92.4072,46.02596],[-92.40644,46.02563],[-92.40465,46.02501],[-92.40387,46.02481],[-92.40354,46.02472],[-92.40352,46.02471],[-92.40291,46.02453],[-92.4023,46.02434],[-92.4012,46.02369],[-92.3996,46.02275],[-92.39941,46.02265],[-92.39819,46.02202],[-92.3972,46.02162],[-92.39708,46.02156],[-92.39664,46.02139],[-92.3959,46.0211],[-92.39412,46.02015],[-92.39328,46.0198],[-92.39268,46.01954],[-92.39151,46.0192],[-92.39017,46.01878],[-92.3895,46.01864],[-92.38847,46.01843],[-92.38675,46.01807],[-92.3838,46.01778],[-92.38171,46.01703],[-92.38066,46.01681],[-92.38007,46.01669],[-92.37999,46.01667],[-92.37741,46.01605],[-92.37631,46.01594],[-92.37599,46.01591],[-92.3758,46.01575],[-92.3755,46.01551],[-92.37519,46.01526],[-92.37502,46.01521],[-92.37485,46.01516],[-92.37425,46.01497],[-92.37367,46.0146],[-92.37359,46.01456],[-92.37326,46.01442],[-92.37272,46.0142],[-92.37234,46.01413],[-92.37131,46.01395],[-92.37013,46.01392],[-92.3698,46.01392],[-92.3692,46.01392],[-92.36868,46.01367],[-92.36742,46.01367],[-92.36703,46.01365],[-92.36605,46.01361],[-92.36547,46.01348],[-92.36493,46.01339],[-92.3646,46.01335],[-92.36375,46.01328],[-92.36359,46.01326],[-92.36325,46.01322],[-92.36321,46.01322],[-92.36309,46.0132],[-92.36305,46.0132],[-92.36302,46.0132],[-92.36295,46.01319],[-92.36292,46.01319],[-92.36269,46.01316],[-92.36246,46.01314],[-92.36214,46.0131],[-92.36168,46.01321],[-92.36111,46.01333],[-92.3606,46.01349],[-92.36045,46.01349],[-92.359,46.01355],[-92.35796,46.01341],[-92.35684,46.01395],[-92.35603,46.01424],[-92.35423,46.0148],[-92.35323,46.01516],[-92.35275,46.01533],[-92.35176,46.01569],[-92.35128,46.01592],[-92.35089,46.01608],[-92.35041,46.01637],[-92.34998,46.01698],[-92.34991,46.01756],[-92.3499,46.01762],[-92.35007,46.018],[-92.35008,46.01802],[-92.35022,46.01835],[-92.35032,46.01898],[-92.35021,46.01968],[-92.3501,46.01984],[-92.34999,46.01999],[-92.34982,46.02015],[-92.34991,46.02039],[-92.35003,46.02089],[-92.34994,46.02116],[-92.35,46.02189],[-92.34968,46.02273],[-92.34938,46.02339],[-92.34928,46.02362],[-92.34838,46.02422],[-92.34763,46.02472],[-92.34698,46.02504],[-92.34634,46.02543],[-92.34526,46.02649],[-92.3446,46.0271],[-92.34424,46.02743],[-92.34374,46.02852],[-92.34347,46.02936],[-92.34347,46.02937],[-92.34352,46.03004],[-92.34316,46.03102],[-92.34311,46.03116],[-92.34265,46.03198],[-92.34261,46.03285],[-92.34247,46.03396],[-92.34243,46.03454],[-92.34275,46.03553],[-92.34277,46.03561],[-92.34317,46.03698],[-92.3432,46.03782],[-92.34327,46.03872],[-92.3434,46.03989],[-92.34359,46.04085],[-92.3436,46.04092],[-92.34358,46.04172],[-92.34357,46.04195],[-92.34346,46.04299],[-92.34316,46.04362],[-92.34257,46.04415],[-92.34179,46.04479],[-92.34128,46.04542],[-92.34126,46.04544],[-92.34071,46.04594],[-92.34031,46.04633],[-92.34009,46.04656],[-92.33931,46.04729],[-92.33926,46.04734],[-92.33922,46.04739],[-92.3391,46.04757],[-92.33898,46.04775],[-92.33873,46.04813],[-92.33869,46.049],[-92.33867,46.04919],[-92.33864,46.04955],[-92.33859,46.05011],[-92.33831,46.05128],[-92.33824,46.05215],[-92.33779,46.05308],[-92.33761,46.05342],[-92.33722,46.05419],[-92.33709,46.05462],[-92.33686,46.05537],[-92.33659,46.05603],[-92.33635,46.057],[-92.33579,46.05825],[-92.33574,46.05837],[-92.33533,46.05942],[-92.3347,46.06043],[-92.33396,46.06129],[-92.33386,46.06141],[-92.33325,46.06224],[-92.33291,46.0627],[-92.33149,46.06397],[-92.33127,46.06414],[-92.32981,46.06522],[-92.32787,46.06618],[-92.32688,46.06662],[-92.32622,46.06682],[-92.32527,46.06711],[-92.32432,46.0673],[-92.32355,46.06738],[-92.3235,46.06738],[-92.32343,46.06744],[-92.32314,46.06766],[-92.32249,46.06803],[-92.32141,46.06841],[-92.32029,46.06888],[-92.31933,46.06929],[-92.3189,46.06936],[-92.31857,46.06942],[-92.31843,46.06945],[-92.31737,46.06963],[-92.31608,46.06983],[-92.31531,46.06977],[-92.31474,46.06973],[-92.31428,46.06962],[-92.31409,46.06958],[-92.31285,46.06996],[-92.31274,46.07001],[-92.31176,46.07049],[-92.31006,46.07137],[-92.30979,46.07147],[-92.30929,46.07168],[-92.30867,46.07194],[-92.30676,46.07241],[-92.30581,46.07256],[-92.30464,46.07267],[-92.30387,46.07267],[-92.30305,46.0726],[-92.30179,46.07263],[-92.30162,46.07263],[-92.30035,46.07286],[-92.29988,46.07295],[-92.29946,46.07296],[-92.29864,46.07299],[-92.29793,46.07303],[-92.29748,46.07306],[-92.29659,46.07344],[-92.29547,46.07388],[-92.29433,46.07431],[-92.29427,46.07432],[-92.29409,46.07436],[-92.29403,46.07438],[-92.29403,46.07445],[-92.29404,46.07456],[-92.29404,46.07466],[-92.29404,46.07473],[-92.29404,46.07545],[-92.29406,46.07762],[-92.29407,46.07835],[-92.29406,46.07923],[-92.29412,46.08464],[-92.2941,46.08558],[-92.29405,46.08663],[-92.29404,46.08753],[-92.294,46.08812],[-92.29397,46.08841],[-92.29394,46.08901],[-92.29392,46.08986],[-92.29388,46.0907],[-92.29389,46.09159],[-92.29387,46.09169],[-92.29385,46.09186],[-92.29386,46.09265],[-92.29385,46.09333],[-92.29382,46.09465],[-92.29381,46.09617],[-92.29381,46.09621],[-92.2938,46.09646],[-92.2938,46.09666],[-92.2938,46.09671],[-92.2938,46.09686],[-92.29379,46.09765],[-92.29374,46.09784],[-92.2937,46.09788],[-92.29373,46.0979],[-92.29375,46.09793],[-92.29376,46.09814],[-92.29375,46.09897],[-92.29371,46.09993],[-92.29372,46.10019],[-92.29372,46.10104],[-92.29371,46.10191],[-92.29371,46.10417],[-92.2937,46.10542],[-92.29372,46.10658],[-92.29371,46.10686],[-92.29371,46.10765],[-92.29365,46.10949],[-92.29364,46.10965],[-92.29371,46.10983],[-92.29366,46.11049],[-92.29366,46.11088],[-92.29363,46.11152],[-92.29362,46.11195],[-92.29361,46.11271],[-92.29357,46.12246],[-92.29358,46.12494],[-92.29365,46.143],[-92.29365,46.14319],[-92.29365,46.14338],[-92.29366,46.14367],[-92.29366,46.14377],[-92.29366,46.14396],[-92.29366,46.14412],[-92.29366,46.14427],[-92.29366,46.14658],[-92.29369,46.15414],[-92.29369,46.15444],[-92.2937,46.15706],[-92.2937,46.15711],[-92.2937,46.15727],[-92.2937,46.15732],[-92.29366,46.15912],[-92.29351,46.16451],[-92.29346,46.16631],[-92.29337,46.16639],[-92.29333,46.16648],[-92.29332,46.1666],[-92.29332,46.16705],[-92.29333,46.16771],[-92.29327,46.16874],[-92.29324,46.16942],[-92.29323,46.16968],[-92.2932,46.17003],[-92.29315,46.17011],[-92.29311,46.17019],[-92.29307,46.17026],[-92.29305,46.17037],[-92.29308,46.17172],[-92.29308,46.17204],[-92.29307,46.17284],[-92.29308,46.17417],[-92.29307,46.17481],[-92.2932,46.17952],[-92.29321,46.1798],[-92.29324,46.18136],[-92.29327,46.18193],[-92.29332,46.18447],[-92.29331,46.18551],[-92.29332,46.18846],[-92.29326,46.19187],[-92.29321,46.19339],[-92.29313,46.19822],[-92.29313,46.1989],[-92.29311,46.19966],[-92.29312,46.20025],[-92.29306,46.20498],[-92.29308,46.20597],[-92.29307,46.20658],[-92.29312,46.20853],[-92.29309,46.20923],[-92.2931,46.20953],[-92.29308,46.21076],[-92.29311,46.21166],[-92.29309,46.21218],[-92.29313,46.21385],[-92.29311,46.21505],[-92.29312,46.21548],[-92.29311,46.21621],[-92.29311,46.21682],[-92.29313,46.21739],[-92.29312,46.21773],[-92.29313,46.21815],[-92.2931,46.22113],[-92.2931,46.22181],[-92.29308,46.22387],[-92.29307,46.22456],[-92.29304,46.22791],[-92.29304,46.22843],[-92.29305,46.22958],[-92.29304,46.23043],[-92.29307,46.23294],[-92.29306,46.23582],[-92.29306,46.23637],[-92.29308,46.23679],[-92.29311,46.23691],[-92.29317,46.23706],[-92.2932,46.23726],[-92.29322,46.23749],[-92.29323,46.23784],[-92.29321,46.23894],[-92.29321,46.24004],[-92.29322,46.24131],[-92.29324,46.24206],[-92.29325,46.24346],[-92.29327,46.24392],[-92.29333,46.24539],[-92.29351,46.24981],[-92.29357,46.25128],[-92.29357,46.25141],[-92.29348,46.25777],[-92.29321,46.27724],[-92.29312,46.28368],[-92.29312,46.28373],[-92.29311,46.28454],[-92.29307,46.28697],[-92.29307,46.28779],[-92.29306,46.28793],[-92.29306,46.28921],[-92.29306,46.2935],[-92.29306,46.29441],[-92.29307,46.29493],[-92.29307,46.29496],[-92.29304,46.29509],[-92.29291,46.29557],[-92.29287,46.29573],[-92.29287,46.29577],[-92.29286,46.29608],[-92.29282,46.29713],[-92.29281,46.29748],[-92.29281,46.29752],[-92.29275,46.29894],[-92.29256,46.30319],[-92.2925,46.30461],[-92.29248,46.30487],[-92.2924,46.30518],[-92.2924,46.30519],[-92.29239,46.30541],[-92.2924,46.30579],[-92.29255,46.3069],[-92.29258,46.30712],[-92.29261,46.30748],[-92.29261,46.30847],[-92.29259,46.31144],[-92.29259,46.31243],[-92.29255,46.31273],[-92.29246,46.31364],[-92.29243,46.31394],[-92.29243,46.31399],[-92.29242,46.31406],[-92.29242,46.31415],[-92.29242,46.3142],[-92.29245,46.31489],[-92.29255,46.31698],[-92.29258,46.31767],[-92.29261,46.31815],[-92.29269,46.31959],[-92.2927,46.31962],[-92.29263,46.32007],[-92.29263,46.3201],[-92.29264,46.32018],[-92.29264,46.32021],[-92.29265,46.32028],[-92.29266,46.32038],[-92.29267,46.32047],[-92.29267,46.32053],[-92.29267,46.32059],[-92.29268,46.32076],[-92.29269,46.32082],[-92.29269,46.32086],[-92.2927,46.32098],[-92.2927,46.32102],[-92.29271,46.32109],[-92.29272,46.32131],[-92.29272,46.32138],[-92.29273,46.32143],[-92.29274,46.3216],[-92.29274,46.32165],[-92.29275,46.3217],[-92.29276,46.32186],[-92.29276,46.32191],[-92.29281,46.32238],[-92.29295,46.32381],[-92.293,46.32428],[-92.293,46.32565],[-92.293,46.32977],[-92.293,46.33115],[-92.293,46.33135],[-92.293,46.33196],[-92.293,46.33216],[-92.29299,46.33482],[-92.29299,46.34281],[-92.29299,46.34547],[-92.29299,46.34992],[-92.29299,46.36325],[-92.293,46.36769],[-92.29299,46.36816],[-92.29299,46.36854],[-92.29298,46.36938],[-92.29298,46.36956],[-92.29298,46.3697],[-92.29298,46.37003],[-92.29302,46.37499],[-92.293,46.37946],[-92.29289,46.40778],[-92.29286,46.41722],[-92.29262,46.42387],[-92.29264,46.42465],[-92.29269,46.42612],[-92.29269,46.42615],[-92.29266,46.42857],[-92.29259,46.43203],[-92.29264,46.43721],[-92.29268,46.44128],[-92.29259,46.44877],[-92.29258,46.44993],[-92.29233,46.47125],[-92.29224,46.47849],[-92.29224,46.47874],[-92.29225,46.47908],[-92.29226,46.47927],[-92.29225,46.48],[-92.29225,46.48011],[-92.29226,46.48045],[-92.29227,46.48052],[-92.29227,46.48223],[-92.29227,46.48757],[-92.29227,46.4887],[-92.29228,46.48935],[-92.29227,46.4895],[-92.29227,46.48954],[-92.29227,46.48995],[-92.29227,46.4901],[-92.29228,46.49045],[-92.29228,46.49108],[-92.29226,46.49312],[-92.29225,46.49403],[-92.29224,46.49501],[-92.29232,46.49624],[-92.29233,46.49643],[-92.29225,46.49996],[-92.29205,46.50296],[-92.29198,46.504],[-92.2919,46.52142],[-92.2919,46.52149],[-92.2919,46.52152],[-92.2919,46.52158],[-92.29186,46.53278],[-92.29185,46.53286],[-92.29185,46.5331],[-92.29185,46.53318],[-92.29185,46.53366],[-92.29185,46.53381],[-92.29185,46.53384],[-92.29185,46.53394],[-92.29183,46.53878],[-92.29182,46.54094],[-92.29179,46.54724],[-92.29179,46.54741],[-92.29179,46.54958],[-92.29178,46.5509],[-92.29177,46.55489],[-92.29177,46.55622],[-92.29177,46.55743],[-92.29176,46.56107],[-92.29176,46.56228],[-92.29175,46.56435],[-92.29174,46.56789],[-92.29173,46.57248],[-92.29172,46.57705],[-92.29171,46.58348],[-92.29171,46.58493],[-92.2917,46.58929],[-92.29169,46.59074],[-92.29169,46.59091],[-92.29169,46.59104],[-92.29169,46.59195],[-92.29169,46.5922],[-92.29169,46.59225],[-92.29169,46.59281],[-92.29169,46.59312],[-92.29168,46.59447],[-92.29168,46.59502],[-92.29168,46.59508],[-92.29168,46.59528],[-92.29168,46.59535],[-92.29168,46.59598],[-92.29167,46.59787],[-92.29167,46.59851],[-92.29167,46.59857],[-92.29166,46.59878],[-92.29166,46.59885],[-92.29166,46.59897],[-92.29166,46.59933],[-92.29166,46.59945],[-92.29166,46.59984],[-92.29166,46.60102],[-92.29166,46.60141],[-92.29166,46.60205],[-92.29165,46.604],[-92.29165,46.60465],[-92.29165,46.6047],[-92.29165,46.60485],[-92.29165,46.6049],[-92.29165,46.60492],[-92.29165,46.60496],[-92.29165,46.60499],[-92.29165,46.60539],[-92.29164,46.60659],[-92.29164,46.607],[-92.29164,46.60745],[-92.29164,46.60882],[-92.29164,46.60927],[-92.29163,46.6104],[-92.29162,46.6138],[-92.29162,46.61493],[-92.29162,46.61559],[-92.29161,46.61758],[-92.29161,46.61824],[-92.29161,46.61829],[-92.29161,46.61909],[-92.2916,46.62165],[-92.2916,46.6225],[-92.2916,46.62299],[-92.2916,46.62445],[-92.2916,46.62494],[-92.2916,46.62534],[-92.29159,46.62652],[-92.29159,46.62692],[-92.29159,46.62695],[-92.29159,46.62755],[-92.29159,46.62946],[-92.29159,46.6301],[-92.29159,46.63024],[-92.29159,46.6309],[-92.29158,46.63329],[-92.29158,46.63409],[-92.2916,46.63489],[-92.29163,46.63729],[-92.29164,46.63797],[-92.29165,46.6381],[-92.29165,46.63861],[-92.29168,46.64015],[-92.29169,46.64067],[-92.29169,46.64079],[-92.29172,46.64307],[-92.29183,46.6503],[-92.29187,46.65271],[-92.29187,46.65273],[-92.29187,46.65277],[-92.29187,46.65279],[-92.29189,46.65321],[-92.29195,46.65447],[-92.29195,46.65457],[-92.29197,46.65489],[-92.29197,46.65494],[-92.29197,46.65495],[-92.29197,46.65509],[-92.29198,46.65513],[-92.29198,46.65551],[-92.29201,46.65664],[-92.29202,46.65702],[-92.29202,46.65704],[-92.29202,46.65723],[-92.29203,46.65742],[-92.29205,46.65829],[-92.29214,46.66208],[-92.29216,46.66311],[-92.29218,46.66318],[-92.2922,46.66325],[-92.29222,46.66328],[-92.29223,46.6633],[-92.29224,46.66332],[-92.29225,46.66361],[-92.29225,46.66366],[-92.29226,46.66393],[-92.29227,46.66406],[-92.29228,46.66449],[-92.29229,46.66473],[-92.29231,46.66509],[-92.29229,46.6652],[-92.29224,46.66556],[-92.29223,46.66568],[-92.29219,46.66604],[-92.29211,46.66623],[-92.29202,46.66644],[-92.29177,46.66703],[-92.29152,46.66758],[-92.29143,46.66778],[-92.29129,46.66814],[-92.29111,46.6681],[-92.29048,46.66797],[-92.2886,46.66759],[-92.28798,46.66746],[-92.28779,46.66742],[-92.28739,46.66734],[-92.28738,46.66716],[-92.28737,46.66697],[-92.28733,46.66636],[-92.28721,46.66455],[-92.28717,46.66395],[-92.28709,46.66284],[-92.28705,46.66275],[-92.28619,46.66034],[-92.2853,46.65976],[-92.28429,46.6591],[-92.28424,46.65905],[-92.28408,46.65889],[-92.28403,46.65884],[-92.284,46.65882],[-92.28392,46.65874],[-92.2839,46.65871],[-92.28331,46.65857],[-92.27849,46.65864],[-92.27708,46.65823],[-92.27439,46.65744],[-92.27359,46.65494],[-92.27279,46.65284],[-92.27059,46.65074],[-92.26599,46.65104],[-92.26367,46.65328],[-92.26235,46.65455],[-92.26213,46.65476],[-92.26164,46.65524],[-92.25969,46.65714],[-92.25659,46.65874],[-92.25618,46.65868],[-92.25564,46.65861],[-92.25496,46.65851],[-92.25469,46.65847],[-92.25455,46.65845],[-92.25448,46.65841],[-92.25426,46.65828],[-92.25419,46.65824],[-92.25407,46.65816],[-92.2537,46.65794],[-92.25358,46.65786],[-92.25332,46.6577],[-92.25256,46.65723],[-92.25231,46.65707],[-92.25213,46.65693],[-92.2516,46.65652],[-92.25142,46.65639],[-92.25112,46.65617],[-92.25023,46.65552],[-92.24993,46.6553],[-92.24942,46.65452],[-92.2489,46.65375],[-92.24869,46.65344],[-92.24614,46.65171],[-92.24353,46.64994],[-92.24249,46.64924],[-92.23559,46.65004],[-92.23452,46.65048],[-92.23156,46.65169],[-92.23136,46.65177],[-92.2286,46.6529],[-92.22849,46.65294],[-92.22628,46.65281],[-92.22602,46.65279],[-92.22576,46.65278],[-92.22349,46.65264],[-92.22193,46.65202],[-92.22177,46.65196],[-92.22,46.65126],[-92.21807,46.6505],[-92.21639,46.64984],[-92.21239,46.64994],[-92.21231,46.64997],[-92.21158,46.65025],[-92.21086,46.65052],[-92.20853,46.6514],[-92.20709,46.65194],[-92.20501,46.6533],[-92.20475,46.65347],[-92.20449,46.65364],[-92.20351,46.65426],[-92.20302,46.65457],[-92.20253,46.65489],[-92.20229,46.65504],[-92.20226,46.65511],[-92.20194,46.65585],[-92.20161,46.65659],[-92.20159,46.65664],[-92.20159,46.65665],[-92.2016,46.65669],[-92.20161,46.65675],[-92.20175,46.65778],[-92.20188,46.65877],[-92.2019,46.65887],[-92.20192,46.65906],[-92.20195,46.65925],[-92.20372,46.66178],[-92.20417,46.66242],[-92.20535,46.66449],[-92.20549,46.66474],[-92.20548,46.66476],[-92.20409,46.66694],[-92.19949,46.67024],[-92.19912,46.67062],[-92.19589,46.67394],[-92.19352,46.67589],[-92.19249,46.67674],[-92.19162,46.67713],[-92.19021,46.67777],[-92.18879,46.6784],[-92.18759,46.67894],[-92.18249,46.67994],[-92.18144,46.68022],[-92.18136,46.68024],[-92.17744,46.6835],[-92.17587,46.68647],[-92.17626,46.69047],[-92.17768,46.69212],[-92.183,46.69565],[-92.18936,46.696],[-92.19253,46.69575],[-92.19849,46.69614],[-92.19921,46.69638],[-92.20056,46.69682],[-92.2019,46.69726],[-92.20354,46.6978],[-92.20519,46.69834],[-92.20569,46.70254],[-92.20469,46.70404],[-92.20269,46.70534],[-92.20248,46.70546],[-92.20194,46.70577],[-92.20148,46.70599],[-92.20092,46.7062],[-92.20049,46.70634],[-92.19979,46.70664],[-92.19747,46.70761],[-92.19739,46.70764],[-92.19329,46.71124],[-92.19259,46.71311],[-92.19179,46.71524],[-92.19173,46.71547],[-92.19169,46.71564],[-92.19159,46.71595],[-92.19149,46.71624],[-92.18909,46.71754],[-92.18679,46.71736],[-92.17889,46.71674],[-92.17652,46.717],[-92.17429,46.71724],[-92.17335,46.71773],[-92.17313,46.71784],[-92.17263,46.71816],[-92.17214,46.71838],[-92.17199,46.71844],[-92.17063,46.71892],[-92.16792,46.71975],[-92.16729,46.71994],[-92.16292,46.7185],[-92.15519,46.71594],[-92.14869,46.71514],[-92.14673,46.71579],[-92.14629,46.71603],[-92.14589,46.71713],[-92.14527,46.71884],[-92.14152,46.72529],[-92.14255,46.72685],[-92.1434,46.72815],[-92.14339,46.72841],[-92.14339,46.72843],[-92.14336,46.73051],[-92.14334,46.73146],[-92.14334,46.7316],[-92.14329,46.73464],[-92.14283,46.73506],[-92.14087,46.73684],[-92.13981,46.7378],[-92.13789,46.73954],[-92.1303,46.74279],[-92.12904,46.74333],[-92.1278,46.74387],[-92.12529,46.74494],[-92.12393,46.74552],[-92.12213,46.74628],[-92.11984,46.74726],[-92.11897,46.74763],[-92.11872,46.74773],[-92.11847,46.74784],[-92.11826,46.74793],[-92.11761,46.74821],[-92.11739,46.7483],[-92.11659,46.74864],[-92.11641,46.74865],[-92.11389,46.74884],[-92.11329,46.74885],[-92.11224,46.74887],[-92.11155,46.74889],[-92.10946,46.74892],[-92.10877,46.74894],[-92.10869,46.74894],[-92.1085,46.74902],[-92.10819,46.74914],[-92.10767,46.74913],[-92.10739,46.74913],[-92.10616,46.74911],[-92.10438,46.74909],[-92.10247,46.74907],[-92.10163,46.74906],[-92.10137,46.74905],[-92.10123,46.74906],[-92.10114,46.74906],[-92.10097,46.74906],[-92.10074,46.74906],[-92.10061,46.74906],[-92.10037,46.74906],[-92.0999,46.74905],[-92.09977,46.74905],[-92.09828,46.74905],[-92.0901,46.74922],[-92.08949,46.74924],[-92.08767,46.74789],[-92.07142,46.73587],[-92.07139,46.73584],[-92.06487,46.73119],[-92.06379,46.73041],[-92.06053,46.72808],[-92.05949,46.72734],[-92.05945,46.72731],[-92.05614,46.7249],[-92.04623,46.71767],[-92.04292,46.71526],[-92.04289,46.71524],[-92.03953,46.71286],[-92.03399,46.70894],[-92.02864,46.70702],[-92.02509,46.70574],[-92.02472,46.70561],[-92.02337,46.70513],[-92.02029,46.70404],[-92.01937,46.70449],[-92.01808,46.70511],[-92.01752,46.70538],[-92.01647,46.70588],[-92.01638,46.70593],[-92.01585,46.70619],[-92.01583,46.7062],[-92.01576,46.70623],[-92.01529,46.70647],[-92.01485,46.70668],[-92.01353,46.70732],[-92.01309,46.70754],[-92.01163,46.70824],[-92.00725,46.71034],[-92.00695,46.71048],[-92.00674,46.71058],[-92.00579,46.71104],[-92.00498,46.71143],[-92.00255,46.71262],[-92.00174,46.71301],[-91.99947,46.7141],[-91.99784,46.71491],[-91.99765,46.715],[-91.98959,46.719],[-91.98542,46.72107],[-91.98134,46.72309],[-91.97132,46.72689],[-91.94125,46.73828],[-91.93123,46.74207],[-91.92002,46.74632],[-91.88639,46.75906],[-91.87519,46.7633],[-91.85941,46.76961],[-91.8121,46.78853],[-91.79633,46.79484],[-91.75018,46.81322],[-91.74209,46.81639],[-91.62518,46.86226],[-91.60921,46.86838],[-91.59212,46.87494],[-91.59214,46.87494],[-91.55057,46.89273],[-91.54938,46.89321],[-91.53954,46.89723],[-91.51002,46.9093],[-91.50018,46.91332],[-91.46407,46.93064],[-91.37518,46.97328],[-91.35574,46.9826],[-91.31964,46.99993],[-91.29585,47.01108],[-91.27199,47.02228],[-91.25575,47.02989],[-91.11661,47.09522],[-91.06409,47.11979],[-91.03983,47.13117],[-91.0002,47.14976],[-91.00018,47.14977],[-90.98159,47.15832],[-90.92584,47.184],[-90.90725,47.19256],[-90.90721,47.19258],[-90.9008,47.19553],[-90.88158,47.20438],[-90.87518,47.20733],[-90.8736,47.20806],[-90.86889,47.21023],[-90.86732,47.21096],[-90.85289,47.21763],[-90.80961,47.23763],[-90.79519,47.2443],[-90.79276,47.24543],[-90.78548,47.24882],[-90.78306,47.24995],[-90.78139,47.25072],[-90.77637,47.25302],[-90.7747,47.25378],[-90.77111,47.25547],[-90.76033,47.26053],[-90.75674,47.26222],[-90.7554,47.26284],[-90.75139,47.26471],[-90.75005,47.26534],[-90.66018,47.30725],[-90.65466,47.30982],[-90.62516,47.30873],[-90.50015,47.30633],[-90.42162,47.30441],[-90.4216,47.30441],[-90.42161,47.3044],[-90.37525,47.30318],[-90.26422,47.30027],[-90.25014,47.29989],[-90.2114,47.29887],[-90.12514,47.29661],[-90.05295,47.29452],[-90.04336,47.29424],[-90.00014,47.29299],[-89.99153,47.29261],[-89.96571,47.29148],[-89.9571,47.2911],[-89.96571,47.27588],[-89.99154,47.2302],[-90.00014,47.21497],[-90.02257,47.18045],[-90.05864,47.12493],[-90.08951,47.07665],[-90.11169,47.04196],[-90.12516,47.02068],[-90.13925,46.99994],[-90.1435,46.99336],[-90.22002,46.87494],[-90.23814,46.84701],[-90.25017,46.82845],[-90.26962,46.79818],[-90.292,46.76353],[-90.35914,46.65959],[-90.38152,46.62495],[-90.38643,46.61704],[-90.40118,46.59334],[-90.4061,46.58543],[-90.40855,46.58156],[-90.41012,46.57908],[-90.41035,46.57871],[-90.41459,46.57199],[-90.41589,46.56994],[-90.41644,46.56907],[-90.41839,46.5661],[-90.41837,46.56605],[-90.41821,46.56598],[-90.41762,46.5658],[-90.41735,46.56565],[-90.4167,46.56506],[-90.41659,46.5649],[-90.41645,46.56469],[-90.41646,46.56449],[-90.41637,46.56425],[-90.41602,46.56377],[-90.41575,46.5635],[-90.41578,46.5633],[-90.4157,46.56317],[-90.41551,46.56312],[-90.4152,46.56311],[-90.41521,46.56274],[-90.41548,46.56235],[-90.41548,46.5621],[-90.41497,46.56063],[-90.41494,46.56009],[-90.41484,46.55966],[-90.4148,46.55917],[-90.41476,46.55868],[-90.41464,46.55829],[-90.41493,46.55795],[-90.41504,46.55767],[-90.41451,46.55745],[-90.41447,46.55743],[-90.41445,46.55742],[-90.41438,46.55739],[-90.41435,46.55737],[-90.41432,46.55735],[-90.4141,46.55718],[-90.41401,46.55698],[-90.41405,46.55673],[-90.41394,46.55652],[-90.4136,46.55647],[-90.41317,46.55629],[-90.4131,46.55627],[-90.4129,46.55626],[-90.41264,46.55614],[-90.41249,46.55588],[-90.41248,46.55567],[-90.41212,46.55568],[-90.4113,46.55562],[-90.41113,46.55554],[-90.41113,46.55536],[-90.41094,46.5552],[-90.41067,46.55509],[-90.41027,46.55503],[-90.41001,46.55502],[-90.40924,46.55508],[-90.40846,46.55506],[-90.40844,46.55505],[-90.40822,46.555],[-90.40803,46.55484],[-90.40784,46.55451],[-90.40766,46.55391],[-90.40768,46.5536],[-90.40766,46.55298],[-90.40755,46.55249],[-90.40732,46.55209],[-90.4071,46.55138],[-90.40699,46.5511],[-90.40646,46.54983],[-90.40622,46.54909],[-90.40598,46.54858],[-90.40497,46.54716],[-90.40424,46.5465],[-90.40273,46.54557],[-90.40222,46.54532],[-90.40216,46.54522],[-90.40207,46.54506],[-90.40191,46.54442],[-90.40165,46.54415],[-90.40135,46.54401],[-90.40094,46.54398],[-90.4006,46.54405],[-90.40032,46.54421],[-90.40024,46.54426],[-90.40016,46.5443],[-90.39994,46.54433],[-90.3999,46.54433],[-90.39985,46.54432],[-90.39975,46.54431],[-90.39959,46.54422],[-90.39934,46.54395],[-90.39883,46.54318],[-90.39863,46.54287],[-90.39813,46.54188],[-90.39737,46.53968],[-90.39706,46.53907],[-90.39693,46.5389],[-90.39654,46.5384],[-90.39642,46.53813],[-90.39641,46.53777],[-90.39635,46.53753],[-90.39633,46.53751],[-90.39602,46.53712],[-90.39558,46.53682],[-90.39567,46.53625],[-90.39554,46.53595],[-90.39534,46.53583],[-90.39489,46.53578],[-90.39418,46.53593],[-90.39282,46.53621],[-90.39252,46.53623],[-90.39242,46.53621],[-90.39222,46.53605],[-90.39196,46.53562],[-90.39197,46.53537],[-90.39214,46.53484],[-90.39233,46.53459],[-90.3926,46.53448],[-90.39286,46.53446],[-90.39399,46.53454],[-90.39465,46.53449],[-90.39494,46.53441],[-90.3951,46.53433],[-90.39515,46.53423],[-90.39515,46.53398],[-90.39507,46.53377],[-90.39465,46.53345],[-90.39415,46.53319],[-90.3938,46.53288],[-90.39357,46.53256],[-90.39326,46.53243],[-90.3927,46.53247],[-90.39262,46.53249],[-90.39211,46.53262],[-90.39181,46.53286],[-90.39152,46.53328],[-90.39128,46.53341],[-90.39089,46.5335],[-90.39058,46.53349],[-90.38967,46.53325],[-90.38807,46.53333],[-90.38745,46.5335],[-90.38672,46.53364],[-90.38596,46.53379],[-90.38442,46.53459],[-90.38406,46.5351],[-90.38373,46.53538],[-90.38332,46.5356],[-90.38289,46.53573],[-90.38195,46.53592],[-90.38045,46.53656],[-90.37999,46.53658],[-90.37979,46.53652],[-90.37939,46.53641],[-90.37907,46.536],[-90.37887,46.53582],[-90.37864,46.5356],[-90.37819,46.53551],[-90.37789,46.53555],[-90.37757,46.53567],[-90.37703,46.536],[-90.37685,46.53618],[-90.37656,46.53678],[-90.37654,46.53707],[-90.37651,46.53736],[-90.37644,46.53744],[-90.37632,46.53757],[-90.37629,46.53771],[-90.3762,46.53816],[-90.37609,46.53836],[-90.37552,46.53883],[-90.37523,46.53895],[-90.37495,46.53908],[-90.37458,46.53914],[-90.37454,46.53914],[-90.37443,46.53915],[-90.3744,46.53915],[-90.3743,46.53894],[-90.37345,46.53914],[-90.37305,46.53925],[-90.37273,46.53935],[-90.37241,46.53944],[-90.37188,46.53958],[-90.36993,46.54042],[-90.3693,46.54073],[-90.36871,46.54104],[-90.3687,46.54104],[-90.36823,46.54113],[-90.36728,46.54116],[-90.36708,46.54116],[-90.36648,46.54102],[-90.36637,46.54085],[-90.36624,46.54065],[-90.36623,46.54034],[-90.36623,46.54001],[-90.36622,46.54],[-90.36622,46.53968],[-90.36608,46.53963],[-90.36592,46.53959],[-90.36539,46.53954],[-90.36474,46.53959],[-90.3644,46.53968],[-90.36383,46.53998],[-90.36361,46.54021],[-90.36342,46.54037],[-90.36323,46.54053],[-90.3632,46.54056],[-90.36292,46.54091],[-90.36253,46.54121],[-90.36243,46.54123],[-90.36151,46.54143],[-90.36068,46.54138],[-90.3601,46.54092],[-90.35997,46.54028],[-90.35993,46.53995],[-90.3599,46.53979],[-90.35972,46.53937],[-90.35944,46.53916],[-90.35918,46.53916],[-90.35895,46.53917],[-90.35867,46.53918],[-90.35852,46.53918],[-90.3582,46.53927],[-90.35791,46.53948],[-90.35785,46.53881],[-90.35734,46.53899],[-90.35661,46.53917],[-90.35598,46.53932],[-90.35567,46.53938],[-90.35554,46.5394],[-90.35499,46.53943],[-90.35436,46.53951],[-90.35398,46.53956],[-90.35355,46.53963],[-90.3532,46.5397],[-90.35268,46.53981],[-90.35194,46.53998],[-90.35164,46.54005],[-90.35131,46.54013],[-90.35101,46.54022],[-90.35068,46.54032],[-90.35055,46.54038],[-90.3505,46.54041],[-90.35032,46.54049],[-90.35015,46.54057],[-90.34983,46.54069],[-90.34952,46.5408],[-90.34921,46.5409],[-90.34887,46.54118],[-90.34841,46.54178],[-90.34829,46.54236],[-90.34821,46.54281],[-90.34799,46.54391],[-90.34775,46.54423],[-90.34734,46.54451],[-90.34623,46.54492],[-90.34612,46.54496],[-90.3458,46.54514],[-90.34551,46.54544],[-90.34532,46.54592],[-90.34538,46.54627],[-90.34564,46.54649],[-90.34597,46.54659],[-90.34654,46.54665],[-90.34697,46.54677],[-90.34732,46.54692],[-90.3476,46.54713],[-90.34773,46.54748],[-90.34774,46.54784],[-90.34759,46.54847],[-90.34723,46.54899],[-90.34681,46.54935],[-90.34652,46.5495],[-90.34602,46.54958],[-90.34561,46.54953],[-90.34517,46.54934],[-90.34438,46.54877],[-90.34427,46.54867],[-90.34359,46.54806],[-90.3431,46.54787],[-90.34234,46.54783],[-90.34135,46.54792],[-90.34105,46.54795],[-90.34067,46.54806],[-90.34028,46.54824],[-90.33987,46.54861],[-90.3394,46.54929],[-90.33937,46.54964],[-90.33952,46.54995],[-90.33982,46.55009],[-90.34026,46.55018],[-90.34266,46.55043],[-90.34311,46.55052],[-90.34343,46.55064],[-90.34366,46.55078],[-90.34378,46.55085],[-90.34405,46.55112],[-90.34427,46.55152],[-90.34424,46.5518],[-90.34405,46.55206],[-90.34353,46.55245],[-90.34321,46.55256],[-90.34256,46.55268],[-90.34113,46.55284],[-90.33969,46.55294],[-90.33861,46.55319],[-90.33812,46.55339],[-90.33705,46.55401],[-90.33682,46.5541],[-90.33662,46.55412],[-90.33625,46.55401],[-90.33548,46.55347],[-90.33506,46.55333],[-90.33434,46.5533],[-90.33347,46.55338],[-90.33223,46.55343],[-90.33185,46.55333],[-90.33165,46.55308],[-90.33168,46.55273],[-90.33185,46.55247],[-90.33249,46.552],[-90.33257,46.55187],[-90.33255,46.55172],[-90.33248,46.55167],[-90.33227,46.55165],[-90.33101,46.55184],[-90.33065,46.55181],[-90.33031,46.55159],[-90.32987,46.5509],[-90.32967,46.55069],[-90.32947,46.55058],[-90.32926,46.55057],[-90.32892,46.55073],[-90.32817,46.55162],[-90.32787,46.55168],[-90.32777,46.55165],[-90.32758,46.55161],[-90.32738,46.55141],[-90.32735,46.55112],[-90.32776,46.55016],[-90.32771,46.54945],[-90.32805,46.5487],[-90.32806,46.54817],[-90.32792,46.54802],[-90.32737,46.54775],[-90.32719,46.54757],[-90.32704,46.54723],[-90.32685,46.54627],[-90.32673,46.54607],[-90.32647,46.54596],[-90.32584,46.54607],[-90.32561,46.54607],[-90.32532,46.54599],[-90.32481,46.54569],[-90.3246,46.54561],[-90.32454,46.54559],[-90.32404,46.54551],[-90.32373,46.54551],[-90.32347,46.54563],[-90.32331,46.54581],[-90.32322,46.54635],[-90.32309,46.54658],[-90.32289,46.54669],[-90.32228,46.5468],[-90.32131,46.54674],[-90.32066,46.54661],[-90.32035,46.54637],[-90.3205,46.54611],[-90.32109,46.54591],[-90.32124,46.54581],[-90.32131,46.54561],[-90.32122,46.54544],[-90.32109,46.5454],[-90.3205,46.54562],[-90.32024,46.54562],[-90.31989,46.54518],[-90.31969,46.54494],[-90.31948,46.54483],[-90.31905,46.54472],[-90.31863,46.54431],[-90.31845,46.54424],[-90.31809,46.54423],[-90.31777,46.54434],[-90.31763,46.54453],[-90.3175,46.54502],[-90.31733,46.54516],[-90.31709,46.54521],[-90.31673,46.5452],[-90.31627,46.54504],[-90.31548,46.5447],[-90.3152,46.54445],[-90.31517,46.54428],[-90.31525,46.54411],[-90.31547,46.54401],[-90.31587,46.54405],[-90.31601,46.54402],[-90.31622,46.54386],[-90.31634,46.54363],[-90.31625,46.5433],[-90.31629,46.54312],[-90.31664,46.54282],[-90.31697,46.54254],[-90.31708,46.54235],[-90.31698,46.54223],[-90.31643,46.5419],[-90.31625,46.54169],[-90.31621,46.54133],[-90.31633,46.54087],[-90.31627,46.54075],[-90.31623,46.54066],[-90.3162,46.54059],[-90.31616,46.5405],[-90.31607,46.54043],[-90.31601,46.54039],[-90.31596,46.54034],[-90.31571,46.54032],[-90.31548,46.54041],[-90.31479,46.54084],[-90.31464,46.54087],[-90.31439,46.54083],[-90.31411,46.54068],[-90.31398,46.5405],[-90.3139,46.54039],[-90.31381,46.53996],[-90.31368,46.53969],[-90.31345,46.53955],[-90.31325,46.53951],[-90.31299,46.53954],[-90.31281,46.53966],[-90.31277,46.53984],[-90.31286,46.54015],[-90.31276,46.54031],[-90.31246,46.54033],[-90.3122,46.54022],[-90.31162,46.53981],[-90.31149,46.53974],[-90.31078,46.53939],[-90.31062,46.53917],[-90.31064,46.53899],[-90.3108,46.5388],[-90.311,46.53869],[-90.31158,46.53854],[-90.31175,46.5384],[-90.31178,46.53819],[-90.31161,46.53798],[-90.31145,46.53789],[-90.31042,46.53756],[-90.30961,46.53746],[-90.30944,46.53728],[-90.3095,46.53711],[-90.30987,46.53661],[-90.31065,46.53643],[-90.31084,46.53629],[-90.31079,46.53522],[-90.31093,46.53495],[-90.31129,46.53423],[-90.31138,46.53404],[-90.31144,46.53354],[-90.3114,46.53333],[-90.31132,46.53324],[-90.311,46.53312],[-90.3108,46.53296],[-90.3106,46.53255],[-90.3106,46.53241],[-90.31081,46.53213],[-90.31123,46.53186],[-90.31172,46.53159],[-90.31277,46.53116],[-90.31298,46.53094],[-90.31302,46.53089],[-90.31306,46.53071],[-90.31294,46.53044],[-90.31217,46.52981],[-90.31203,46.52962],[-90.31201,46.52919],[-90.3122,46.52864],[-90.31265,46.52816],[-90.31278,46.52793],[-90.31301,46.52657],[-90.31403,46.52484],[-90.31443,46.52369],[-90.31457,46.52354],[-90.3149,46.52331],[-90.31543,46.52309],[-90.31659,46.52269],[-90.31724,46.52233],[-90.31767,46.52193],[-90.31784,46.52152],[-90.31769,46.52099],[-90.3171,46.52007],[-90.317,46.51976],[-90.31698,46.51897],[-90.31696,46.51807],[-90.317,46.5176],[-90.31685,46.51718],[-90.31655,46.5169],[-90.31582,46.51673],[-90.31466,46.51618],[-90.31409,46.51601],[-90.31388,46.51606],[-90.31384,46.51606],[-90.31379,46.51613],[-90.31377,46.51616],[-90.31358,46.51641],[-90.31334,46.51692],[-90.31321,46.51703],[-90.31286,46.5171],[-90.31251,46.51707],[-90.31198,46.51668],[-90.31157,46.51653],[-90.31122,46.51647],[-90.3108,46.51649],[-90.30877,46.51673],[-90.30854,46.51681],[-90.30842,46.51697],[-90.30838,46.5179],[-90.30826,46.5181],[-90.30784,46.5183],[-90.3072,46.51844],[-90.30663,46.51845],[-90.30613,46.51837],[-90.30599,46.5183],[-90.30513,46.51792],[-90.30457,46.5176],[-90.3038,46.5174],[-90.30333,46.51736],[-90.30287,46.51742],[-90.30201,46.51767],[-90.30149,46.51768],[-90.29995,46.51759],[-90.29948,46.51762],[-90.29894,46.51773],[-90.29831,46.5179],[-90.29761,46.51821],[-90.29741,46.51837],[-90.29699,46.51894],[-90.29667,46.51911],[-90.29652,46.51912],[-90.29639,46.51906],[-90.29572,46.51852],[-90.29532,46.51851],[-90.29496,46.51865],[-90.29469,46.51886],[-90.29448,46.51915],[-90.29437,46.5195],[-90.29439,46.51982],[-90.29448,46.52002],[-90.29506,46.52074],[-90.29517,46.52106],[-90.29517,46.52127],[-90.2951,46.52144],[-90.29497,46.52155],[-90.29475,46.52165],[-90.29459,46.52166],[-90.29434,46.52161],[-90.29372,46.52124],[-90.29276,46.52089],[-90.29166,46.52025],[-90.29155,46.52031],[-90.29108,46.52029],[-90.29085,46.52028],[-90.29051,46.52024],[-90.29035,46.52019],[-90.29013,46.52006],[-90.2899,46.51994],[-90.28831,46.51974],[-90.28766,46.5196],[-90.28586,46.51891],[-90.28528,46.51876],[-90.28482,46.5187],[-90.28446,46.51872],[-90.28392,46.51882],[-90.28264,46.51929],[-90.28231,46.51954],[-90.28198,46.51979],[-90.28174,46.52006],[-90.2816,46.5204],[-90.28168,46.52064],[-90.2823,46.5213],[-90.28234,46.52148],[-90.28227,46.52158],[-90.28196,46.5217],[-90.28073,46.52172],[-90.28023,46.5218],[-90.27951,46.522],[-90.27885,46.52227],[-90.27871,46.52242],[-90.27874,46.52289],[-90.27867,46.52324],[-90.27826,46.52397],[-90.27796,46.52426],[-90.2777,46.52437],[-90.27735,46.52444],[-90.27694,46.52445],[-90.2768,46.52442],[-90.27674,46.52441],[-90.2762,46.52414],[-90.27535,46.5234],[-90.27507,46.52317],[-90.27399,46.52241],[-90.27292,46.52126],[-90.27239,46.52093],[-90.27202,46.52025],[-90.27187,46.51957],[-90.2718,46.51927],[-90.27193,46.51903],[-90.27208,46.51894],[-90.27258,46.51875],[-90.27306,46.51864],[-90.2746,46.51851],[-90.27463,46.51851],[-90.27506,46.5184],[-90.27532,46.51823],[-90.27579,46.51737],[-90.27656,46.5167],[-90.27711,46.5161],[-90.2772,46.51561],[-90.27749,46.51516],[-90.27758,46.51502],[-90.27762,46.51481],[-90.27755,46.51457],[-90.27738,46.51443],[-90.27714,46.51436],[-90.27688,46.51437],[-90.27682,46.51454],[-90.27675,46.51473],[-90.27651,46.51491],[-90.27524,46.51539],[-90.27489,46.51543],[-90.27465,46.51536],[-90.27442,46.51521],[-90.2741,46.51487],[-90.27406,46.51482],[-90.27381,46.51427],[-90.27338,46.51366],[-90.27304,46.5134],[-90.27238,46.51306],[-90.27136,46.51229],[-90.27071,46.51195],[-90.27044,46.51168],[-90.27039,46.51145],[-90.27044,46.51096],[-90.27053,46.51072],[-90.27074,46.51043],[-90.27105,46.51014],[-90.27234,46.50939],[-90.27264,46.50906],[-90.27287,46.50863],[-90.27299,46.50818],[-90.27303,46.508],[-90.27308,46.50719],[-90.27284,46.50661],[-90.27312,46.50611],[-90.27319,46.5058],[-90.27298,46.50514],[-90.27259,46.50485],[-90.27255,46.50451],[-90.27231,46.50446],[-90.27197,46.50453],[-90.27173,46.50471],[-90.27154,46.50501],[-90.27135,46.50556],[-90.2712,46.50651],[-90.27093,46.50685],[-90.27071,46.50693],[-90.27057,46.50698],[-90.26899,46.5071],[-90.2684,46.5072],[-90.26782,46.50736],[-90.26686,46.50784],[-90.26657,46.50786],[-90.2654,46.50712],[-90.26432,46.50663],[-90.26411,46.50647],[-90.26401,46.50631],[-90.26403,46.50588],[-90.2641,46.50575],[-90.26424,46.50564],[-90.26447,46.50557],[-90.26487,46.50562],[-90.26528,46.50558],[-90.2656,46.50548],[-90.26576,46.50533],[-90.26581,46.50505],[-90.26574,46.50473],[-90.2655,46.5043],[-90.2653,46.50412],[-90.26435,46.50407],[-90.26403,46.50396],[-90.26391,46.50381],[-90.2639,46.50352],[-90.26389,46.50334],[-90.26378,46.50306],[-90.26357,46.50286],[-90.26314,46.50267],[-90.26155,46.50256],[-90.26015,46.50292],[-90.25964,46.50307],[-90.25921,46.50326],[-90.25766,46.50443],[-90.25722,46.50467],[-90.2567,46.5048],[-90.25627,46.5048],[-90.25361,46.50481],[-90.25265,46.50469],[-90.25203,46.50468],[-90.25111,46.50472],[-90.24927,46.50525],[-90.24852,46.50539],[-90.24821,46.50541],[-90.24766,46.50535],[-90.24722,46.50524],[-90.24618,46.50472],[-90.24581,46.50483],[-90.24553,46.50504],[-90.24523,46.50519],[-90.24469,46.50529],[-90.24391,46.5053],[-90.24361,46.50535],[-90.24346,46.50538],[-90.24341,46.50542],[-90.24325,46.50553],[-90.24289,46.50566],[-90.24283,46.50573],[-90.24266,46.50576],[-90.24254,46.50575],[-90.24239,46.50576],[-90.24236,46.50575],[-90.24222,46.50574],[-90.24199,46.50578],[-90.24186,46.50585],[-90.24163,46.50602],[-90.24156,46.50604],[-90.24139,46.50604],[-90.24123,46.50601],[-90.24106,46.506],[-90.24096,46.50598],[-90.2409,46.50598],[-90.24083,46.50599],[-90.24077,46.50602],[-90.24066,46.50613],[-90.24047,46.50626],[-90.24031,46.50634],[-90.24017,46.50639],[-90.23984,46.50648],[-90.23967,46.50655],[-90.23937,46.50671],[-90.23928,46.50676],[-90.23918,46.50679],[-90.23909,46.50685],[-90.23905,46.50687],[-90.23888,46.50693],[-90.23878,46.50695],[-90.23865,46.50694],[-90.23819,46.5068],[-90.23798,46.50678],[-90.23787,46.50678],[-90.23785,46.50678],[-90.23782,46.50679],[-90.23775,46.50679],[-90.23772,46.5068],[-90.23746,46.50684],[-90.23706,46.50697],[-90.2367,46.50712],[-90.23653,46.5072],[-90.23626,46.50734],[-90.23587,46.50748],[-90.2358,46.50753],[-90.2355,46.50768],[-90.23541,46.50775],[-90.23527,46.50783],[-90.23463,46.50831],[-90.2343,46.50854],[-90.23353,46.50895],[-90.23335,46.50904],[-90.23299,46.50926],[-90.23292,46.50928],[-90.23279,46.50935],[-90.23273,46.50938],[-90.23244,46.50952],[-90.23219,46.50965],[-90.23216,46.50966],[-90.23163,46.50985],[-90.23143,46.50988],[-90.23139,46.50988],[-90.23124,46.50989],[-90.23111,46.50986],[-90.231,46.50985],[-90.23097,46.50984],[-90.23095,46.50975],[-90.23086,46.50966],[-90.23076,46.50958],[-90.23046,46.50934],[-90.23037,46.5092],[-90.23036,46.50918],[-90.23029,46.50902],[-90.23021,46.50893],[-90.2301,46.50884],[-90.23009,46.50881],[-90.22989,46.50863],[-90.22971,46.5085],[-90.22967,46.50848],[-90.2296,46.50842],[-90.22952,46.5083],[-90.22944,46.5081],[-90.22943,46.50789],[-90.22948,46.50778],[-90.22952,46.50771],[-90.22955,46.50766],[-90.22955,46.50764],[-90.22965,46.50747],[-90.2297,46.50733],[-90.22973,46.50708],[-90.22972,46.50687],[-90.22975,46.5068],[-90.22979,46.50673],[-90.23001,46.50646],[-90.23001,46.50644],[-90.23005,46.50641],[-90.23013,46.5063],[-90.23017,46.50628],[-90.23025,46.50618],[-90.2304,46.50604],[-90.23047,46.50595],[-90.23047,46.50594],[-90.23054,46.50588],[-90.23055,46.50586],[-90.23064,46.50576],[-90.23067,46.50569],[-90.2307,46.50567],[-90.2308,46.50541],[-90.23082,46.50539],[-90.23082,46.50537],[-90.23084,46.50535],[-90.23086,46.50531],[-90.23093,46.50522],[-90.23093,46.50519],[-90.23098,46.50514],[-90.23102,46.50506],[-90.23105,46.50501],[-90.2311,46.50487],[-90.23111,46.50481],[-90.23111,46.5043],[-90.23107,46.50408],[-90.23106,46.50405],[-90.23105,46.50396],[-90.231,46.50387],[-90.231,46.50385],[-90.23097,46.5038],[-90.23091,46.50362],[-90.2309,46.50355],[-90.23091,46.50348],[-90.23094,46.50339],[-90.23097,46.50334],[-90.23103,46.5033],[-90.23121,46.50321],[-90.23125,46.50314],[-90.23125,46.50307],[-90.2312,46.50296],[-90.23115,46.50291],[-90.23107,46.50287],[-90.23089,46.50282],[-90.23082,46.50283],[-90.2308,46.50281],[-90.23066,46.5028],[-90.23062,46.50279],[-90.23049,46.50279],[-90.23046,46.5028],[-90.23032,46.50282],[-90.23019,46.50285],[-90.23016,46.50285],[-90.23009,46.50287],[-90.22996,46.50289],[-90.22989,46.50289],[-90.22986,46.50291],[-90.22966,46.50291],[-90.22964,46.50289],[-90.22946,46.50287],[-90.2293,46.50282],[-90.2292,46.50279],[-90.22914,46.50274],[-90.22913,46.50265],[-90.22916,46.50257],[-90.22929,46.50246],[-90.22946,46.50236],[-90.22956,46.50234],[-90.22971,46.50227],[-90.22992,46.50218],[-90.23034,46.50201],[-90.23077,46.50178],[-90.23085,46.50171],[-90.23092,46.50168],[-90.23096,46.50163],[-90.23097,46.5016],[-90.23092,46.50153],[-90.23079,46.50147],[-90.23069,46.50144],[-90.23055,46.50144],[-90.23052,46.50143],[-90.23032,46.50143],[-90.23019,46.50142],[-90.23006,46.50143],[-90.22969,46.50143],[-90.22962,46.50143],[-90.22954,46.50144],[-90.22915,46.50146],[-90.22911,46.50147],[-90.22895,46.50147],[-90.22865,46.5015],[-90.22848,46.50154],[-90.22842,46.50154],[-90.22811,46.50159],[-90.22809,46.5016],[-90.22792,46.50165],[-90.22772,46.50177],[-90.22766,46.5018],[-90.22752,46.50184],[-90.22746,46.50184],[-90.22743,46.50185],[-90.22709,46.50184],[-90.22707,46.50183],[-90.22693,46.50181],[-90.2269,46.5018],[-90.22673,46.5018],[-90.22666,46.50181],[-90.22656,46.50185],[-90.22644,46.50194],[-90.22634,46.50207],[-90.22623,46.5023],[-90.22616,46.50239],[-90.22611,46.50244],[-90.2261,46.50246],[-90.22599,46.50252],[-90.22587,46.50257],[-90.22577,46.5026],[-90.22567,46.50261],[-90.22547,46.50261],[-90.22544,46.50263],[-90.22517,46.50264],[-90.22498,46.50267],[-90.22491,46.50267],[-90.22471,46.50271],[-90.22458,46.50274],[-90.22421,46.5028],[-90.22412,46.50283],[-90.22402,46.50285],[-90.22397,46.50286],[-90.22372,46.50294],[-90.22365,46.50295],[-90.22342,46.50303],[-90.22332,46.50305],[-90.22312,46.50313],[-90.22306,46.50315],[-90.22276,46.50329],[-90.22266,46.50335],[-90.22259,46.50338],[-90.22256,46.50342],[-90.22236,46.50329],[-90.22208,46.50318],[-90.22191,46.50316],[-90.22185,46.50313],[-90.22182,46.50313],[-90.22165,46.50313],[-90.22161,46.50314],[-90.22148,46.50314],[-90.22145,46.50316],[-90.22132,46.50317],[-90.22125,46.50318],[-90.22109,46.50323],[-90.22099,46.50328],[-90.22094,46.50334],[-90.22093,46.50343],[-90.2209,46.50349],[-90.22089,46.50352],[-90.22082,46.50356],[-90.22077,46.50357],[-90.22066,46.50357],[-90.22062,46.50356],[-90.22056,46.50356],[-90.22042,46.50353],[-90.22032,46.50351],[-90.22016,46.50345],[-90.22001,46.50333],[-90.2198,46.50323],[-90.21974,46.50318],[-90.21972,46.50317],[-90.21964,46.50308],[-90.21957,46.50297],[-90.21957,46.50295],[-90.21952,46.50288],[-90.21948,46.50279],[-90.21945,46.50276],[-90.21945,46.50274],[-90.2194,46.50267],[-90.21939,46.50265],[-90.21934,46.50254],[-90.21932,46.50252],[-90.21927,46.50244],[-90.21904,46.50229],[-90.21897,46.50223],[-90.21882,46.5022],[-90.21872,46.50218],[-90.21845,46.50218],[-90.21837,46.50219],[-90.21828,46.5022],[-90.21822,46.50222],[-90.21809,46.50225],[-90.21789,46.50225],[-90.21786,46.50223],[-90.21782,46.50223],[-90.21759,46.50216],[-90.21738,46.50205],[-90.21734,46.50204],[-90.21723,46.502],[-90.21681,46.50177],[-90.21664,46.50164],[-90.21659,46.50159],[-90.21655,46.50157],[-90.21648,46.5015],[-90.21638,46.50143],[-90.21636,46.50141],[-90.21617,46.50127],[-90.21597,46.501],[-90.21589,46.50084],[-90.21587,46.50082],[-90.21585,46.50077],[-90.21574,46.50061],[-90.21571,46.50059],[-90.21557,46.50041],[-90.21548,46.50031],[-90.21532,46.50015],[-90.21523,46.50002],[-90.21525,46.49996],[-90.21513,46.49976],[-90.21513,46.49965],[-90.21516,46.49959],[-90.21517,46.49956],[-90.21517,46.49954],[-90.21529,46.49919],[-90.21511,46.49867],[-90.2151,46.49792],[-90.21475,46.49723],[-90.2146,46.49695],[-90.21424,46.49647],[-90.21352,46.49592],[-90.21333,46.49571],[-90.21312,46.49527],[-90.21278,46.49475],[-90.21255,46.49394],[-90.21227,46.49374],[-90.21152,46.49343],[-90.2113,46.49327],[-90.21119,46.49311],[-90.21118,46.4929],[-90.21126,46.49269],[-90.21202,46.49164],[-90.21211,46.49152],[-90.21224,46.49117],[-90.21222,46.49095],[-90.21208,46.49061],[-90.21131,46.48949],[-90.21077,46.48877],[-90.20951,46.48749],[-90.20949,46.48747],[-90.20929,46.48703],[-90.20861,46.48659],[-90.20799,46.48608],[-90.20763,46.48594],[-90.20708,46.48601],[-90.20689,46.48596],[-90.20629,46.48543],[-90.20579,46.48476],[-90.2057,46.48445],[-90.20578,46.48235],[-90.20573,46.4816],[-90.20573,46.48158],[-90.20563,46.48074],[-90.20546,46.48025],[-90.20488,46.47918],[-90.20483,46.47911],[-90.20431,46.47844],[-90.20421,46.47831],[-90.20356,46.47761],[-90.203,46.47701],[-90.20252,46.47665],[-90.20185,46.47613],[-90.20142,46.47584],[-90.20134,46.47581],[-90.20082,46.47564],[-90.20068,46.47541],[-90.20053,46.47532],[-90.20021,46.4752],[-90.19996,46.47515],[-90.19972,46.47515],[-90.19966,46.47515],[-90.19952,46.4751],[-90.19926,46.4748],[-90.19922,46.47476],[-90.19912,46.47466],[-90.19908,46.47462],[-90.19897,46.47452],[-90.19889,46.47448],[-90.19857,46.47442],[-90.19816,46.47439],[-90.198,46.47434],[-90.19787,46.47427],[-90.19774,46.47415],[-90.1977,46.47406],[-90.19767,46.47398],[-90.19756,46.4739],[-90.19744,46.47384],[-90.19732,46.4738],[-90.19722,46.47381],[-90.19713,46.47384],[-90.19705,46.47383],[-90.19706,46.47375],[-90.19716,46.47362],[-90.19727,46.47331],[-90.19725,46.47325],[-90.19719,46.47316],[-90.19696,46.47305],[-90.19682,46.47302],[-90.19673,46.47304],[-90.19655,46.47316],[-90.19636,46.47336],[-90.19614,46.47343],[-90.19584,46.4734],[-90.19549,46.47341],[-90.19524,46.47337],[-90.19511,46.47331],[-90.19502,46.47325],[-90.19455,46.47287],[-90.19434,46.47274],[-90.19409,46.47257],[-90.19397,46.47253],[-90.19349,46.47246],[-90.19324,46.47238],[-90.19315,46.47232],[-90.19305,46.47215],[-90.19301,46.47207],[-90.19296,46.47195],[-90.19289,46.47138],[-90.1928,46.47107],[-90.19241,46.47028],[-90.19236,46.47012],[-90.19234,46.47004],[-90.1924,46.46982],[-90.19282,46.46937],[-90.19294,46.46916],[-90.19296,46.4691],[-90.19296,46.46897],[-90.1929,46.46881],[-90.19285,46.46872],[-90.19266,46.46858],[-90.19242,46.46849],[-90.1921,46.46845],[-90.19188,46.46843],[-90.19143,46.46844],[-90.19102,46.46852],[-90.19067,46.46863],[-90.19036,46.46862],[-90.18995,46.46877],[-90.18947,46.46892],[-90.18918,46.46909],[-90.18909,46.46909],[-90.18899,46.46906],[-90.18887,46.46898],[-90.18883,46.46892],[-90.18879,46.46871],[-90.18874,46.46859],[-90.18861,46.46827],[-90.18858,46.46813],[-90.18859,46.46802],[-90.18872,46.4679],[-90.18904,46.46773],[-90.18931,46.46754],[-90.18943,46.4674],[-90.18957,46.46712],[-90.18964,46.46703],[-90.18984,46.46678],[-90.19016,46.46654],[-90.19035,46.46641],[-90.19103,46.46606],[-90.19114,46.46571],[-90.19123,46.46556],[-90.19132,46.46548],[-90.19149,46.46545],[-90.19164,46.46546],[-90.19179,46.46555],[-90.19183,46.46557],[-90.19199,46.46579],[-90.1921,46.46581],[-90.19218,46.46576],[-90.19228,46.46559],[-90.19237,46.46544],[-90.1924,46.46539],[-90.19241,46.46535],[-90.19244,46.4652],[-90.19244,46.46509],[-90.19231,46.46489],[-90.1919,46.46447],[-90.19183,46.46436],[-90.19182,46.46434],[-90.19185,46.46419],[-90.19194,46.46408],[-90.19208,46.46399],[-90.19216,46.46386],[-90.19217,46.46381],[-90.19215,46.46355],[-90.19218,46.46344],[-90.19223,46.46337],[-90.1923,46.46332],[-90.19238,46.46329],[-90.19254,46.4633],[-90.19268,46.46336],[-90.19294,46.46356],[-90.19303,46.46358],[-90.19331,46.46358],[-90.19344,46.46355],[-90.19356,46.46347],[-90.19361,46.46338],[-90.19361,46.46328],[-90.19357,46.46324],[-90.19337,46.46309],[-90.19302,46.46263],[-90.19281,46.46247],[-90.19269,46.46225],[-90.19268,46.46208],[-90.19259,46.46198],[-90.19258,46.46197],[-90.19243,46.4619],[-90.19231,46.46189],[-90.1919,46.46195],[-90.19161,46.46195],[-90.19145,46.46192],[-90.1913,46.46185],[-90.19123,46.46173],[-90.19123,46.46171],[-90.19125,46.46131],[-90.1913,46.46118],[-90.19146,46.46098],[-90.19148,46.46096],[-90.19151,46.46087],[-90.19148,46.46072],[-90.1914,46.46052],[-90.19079,46.45982],[-90.19005,46.45923],[-90.19004,46.45922],[-90.18966,46.45896],[-90.18939,46.45881],[-90.18916,46.45868],[-90.18899,46.45859],[-90.18878,46.45849],[-90.18869,46.45846],[-90.18834,46.45833],[-90.18805,46.45827],[-90.18769,46.45821],[-90.18724,46.45813],[-90.18723,46.45813],[-90.18567,46.45792],[-90.18549,46.45789],[-90.185,46.4578],[-90.18443,46.45764],[-90.18418,46.45763],[-90.1837,46.45756],[-90.18297,46.45755],[-90.1825,46.45745],[-90.18161,46.45734],[-90.18135,46.45727],[-90.18113,46.45716],[-90.18055,46.45663],[-90.18048,46.4566],[-90.18042,46.45658],[-90.18021,46.45657],[-90.18009,46.45659],[-90.17997,46.45666],[-90.17985,46.45685],[-90.17983,46.45713],[-90.17994,46.45738],[-90.18013,46.45763],[-90.18021,46.4577],[-90.18024,46.45772],[-90.18059,46.45803],[-90.18078,46.45814],[-90.18104,46.45824],[-90.18133,46.45835],[-90.18143,46.45841],[-90.18148,46.45847],[-90.18148,46.45855],[-90.18138,46.45862],[-90.18109,46.45875],[-90.18097,46.45878],[-90.18069,46.45878],[-90.18028,46.45874],[-90.17967,46.45848],[-90.17938,46.45825],[-90.17928,46.45818],[-90.17869,46.45781],[-90.17858,46.45772],[-90.17855,46.45769],[-90.17849,46.45764],[-90.17833,46.45741],[-90.17823,46.45719],[-90.17822,46.45714],[-90.17818,46.45693],[-90.1782,46.45682],[-90.17832,46.45653],[-90.17826,46.4564],[-90.17808,46.45613],[-90.17804,46.45591],[-90.17805,46.45585],[-90.17824,46.45532],[-90.17829,46.45522],[-90.17858,46.4546],[-90.17871,46.45431],[-90.17878,46.45416],[-90.17884,46.45396],[-90.17913,46.45345],[-90.17929,46.45319],[-90.17929,46.45318],[-90.17934,46.45298],[-90.17935,46.45295],[-90.17936,46.45277],[-90.17935,46.45266],[-90.17927,46.4524],[-90.17926,46.45238],[-90.17916,46.45223],[-90.17915,46.45221],[-90.17909,46.45212],[-90.17891,46.45185],[-90.17885,46.45175],[-90.17884,46.45174],[-90.17883,46.45173],[-90.17879,46.45163],[-90.17878,46.45159],[-90.17878,46.45156],[-90.17879,46.45148],[-90.17883,46.45137],[-90.17887,46.45123],[-90.17914,46.45087],[-90.17919,46.45078],[-90.17918,46.45069],[-90.17917,46.4506],[-90.17909,46.45049],[-90.17892,46.45027],[-90.17881,46.45016],[-90.17862,46.45004],[-90.17858,46.45001],[-90.17844,46.4499],[-90.17831,46.44981],[-90.17806,46.44961],[-90.17763,46.44933],[-90.17738,46.4492],[-90.1772,46.44906],[-90.17691,46.44864],[-90.17688,46.44858],[-90.17675,46.44829],[-90.1767,46.44798],[-90.17671,46.44776],[-90.17675,46.44767],[-90.17707,46.44724],[-90.17714,46.44706],[-90.17751,46.44644],[-90.17759,46.44623],[-90.17762,46.4457],[-90.17765,46.44535],[-90.17784,46.44497],[-90.17809,46.44455],[-90.17801,46.44422],[-90.1781,46.44396],[-90.1781,46.44387],[-90.1778,46.44339],[-90.17777,46.4433],[-90.17777,46.44319],[-90.17789,46.44291],[-90.17792,46.44284],[-90.17803,46.44269],[-90.17821,46.44252],[-90.17828,46.44238],[-90.17828,46.4422],[-90.17823,46.44198],[-90.17815,46.44185],[-90.17788,46.44154],[-90.17786,46.44137],[-90.17791,46.44118],[-90.17789,46.44111],[-90.17788,46.44108],[-90.17786,46.44106],[-90.1778,46.44097],[-90.17779,46.44093],[-90.17778,46.44088],[-90.17778,46.44086],[-90.17777,46.44081],[-90.17777,46.4408],[-90.17778,46.44075],[-90.17785,46.44069],[-90.17792,46.44065],[-90.17815,46.44061],[-90.17825,46.44055],[-90.17835,46.44046],[-90.17793,46.44023],[-90.1779,46.44016],[-90.17782,46.44012],[-90.17771,46.44009],[-90.17747,46.44011],[-90.17736,46.4401],[-90.17712,46.44005],[-90.17693,46.43999],[-90.17658,46.43991],[-90.17612,46.43984],[-90.17611,46.43979],[-90.17606,46.43979],[-90.17592,46.43977],[-90.17558,46.43973],[-90.1752,46.43961],[-90.17505,46.43958],[-90.17489,46.43956],[-90.17454,46.43956],[-90.17412,46.43959],[-90.17394,46.43962],[-90.17325,46.43983],[-90.17267,46.43993],[-90.17241,46.43994],[-90.17213,46.43991],[-90.17175,46.43983],[-90.17156,46.43977],[-90.17117,46.43957],[-90.17083,46.43946],[-90.1707,46.43944],[-90.1704,46.43944],[-90.1701,46.43951],[-90.16969,46.43966],[-90.16949,46.43975],[-90.16926,46.43995],[-90.16897,46.44036],[-90.16885,46.44063],[-90.16867,46.44111],[-90.16843,46.44159],[-90.16809,46.44206],[-90.16801,46.44211],[-90.16792,46.44213],[-90.16777,46.44212],[-90.16766,46.44204],[-90.16742,46.44171],[-90.16729,46.44146],[-90.16726,46.44138],[-90.1672,46.4412],[-90.16715,46.44112],[-90.16702,46.44087],[-90.16689,46.44045],[-90.16688,46.44033],[-90.16684,46.44005],[-90.16683,46.43999],[-90.16681,46.43996],[-90.16675,46.43986],[-90.16672,46.43975],[-90.16672,46.43972],[-90.16671,46.43963],[-90.16671,46.43962],[-90.16671,46.43957],[-90.16671,46.43955],[-90.16671,46.43951],[-90.16672,46.43945],[-90.16674,46.43935],[-90.16674,46.43934],[-90.16682,46.43922],[-90.16704,46.43907],[-90.1671,46.439],[-90.16717,46.43872],[-90.16716,46.43854],[-90.16713,46.43845],[-90.16696,46.43826],[-90.16685,46.43815],[-90.16644,46.43784],[-90.16608,46.43747],[-90.1657,46.43705],[-90.16536,46.43672],[-90.16457,46.43588],[-90.16429,46.43564],[-90.16406,46.4355],[-90.16403,46.43547],[-90.16405,46.43544],[-90.16414,46.43536],[-90.16414,46.43529],[-90.16411,46.43525],[-90.16401,46.4352],[-90.16383,46.43518],[-90.16367,46.43512],[-90.16344,46.43493],[-90.16332,46.43476],[-90.16329,46.43459],[-90.16329,46.43443],[-90.1633,46.43411],[-90.16328,46.43329],[-90.16334,46.43303],[-90.16355,46.43261],[-90.16355,46.4326],[-90.16355,46.43246],[-90.16342,46.43184],[-90.16333,46.4316],[-90.16306,46.43125],[-90.16281,46.43103],[-90.16266,46.43088],[-90.1625,46.43063],[-90.16241,46.43037],[-90.16236,46.43017],[-90.16234,46.42984],[-90.1623,46.42967],[-90.16229,46.4291],[-90.16244,46.42786],[-90.16244,46.42765],[-90.16242,46.42758],[-90.16235,46.42749],[-90.16223,46.42742],[-90.16197,46.42727],[-90.16087,46.42677],[-90.1605,46.42668],[-90.16045,46.42667],[-90.16029,46.42661],[-90.16025,46.42657],[-90.16022,46.42654],[-90.1602,46.42647],[-90.16027,46.42577],[-90.16025,46.42575],[-90.16017,46.42566],[-90.16002,46.4256],[-90.15981,46.42551],[-90.15971,46.42547],[-90.15966,46.42539],[-90.15963,46.42529],[-90.15967,46.42515],[-90.15975,46.42504],[-90.15984,46.42496],[-90.16001,46.42479],[-90.16012,46.42469],[-90.16035,46.42438],[-90.16037,46.42434],[-90.16054,46.4239],[-90.16061,46.42353],[-90.16059,46.423],[-90.16056,46.42289],[-90.16052,46.42285],[-90.16035,46.42276],[-90.16027,46.42272],[-90.16001,46.42269],[-90.15978,46.42267],[-90.15929,46.42271],[-90.15891,46.4227],[-90.15869,46.42266],[-90.1584,46.42253],[-90.1582,46.42237],[-90.15812,46.42226],[-90.1581,46.42209],[-90.15813,46.42198],[-90.15813,46.42171],[-90.15804,46.42154],[-90.15799,46.42149],[-90.15783,46.4214],[-90.15739,46.42121],[-90.15732,46.42118],[-90.1573,46.42112],[-90.15737,46.42104],[-90.15783,46.42089],[-90.15796,46.42083],[-90.15816,46.42068],[-90.15844,46.4204],[-90.15865,46.42006],[-90.15884,46.41948],[-90.15887,46.41924],[-90.15892,46.41909],[-90.1589,46.41845],[-90.15886,46.41803],[-90.15873,46.41781],[-90.15843,46.41753],[-90.15838,46.41744],[-90.15835,46.41724],[-90.15827,46.41702],[-90.15784,46.41619],[-90.15778,46.41601],[-90.15772,46.41571],[-90.15772,46.4156],[-90.15776,46.41546],[-90.15794,46.41521],[-90.15796,46.41518],[-90.15816,46.41501],[-90.15864,46.41469],[-90.1587,46.41463],[-90.15877,46.41449],[-90.15896,46.41435],[-90.15905,46.41426],[-90.15906,46.41411],[-90.15906,46.41409],[-90.15909,46.41403],[-90.15907,46.41389],[-90.15878,46.41361],[-90.15867,46.41343],[-90.15862,46.41329],[-90.15862,46.41328],[-90.15861,46.41325],[-90.15863,46.41286],[-90.15867,46.41268],[-90.15871,46.41245],[-90.15871,46.41227],[-90.15869,46.4122],[-90.1585,46.41194],[-90.15848,46.41178],[-90.15855,46.41163],[-90.15866,46.41148],[-90.15874,46.41128],[-90.15877,46.41097],[-90.15872,46.41088],[-90.15864,46.41082],[-90.15813,46.41051],[-90.15792,46.41034],[-90.1578,46.4102],[-90.15774,46.41005],[-90.15775,46.40994],[-90.15785,46.40985],[-90.15792,46.40982],[-90.15821,46.4098],[-90.1583,46.40975],[-90.15835,46.4097],[-90.15839,46.40956],[-90.15837,46.40945],[-90.15827,46.40937],[-90.1582,46.40933],[-90.15788,46.40929],[-90.15769,46.40925],[-90.15759,46.4092],[-90.15741,46.40909],[-90.15725,46.40893],[-90.15721,46.40886],[-90.1572,46.40866],[-90.15735,46.40836],[-90.15737,46.40816],[-90.15734,46.40807],[-90.15724,46.40796],[-90.15717,46.40795],[-90.1571,46.40797],[-90.15685,46.40814],[-90.15669,46.40819],[-90.15643,46.40816],[-90.15608,46.40803],[-90.15602,46.40796],[-90.15604,46.40789],[-90.15616,46.40774],[-90.15619,46.40765],[-90.15616,46.40754],[-90.1561,46.40746],[-90.15603,46.40739],[-90.15586,46.40729],[-90.15551,46.40725],[-90.15539,46.40721],[-90.15523,46.40705],[-90.15516,46.40694],[-90.15502,46.40674],[-90.15493,46.40666],[-90.15482,46.40665],[-90.15474,46.40671],[-90.15475,46.40685],[-90.15488,46.4071],[-90.15488,46.40714],[-90.15478,46.4072],[-90.15459,46.4072],[-90.15421,46.40712],[-90.15383,46.40711],[-90.1537,46.40708],[-90.15364,46.407],[-90.15366,46.40692],[-90.15378,46.40679],[-90.15401,46.40667],[-90.15411,46.40659],[-90.15417,46.40648],[-90.15418,46.40636],[-90.1541,46.40627],[-90.15403,46.40624],[-90.15393,46.40623],[-90.15364,46.40627],[-90.15345,46.40625],[-90.15333,46.40617],[-90.15326,46.40605],[-90.15324,46.40596],[-90.15327,46.40587],[-90.15331,46.40584],[-90.15337,46.40584],[-90.15353,46.40591],[-90.15369,46.40596],[-90.15378,46.40595],[-90.15389,46.4059],[-90.15408,46.40574],[-90.15415,46.40565],[-90.15424,46.4056],[-90.15434,46.40557],[-90.15462,46.40558],[-90.15481,46.40557],[-90.15491,46.40553],[-90.15497,46.40546],[-90.15495,46.40538],[-90.15488,46.40534],[-90.15475,46.40531],[-90.15434,46.4053],[-90.15423,46.40525],[-90.15424,46.40518],[-90.15442,46.40506],[-90.15453,46.40489],[-90.15455,46.40445],[-90.15454,46.40438],[-90.1545,46.40434],[-90.15444,46.40431],[-90.15437,46.40433],[-90.15403,46.40452],[-90.15396,46.40453],[-90.15392,46.4045],[-90.15391,46.40445],[-90.15402,46.40423],[-90.15404,46.40412],[-90.154,46.40405],[-90.15396,46.40402],[-90.15385,46.40401],[-90.15372,46.40405],[-90.1535,46.40416],[-90.15343,46.40417],[-90.15334,46.40416],[-90.15321,46.40411],[-90.15303,46.40398],[-90.15283,46.40378],[-90.15282,46.40358],[-90.15384,46.40348],[-90.15406,46.40338],[-90.1541,46.4033],[-90.15408,46.40322],[-90.15403,46.40317],[-90.15396,46.40314],[-90.15386,46.40313],[-90.15355,46.40321],[-90.15342,46.40321],[-90.15329,46.40316],[-90.15325,46.40311],[-90.15324,46.40302],[-90.1533,46.40282],[-90.15332,46.40262],[-90.15329,46.40225],[-90.15325,46.40218],[-90.15327,46.40214],[-90.15323,46.40196],[-90.15329,46.40152],[-90.15324,46.40131],[-90.15317,46.40122],[-90.15307,46.40116],[-90.15272,46.40108],[-90.1524,46.40097],[-90.15202,46.40095],[-90.15126,46.40083],[-90.15119,46.40077],[-90.15118,46.40072],[-90.1514,46.40039],[-90.1514,46.40035],[-90.15134,46.40028],[-90.15114,46.40017],[-90.15105,46.40017],[-90.15088,46.40022],[-90.15068,46.40036],[-90.15062,46.40039],[-90.15056,46.40039],[-90.15049,46.40035],[-90.15049,46.39986],[-90.15046,46.39979],[-90.15034,46.39974],[-90.15023,46.39974],[-90.14998,46.39979],[-90.14982,46.39978],[-90.14967,46.39963],[-90.14937,46.39921],[-90.14925,46.39913],[-90.14912,46.39908],[-90.14883,46.39908],[-90.14856,46.39919],[-90.14813,46.39941],[-90.14799,46.39946],[-90.14778,46.39948],[-90.14769,46.39946],[-90.14709,46.39924],[-90.1469,46.39919],[-90.14677,46.39913],[-90.14667,46.39901],[-90.14698,46.39853],[-90.14693,46.39813],[-90.14686,46.39796],[-90.1469,46.39774],[-90.1469,46.39749],[-90.14684,46.3971],[-90.14685,46.39681],[-90.14694,46.39664],[-90.147,46.39646],[-90.14704,46.39642],[-90.14712,46.39641],[-90.14719,46.39643],[-90.14738,46.39657],[-90.14746,46.39657],[-90.14755,46.39653],[-90.14776,46.39625],[-90.14778,46.39606],[-90.14773,46.39592],[-90.14746,46.39559],[-90.1473,46.39544],[-90.14704,46.39531],[-90.14662,46.39499],[-90.14599,46.39461],[-90.14545,46.39419],[-90.14527,46.39401],[-90.14512,46.39386],[-90.14494,46.39353],[-90.14474,46.39324],[-90.14439,46.39254],[-90.14434,46.39241],[-90.14434,46.39228],[-90.14437,46.39219],[-90.14447,46.39209],[-90.14483,46.39198],[-90.145,46.39188],[-90.14505,46.39181],[-90.14505,46.39165],[-90.14499,46.39137],[-90.14481,46.39119],[-90.1447,46.39101],[-90.14464,46.39079],[-90.14448,46.39049],[-90.14441,46.39018],[-90.14435,46.39005],[-90.14411,46.38992],[-90.14386,46.38974],[-90.14365,46.38966],[-90.14331,46.38961],[-90.14286,46.38952],[-90.14231,46.38948],[-90.14185,46.38929],[-90.14172,46.38924],[-90.14137,46.38905],[-90.14117,46.38887],[-90.14079,46.38842],[-90.14074,46.38831],[-90.14074,46.38818],[-90.14084,46.38808],[-90.14105,46.38795],[-90.14137,46.38769],[-90.14144,46.38761],[-90.14147,46.38754],[-90.14147,46.38737],[-90.14147,46.38735],[-90.14144,46.38728],[-90.14131,46.38718],[-90.14123,46.38714],[-90.14093,46.38709],[-90.14078,46.38701],[-90.14074,46.38693],[-90.14073,46.38689],[-90.14069,46.38651],[-90.14063,46.38642],[-90.1405,46.38635],[-90.14009,46.38626],[-90.13983,46.38618],[-90.13969,46.38608],[-90.13966,46.38596],[-90.13975,46.38572],[-90.13978,46.38544],[-90.13975,46.38535],[-90.13968,46.38526],[-90.13937,46.38505],[-90.13925,46.38501],[-90.13902,46.38499],[-90.13877,46.38491],[-90.13861,46.38481],[-90.1384,46.38463],[-90.13828,46.38452],[-90.13803,46.38438],[-90.13758,46.38423],[-90.1375,46.3842],[-90.13728,46.38409],[-90.13709,46.38396],[-90.13689,46.38379],[-90.13663,46.38347],[-90.13647,46.38334],[-90.13637,46.38321],[-90.13627,46.38315],[-90.13607,46.38307],[-90.13595,46.38305],[-90.13566,46.38305],[-90.13547,46.38302],[-90.13535,46.38298],[-90.13525,46.38294],[-90.13519,46.3829],[-90.13512,46.38283],[-90.13512,46.3827],[-90.13516,46.38266],[-90.13546,46.38247],[-90.13551,46.38238],[-90.13549,46.38233],[-90.13545,46.38229],[-90.13543,46.38227],[-90.13541,46.38226],[-90.13535,46.38223],[-90.1353,46.38223],[-90.13527,46.38224],[-90.13522,46.38226],[-90.13502,46.38232],[-90.13485,46.38235],[-90.13476,46.38235],[-90.13419,46.38231],[-90.13375,46.38219],[-90.13349,46.38209],[-90.13348,46.38205],[-90.13351,46.382],[-90.13353,46.38199],[-90.13367,46.38192],[-90.1337,46.38187],[-90.13364,46.38181],[-90.13347,46.38176],[-90.13341,46.38174],[-90.13323,46.38171],[-90.13316,46.3817],[-90.13281,46.38166],[-90.13255,46.38149],[-90.13235,46.38136],[-90.13218,46.38112],[-90.13213,46.38097],[-90.13216,46.38086],[-90.13227,46.38068],[-90.13248,46.38057],[-90.13251,46.3805],[-90.13248,46.38023],[-90.13254,46.38014],[-90.13263,46.38009],[-90.1327,46.38009],[-90.13304,46.38024],[-90.13317,46.38027],[-90.1332,46.38027],[-90.13338,46.38028],[-90.13347,46.38025],[-90.13355,46.38017],[-90.1335,46.37998],[-90.13352,46.37987],[-90.13364,46.37975],[-90.13385,46.37966],[-90.13398,46.37964],[-90.13408,46.3796],[-90.13425,46.37913],[-90.13422,46.37904],[-90.13412,46.37899],[-90.13371,46.37894],[-90.13333,46.37881],[-90.13317,46.37872],[-90.13292,46.37845],[-90.13282,46.37825],[-90.13281,46.37812],[-90.13287,46.37801],[-90.13293,46.37797],[-90.13302,46.37791],[-90.13316,46.37787],[-90.13341,46.37787],[-90.13392,46.37798],[-90.13406,46.37799],[-90.13412,46.37793],[-90.13411,46.37788],[-90.1338,46.37771],[-90.13375,46.37766],[-90.13374,46.37759],[-90.1338,46.37753],[-90.13388,46.37751],[-90.134,46.37752],[-90.13428,46.37751],[-90.13438,46.37749],[-90.13445,46.37744],[-90.13444,46.37743],[-90.13444,46.37739],[-90.1344,46.37736],[-90.13403,46.37733],[-90.13395,46.37728],[-90.13393,46.3772],[-90.134,46.37703],[-90.13417,46.3768],[-90.13422,46.3767],[-90.1343,46.37594],[-90.13436,46.37575],[-90.13441,46.37553],[-90.13444,46.37542],[-90.13451,46.37497],[-90.13453,46.37493],[-90.13453,46.37484],[-90.13454,46.37479],[-90.13455,46.37461],[-90.13455,46.37454],[-90.13455,46.37438],[-90.13455,46.37433],[-90.13456,46.37424],[-90.13455,46.37418],[-90.13455,46.37389],[-90.13457,46.37388],[-90.1346,46.3737],[-90.13461,46.37365],[-90.1346,46.37354],[-90.13461,46.37347],[-90.13452,46.37343],[-90.1345,46.37341],[-90.1344,46.37335],[-90.13424,46.37331],[-90.13421,46.37331],[-90.13415,46.37329],[-90.13412,46.37329],[-90.13399,46.37323],[-90.13392,46.37313],[-90.13391,46.37304],[-90.13386,46.37293],[-90.13377,46.37287],[-90.13358,46.3728],[-90.13353,46.37276],[-90.13352,46.37273],[-90.13354,46.37269],[-90.13356,46.37267],[-90.13387,46.37249],[-90.13396,46.37243],[-90.13404,46.37228],[-90.13405,46.37221],[-90.13406,46.37201],[-90.13404,46.37192],[-90.13402,46.37183],[-90.13399,46.37179],[-90.13393,46.37175],[-90.13389,46.37175],[-90.13382,46.37178],[-90.13376,46.3719],[-90.13364,46.37203],[-90.13353,46.37212],[-90.13347,46.37214],[-90.13337,46.37214],[-90.13333,46.37213],[-90.1333,46.37212],[-90.13326,46.37207],[-90.13325,46.37198],[-90.13327,46.37193],[-90.13338,46.37176],[-90.13344,46.37163],[-90.13344,46.37157],[-90.13341,46.37152],[-90.13335,46.37149],[-90.13329,46.3715],[-90.13321,46.37153],[-90.13319,46.37154],[-90.13316,46.37162],[-90.13316,46.37171],[-90.13313,46.37175],[-90.13307,46.37179],[-90.133,46.37179],[-90.13288,46.37175],[-90.13263,46.37161],[-90.13253,46.37154],[-90.13247,46.37152],[-90.13241,46.37148],[-90.13215,46.3714],[-90.13199,46.37138],[-90.1319,46.37135],[-90.13187,46.37135],[-90.13178,46.37129],[-90.13175,46.37122],[-90.13175,46.3712],[-90.13177,46.37118],[-90.13177,46.37102],[-90.13175,46.371],[-90.13175,46.37093],[-90.13172,46.3708],[-90.13164,46.37071],[-90.13155,46.37069],[-90.13141,46.37068],[-90.13135,46.37069],[-90.13129,46.37073],[-90.13125,46.37077],[-90.1312,46.37086],[-90.13118,46.37089],[-90.13117,46.37093],[-90.13116,46.371],[-90.13111,46.37113],[-90.13103,46.37122],[-90.13095,46.37127],[-90.13081,46.37127],[-90.13062,46.37124],[-90.13059,46.37122],[-90.13052,46.3712],[-90.13046,46.37115],[-90.13033,46.37102],[-90.13028,46.37095],[-90.13028,46.37093],[-90.13022,46.37084],[-90.13022,46.37078],[-90.13027,46.37072],[-90.13034,46.37069],[-90.13049,46.37068],[-90.13064,46.3706],[-90.13053,46.37045],[-90.13045,46.37036],[-90.1301,46.37016],[-90.13007,46.37015],[-90.12998,46.37011],[-90.12988,46.37006],[-90.12977,46.36996],[-90.12973,46.36989],[-90.12973,46.36987],[-90.12978,46.36978],[-90.12984,46.36973],[-90.12991,46.36967],[-90.13026,46.36953],[-90.13044,46.36941],[-90.1305,46.36939],[-90.13063,46.36938],[-90.13079,46.36941],[-90.1311,46.36942],[-90.13117,46.36941],[-90.13129,46.36936],[-90.13138,46.3693],[-90.13143,46.36922],[-90.13143,46.36916],[-90.13142,46.36912],[-90.13135,46.36905],[-90.13132,46.36903],[-90.13122,46.36901],[-90.13103,46.36901],[-90.13093,46.36903],[-90.13087,46.36903],[-90.13074,46.36901],[-90.13071,46.36899],[-90.13067,46.36894],[-90.13062,46.36883],[-90.13051,46.3687],[-90.13041,46.36863],[-90.13031,46.36858],[-90.13026,46.36857],[-90.13013,46.36853],[-90.1301,46.36853],[-90.13,46.36849],[-90.12991,46.36848],[-90.12978,46.36844],[-90.12975,46.36844],[-90.12962,46.36839],[-90.12959,46.36839],[-90.12887,46.36813],[-90.12883,46.36813],[-90.12871,46.36808],[-90.12868,46.36808],[-90.12858,46.36804],[-90.1283,46.36796],[-90.12823,46.36795],[-90.12798,46.36785],[-90.12722,46.36746],[-90.12703,46.36733],[-90.12684,46.36723],[-90.12666,46.3671],[-90.1265,46.36695],[-90.12647,46.3669],[-90.12637,46.36682],[-90.12631,46.36677],[-90.12607,46.36655],[-90.12593,46.36637],[-90.12572,46.36602],[-90.12571,46.36598],[-90.12571,46.36589],[-90.12572,46.36585],[-90.12571,46.36573],[-90.12555,46.36538],[-90.1255,46.36529],[-90.12542,46.36523],[-90.12535,46.36519],[-90.12531,46.36517],[-90.12517,46.36517],[-90.12472,46.36512],[-90.12449,46.36503],[-90.1244,46.36494],[-90.1243,46.36469],[-90.12418,46.36456],[-90.12402,46.3645],[-90.12377,46.36451],[-90.12364,46.36449],[-90.12364,46.36422],[-90.12354,46.36405],[-90.12336,46.36391],[-90.12292,46.36371],[-90.12281,46.36365],[-90.12276,46.36359],[-90.12275,46.36355],[-90.1228,46.36348],[-90.12285,46.36344],[-90.12302,46.3634],[-90.12319,46.36333],[-90.12328,46.36326],[-90.12332,46.36317],[-90.12328,46.36308],[-90.12314,46.36295],[-90.12294,46.36284],[-90.12258,46.36271],[-90.1225,46.36265],[-90.12246,46.36255],[-90.12253,46.36249],[-90.12263,46.36245],[-90.12272,46.36248],[-90.12291,46.36259],[-90.12304,46.36261],[-90.12318,46.36257],[-90.12348,46.36243],[-90.12381,46.36242],[-90.12391,46.36234],[-90.12398,46.36223],[-90.12414,46.36179],[-90.12413,46.36168],[-90.12411,46.36166],[-90.12399,46.36161],[-90.12394,46.36162],[-90.12382,46.36171],[-90.12379,46.36191],[-90.12376,46.36198],[-90.12364,46.36208],[-90.12361,46.36209],[-90.12353,46.36208],[-90.12346,46.36199],[-90.12339,46.36194],[-90.12332,46.36193],[-90.12314,46.36204],[-90.12307,46.36209],[-90.12297,46.36211],[-90.1229,46.36211],[-90.12283,46.36198],[-90.1228,46.36179],[-90.12264,46.36166],[-90.12258,46.36157],[-90.12256,46.3615],[-90.12258,46.36146],[-90.12263,46.36141],[-90.12269,46.36137],[-90.12282,46.36135],[-90.12301,46.36137],[-90.12332,46.36149],[-90.12343,46.36149],[-90.1235,46.36144],[-90.12352,46.36132],[-90.12349,46.36127],[-90.1233,46.36115],[-90.12323,46.36108],[-90.12327,46.36101],[-90.12338,46.36092],[-90.12341,46.36086],[-90.12341,46.3608],[-90.12337,46.36073],[-90.12327,46.36069],[-90.1231,46.36074],[-90.12292,46.3608],[-90.12248,46.3606],[-90.12227,46.36056],[-90.12208,46.36054],[-90.12196,46.36057],[-90.12167,46.36066],[-90.12152,46.36066],[-90.12131,46.36062],[-90.12099,46.36077],[-90.1208,46.36074],[-90.12073,46.36071],[-90.12066,46.36062],[-90.12064,46.36046],[-90.12067,46.36037],[-90.12086,46.36013],[-90.12094,46.36],[-90.12094,46.35993],[-90.12083,46.35984],[-90.12067,46.3598],[-90.12055,46.3598],[-90.12032,46.35983],[-90.12014,46.35985],[-90.12004,46.35986],[-90.11966,46.35988],[-90.11959,46.35987],[-90.11953,46.35987],[-90.11941,46.35984],[-90.1192,46.35979],[-90.11896,46.35965],[-90.11882,46.35953],[-90.1187,46.35935],[-90.11862,46.3591],[-90.11857,46.35862],[-90.1185,46.35846],[-90.11827,46.35815],[-90.11827,46.35813],[-90.11819,46.3578],[-90.11809,46.3575],[-90.11775,46.357],[-90.11737,46.3565],[-90.11726,46.35628],[-90.11721,46.35614],[-90.11721,46.35599],[-90.11727,46.35568],[-90.11727,46.3555],[-90.11723,46.3554],[-90.11714,46.3553],[-90.11684,46.35508],[-90.11675,46.35494],[-90.11677,46.35486],[-90.11685,46.35477],[-90.11722,46.35456],[-90.11737,46.35443],[-90.11743,46.35434],[-90.11754,46.35383],[-90.1175,46.35376],[-90.11739,46.35372],[-90.11732,46.35371],[-90.11688,46.35383],[-90.11671,46.35382],[-90.1166,46.35376],[-90.11649,46.35364],[-90.11644,46.35352],[-90.11644,46.35343],[-90.11646,46.35336],[-90.11648,46.35334],[-90.11653,46.35325],[-90.11686,46.35288],[-90.11694,46.35266],[-90.11692,46.35248],[-90.11678,46.35228],[-90.11684,46.35206],[-90.1168,46.35198],[-90.1167,46.35189],[-90.11662,46.35176],[-90.11662,46.35172],[-90.11663,46.35165],[-90.11679,46.35147],[-90.11689,46.35136],[-90.11693,46.35123],[-90.11691,46.35106],[-90.1169,46.35097],[-90.11684,46.35074],[-90.11685,46.35065],[-90.11692,46.35056],[-90.11702,46.35051],[-90.1173,46.35052],[-90.11741,46.35051],[-90.11753,46.35045],[-90.11758,46.35039],[-90.11757,46.35025],[-90.11756,46.35016],[-90.11739,46.34984],[-90.11734,46.34971],[-90.11736,46.3496],[-90.1174,46.34956],[-90.11748,46.34953],[-90.11754,46.34953],[-90.11771,46.34958],[-90.11795,46.34972],[-90.11814,46.34987],[-90.11821,46.35],[-90.11823,46.35015],[-90.11827,46.3502],[-90.11831,46.35022],[-90.11841,46.35021],[-90.1185,46.35017],[-90.11862,46.35008],[-90.11874,46.34995],[-90.11877,46.34988],[-90.11875,46.34974],[-90.11853,46.3494],[-90.11854,46.34932],[-90.11868,46.34922],[-90.11884,46.34921],[-90.11896,46.34923],[-90.11947,46.34942],[-90.11969,46.34948],[-90.11985,46.3495],[-90.1202,46.34963],[-90.12028,46.34963],[-90.1204,46.34959],[-90.12055,46.34948],[-90.12067,46.34937],[-90.12093,46.34913],[-90.12127,46.34878],[-90.12183,46.34784],[-90.12185,46.34777],[-90.12184,46.34755],[-90.12188,46.34722],[-90.12186,46.34713],[-90.12171,46.34688],[-90.12181,46.34679],[-90.1219,46.34674],[-90.12216,46.34668],[-90.12263,46.34665],[-90.12304,46.34667],[-90.12332,46.34663],[-90.12343,46.34659],[-90.12355,46.34651],[-90.12363,46.34637],[-90.12365,46.34626],[-90.12358,46.34602],[-90.12345,46.34585],[-90.12316,46.34557],[-90.12218,46.34485],[-90.12206,46.34473],[-90.12189,46.34447],[-90.12178,46.3444],[-90.1216,46.34438],[-90.12153,46.3444],[-90.1204,46.34482],[-90.12018,46.34485],[-90.1201,46.34482],[-90.12003,46.34476],[-90.11996,46.34466],[-90.11988,46.34448],[-90.11967,46.3437],[-90.1196,46.34355],[-90.11919,46.34291],[-90.11884,46.34217],[-90.11871,46.34201],[-90.11862,46.34194],[-90.11828,46.34179],[-90.11813,46.34171],[-90.11801,46.34157],[-90.11798,46.3415],[-90.11799,46.34137],[-90.11802,46.34129],[-90.11807,46.34124],[-90.11819,46.34119],[-90.11842,46.34114],[-90.11847,46.3411],[-90.11855,46.34101],[-90.11864,46.34083],[-90.11864,46.34066],[-90.11861,46.3405],[-90.11862,46.34021],[-90.11862,46.34011],[-90.11846,46.33948],[-90.11854,46.33932],[-90.11872,46.33921],[-90.11882,46.33918],[-90.11936,46.3391],[-90.11993,46.33896],[-90.12024,46.33895],[-90.12062,46.33896],[-90.12086,46.33893],[-90.12098,46.33888],[-90.12114,46.33875],[-90.12126,46.33859],[-90.12142,46.33824],[-90.12156,46.33787],[-90.12158,46.33771],[-90.12156,46.33764],[-90.12143,46.33742],[-90.12126,46.33734],[-90.121,46.33721],[-90.12075,46.33711],[-90.12057,46.33704],[-90.11827,46.33656],[-90.11704,46.3363],[-90.11136,46.3351],[-90.10905,46.33462],[-90.10308,46.33345],[-90.09997,46.33285],[-90.08516,46.32996],[-90.07919,46.32879],[-90.07452,46.32788],[-90.07077,46.32715],[-90.06393,46.32583],[-90.06051,46.32518],[-90.05594,46.3243],[-90.05584,46.32428],[-90.05505,46.32413],[-90.05269,46.32368],[-90.05191,46.32353],[-90.03962,46.32117],[-90.02929,46.31918],[-90.02027,46.31745],[-90.00278,46.31405],[-90.00252,46.314],[-90.00017,46.31355],[-89.9905,46.31164],[-89.99049,46.31163],[-89.99044,46.31162],[-89.99043,46.31162],[-89.98986,46.31151],[-89.98815,46.31118],[-89.98758,46.31107],[-89.98744,46.31104],[-89.987,46.31096],[-89.98685,46.31093],[-89.98406,46.31039],[-89.97569,46.30876],[-89.9729,46.30822],[-89.9719,46.30803],[-89.96891,46.30745],[-89.96792,46.30726],[-89.96713,46.30711],[-89.96478,46.30665],[-89.964,46.3065],[-89.95727,46.30519],[-89.93706,46.30128],[-89.93033,46.29998],[-89.93009,46.29993],[-89.92939,46.29979],[-89.92916,46.29975],[-89.92861,46.29964],[-89.9272,46.29938],[-89.92701,46.29934],[-89.92696,46.29933],[-89.92686,46.2993],[-89.92642,46.29922],[-89.92623,46.29918],[-89.92566,46.29907],[-89.92547,46.29904],[-89.92526,46.29899],[-89.92489,46.29892],[-89.92464,46.29887],[-89.92443,46.29883],[-89.92339,46.29863],[-89.92027,46.29803],[-89.91923,46.29783],[-89.91917,46.29781],[-89.91896,46.29777],[-89.91889,46.29776],[-89.91833,46.29767],[-89.91664,46.29741],[-89.91608,46.29732],[-89.91544,46.29722],[-89.91351,46.29693],[-89.91286,46.29684],[-89.91232,46.2967],[-89.91068,46.29632],[-89.91013,46.29619],[-89.90985,46.29613],[-89.90978,46.29633],[-89.90954,46.29633],[-89.90828,46.29606],[-89.90562,46.29566],[-89.90434,46.29508],[-89.90431,46.29506],[-89.90408,46.29496],[-89.89812,46.29378],[-89.89805,46.29377],[-89.89803,46.29377],[-89.89797,46.29376],[-89.89795,46.29375],[-89.89785,46.29373],[-89.89657,46.29358],[-89.89651,46.29358],[-89.89642,46.29358],[-89.89581,46.2935],[-89.89519,46.29342],[-89.89334,46.29301],[-89.89287,46.2929],[-89.8911,46.2925],[-89.89101,46.29248],[-89.89045,46.29234],[-89.88997,46.29221],[-89.88974,46.29216],[-89.88952,46.29212],[-89.88904,46.29203],[-89.8888,46.29198],[-89.88673,46.29166],[-89.88051,46.2907],[-89.87914,46.29049],[-89.87847,46.29026],[-89.87829,46.29026],[-89.87774,46.29026],[-89.87675,46.29011],[-89.87516,46.28986],[-89.87223,46.28904],[-89.87073,46.28863],[-89.87054,46.28858],[-89.868,46.28809],[-89.86378,46.28729],[-89.85977,46.28653],[-89.85703,46.28601],[-89.85689,46.28598],[-89.8568,46.28596],[-89.85674,46.28597],[-89.85485,46.28559],[-89.85367,46.28537],[-89.85359,46.28535],[-89.85358,46.28535],[-89.85353,46.28534],[-89.85351,46.28534],[-89.8412,46.283],[-89.83499,46.28182],[-89.82944,46.28077],[-89.80573,46.27625],[-89.80525,46.27616],[-89.80516,46.27614],[-89.79976,46.27512],[-89.795,46.27422],[-89.79496,46.27421],[-89.79492,46.2742],[-89.79483,46.27419],[-89.7943,46.27408],[-89.79368,46.27396],[-89.7936,46.27395],[-89.79261,46.27375],[-89.79194,46.27362],[-89.79177,46.27359],[-89.79153,46.27354],[-89.7915,46.27353],[-89.79121,46.2735],[-89.79118,46.27349],[-89.79088,46.27343],[-89.79065,46.27339],[-89.79042,46.27335],[-89.79029,46.27332],[-89.78992,46.27322],[-89.7898,46.27319],[-89.78951,46.27313],[-89.78897,46.27301],[-89.78842,46.2729],[-89.78828,46.27287],[-89.78787,46.27278],[-89.7878,46.27277],[-89.78767,46.27274],[-89.78759,46.27273],[-89.78752,46.27271],[-89.78561,46.27234],[-89.7799,46.2712],[-89.778,46.27082],[-89.77538,46.27029],[-89.76751,46.26869],[-89.76488,46.26816],[-89.76481,46.26814],[-89.76458,46.2681],[-89.7645,46.26808],[-89.76417,46.26802],[-89.7641,46.26802],[-89.76403,46.268],[-89.76396,46.26798],[-89.74992,46.26542],[-89.74386,46.26418],[-89.7437,46.26414],[-89.74358,46.26412],[-89.74355,46.26412],[-89.74327,46.26406],[-89.74314,46.26403],[-89.74214,46.26385],[-89.74149,46.26374],[-89.74067,46.26357],[-89.7396,46.26337],[-89.73864,46.2632],[-89.73638,46.26276],[-89.73531,46.26255],[-89.73524,46.26253],[-89.73502,46.26249],[-89.73495,46.26248],[-89.73357,46.26222],[-89.72943,46.26142],[-89.72805,46.26116],[-89.72789,46.26113],[-89.72774,46.2611],[-89.72767,46.26109],[-89.72758,46.26107],[-89.72742,46.26104],[-89.7271,46.26098],[-89.72655,46.26087],[-89.72618,46.2608],[-89.72559,46.26071],[-89.72458,46.26056],[-89.72406,46.26047],[-89.72385,46.26037],[-89.72383,46.26036],[-89.72327,46.26026],[-89.7232,46.26023],[-89.72307,46.26021],[-89.72305,46.26021],[-89.72277,46.26015],[-89.72246,46.26009],[-89.72225,46.26005],[-89.7222,46.26004],[-89.72204,46.26001],[-89.72199,46.26],[-89.72187,46.25998],[-89.72154,46.25994],[-89.72153,46.25993],[-89.72141,46.25992],[-89.72108,46.25986],[-89.72081,46.25977],[-89.72012,46.25964],[-89.71979,46.25958],[-89.71964,46.25955],[-89.71916,46.25946],[-89.719,46.25943],[-89.7174,46.25913],[-89.71259,46.25821],[-89.71105,46.25791],[-89.71099,46.2579],[-89.71091,46.25789],[-89.71071,46.25784],[-89.7107,46.25784],[-89.71043,46.25779],[-89.71014,46.25773],[-89.70985,46.25767],[-89.70981,46.25767],[-89.70963,46.25763],[-89.70951,46.25761],[-89.70915,46.25754],[-89.7087,46.25746],[-89.70806,46.25734],[-89.70788,46.2573],[-89.70779,46.25729],[-89.7077,46.25727],[-89.70763,46.25726],[-89.70753,46.25724],[-89.70743,46.25722],[-89.70739,46.25721],[-89.70736,46.2572],[-89.70675,46.25709],[-89.70585,46.25692],[-89.70491,46.25674],[-89.70429,46.25662],[-89.7033,46.25643],[-89.70032,46.25587],[-89.69932,46.25568],[-89.69914,46.25565],[-89.69885,46.25559],[-89.69743,46.25532],[-89.69696,46.25523],[-89.69685,46.25521],[-89.69652,46.25515],[-89.69641,46.25513],[-89.69625,46.2551],[-89.69582,46.25503],[-89.69567,46.25501],[-89.69557,46.255],[-89.69379,46.25466],[-89.68816,46.25358],[-89.68628,46.25322],[-89.68584,46.25313],[-89.68449,46.25286],[-89.68405,46.25277],[-89.68215,46.2524],[-89.67648,46.25132],[-89.67459,46.25095],[-89.67448,46.25093],[-89.67422,46.25088],[-89.67419,46.25087],[-89.67409,46.25086],[-89.674,46.25084],[-89.67387,46.25081],[-89.67374,46.25078],[-89.67324,46.25068],[-89.67311,46.25065],[-89.67274,46.25058],[-89.67176,46.2504],[-89.66924,46.24993],[-89.66881,46.24989],[-89.66782,46.24982],[-89.66772,46.24981],[-89.66762,46.2498],[-89.6674,46.24975],[-89.6673,46.24973],[-89.66727,46.24972],[-89.66722,46.24971],[-89.66717,46.2497],[-89.66714,46.24969],[-89.66705,46.24967],[-89.66677,46.24961],[-89.66668,46.24959],[-89.66364,46.24896],[-89.6634,46.24891],[-89.66334,46.24889],[-89.66329,46.24888],[-89.66318,46.24886],[-89.65613,46.24738],[-89.6492,46.24592],[-89.64873,46.24582],[-89.64777,46.24565],[-89.64759,46.24561],[-89.64712,46.24552],[-89.64701,46.2455],[-89.6469,46.24548],[-89.64593,46.24526],[-89.63805,46.24373],[-89.63376,46.24294],[-89.62523,46.24144],[-89.60851,46.23837],[-89.60813,46.2383],[-89.60784,46.23824],[-89.60782,46.23824],[-89.60773,46.23822],[-89.60743,46.23816],[-89.6074,46.23816],[-89.60729,46.23813],[-89.60703,46.23809],[-89.60696,46.23807],[-89.60643,46.23797],[-89.606,46.23789],[-89.60568,46.23783],[-89.60543,46.23778],[-89.60506,46.2377],[-89.6047,46.23763],[-89.60454,46.2376],[-89.60446,46.23759],[-89.60328,46.23736],[-89.60197,46.2371],[-89.60172,46.23705],[-89.59671,46.23608],[-89.59195,46.23515],[-89.59191,46.23515],[-89.5919,46.23514],[-89.59189,46.23514],[-89.59188,46.23513],[-89.58734,46.23425],[-89.58447,46.23369],[-89.58443,46.23369],[-89.5844,46.23368],[-89.58412,46.23363],[-89.57984,46.23279],[-89.57344,46.23154],[-89.56703,46.23029],[-89.56276,46.22945],[-89.56128,46.22916],[-89.55905,46.22873],[-89.55683,46.2283],[-89.55535,46.22801],[-89.55524,46.22799],[-89.55509,46.22796],[-89.55493,46.22793],[-89.55483,46.22791],[-89.55482,46.2279]]]},"properties":{"NAME":"Wisconsin"}}]}